** Drc report for ACREAGE_PHASE17_CM5IO_EDAC_RC.kicad_pcb **
** Created on 2026-09-03T21:13:17 **
** Report includes: Errors, Warnings **

** Found 906 DRC violations **
[clearance]: Clearance violation ( clearance 0.2000 mm; actual 0.0763 mm)
    Local override; error
    @(70.0400 mm, 99.9000 mm): Pad 108 [/CORE_CM5/POWER_GND] of J7 on F.Cu
    @(70.0400 mm, 100.3000 mm): Track [/CORE_CM5/CM5_REFCLK_P] on F.Cu, length 2.3400 mm
[clearance]: Clearance violation ( clearance 0.2000 mm; actual 0.1000 mm)
    Local override; error
    @(56.5000 mm, 40.0000 mm): Pad 2 [ETH_CT_COMMON] of RCT4 on B.Cu
    @(57.9000 mm, 38.7500 mm): Track [/POWER_INPUT/FUSED_12V_A] on B.Cu, length 2.5000 mm
[shorting_items]: Items shorting two nets (nets /POWER_INPUT/FUSED_12V_A and ETH_CT_BRANCH_4)
    Local override; error
    @(57.9000 mm, 38.7500 mm): Track [/POWER_INPUT/FUSED_12V_A] on B.Cu, length 3.5000 mm
    @(57.5000 mm, 40.0000 mm): Pad 1 [ETH_CT_BRANCH_4] of RCT4 on B.Cu
[shorting_items]: Items shorting two nets (nets CM5_GBE_TD3_N and /REGULATORS/FB_CM5_5V)
    Local override; error
    @(71.7850 mm, 59.3500 mm): PTH pad 10 [CM5_GBE_TD3_N] of J2
    @(71.6500 mm, 61.0000 mm): Track [/REGULATORS/FB_CM5_5V] on B.Cu, length 1.0000 mm
[clearance]: Clearance violation ( clearance 0.2000 mm; actual 0.1473 mm)
    Local override; error
    @(70.0400 mm, 100.7000 mm): Track [/CORE_CM5/CM5_REFCLK_N] on F.Cu, length 2.2171 mm
    @(70.0400 mm, 100.3000 mm): Pad 110 [/CORE_CM5/CM5_REFCLK_P] of J7 on F.Cu
[shorting_items]: Items shorting two nets (nets CM5_GBE_TD1_N and /REGULATORS/FB_CM5_5V)
    Local override; error
    @(76.8650 mm, 59.3500 mm): PTH pad 6 [CM5_GBE_TD1_N] of J2
    @(56.0000 mm, 60.0000 mm): Track [/REGULATORS/FB_CM5_5V] on B.Cu, length 25.5000 mm
[clearance]: Clearance violation ( clearance 0.2000 mm; actual 0.0933 mm)
    Local override; error
    @(78.1350 mm, 61.8900 mm): PTH pad 5 [<no net>] of J2
    @(77.5000 mm, 61.0000 mm): Via [/REGULATORS/FB_CM5_5V] on F.Cu - B.Cu
[clearance]: Clearance violation ( clearance 0.2000 mm; actual 0.0933 mm)
    Local override; error
    @(78.1350 mm, 61.8900 mm): PTH pad 5 [<no net>] of J2
    @(77.5000 mm, 61.0000 mm): Via [/REGULATORS/FB_CM5_5V] on F.Cu - B.Cu
[clearance]: Clearance violation ( clearance 0.2000 mm; actual 0.0933 mm)
    Local override; error
    @(78.1350 mm, 61.8900 mm): PTH pad 5 [<no net>] of J2
    @(77.5000 mm, 61.0000 mm): Via [/REGULATORS/FB_CM5_5V] on F.Cu - B.Cu
[shorting_items]: Items shorting two nets (nets  and /REGULATORS/FB_CM5_5V)
    Local override; error
    @(78.1350 mm, 61.8900 mm): PTH pad 5 [<no net>] of J2
    @(77.5000 mm, 62.0000 mm): Track [/REGULATORS/FB_CM5_5V] on F.Cu, length 1.0000 mm
[clearance]: Clearance violation ( clearance 0.2000 mm; actual 0.0933 mm)
    Local override; error
    @(78.1350 mm, 61.8900 mm): PTH pad 5 [<no net>] of J2
    @(77.5000 mm, 61.0000 mm): Via [/REGULATORS/FB_CM5_5V] on F.Cu - B.Cu
[clearance]: Clearance violation ( clearance 0.2000 mm; actual 0.0933 mm)
    Local override; error
    @(78.1350 mm, 61.8900 mm): PTH pad 5 [<no net>] of J2
    @(77.5000 mm, 61.0000 mm): Via [/REGULATORS/FB_CM5_5V] on F.Cu - B.Cu
[clearance]: Clearance violation ( clearance 0.2000 mm; actual 0.0933 mm)
    Local override; error
    @(78.1350 mm, 61.8900 mm): PTH pad 5 [<no net>] of J2
    @(77.5000 mm, 61.0000 mm): Via [/REGULATORS/FB_CM5_5V] on F.Cu - B.Cu
[shorting_items]: Items shorting two nets (nets CM5_GBE_TD1_P and /REGULATORS/FB_CM5_5V)
    Local override; error
    @(80.6750 mm, 61.8900 mm): PTH pad 3 [CM5_GBE_TD1_P] of J2
    @(81.5000 mm, 62.0000 mm): Track [/REGULATORS/FB_CM5_5V] on F.Cu, length 1.0000 mm
[clearance]: Clearance violation ( clearance 0.2000 mm; actual 0.0587 mm)
    Local override; error
    @(77.5000 mm, 61.0000 mm): Track [/REGULATORS/FB_CM5_5V] on B.Cu, length 1.0000 mm
    @(76.8650 mm, 59.3500 mm): PTH pad 6 [CM5_GBE_TD1_N] of J2
[shorting_items]: Items shorting two nets (nets /POWER_INPUT/FUSED_12V_A and ETH_CT_BRANCH_4)
    Local override; error
    @(57.9000 mm, 38.7500 mm): Track [/POWER_INPUT/FUSED_12V_A] on B.Cu, length 154.8075 mm
    @(57.5000 mm, 40.0000 mm): Pad 1 [ETH_CT_BRANCH_4] of RCT4 on B.Cu
[shorting_items]: Items shorting two nets (nets CM5_GBE_TD0_N and /REGULATORS/FB_CM5_5V)
    Local override; error
    @(81.9450 mm, 59.3500 mm): PTH pad 2 [CM5_GBE_TD0_N] of J2
    @(81.5000 mm, 61.0000 mm): Track [/REGULATORS/FB_CM5_5V] on B.Cu, length 1.0000 mm
[shorting_items]: Items shorting two nets (nets CM5_GBE_TD3_P and /REGULATORS/CM5_5V)
    Local override; error
    @(74.1000 mm, 64.8300 mm): Pad 5 [CM5_GBE_TD3_P] of U9 on F.Cu
    @(74.3500 mm, 92.0000 mm): Track [/REGULATORS/CM5_5V] on F.Cu, length 30.0000 mm
[shorting_items]: Items shorting two nets (nets  and /REGULATORS/CM5_5V)
    Local override; error
    @(78.1350 mm, 61.8900 mm): PTH pad 5 [<no net>] of J2
    @(78.5000 mm, 92.0000 mm): Track [/REGULATORS/CM5_5V] on F.Cu, length 30.0000 mm
[clearance]: Clearance violation ( clearance 0.2000 mm; actual 0.0750 mm)
    Local override; error
    @(78.9000 mm, 65.7000 mm): Via [POWER_GND] on F.Cu - B.Cu
    @(78.5000 mm, 92.0000 mm): Track [/REGULATORS/CM5_5V] on F.Cu, length 30.0000 mm
[clearance]: Clearance violation ( clearance 0.2000 mm; actual 0.1071 mm)
    Local override; error
    @(75.0324 mm, 66.2071 mm): Via [POWER_GND] on F.Cu - B.Cu
    @(75.1000 mm, 65.6000 mm): Pad 8 [/ETHERNET/ETH_GND] of U9 on F.Cu
[shorting_items]: Items shorting two nets (nets /POWER_INPUT/FUSED_12V_A and ETH_CT_BRANCH_4)
    Local override; error
    @(57.9000 mm, 38.7500 mm): Track [/POWER_INPUT/FUSED_12V_A] on B.Cu, length 4.3012 mm
    @(57.5000 mm, 40.0000 mm): Pad 1 [ETH_CT_BRANCH_4] of RCT4 on B.Cu
[hole_clearance]: Hole clearance violation (board setup constraints hole clearance 0.2500 mm; actual 0.2321 mm)
    Rule: board setup constraints hole; error
    @(75.1000 mm, 65.6000 mm): Pad 8 [/ETHERNET/ETH_GND] of U9 on F.Cu
    @(75.0324 mm, 66.2071 mm): Via [POWER_GND] on F.Cu - B.Cu
[shorting_items]: Items shorting two nets (nets /REGULATORS/FB_CM5_5V and CM5_GBE_TD3_P)
    Local override; error
    @(72.0500 mm, 62.0000 mm): Pad 1 [/REGULATORS/FB_CM5_5V] of C9 on F.Cu
    @(73.0550 mm, 61.8900 mm): PTH pad 9 [CM5_GBE_TD3_P] of J2
[shorting_items]: Items shorting two nets (nets /REGULATORS/CM5_5V and CM5_GBE_TD3_P)
    Local override; error
    @(73.9500 mm, 62.0000 mm): Pad 2 [/REGULATORS/CM5_5V] of C9 on F.Cu
    @(73.0550 mm, 61.8900 mm): PTH pad 9 [CM5_GBE_TD3_P] of J2
[hole_clearance]: Hole clearance violation (board setup constraints hole clearance 0.2500 mm; actual 0.0000 mm)
    Rule: board setup constraints hole; error
    @(56.5000 mm, 40.0000 mm): Pad 2 [ETH_CT_COMMON] of RCT4 on B.Cu
    @(55.0000 mm, 40.0000 mm): NPTH pad of F1
[hole_clearance]: Hole clearance violation (board setup constraints hole clearance 0.2500 mm; actual 0.0000 mm)
    Rule: board setup constraints hole; error
    @(85.7000 mm, 53.0000 mm): NPTH pad of J2
    @(1.0000 mm, 1.0000 mm): Zone 'V100_RETURN_PLANE_L2' [POWER_GND] on In1.GND, priority 0
[shorting_items]: Items shorting two nets (nets /POWER_INPUT/FUSED_12V_A and ETH_CT_BRANCH_4)
    Local override; error
    @(57.9000 mm, 38.7500 mm): PTH pad 5 [/POWER_INPUT/FUSED_12V_A] of F1
    @(57.5000 mm, 40.0000 mm): Pad 1 [ETH_CT_BRANCH_4] of RCT4 on B.Cu
[hole_clearance]: Hole clearance violation (board setup constraints hole clearance 0.2500 mm; actual 0.0000 mm)
    Rule: board setup constraints hole; error
    @(85.7000 mm, 53.0000 mm): NPTH pad of J2
    @(1.0000 mm, 1.0000 mm): Zone 'V100_RETURN_PLANE_L5' [POWER_GND] on In4.GND, priority 0
[hole_clearance]: Hole clearance violation (board setup constraints hole clearance 0.2500 mm; actual 0.0000 mm)
    Rule: board setup constraints hole; error
    @(85.7000 mm, 42.2500 mm): NPTH pad of J2
    @(1.0000 mm, 1.0000 mm): Zone 'V100_RETURN_PLANE_L2' [POWER_GND] on In1.GND, priority 0
[hole_clearance]: Hole clearance violation (board setup constraints hole clearance 0.2500 mm; actual 0.0000 mm)
    Rule: board setup constraints hole; error
    @(85.7000 mm, 42.2500 mm): NPTH pad of J2
    @(1.0000 mm, 1.0000 mm): Zone 'V100_RETURN_PLANE_L5' [POWER_GND] on In4.GND, priority 0
[hole_clearance]: Hole clearance violation (board setup constraints hole clearance 0.2500 mm; actual 0.0000 mm)
    Rule: board setup constraints hole; error
    @(83.2150 mm, 53.0000 mm): NPTH pad of J2
    @(1.0000 mm, 1.0000 mm): Zone 'V100_RETURN_PLANE_L2' [POWER_GND] on In1.GND, priority 0
[shorting_items]: Items shorting two nets (nets /POWER_INPUT/FUSED_12V_A and ETH_CT_BRANCH_4)
    Local override; error
    @(57.9000 mm, 41.2500 mm): PTH pad 6 [/POWER_INPUT/FUSED_12V_A] of F1
    @(57.5000 mm, 40.0000 mm): Pad 1 [ETH_CT_BRANCH_4] of RCT4 on B.Cu
[hole_clearance]: Hole clearance violation (board setup constraints hole clearance 0.2500 mm; actual 0.0000 mm)
    Rule: board setup constraints hole; error
    @(83.2150 mm, 53.0000 mm): NPTH pad of J2
    @(1.0000 mm, 1.0000 mm): Zone 'V100_RETURN_PLANE_L5' [POWER_GND] on In4.GND, priority 0
[hole_clearance]: Hole clearance violation (board setup constraints hole clearance 0.2500 mm; actual 0.0000 mm)
    Rule: board setup constraints hole; error
    @(71.7850 mm, 53.0000 mm): NPTH pad of J2
    @(1.0000 mm, 1.0000 mm): Zone 'V100_RETURN_PLANE_L2' [POWER_GND] on In1.GND, priority 0
[shorting_items]: Items shorting two nets (nets /POWER_INPUT/FUSED_12V_A and ETH_CT_COMMON)
    Local override; error
    @(61.4000 mm, 38.7500 mm): PTH pad 7 [/POWER_INPUT/FUSED_12V_A] of F1
    @(61.5000 mm, 40.0000 mm): Pad 2 [ETH_CT_COMMON] of RCT3 on B.Cu
[clearance]: Clearance violation ( clearance 0.2000 mm; actual 0.1911 mm)
    Local override; error
    @(61.4000 mm, 38.7500 mm): PTH pad 7 [/POWER_INPUT/FUSED_12V_A] of F1
    @(62.5000 mm, 40.0000 mm): Pad 1 [ETH_CT_BRANCH_3] of RCT3 on B.Cu
[hole_clearance]: Hole clearance violation (board setup constraints hole clearance 0.2500 mm; actual 0.0000 mm)
    Rule: board setup constraints hole; error
    @(71.7850 mm, 53.0000 mm): NPTH pad of J2
    @(1.0000 mm, 1.0000 mm): Zone 'V100_RETURN_PLANE_L5' [POWER_GND] on In4.GND, priority 0
[hole_clearance]: Hole clearance violation (board setup constraints hole clearance 0.2500 mm; actual 0.0000 mm)
    Rule: board setup constraints hole; error
    @(69.3000 mm, 53.0000 mm): NPTH pad of J2
    @(1.0000 mm, 1.0000 mm): Zone 'V100_RETURN_PLANE_L2' [POWER_GND] on In1.GND, priority 0
[hole_clearance]: Hole clearance violation (board setup constraints hole clearance 0.2500 mm; actual 0.0000 mm)
    Rule: board setup constraints hole; error
    @(69.3000 mm, 53.0000 mm): NPTH pad of J2
    @(1.0000 mm, 1.0000 mm): Zone 'V100_RETURN_PLANE_L5' [POWER_GND] on In4.GND, priority 0
[hole_clearance]: Hole clearance violation (board setup constraints hole clearance 0.2500 mm; actual 0.0000 mm)
    Rule: board setup constraints hole; error
    @(69.3000 mm, 42.2500 mm): NPTH pad of J2
    @(1.0000 mm, 1.0000 mm): Zone 'V100_RETURN_PLANE_L2' [POWER_GND] on In1.GND, priority 0
[hole_clearance]: Hole clearance violation (board setup constraints hole clearance 0.2500 mm; actual 0.0000 mm)
    Rule: board setup constraints hole; error
    @(69.3000 mm, 42.2500 mm): NPTH pad of J2
    @(1.0000 mm, 1.0000 mm): Zone 'V100_RETURN_PLANE_L5' [POWER_GND] on In4.GND, priority 0
[shorting_items]: Items shorting two nets (nets /POWER_INPUT/FUSED_12V_A and ETH_CT_COMMON)
    Local override; error
    @(61.4000 mm, 41.2500 mm): PTH pad 8 [/POWER_INPUT/FUSED_12V_A] of F1
    @(61.5000 mm, 40.0000 mm): Pad 2 [ETH_CT_COMMON] of RCT3 on B.Cu
[clearance]: Clearance violation ( clearance 0.2000 mm; actual 0.1911 mm)
    Local override; error
    @(61.4000 mm, 41.2500 mm): PTH pad 8 [/POWER_INPUT/FUSED_12V_A] of F1
    @(62.5000 mm, 40.0000 mm): Pad 1 [ETH_CT_BRANCH_3] of RCT3 on B.Cu
[clearance]: Clearance violation (zone clearance 0.5000 mm; actual 0.0000 mm)
    Local override; error
    @(83.2150 mm, 61.8900 mm): PTH pad 1 [CM5_GBE_TD0_P] of J2
    @(1.0000 mm, 1.0000 mm): Zone 'V100_RETURN_PLANE_L2' [POWER_GND] on In1.GND, priority 0
[hole_clearance]: Hole clearance violation (board setup constraints hole clearance 0.2500 mm; actual 0.0000 mm)
    Rule: board setup constraints hole; error
    @(83.2150 mm, 61.8900 mm): PTH pad 1 [CM5_GBE_TD0_P] of J2
    @(1.0000 mm, 1.0000 mm): Zone 'V100_RETURN_PLANE_L2' [POWER_GND] on In1.GND, priority 0
[shorting_items]: Items shorting two nets (nets /REGULATORS/FB_CM5_5V and CM5_GBE_TD1_P)
    Local override; error
    @(81.5000 mm, 62.0000 mm): Pad 1 [/REGULATORS/FB_CM5_5V] of R4 on F.Cu
    @(80.6750 mm, 61.8900 mm): PTH pad 3 [CM5_GBE_TD1_P] of J2
[shorting_items]: Items shorting two nets (nets POWER_GND and CM5_GBE_TD0_P)
    Local override; error
    @(82.5000 mm, 62.0000 mm): Pad 2 [POWER_GND] of R4 on F.Cu
    @(83.2150 mm, 61.8900 mm): PTH pad 1 [CM5_GBE_TD0_P] of J2
[clearance]: Clearance violation (zone clearance 0.5000 mm; actual 0.0000 mm)
    Local override; error
    @(83.2150 mm, 61.8900 mm): PTH pad 1 [CM5_GBE_TD0_P] of J2
    @(1.0000 mm, 1.0000 mm): Zone 'V100_RETURN_PLANE_L5' [POWER_GND] on In4.GND, priority 0
[hole_clearance]: Hole clearance violation (board setup constraints hole clearance 0.2500 mm; actual 0.0000 mm)
    Rule: board setup constraints hole; error
    @(83.2150 mm, 61.8900 mm): PTH pad 1 [CM5_GBE_TD0_P] of J2
    @(1.0000 mm, 1.0000 mm): Zone 'V100_RETURN_PLANE_L5' [POWER_GND] on In4.GND, priority 0
[clearance]: Clearance violation (zone clearance 0.5000 mm; actual 0.0000 mm)
    Local override; error
    @(81.9450 mm, 59.3500 mm): PTH pad 2 [CM5_GBE_TD0_N] of J2
    @(1.0000 mm, 1.0000 mm): Zone 'V100_RETURN_PLANE_L2' [POWER_GND] on In1.GND, priority 0
[hole_clearance]: Hole clearance violation (board setup constraints hole clearance 0.2500 mm; actual 0.0000 mm)
    Rule: board setup constraints hole; error
    @(81.9450 mm, 59.3500 mm): PTH pad 2 [CM5_GBE_TD0_N] of J2
    @(1.0000 mm, 1.0000 mm): Zone 'V100_RETURN_PLANE_L2' [POWER_GND] on In1.GND, priority 0
[clearance]: Clearance violation (zone clearance 0.5000 mm; actual 0.0000 mm)
    Local override; error
    @(81.9450 mm, 59.3500 mm): PTH pad 2 [CM5_GBE_TD0_N] of J2
    @(1.0000 mm, 1.0000 mm): Zone 'V100_RETURN_PLANE_L5' [POWER_GND] on In4.GND, priority 0
[hole_clearance]: Hole clearance violation (board setup constraints hole clearance 0.2500 mm; actual 0.0000 mm)
    Rule: board setup constraints hole; error
    @(81.9450 mm, 59.3500 mm): PTH pad 2 [CM5_GBE_TD0_N] of J2
    @(1.0000 mm, 1.0000 mm): Zone 'V100_RETURN_PLANE_L5' [POWER_GND] on In4.GND, priority 0
[clearance]: Clearance violation (zone clearance 0.5000 mm; actual 0.0000 mm)
    Local override; error
    @(80.6750 mm, 61.8900 mm): PTH pad 3 [CM5_GBE_TD1_P] of J2
    @(1.0000 mm, 1.0000 mm): Zone 'V100_RETURN_PLANE_L2' [POWER_GND] on In1.GND, priority 0
[hole_clearance]: Hole clearance violation (board setup constraints hole clearance 0.2500 mm; actual 0.0000 mm)
    Rule: board setup constraints hole; error
    @(80.6750 mm, 61.8900 mm): PTH pad 3 [CM5_GBE_TD1_P] of J2
    @(1.0000 mm, 1.0000 mm): Zone 'V100_RETURN_PLANE_L2' [POWER_GND] on In1.GND, priority 0
[clearance]: Clearance violation (zone clearance 0.5000 mm; actual 0.0000 mm)
    Local override; error
    @(80.6750 mm, 61.8900 mm): PTH pad 3 [CM5_GBE_TD1_P] of J2
    @(1.0000 mm, 1.0000 mm): Zone 'V100_RETURN_PLANE_L5' [POWER_GND] on In4.GND, priority 0
[hole_clearance]: Hole clearance violation (board setup constraints hole clearance 0.2500 mm; actual 0.0000 mm)
    Rule: board setup constraints hole; error
    @(80.6750 mm, 61.8900 mm): PTH pad 3 [CM5_GBE_TD1_P] of J2
    @(1.0000 mm, 1.0000 mm): Zone 'V100_RETURN_PLANE_L5' [POWER_GND] on In4.GND, priority 0
[clearance]: Clearance violation (zone clearance 0.5000 mm; actual 0.0000 mm)
    Local override; error
    @(79.4050 mm, 59.3500 mm): PTH pad 4 [<no net>] of J2
    @(1.0000 mm, 1.0000 mm): Zone 'V100_RETURN_PLANE_L2' [POWER_GND] on In1.GND, priority 0
[hole_clearance]: Hole clearance violation (board setup constraints hole clearance 0.2500 mm; actual 0.0000 mm)
    Rule: board setup constraints hole; error
    @(79.4050 mm, 59.3500 mm): PTH pad 4 [<no net>] of J2
    @(1.0000 mm, 1.0000 mm): Zone 'V100_RETURN_PLANE_L2' [POWER_GND] on In1.GND, priority 0
[clearance]: Clearance violation (zone clearance 0.5000 mm; actual 0.0000 mm)
    Local override; error
    @(79.4050 mm, 59.3500 mm): PTH pad 4 [<no net>] of J2
    @(1.0000 mm, 1.0000 mm): Zone 'V100_RETURN_PLANE_L5' [POWER_GND] on In4.GND, priority 0
[hole_clearance]: Hole clearance violation (board setup constraints hole clearance 0.2500 mm; actual 0.0000 mm)
    Rule: board setup constraints hole; error
    @(79.4050 mm, 59.3500 mm): PTH pad 4 [<no net>] of J2
    @(1.0000 mm, 1.0000 mm): Zone 'V100_RETURN_PLANE_L5' [POWER_GND] on In4.GND, priority 0
[hole_clearance]: Hole clearance violation (board setup constraints hole clearance 0.2500 mm; actual 0.1933 mm)
    Rule: board setup constraints hole; error
    @(78.1350 mm, 61.8900 mm): PTH pad 5 [<no net>] of J2
    @(77.5000 mm, 61.0000 mm): Via [/REGULATORS/FB_CM5_5V] on F.Cu - B.Cu
[clearance]: Clearance violation ( clearance 0.2000 mm; actual 0.0000 mm)
    Local override; error
    @(78.1350 mm, 61.8900 mm): PTH pad 5 [<no net>] of J2
    @(78.5000 mm, 62.0000 mm): Pad 1 [/REGULATORS/CM5_5V] of R3 on F.Cu
[clearance]: Clearance violation ( clearance 0.2000 mm; actual 0.0000 mm)
    Local override; error
    @(78.1350 mm, 61.8900 mm): PTH pad 5 [<no net>] of J2
    @(77.5000 mm, 62.0000 mm): Pad 2 [/REGULATORS/FB_CM5_5V] of R3 on F.Cu
[hole_clearance]: Hole clearance violation (board setup constraints hole clearance 0.2500 mm; actual 0.1933 mm)
    Rule: board setup constraints hole; error
    @(78.1350 mm, 61.8900 mm): PTH pad 5 [<no net>] of J2
    @(77.5000 mm, 61.0000 mm): Via [/REGULATORS/FB_CM5_5V] on F.Cu - B.Cu
[hole_clearance]: Hole clearance violation (board setup constraints hole clearance 0.2500 mm; actual 0.1933 mm)
    Rule: board setup constraints hole; error
    @(78.1350 mm, 61.8900 mm): PTH pad 5 [<no net>] of J2
    @(77.5000 mm, 61.0000 mm): Via [/REGULATORS/FB_CM5_5V] on F.Cu - B.Cu
[clearance]: Clearance violation (zone clearance 0.5000 mm; actual 0.0000 mm)
    Local override; error
    @(78.1350 mm, 61.8900 mm): PTH pad 5 [<no net>] of J2
    @(1.0000 mm, 1.0000 mm): Zone 'V100_RETURN_PLANE_L2' [POWER_GND] on In1.GND, priority 0
[hole_clearance]: Hole clearance violation (board setup constraints hole clearance 0.2500 mm; actual 0.0000 mm)
    Rule: board setup constraints hole; error
    @(78.1350 mm, 61.8900 mm): PTH pad 5 [<no net>] of J2
    @(1.0000 mm, 1.0000 mm): Zone 'V100_RETURN_PLANE_L2' [POWER_GND] on In1.GND, priority 0
[hole_clearance]: Hole clearance violation (board setup constraints hole clearance 0.2500 mm; actual 0.1933 mm)
    Rule: board setup constraints hole; error
    @(78.1350 mm, 61.8900 mm): PTH pad 5 [<no net>] of J2
    @(77.5000 mm, 61.0000 mm): Via [/REGULATORS/FB_CM5_5V] on F.Cu - B.Cu
[hole_clearance]: Hole clearance violation (board setup constraints hole clearance 0.2500 mm; actual 0.1933 mm)
    Rule: board setup constraints hole; error
    @(78.1350 mm, 61.8900 mm): PTH pad 5 [<no net>] of J2
    @(77.5000 mm, 61.0000 mm): Via [/REGULATORS/FB_CM5_5V] on F.Cu - B.Cu
[hole_clearance]: Hole clearance violation (board setup constraints hole clearance 0.2500 mm; actual 0.1933 mm)
    Rule: board setup constraints hole; error
    @(78.1350 mm, 61.8900 mm): PTH pad 5 [<no net>] of J2
    @(77.5000 mm, 61.0000 mm): Via [/REGULATORS/FB_CM5_5V] on F.Cu - B.Cu
[clearance]: Clearance violation (zone clearance 0.5000 mm; actual 0.0000 mm)
    Local override; error
    @(78.1350 mm, 61.8900 mm): PTH pad 5 [<no net>] of J2
    @(1.0000 mm, 1.0000 mm): Zone 'V100_RETURN_PLANE_L5' [POWER_GND] on In4.GND, priority 0
[hole_clearance]: Hole clearance violation (board setup constraints hole clearance 0.2500 mm; actual 0.0000 mm)
    Rule: board setup constraints hole; error
    @(78.1350 mm, 61.8900 mm): PTH pad 5 [<no net>] of J2
    @(1.0000 mm, 1.0000 mm): Zone 'V100_RETURN_PLANE_L5' [POWER_GND] on In4.GND, priority 0
[clearance]: Clearance violation (zone clearance 0.5000 mm; actual 0.0000 mm)
    Local override; error
    @(76.8650 mm, 59.3500 mm): PTH pad 6 [CM5_GBE_TD1_N] of J2
    @(1.0000 mm, 1.0000 mm): Zone 'V100_RETURN_PLANE_L2' [POWER_GND] on In1.GND, priority 0
[hole_clearance]: Hole clearance violation (board setup constraints hole clearance 0.2500 mm; actual 0.0000 mm)
    Rule: board setup constraints hole; error
    @(76.8650 mm, 59.3500 mm): PTH pad 6 [CM5_GBE_TD1_N] of J2
    @(1.0000 mm, 1.0000 mm): Zone 'V100_RETURN_PLANE_L2' [POWER_GND] on In1.GND, priority 0
[clearance]: Clearance violation (zone clearance 0.5000 mm; actual 0.0000 mm)
    Local override; error
    @(76.8650 mm, 59.3500 mm): PTH pad 6 [CM5_GBE_TD1_N] of J2
    @(1.0000 mm, 1.0000 mm): Zone 'V100_RETURN_PLANE_L5' [POWER_GND] on In4.GND, priority 0
[hole_clearance]: Hole clearance violation (board setup constraints hole clearance 0.2500 mm; actual 0.0000 mm)
    Rule: board setup constraints hole; error
    @(76.8650 mm, 59.3500 mm): PTH pad 6 [CM5_GBE_TD1_N] of J2
    @(1.0000 mm, 1.0000 mm): Zone 'V100_RETURN_PLANE_L5' [POWER_GND] on In4.GND, priority 0
[clearance]: Clearance violation (zone clearance 0.5000 mm; actual 0.0000 mm)
    Local override; error
    @(75.5950 mm, 61.8900 mm): PTH pad 7 [CM5_GBE_TD2_P] of J2
    @(1.0000 mm, 1.0000 mm): Zone 'V100_RETURN_PLANE_L2' [POWER_GND] on In1.GND, priority 0
[hole_clearance]: Hole clearance violation (board setup constraints hole clearance 0.2500 mm; actual 0.0000 mm)
    Rule: board setup constraints hole; error
    @(75.5950 mm, 61.8900 mm): PTH pad 7 [CM5_GBE_TD2_P] of J2
    @(1.0000 mm, 1.0000 mm): Zone 'V100_RETURN_PLANE_L2' [POWER_GND] on In1.GND, priority 0
[clearance]: Clearance violation (zone clearance 0.5000 mm; actual 0.0000 mm)
    Local override; error
    @(75.5950 mm, 61.8900 mm): PTH pad 7 [CM5_GBE_TD2_P] of J2
    @(1.0000 mm, 1.0000 mm): Zone 'V100_RETURN_PLANE_L5' [POWER_GND] on In4.GND, priority 0
[hole_clearance]: Hole clearance violation (board setup constraints hole clearance 0.2500 mm; actual 0.0000 mm)
    Rule: board setup constraints hole; error
    @(75.5950 mm, 61.8900 mm): PTH pad 7 [CM5_GBE_TD2_P] of J2
    @(1.0000 mm, 1.0000 mm): Zone 'V100_RETURN_PLANE_L5' [POWER_GND] on In4.GND, priority 0
[clearance]: Clearance violation (zone clearance 0.5000 mm; actual 0.0000 mm)
    Local override; error
    @(74.3250 mm, 59.3500 mm): PTH pad 8 [CM5_GBE_TD2_N] of J2
    @(1.0000 mm, 1.0000 mm): Zone 'V100_RETURN_PLANE_L2' [POWER_GND] on In1.GND, priority 0
[hole_clearance]: Hole clearance violation (board setup constraints hole clearance 0.2500 mm; actual 0.0000 mm)
    Rule: board setup constraints hole; error
    @(74.3250 mm, 59.3500 mm): PTH pad 8 [CM5_GBE_TD2_N] of J2
    @(1.0000 mm, 1.0000 mm): Zone 'V100_RETURN_PLANE_L2' [POWER_GND] on In1.GND, priority 0
[clearance]: Clearance violation (zone clearance 0.5000 mm; actual 0.0000 mm)
    Local override; error
    @(74.3250 mm, 59.3500 mm): PTH pad 8 [CM5_GBE_TD2_N] of J2
    @(1.0000 mm, 1.0000 mm): Zone 'V100_RETURN_PLANE_L5' [POWER_GND] on In4.GND, priority 0
[hole_clearance]: Hole clearance violation (board setup constraints hole clearance 0.2500 mm; actual 0.0000 mm)
    Rule: board setup constraints hole; error
    @(74.3250 mm, 59.3500 mm): PTH pad 8 [CM5_GBE_TD2_N] of J2
    @(1.0000 mm, 1.0000 mm): Zone 'V100_RETURN_PLANE_L5' [POWER_GND] on In4.GND, priority 0
[clearance]: Clearance violation (zone clearance 0.5000 mm; actual 0.0000 mm)
    Local override; error
    @(73.0550 mm, 61.8900 mm): PTH pad 9 [CM5_GBE_TD3_P] of J2
    @(1.0000 mm, 1.0000 mm): Zone 'V100_RETURN_PLANE_L2' [POWER_GND] on In1.GND, priority 0
[hole_clearance]: Hole clearance violation (board setup constraints hole clearance 0.2500 mm; actual 0.0000 mm)
    Rule: board setup constraints hole; error
    @(73.0550 mm, 61.8900 mm): PTH pad 9 [CM5_GBE_TD3_P] of J2
    @(1.0000 mm, 1.0000 mm): Zone 'V100_RETURN_PLANE_L2' [POWER_GND] on In1.GND, priority 0
[clearance]: Clearance violation (zone clearance 0.5000 mm; actual 0.0000 mm)
    Local override; error
    @(73.0550 mm, 61.8900 mm): PTH pad 9 [CM5_GBE_TD3_P] of J2
    @(1.0000 mm, 1.0000 mm): Zone 'V100_RETURN_PLANE_L5' [POWER_GND] on In4.GND, priority 0
[hole_clearance]: Hole clearance violation (board setup constraints hole clearance 0.2500 mm; actual 0.0000 mm)
    Rule: board setup constraints hole; error
    @(73.0550 mm, 61.8900 mm): PTH pad 9 [CM5_GBE_TD3_P] of J2
    @(1.0000 mm, 1.0000 mm): Zone 'V100_RETURN_PLANE_L5' [POWER_GND] on In4.GND, priority 0
[clearance]: Clearance violation (zone clearance 0.5000 mm; actual 0.0000 mm)
    Local override; error
    @(71.7850 mm, 59.3500 mm): PTH pad 10 [CM5_GBE_TD3_N] of J2
    @(1.0000 mm, 1.0000 mm): Zone 'V100_RETURN_PLANE_L2' [POWER_GND] on In1.GND, priority 0
[hole_clearance]: Hole clearance violation (board setup constraints hole clearance 0.2500 mm; actual 0.0000 mm)
    Rule: board setup constraints hole; error
    @(71.7850 mm, 59.3500 mm): PTH pad 10 [CM5_GBE_TD3_N] of J2
    @(1.0000 mm, 1.0000 mm): Zone 'V100_RETURN_PLANE_L2' [POWER_GND] on In1.GND, priority 0
[clearance]: Clearance violation (zone clearance 0.5000 mm; actual 0.0000 mm)
    Local override; error
    @(71.7850 mm, 59.3500 mm): PTH pad 10 [CM5_GBE_TD3_N] of J2
    @(1.0000 mm, 1.0000 mm): Zone 'V100_RETURN_PLANE_L5' [POWER_GND] on In4.GND, priority 0
[hole_clearance]: Hole clearance violation (board setup constraints hole clearance 0.2500 mm; actual 0.0000 mm)
    Rule: board setup constraints hole; error
    @(71.7850 mm, 59.3500 mm): PTH pad 10 [CM5_GBE_TD3_N] of J2
    @(1.0000 mm, 1.0000 mm): Zone 'V100_RETURN_PLANE_L5' [POWER_GND] on In4.GND, priority 0
[clearance]: Clearance violation (zone clearance 0.5000 mm; actual 0.0000 mm)
    Local override; error
    @(83.2150 mm, 56.8300 mm): PTH pad 11 [/ETHERNET/ETH_CT1] of J2
    @(1.0000 mm, 1.0000 mm): Zone 'V100_RETURN_PLANE_L2' [POWER_GND] on In1.GND, priority 0
[hole_clearance]: Hole clearance violation (board setup constraints hole clearance 0.2500 mm; actual 0.0000 mm)
    Rule: board setup constraints hole; error
    @(83.2150 mm, 56.8300 mm): PTH pad 11 [/ETHERNET/ETH_CT1] of J2
    @(1.0000 mm, 1.0000 mm): Zone 'V100_RETURN_PLANE_L2' [POWER_GND] on In1.GND, priority 0
[clearance]: Clearance violation (zone clearance 0.5000 mm; actual 0.0000 mm)
    Local override; error
    @(83.2150 mm, 56.8300 mm): PTH pad 11 [/ETHERNET/ETH_CT1] of J2
    @(1.0000 mm, 1.0000 mm): Zone 'V100_RETURN_PLANE_L5' [POWER_GND] on In4.GND, priority 0
[hole_clearance]: Hole clearance violation (board setup constraints hole clearance 0.2500 mm; actual 0.0000 mm)
    Rule: board setup constraints hole; error
    @(83.2150 mm, 56.8300 mm): PTH pad 11 [/ETHERNET/ETH_CT1] of J2
    @(1.0000 mm, 1.0000 mm): Zone 'V100_RETURN_PLANE_L5' [POWER_GND] on In4.GND, priority 0
[clearance]: Clearance violation (zone clearance 0.5000 mm; actual 0.0000 mm)
    Local override; error
    @(80.6750 mm, 55.5600 mm): PTH pad 12 [/ETHERNET/ETH_CT2] of J2
    @(1.0000 mm, 1.0000 mm): Zone 'V100_RETURN_PLANE_L2' [POWER_GND] on In1.GND, priority 0
[hole_clearance]: Hole clearance violation (board setup constraints hole clearance 0.2500 mm; actual 0.0000 mm)
    Rule: board setup constraints hole; error
    @(80.6750 mm, 55.5600 mm): PTH pad 12 [/ETHERNET/ETH_CT2] of J2
    @(1.0000 mm, 1.0000 mm): Zone 'V100_RETURN_PLANE_L2' [POWER_GND] on In1.GND, priority 0
[clearance]: Clearance violation (zone clearance 0.5000 mm; actual 0.0000 mm)
    Local override; error
    @(80.6750 mm, 55.5600 mm): PTH pad 12 [/ETHERNET/ETH_CT2] of J2
    @(1.0000 mm, 1.0000 mm): Zone 'V100_RETURN_PLANE_L5' [POWER_GND] on In4.GND, priority 0
[hole_clearance]: Hole clearance violation (board setup constraints hole clearance 0.2500 mm; actual 0.0000 mm)
    Rule: board setup constraints hole; error
    @(80.6750 mm, 55.5600 mm): PTH pad 12 [/ETHERNET/ETH_CT2] of J2
    @(1.0000 mm, 1.0000 mm): Zone 'V100_RETURN_PLANE_L5' [POWER_GND] on In4.GND, priority 0
[clearance]: Clearance violation (zone clearance 0.5000 mm; actual 0.0000 mm)
    Local override; error
    @(74.3250 mm, 55.5600 mm): PTH pad 13 [/ETHERNET/ETH_CT3] of J2
    @(1.0000 mm, 1.0000 mm): Zone 'V100_RETURN_PLANE_L2' [POWER_GND] on In1.GND, priority 0
[hole_clearance]: Hole clearance violation (board setup constraints hole clearance 0.2500 mm; actual 0.0000 mm)
    Rule: board setup constraints hole; error
    @(74.3250 mm, 55.5600 mm): PTH pad 13 [/ETHERNET/ETH_CT3] of J2
    @(1.0000 mm, 1.0000 mm): Zone 'V100_RETURN_PLANE_L2' [POWER_GND] on In1.GND, priority 0
[clearance]: Clearance violation (zone clearance 0.5000 mm; actual 0.0000 mm)
    Local override; error
    @(74.3250 mm, 55.5600 mm): PTH pad 13 [/ETHERNET/ETH_CT3] of J2
    @(1.0000 mm, 1.0000 mm): Zone 'V100_RETURN_PLANE_L5' [POWER_GND] on In4.GND, priority 0
[hole_clearance]: Hole clearance violation (board setup constraints hole clearance 0.2500 mm; actual 0.0000 mm)
    Rule: board setup constraints hole; error
    @(74.3250 mm, 55.5600 mm): PTH pad 13 [/ETHERNET/ETH_CT3] of J2
    @(1.0000 mm, 1.0000 mm): Zone 'V100_RETURN_PLANE_L5' [POWER_GND] on In4.GND, priority 0
[clearance]: Clearance violation (zone clearance 0.5000 mm; actual 0.0000 mm)
    Local override; error
    @(71.7850 mm, 56.8300 mm): PTH pad 14 [/ETHERNET/ETH_CT4] of J2
    @(1.0000 mm, 1.0000 mm): Zone 'V100_RETURN_PLANE_L2' [POWER_GND] on In1.GND, priority 0
[hole_clearance]: Hole clearance violation (board setup constraints hole clearance 0.2500 mm; actual 0.0000 mm)
    Rule: board setup constraints hole; error
    @(71.7850 mm, 56.8300 mm): PTH pad 14 [/ETHERNET/ETH_CT4] of J2
    @(1.0000 mm, 1.0000 mm): Zone 'V100_RETURN_PLANE_L2' [POWER_GND] on In1.GND, priority 0
[clearance]: Clearance violation (zone clearance 0.5000 mm; actual 0.0000 mm)
    Local override; error
    @(71.7850 mm, 56.8300 mm): PTH pad 14 [/ETHERNET/ETH_CT4] of J2
    @(1.0000 mm, 1.0000 mm): Zone 'V100_RETURN_PLANE_L5' [POWER_GND] on In4.GND, priority 0
[hole_clearance]: Hole clearance violation (board setup constraints hole clearance 0.2500 mm; actual 0.0000 mm)
    Rule: board setup constraints hole; error
    @(71.7850 mm, 56.8300 mm): PTH pad 14 [/ETHERNET/ETH_CT4] of J2
    @(1.0000 mm, 1.0000 mm): Zone 'V100_RETURN_PLANE_L5' [POWER_GND] on In4.GND, priority 0
[clearance]: Clearance violation (zone clearance 0.5000 mm; actual 0.0000 mm)
    Local override; error
    @(84.1300 mm, 48.9400 mm): PTH pad 15 [/ETHERNET/GBE_LED_Y_A] of J2
    @(1.0000 mm, 1.0000 mm): Zone 'V100_RETURN_PLANE_L2' [POWER_GND] on In1.GND, priority 0
[hole_clearance]: Hole clearance violation (board setup constraints hole clearance 0.2500 mm; actual 0.0000 mm)
    Rule: board setup constraints hole; error
    @(84.1300 mm, 48.9400 mm): PTH pad 15 [/ETHERNET/GBE_LED_Y_A] of J2
    @(1.0000 mm, 1.0000 mm): Zone 'V100_RETURN_PLANE_L2' [POWER_GND] on In1.GND, priority 0
[clearance]: Clearance violation (zone clearance 0.5000 mm; actual 0.0000 mm)
    Local override; error
    @(84.1300 mm, 48.9400 mm): PTH pad 15 [/ETHERNET/GBE_LED_Y_A] of J2
    @(1.0000 mm, 1.0000 mm): Zone 'V100_RETURN_PLANE_L5' [POWER_GND] on In4.GND, priority 0
[hole_clearance]: Hole clearance violation (board setup constraints hole clearance 0.2500 mm; actual 0.0000 mm)
    Rule: board setup constraints hole; error
    @(84.1300 mm, 48.9400 mm): PTH pad 15 [/ETHERNET/GBE_LED_Y_A] of J2
    @(1.0000 mm, 1.0000 mm): Zone 'V100_RETURN_PLANE_L5' [POWER_GND] on In4.GND, priority 0
[clearance]: Clearance violation (zone clearance 0.5000 mm; actual 0.0000 mm)
    Local override; error
    @(81.5900 mm, 48.9400 mm): PTH pad 16 [/ETHERNET/GBE_LED_Y_K] of J2
    @(1.0000 mm, 1.0000 mm): Zone 'V100_RETURN_PLANE_L2' [POWER_GND] on In1.GND, priority 0
[hole_clearance]: Hole clearance violation (board setup constraints hole clearance 0.2500 mm; actual 0.0000 mm)
    Rule: board setup constraints hole; error
    @(81.5900 mm, 48.9400 mm): PTH pad 16 [/ETHERNET/GBE_LED_Y_K] of J2
    @(1.0000 mm, 1.0000 mm): Zone 'V100_RETURN_PLANE_L2' [POWER_GND] on In1.GND, priority 0
[clearance]: Clearance violation (zone clearance 0.5000 mm; actual 0.0000 mm)
    Local override; error
    @(81.5900 mm, 48.9400 mm): PTH pad 16 [/ETHERNET/GBE_LED_Y_K] of J2
    @(1.0000 mm, 1.0000 mm): Zone 'V100_RETURN_PLANE_L5' [POWER_GND] on In4.GND, priority 0
[hole_clearance]: Hole clearance violation (board setup constraints hole clearance 0.2500 mm; actual 0.0000 mm)
    Rule: board setup constraints hole; error
    @(81.5900 mm, 48.9400 mm): PTH pad 16 [/ETHERNET/GBE_LED_Y_K] of J2
    @(1.0000 mm, 1.0000 mm): Zone 'V100_RETURN_PLANE_L5' [POWER_GND] on In4.GND, priority 0
[clearance]: Clearance violation (zone clearance 0.5000 mm; actual 0.0000 mm)
    Local override; error
    @(73.4100 mm, 48.9400 mm): PTH pad 17 [/ETHERNET/GBE_LED_G_A] of J2
    @(1.0000 mm, 1.0000 mm): Zone 'V100_RETURN_PLANE_L2' [POWER_GND] on In1.GND, priority 0
[hole_clearance]: Hole clearance violation (board setup constraints hole clearance 0.2500 mm; actual 0.0000 mm)
    Rule: board setup constraints hole; error
    @(73.4100 mm, 48.9400 mm): PTH pad 17 [/ETHERNET/GBE_LED_G_A] of J2
    @(1.0000 mm, 1.0000 mm): Zone 'V100_RETURN_PLANE_L2' [POWER_GND] on In1.GND, priority 0
[clearance]: Clearance violation (zone clearance 0.5000 mm; actual 0.0000 mm)
    Local override; error
    @(73.4100 mm, 48.9400 mm): PTH pad 17 [/ETHERNET/GBE_LED_G_A] of J2
    @(1.0000 mm, 1.0000 mm): Zone 'V100_RETURN_PLANE_L5' [POWER_GND] on In4.GND, priority 0
[hole_clearance]: Hole clearance violation (board setup constraints hole clearance 0.2500 mm; actual 0.0000 mm)
    Rule: board setup constraints hole; error
    @(73.4100 mm, 48.9400 mm): PTH pad 17 [/ETHERNET/GBE_LED_G_A] of J2
    @(1.0000 mm, 1.0000 mm): Zone 'V100_RETURN_PLANE_L5' [POWER_GND] on In4.GND, priority 0
[clearance]: Clearance violation (zone clearance 0.5000 mm; actual 0.0000 mm)
    Local override; error
    @(70.8700 mm, 48.9400 mm): PTH pad 18 [/ETHERNET/GBE_LED_G_K] of J2
    @(1.0000 mm, 1.0000 mm): Zone 'V100_RETURN_PLANE_L2' [POWER_GND] on In1.GND, priority 0
[hole_clearance]: Hole clearance violation (board setup constraints hole clearance 0.2500 mm; actual 0.0000 mm)
    Rule: board setup constraints hole; error
    @(70.8700 mm, 48.9400 mm): PTH pad 18 [/ETHERNET/GBE_LED_G_K] of J2
    @(1.0000 mm, 1.0000 mm): Zone 'V100_RETURN_PLANE_L2' [POWER_GND] on In1.GND, priority 0
[clearance]: Clearance violation (zone clearance 0.5000 mm; actual 0.0000 mm)
    Local override; error
    @(70.8700 mm, 48.9400 mm): PTH pad 18 [/ETHERNET/GBE_LED_G_K] of J2
    @(1.0000 mm, 1.0000 mm): Zone 'V100_RETURN_PLANE_L5' [POWER_GND] on In4.GND, priority 0
[hole_clearance]: Hole clearance violation (board setup constraints hole clearance 0.2500 mm; actual 0.0000 mm)
    Rule: board setup constraints hole; error
    @(70.8700 mm, 48.9400 mm): PTH pad 18 [/ETHERNET/GBE_LED_G_K] of J2
    @(1.0000 mm, 1.0000 mm): Zone 'V100_RETURN_PLANE_L5' [POWER_GND] on In4.GND, priority 0
[clearance]: Clearance violation (zone clearance 0.5000 mm; actual 0.0000 mm)
    Local override; error
    @(85.3750 mm, 56.0500 mm): PTH pad 19 [/ETHERNET/GBE_SHIELD] of J2
    @(1.0000 mm, 1.0000 mm): Zone 'V100_RETURN_PLANE_L2' [POWER_GND] on In1.GND, priority 0
[hole_clearance]: Hole clearance violation (board setup constraints hole clearance 0.2500 mm; actual 0.0000 mm)
    Rule: board setup constraints hole; error
    @(85.3750 mm, 56.0500 mm): PTH pad 19 [/ETHERNET/GBE_SHIELD] of J2
    @(1.0000 mm, 1.0000 mm): Zone 'V100_RETURN_PLANE_L2' [POWER_GND] on In1.GND, priority 0
[clearance]: Clearance violation (zone clearance 0.5000 mm; actual 0.0000 mm)
    Local override; error
    @(85.3750 mm, 56.0500 mm): PTH pad 19 [/ETHERNET/GBE_SHIELD] of J2
    @(1.0000 mm, 1.0000 mm): Zone 'V100_RETURN_PLANE_L5' [POWER_GND] on In4.GND, priority 0
[hole_clearance]: Hole clearance violation (board setup constraints hole clearance 0.2500 mm; actual 0.0000 mm)
    Rule: board setup constraints hole; error
    @(85.3750 mm, 56.0500 mm): PTH pad 19 [/ETHERNET/GBE_SHIELD] of J2
    @(1.0000 mm, 1.0000 mm): Zone 'V100_RETURN_PLANE_L5' [POWER_GND] on In4.GND, priority 0
[clearance]: Clearance violation (zone clearance 0.5000 mm; actual 0.0000 mm)
    Local override; error
    @(69.6250 mm, 56.0500 mm): PTH pad 20 [/ETHERNET/GBE_SHIELD] of J2
    @(1.0000 mm, 1.0000 mm): Zone 'V100_RETURN_PLANE_L2' [POWER_GND] on In1.GND, priority 0
[hole_clearance]: Hole clearance violation (board setup constraints hole clearance 0.2500 mm; actual 0.0000 mm)
    Rule: board setup constraints hole; error
    @(69.6250 mm, 56.0500 mm): PTH pad 20 [/ETHERNET/GBE_SHIELD] of J2
    @(1.0000 mm, 1.0000 mm): Zone 'V100_RETURN_PLANE_L2' [POWER_GND] on In1.GND, priority 0
[clearance]: Clearance violation (zone clearance 0.5000 mm; actual 0.0000 mm)
    Local override; error
    @(69.6250 mm, 56.0500 mm): PTH pad 20 [/ETHERNET/GBE_SHIELD] of J2
    @(1.0000 mm, 1.0000 mm): Zone 'V100_RETURN_PLANE_L5' [POWER_GND] on In4.GND, priority 0
[hole_clearance]: Hole clearance violation (board setup constraints hole clearance 0.2500 mm; actual 0.0000 mm)
    Rule: board setup constraints hole; error
    @(69.6250 mm, 56.0500 mm): PTH pad 20 [/ETHERNET/GBE_SHIELD] of J2
    @(1.0000 mm, 1.0000 mm): Zone 'V100_RETURN_PLANE_L5' [POWER_GND] on In4.GND, priority 0
[courtyards_overlap]: Courtyards overlap
    Rule: board setup constraints courtyard; error
    @(75.1000 mm, 65.2150 mm): Footprint U9
    @(150.0000 mm, 90.0000 mm): Footprint MECH_V100
[courtyards_overlap]: Courtyards overlap
    Rule: board setup constraints courtyard; error
    @(81.1000 mm, 65.2150 mm): Footprint U6
    @(150.0000 mm, 90.0000 mm): Footprint MECH_V100
[courtyards_overlap]: Courtyards overlap
    Rule: board setup constraints courtyard; error
    @(57.0000 mm, 81.5000 mm): Footprint C7
    @(57.0000 mm, 83.5000 mm): Footprint C8
[courtyards_overlap]: Courtyards overlap
    Rule: board setup constraints courtyard; error
    @(200.0000 mm, 105.0000 mm): Footprint U4
    @(150.0000 mm, 90.0000 mm): Footprint MECH_V100
[courtyards_overlap]: Courtyards overlap
    Rule: board setup constraints courtyard; error
    @(188.0000 mm, 103.0000 mm): Footprint C14
    @(188.0000 mm, 105.2500 mm): Footprint C15
[courtyards_overlap]: Courtyards overlap
    Rule: board setup constraints courtyard; error
    @(188.0000 mm, 103.0000 mm): Footprint C14
    @(150.0000 mm, 90.0000 mm): Footprint MECH_V100
[courtyards_overlap]: Courtyards overlap
    Rule: board setup constraints courtyard; error
    @(212.0000 mm, 82.0000 mm): Footprint R13
    @(150.0000 mm, 90.0000 mm): Footprint MECH_V100
[courtyards_overlap]: Courtyards overlap
    Rule: board setup constraints courtyard; error
    @(219.0000 mm, 115.0000 mm): Footprint C24
    @(150.0000 mm, 90.0000 mm): Footprint MECH_V100
[courtyards_overlap]: Courtyards overlap
    Rule: board setup constraints courtyard; error
    @(47.0000 mm, 78.2500 mm): Footprint C6
    @(47.0000 mm, 76.0000 mm): Footprint C5
[npth_inside_courtyard]: NPTH inside courtyard
    Local override; error
    @(55.0000 mm, 40.0000 mm): NPTH pad of F1
    @(57.0000 mm, 40.0000 mm): Footprint RCT4
[courtyards_overlap]: Courtyards overlap
    Rule: board setup constraints courtyard; error
    @(82.0000 mm, 110.0000 mm): Footprint C2
    @(150.0000 mm, 90.0000 mm): Footprint MECH_V100
[courtyards_overlap]: Courtyards overlap
    Rule: board setup constraints courtyard; error
    @(73.0000 mm, 62.0000 mm): Footprint C9
    @(77.5000 mm, 53.0000 mm): Footprint J2
[pth_inside_courtyard]: PTH inside courtyard
    Local override; error
    @(73.0550 mm, 61.8900 mm): PTH pad 9 [CM5_GBE_TD3_P] of J2
    @(73.0000 mm, 62.0000 mm): Footprint C9
[courtyards_overlap]: Courtyards overlap
    Rule: board setup constraints courtyard; error
    @(82.0000 mm, 106.0000 mm): Footprint C1
    @(150.0000 mm, 90.0000 mm): Footprint MECH_V100
[courtyards_overlap]: Courtyards overlap
    Rule: board setup constraints courtyard; error
    @(260.0000 mm, 160.0000 mm): Footprint J3
    @(260.0000 mm, 160.0000 mm): Footprint MECH_M2_2280
[npth_inside_courtyard]: NPTH inside courtyard
    Local override; error
    @(250.0000 mm, 160.0000 mm): NPTH pad of J3
    @(260.0000 mm, 160.0000 mm): Footprint MECH_M2_2280
[npth_inside_courtyard]: NPTH inside courtyard
    Local override; error
    @(270.0000 mm, 160.0000 mm): NPTH pad of J3
    @(260.0000 mm, 160.0000 mm): Footprint MECH_M2_2280
[courtyards_overlap]: Courtyards overlap
    Rule: board setup constraints courtyard; error
    @(225.0000 mm, 105.0000 mm): Footprint U5
    @(150.0000 mm, 90.0000 mm): Footprint MECH_V100
[courtyards_overlap]: Courtyards overlap
    Rule: board setup constraints courtyard; error
    @(245.0000 mm, 150.0000 mm): Footprint R19
    @(260.0000 mm, 160.0000 mm): Footprint MECH_M2_2280
[courtyards_overlap]: Courtyards overlap
    Rule: board setup constraints courtyard; error
    @(188.0000 mm, 112.0000 mm): Footprint C16
    @(188.0000 mm, 114.0000 mm): Footprint C17
[courtyards_overlap]: Courtyards overlap
    Rule: board setup constraints courtyard; error
    @(188.0000 mm, 112.0000 mm): Footprint C16
    @(150.0000 mm, 90.0000 mm): Footprint MECH_V100
[courtyards_overlap]: Courtyards overlap
    Rule: board setup constraints courtyard; error
    @(188.0000 mm, 114.0000 mm): Footprint C17
    @(150.0000 mm, 90.0000 mm): Footprint MECH_V100
[courtyards_overlap]: Courtyards overlap
    Rule: board setup constraints courtyard; error
    @(188.0000 mm, 114.0000 mm): Footprint C17
    @(188.0000 mm, 116.0000 mm): Footprint C19
[courtyards_overlap]: Courtyards overlap
    Rule: board setup constraints courtyard; error
    @(188.0000 mm, 105.2500 mm): Footprint C15
    @(150.0000 mm, 90.0000 mm): Footprint MECH_V100
[courtyards_overlap]: Courtyards overlap
    Rule: board setup constraints courtyard; error
    @(260.0000 mm, 160.0000 mm): Footprint MECH_M2_2280
    @(253.0000 mm, 150.0000 mm): Footprint R20
[courtyards_overlap]: Courtyards overlap
    Rule: board setup constraints courtyard; error
    @(218.0000 mm, 76.0000 mm): Footprint R14
    @(150.0000 mm, 90.0000 mm): Footprint MECH_V100
[courtyards_overlap]: Courtyards overlap
    Rule: board setup constraints courtyard; error
    @(82.0000 mm, 62.0000 mm): Footprint R4
    @(77.5000 mm, 53.0000 mm): Footprint J2
[courtyards_overlap]: Courtyards overlap
    Rule: board setup constraints courtyard; error
    @(82.0000 mm, 62.0000 mm): Footprint R4
    @(150.0000 mm, 90.0000 mm): Footprint MECH_V100
[courtyards_overlap]: Courtyards overlap
    Rule: board setup constraints courtyard; error
    @(188.0000 mm, 70.0000 mm): Footprint R11
    @(150.0000 mm, 90.0000 mm): Footprint MECH_V100
[courtyards_overlap]: Courtyards overlap
    Rule: board setup constraints courtyard; error
    @(150.0000 mm, 90.0000 mm): Footprint J1
    @(150.0000 mm, 90.0000 mm): Footprint MECH_V100
[courtyards_overlap]: Courtyards overlap
    Rule: board setup constraints courtyard; error
    @(219.0000 mm, 118.0000 mm): Footprint C25
    @(150.0000 mm, 90.0000 mm): Footprint MECH_V100
[courtyards_overlap]: Courtyards overlap
    Rule: board setup constraints courtyard; error
    @(77.5000 mm, 53.0000 mm): Footprint J2
    @(150.0000 mm, 90.0000 mm): Footprint MECH_V100
[npth_inside_courtyard]: NPTH inside courtyard
    Local override; error
    @(85.7000 mm, 53.0000 mm): NPTH pad of J2
    @(150.0000 mm, 90.0000 mm): Footprint MECH_V100
[npth_inside_courtyard]: NPTH inside courtyard
    Local override; error
    @(85.7000 mm, 42.2500 mm): NPTH pad of J2
    @(150.0000 mm, 90.0000 mm): Footprint MECH_V100
[npth_inside_courtyard]: NPTH inside courtyard
    Local override; error
    @(83.2150 mm, 53.0000 mm): NPTH pad of J2
    @(150.0000 mm, 90.0000 mm): Footprint MECH_V100
[pth_inside_courtyard]: PTH inside courtyard
    Local override; error
    @(83.2150 mm, 61.8900 mm): PTH pad 1 [CM5_GBE_TD0_P] of J2
    @(150.0000 mm, 90.0000 mm): Footprint MECH_V100
[pth_inside_courtyard]: PTH inside courtyard
    Local override; error
    @(81.9450 mm, 59.3500 mm): PTH pad 2 [CM5_GBE_TD0_N] of J2
    @(150.0000 mm, 90.0000 mm): Footprint MECH_V100
[pth_inside_courtyard]: PTH inside courtyard
    Local override; error
    @(80.6750 mm, 61.8900 mm): PTH pad 3 [CM5_GBE_TD1_P] of J2
    @(150.0000 mm, 90.0000 mm): Footprint MECH_V100
[pth_inside_courtyard]: PTH inside courtyard
    Local override; error
    @(79.4050 mm, 59.3500 mm): PTH pad 4 [<no net>] of J2
    @(150.0000 mm, 90.0000 mm): Footprint MECH_V100
[pth_inside_courtyard]: PTH inside courtyard
    Local override; error
    @(78.1350 mm, 61.8900 mm): PTH pad 5 [<no net>] of J2
    @(150.0000 mm, 90.0000 mm): Footprint MECH_V100
[pth_inside_courtyard]: PTH inside courtyard
    Local override; error
    @(76.8650 mm, 59.3500 mm): PTH pad 6 [CM5_GBE_TD1_N] of J2
    @(150.0000 mm, 90.0000 mm): Footprint MECH_V100
[pth_inside_courtyard]: PTH inside courtyard
    Local override; error
    @(75.5950 mm, 61.8900 mm): PTH pad 7 [CM5_GBE_TD2_P] of J2
    @(150.0000 mm, 90.0000 mm): Footprint MECH_V100
[pth_inside_courtyard]: PTH inside courtyard
    Local override; error
    @(83.2150 mm, 56.8300 mm): PTH pad 11 [/ETHERNET/ETH_CT1] of J2
    @(150.0000 mm, 90.0000 mm): Footprint MECH_V100
[pth_inside_courtyard]: PTH inside courtyard
    Local override; error
    @(80.6750 mm, 55.5600 mm): PTH pad 12 [/ETHERNET/ETH_CT2] of J2
    @(150.0000 mm, 90.0000 mm): Footprint MECH_V100
[pth_inside_courtyard]: PTH inside courtyard
    Local override; error
    @(84.1300 mm, 48.9400 mm): PTH pad 15 [/ETHERNET/GBE_LED_Y_A] of J2
    @(150.0000 mm, 90.0000 mm): Footprint MECH_V100
[pth_inside_courtyard]: PTH inside courtyard
    Local override; error
    @(81.5900 mm, 48.9400 mm): PTH pad 16 [/ETHERNET/GBE_LED_Y_K] of J2
    @(150.0000 mm, 90.0000 mm): Footprint MECH_V100
[pth_inside_courtyard]: PTH inside courtyard
    Local override; error
    @(85.3750 mm, 56.0500 mm): PTH pad 19 [/ETHERNET/GBE_SHIELD] of J2
    @(150.0000 mm, 90.0000 mm): Footprint MECH_V100
[courtyards_overlap]: Courtyards overlap
    Rule: board setup constraints courtyard; error
    @(77.5000 mm, 53.0000 mm): Footprint J2
    @(78.0000 mm, 62.0000 mm): Footprint R3
[pth_inside_courtyard]: PTH inside courtyard
    Local override; error
    @(78.1350 mm, 61.8900 mm): PTH pad 5 [<no net>] of J2
    @(78.0000 mm, 62.0000 mm): Footprint R3
[courtyards_overlap]: Courtyards overlap
    Rule: board setup constraints courtyard; error
    @(196.0000 mm, 70.0000 mm): Footprint R12
    @(150.0000 mm, 90.0000 mm): Footprint MECH_V100
[courtyards_overlap]: Courtyards overlap
    Rule: board setup constraints courtyard; error
    @(150.0000 mm, 90.0000 mm): Footprint MECH_V100
    @(188.0000 mm, 116.0000 mm): Footprint C19
[courtyards_overlap]: Courtyards overlap
    Rule: board setup constraints courtyard; error
    @(150.0000 mm, 90.0000 mm): Footprint MECH_V100
    @(219.0000 mm, 112.0000 mm): Footprint C23
[courtyards_overlap]: Courtyards overlap
    Rule: board setup constraints courtyard; error
    @(150.0000 mm, 90.0000 mm): Footprint MECH_V100
    @(78.0000 mm, 62.0000 mm): Footprint R3
[courtyards_overlap]: Courtyards overlap
    Rule: board setup constraints courtyard; error
    @(150.0000 mm, 90.0000 mm): Footprint MECH_V100
    @(180.0000 mm, 70.0000 mm): Footprint C18
[copper_edge_clearance]: Board edge clearance violation (board setup constraints edge clearance 0.5000 mm; actual 0.0000 mm)
    Rule: board setup constraints edge; error
    @(0.0000 mm, 0.0000 mm): Rectangle on Edge.Cuts
    @(0.0000 mm, 0.0000 mm): Track [<no net>] on F.Cu, length 0.0000 mm
[copper_edge_clearance]: Board edge clearance violation (board setup constraints edge clearance 0.5000 mm; actual 0.0000 mm)
    Rule: board setup constraints edge; error
    @(0.0000 mm, 0.0000 mm): Rectangle on Edge.Cuts
    @(0.0000 mm, 0.0000 mm): Track [<no net>] on F.Cu, length 0.0000 mm
[copper_edge_clearance]: Board edge clearance violation (board setup constraints edge clearance 0.5000 mm; actual 0.0000 mm)
    Rule: board setup constraints edge; error
    @(0.0000 mm, 0.0000 mm): Rectangle on Edge.Cuts
    @(0.0000 mm, 0.0000 mm): Track [<no net>] on F.Cu, length 0.0000 mm
[copper_edge_clearance]: Board edge clearance violation (board setup constraints edge clearance 0.5000 mm; actual 0.0000 mm)
    Rule: board setup constraints edge; error
    @(0.0000 mm, 0.0000 mm): Rectangle on Edge.Cuts
    @(0.0000 mm, 0.0000 mm): Track [<no net>] on F.Cu, length 0.0000 mm
[copper_edge_clearance]: Board edge clearance violation (board setup constraints edge clearance 0.5000 mm; actual 0.0000 mm)
    Rule: board setup constraints edge; error
    @(0.0000 mm, 0.0000 mm): Rectangle on Edge.Cuts
    @(0.0000 mm, 0.0000 mm): Track [<no net>] on F.Cu, length 0.0000 mm
[copper_edge_clearance]: Board edge clearance violation (board setup constraints edge clearance 0.5000 mm; actual 0.0000 mm)
    Rule: board setup constraints edge; error
    @(0.0000 mm, 0.0000 mm): Rectangle on Edge.Cuts
    @(0.0000 mm, 0.0000 mm): Track [<no net>] on F.Cu, length 0.0000 mm
[copper_edge_clearance]: Board edge clearance violation (board setup constraints edge clearance 0.5000 mm; actual 0.0000 mm)
    Rule: board setup constraints edge; error
    @(0.0000 mm, 0.0000 mm): Rectangle on Edge.Cuts
    @(0.0000 mm, 0.0000 mm): Track [<no net>] on F.Cu, length 0.0000 mm
[copper_edge_clearance]: Board edge clearance violation (board setup constraints edge clearance 0.5000 mm; actual 0.0000 mm)
    Rule: board setup constraints edge; error
    @(0.0000 mm, 0.0000 mm): Rectangle on Edge.Cuts
    @(0.0000 mm, 0.0000 mm): Track [<no net>] on F.Cu, length 0.0000 mm
[copper_edge_clearance]: Board edge clearance violation (board setup constraints edge clearance 0.5000 mm; actual 0.0000 mm)
    Rule: board setup constraints edge; error
    @(0.0000 mm, 0.0000 mm): Rectangle on Edge.Cuts
    @(0.0000 mm, 0.0000 mm): Track [<no net>] on F.Cu, length 0.0000 mm
[copper_edge_clearance]: Board edge clearance violation (board setup constraints edge clearance 0.5000 mm; actual 0.0000 mm)
    Rule: board setup constraints edge; error
    @(0.0000 mm, 0.0000 mm): Rectangle on Edge.Cuts
    @(0.0000 mm, 0.0000 mm): Track [<no net>] on F.Cu, length 0.0000 mm
[copper_edge_clearance]: Board edge clearance violation (board setup constraints edge clearance 0.5000 mm; actual 0.0000 mm)
    Rule: board setup constraints edge; error
    @(0.0000 mm, 0.0000 mm): Rectangle on Edge.Cuts
    @(0.0000 mm, 0.0000 mm): Track [<no net>] on F.Cu, length 0.0000 mm
[copper_edge_clearance]: Board edge clearance violation (board setup constraints edge clearance 0.5000 mm; actual 0.0000 mm)
    Rule: board setup constraints edge; error
    @(0.0000 mm, 0.0000 mm): Rectangle on Edge.Cuts
    @(0.0000 mm, 0.0000 mm): Track [<no net>] on F.Cu, length 0.0000 mm
[copper_edge_clearance]: Board edge clearance violation (board setup constraints edge clearance 0.5000 mm; actual 0.0000 mm)
    Rule: board setup constraints edge; error
    @(0.0000 mm, 0.0000 mm): Rectangle on Edge.Cuts
    @(0.0000 mm, 0.0000 mm): Track [<no net>] on F.Cu, length 0.0000 mm
[copper_edge_clearance]: Board edge clearance violation (board setup constraints edge clearance 0.5000 mm; actual 0.0000 mm)
    Rule: board setup constraints edge; error
    @(0.0000 mm, 0.0000 mm): Rectangle on Edge.Cuts
    @(0.0000 mm, 0.0000 mm): Track [<no net>] on F.Cu, length 0.0000 mm
[copper_edge_clearance]: Board edge clearance violation (board setup constraints edge clearance 0.5000 mm; actual 0.0000 mm)
    Rule: board setup constraints edge; error
    @(0.0000 mm, 0.0000 mm): Rectangle on Edge.Cuts
    @(0.0000 mm, 0.0000 mm): Track [<no net>] on F.Cu, length 0.0000 mm
[copper_edge_clearance]: Board edge clearance violation (board setup constraints edge clearance 0.5000 mm; actual 0.0000 mm)
    Rule: board setup constraints edge; error
    @(0.0000 mm, 0.0000 mm): Rectangle on Edge.Cuts
    @(0.0000 mm, 0.0000 mm): Track [<no net>] on F.Cu, length 0.0000 mm
[copper_edge_clearance]: Board edge clearance violation (board setup constraints edge clearance 0.5000 mm; actual 0.0000 mm)
    Rule: board setup constraints edge; error
    @(0.0000 mm, 0.0000 mm): Rectangle on Edge.Cuts
    @(0.0000 mm, 0.0000 mm): Track [<no net>] on F.Cu, length 0.0000 mm
[copper_edge_clearance]: Board edge clearance violation (board setup constraints edge clearance 0.5000 mm; actual 0.0000 mm)
    Rule: board setup constraints edge; error
    @(0.0000 mm, 0.0000 mm): Rectangle on Edge.Cuts
    @(0.0000 mm, 0.0000 mm): Track [<no net>] on F.Cu, length 0.0000 mm
[copper_edge_clearance]: Board edge clearance violation (board setup constraints edge clearance 0.5000 mm; actual 0.0000 mm)
    Rule: board setup constraints edge; error
    @(0.0000 mm, 0.0000 mm): Rectangle on Edge.Cuts
    @(0.0000 mm, 0.0000 mm): Track [<no net>] on F.Cu, length 0.0000 mm
[copper_edge_clearance]: Board edge clearance violation (board setup constraints edge clearance 0.5000 mm; actual 0.0000 mm)
    Rule: board setup constraints edge; error
    @(0.0000 mm, 0.0000 mm): Rectangle on Edge.Cuts
    @(0.0000 mm, 0.0000 mm): Track [<no net>] on F.Cu, length 0.0000 mm
[copper_edge_clearance]: Board edge clearance violation (board setup constraints edge clearance 0.5000 mm; actual 0.0000 mm)
    Rule: board setup constraints edge; error
    @(0.0000 mm, 0.0000 mm): Rectangle on Edge.Cuts
    @(0.0000 mm, 0.0000 mm): Track [<no net>] on F.Cu, length 0.0000 mm
[copper_edge_clearance]: Board edge clearance violation (board setup constraints edge clearance 0.5000 mm; actual 0.0000 mm)
    Rule: board setup constraints edge; error
    @(0.0000 mm, 0.0000 mm): Rectangle on Edge.Cuts
    @(0.0000 mm, 0.0000 mm): Track [<no net>] on F.Cu, length 0.0000 mm
[copper_edge_clearance]: Board edge clearance violation (board setup constraints edge clearance 0.5000 mm; actual 0.0000 mm)
    Rule: board setup constraints edge; error
    @(0.0000 mm, 0.0000 mm): Rectangle on Edge.Cuts
    @(0.0000 mm, 0.0000 mm): Track [<no net>] on F.Cu, length 0.0000 mm
[copper_edge_clearance]: Board edge clearance violation (board setup constraints edge clearance 0.5000 mm; actual 0.0000 mm)
    Rule: board setup constraints edge; error
    @(0.0000 mm, 0.0000 mm): Rectangle on Edge.Cuts
    @(0.0000 mm, 0.0000 mm): Track [<no net>] on F.Cu, length 0.0000 mm
[copper_edge_clearance]: Board edge clearance violation (board setup constraints edge clearance 0.5000 mm; actual 0.0000 mm)
    Rule: board setup constraints edge; error
    @(0.0000 mm, 0.0000 mm): Rectangle on Edge.Cuts
    @(0.0000 mm, 0.0000 mm): Track [<no net>] on F.Cu, length 0.0000 mm
[copper_edge_clearance]: Board edge clearance violation (board setup constraints edge clearance 0.5000 mm; actual 0.0000 mm)
    Rule: board setup constraints edge; error
    @(0.0000 mm, 0.0000 mm): Rectangle on Edge.Cuts
    @(0.0000 mm, 0.0000 mm): Track [<no net>] on F.Cu, length 0.0000 mm
[copper_edge_clearance]: Board edge clearance violation (board setup constraints edge clearance 0.5000 mm; actual 0.0000 mm)
    Rule: board setup constraints edge; error
    @(0.0000 mm, 0.0000 mm): Rectangle on Edge.Cuts
    @(0.0000 mm, 0.0000 mm): Track [<no net>] on F.Cu, length 0.0000 mm
[copper_edge_clearance]: Board edge clearance violation (board setup constraints edge clearance 0.5000 mm; actual 0.0000 mm)
    Rule: board setup constraints edge; error
    @(0.0000 mm, 0.0000 mm): Rectangle on Edge.Cuts
    @(0.0000 mm, 0.0000 mm): Track [<no net>] on F.Cu, length 0.0000 mm
[copper_edge_clearance]: Board edge clearance violation (board setup constraints edge clearance 0.5000 mm; actual 0.0000 mm)
    Rule: board setup constraints edge; error
    @(0.0000 mm, 0.0000 mm): Rectangle on Edge.Cuts
    @(0.0000 mm, 0.0000 mm): Track [<no net>] on F.Cu, length 0.0000 mm
[copper_edge_clearance]: Board edge clearance violation (board setup constraints edge clearance 0.5000 mm; actual 0.0000 mm)
    Rule: board setup constraints edge; error
    @(0.0000 mm, 0.0000 mm): Rectangle on Edge.Cuts
    @(0.0000 mm, 0.0000 mm): Track [<no net>] on F.Cu, length 0.0000 mm
[copper_edge_clearance]: Board edge clearance violation (board setup constraints edge clearance 0.5000 mm; actual 0.0000 mm)
    Rule: board setup constraints edge; error
    @(0.0000 mm, 0.0000 mm): Rectangle on Edge.Cuts
    @(0.0000 mm, 0.0000 mm): Track [<no net>] on F.Cu, length 0.0000 mm
[copper_edge_clearance]: Board edge clearance violation (board setup constraints edge clearance 0.5000 mm; actual 0.0000 mm)
    Rule: board setup constraints edge; error
    @(0.0000 mm, 0.0000 mm): Rectangle on Edge.Cuts
    @(0.0000 mm, 0.0000 mm): Track [<no net>] on F.Cu, length 0.0000 mm
[copper_edge_clearance]: Board edge clearance violation (board setup constraints edge clearance 0.5000 mm; actual 0.0000 mm)
    Rule: board setup constraints edge; error
    @(0.0000 mm, 0.0000 mm): Rectangle on Edge.Cuts
    @(0.0000 mm, 0.0000 mm): Track [<no net>] on F.Cu, length 0.0000 mm
[copper_edge_clearance]: Board edge clearance violation (board setup constraints edge clearance 0.5000 mm; actual 0.0000 mm)
    Rule: board setup constraints edge; error
    @(0.0000 mm, 0.0000 mm): Rectangle on Edge.Cuts
    @(0.0000 mm, 0.0000 mm): Track [<no net>] on F.Cu, length 0.0000 mm
[copper_edge_clearance]: Board edge clearance violation (board setup constraints edge clearance 0.5000 mm; actual 0.0000 mm)
    Rule: board setup constraints edge; error
    @(0.0000 mm, 0.0000 mm): Rectangle on Edge.Cuts
    @(0.0000 mm, 0.0000 mm): Track [<no net>] on F.Cu, length 0.0000 mm
[copper_edge_clearance]: Board edge clearance violation (board setup constraints edge clearance 0.5000 mm; actual 0.0000 mm)
    Rule: board setup constraints edge; error
    @(0.0000 mm, 0.0000 mm): Rectangle on Edge.Cuts
    @(0.0000 mm, 0.0000 mm): Track [<no net>] on F.Cu, length 0.0000 mm
[copper_edge_clearance]: Board edge clearance violation (board setup constraints edge clearance 0.5000 mm; actual 0.0000 mm)
    Rule: board setup constraints edge; error
    @(0.0000 mm, 0.0000 mm): Rectangle on Edge.Cuts
    @(0.0000 mm, 0.0000 mm): Track [<no net>] on F.Cu, length 0.0000 mm
[copper_edge_clearance]: Board edge clearance violation (board setup constraints edge clearance 0.5000 mm; actual 0.0000 mm)
    Rule: board setup constraints edge; error
    @(0.0000 mm, 0.0000 mm): Rectangle on Edge.Cuts
    @(0.0000 mm, 0.0000 mm): Track [<no net>] on F.Cu, length 0.0000 mm
[copper_edge_clearance]: Board edge clearance violation (board setup constraints edge clearance 0.5000 mm; actual 0.0000 mm)
    Rule: board setup constraints edge; error
    @(0.0000 mm, 0.0000 mm): Rectangle on Edge.Cuts
    @(0.0000 mm, 0.0000 mm): Track [<no net>] on F.Cu, length 0.0000 mm
[copper_edge_clearance]: Board edge clearance violation (board setup constraints edge clearance 0.5000 mm; actual 0.0000 mm)
    Rule: board setup constraints edge; error
    @(0.0000 mm, 0.0000 mm): Rectangle on Edge.Cuts
    @(0.0000 mm, 0.0000 mm): Track [<no net>] on F.Cu, length 0.0000 mm
[copper_edge_clearance]: Board edge clearance violation (board setup constraints edge clearance 0.5000 mm; actual 0.0000 mm)
    Rule: board setup constraints edge; error
    @(0.0000 mm, 0.0000 mm): Rectangle on Edge.Cuts
    @(0.0000 mm, 0.0000 mm): Track [<no net>] on F.Cu, length 0.0000 mm
[copper_edge_clearance]: Board edge clearance violation (board setup constraints edge clearance 0.5000 mm; actual 0.0000 mm)
    Rule: board setup constraints edge; error
    @(0.0000 mm, 0.0000 mm): Rectangle on Edge.Cuts
    @(0.0000 mm, 0.0000 mm): Track [<no net>] on F.Cu, length 0.0000 mm
[copper_edge_clearance]: Board edge clearance violation (board setup constraints edge clearance 0.5000 mm; actual 0.0000 mm)
    Rule: board setup constraints edge; error
    @(0.0000 mm, 0.0000 mm): Rectangle on Edge.Cuts
    @(0.0000 mm, 0.0000 mm): Track [<no net>] on F.Cu, length 0.0000 mm
[copper_edge_clearance]: Board edge clearance violation (board setup constraints edge clearance 0.5000 mm; actual 0.0000 mm)
    Rule: board setup constraints edge; error
    @(0.0000 mm, 0.0000 mm): Rectangle on Edge.Cuts
    @(0.0000 mm, 0.0000 mm): Track [<no net>] on F.Cu, length 0.0000 mm
[copper_edge_clearance]: Board edge clearance violation (board setup constraints edge clearance 0.5000 mm; actual 0.0000 mm)
    Rule: board setup constraints edge; error
    @(0.0000 mm, 0.0000 mm): Rectangle on Edge.Cuts
    @(0.0000 mm, 0.0000 mm): Track [<no net>] on F.Cu, length 0.0000 mm
[copper_edge_clearance]: Board edge clearance violation (board setup constraints edge clearance 0.5000 mm; actual 0.0000 mm)
    Rule: board setup constraints edge; error
    @(0.0000 mm, 0.0000 mm): Rectangle on Edge.Cuts
    @(0.0000 mm, 0.0000 mm): Track [<no net>] on F.Cu, length 0.0000 mm
[copper_edge_clearance]: Board edge clearance violation (board setup constraints edge clearance 0.5000 mm; actual 0.0000 mm)
    Rule: board setup constraints edge; error
    @(0.0000 mm, 0.0000 mm): Rectangle on Edge.Cuts
    @(0.0000 mm, 0.0000 mm): Track [<no net>] on F.Cu, length 0.0000 mm
[copper_edge_clearance]: Board edge clearance violation (board setup constraints edge clearance 0.5000 mm; actual 0.0000 mm)
    Rule: board setup constraints edge; error
    @(0.0000 mm, 0.0000 mm): Rectangle on Edge.Cuts
    @(0.0000 mm, 0.0000 mm): Track [<no net>] on F.Cu, length 0.0000 mm
[copper_edge_clearance]: Board edge clearance violation (board setup constraints edge clearance 0.5000 mm; actual 0.0000 mm)
    Rule: board setup constraints edge; error
    @(0.0000 mm, 0.0000 mm): Rectangle on Edge.Cuts
    @(0.0000 mm, 0.0000 mm): Track [<no net>] on F.Cu, length 0.0000 mm
[copper_edge_clearance]: Board edge clearance violation (board setup constraints edge clearance 0.5000 mm; actual 0.0000 mm)
    Rule: board setup constraints edge; error
    @(0.0000 mm, 0.0000 mm): Rectangle on Edge.Cuts
    @(0.0000 mm, 0.0000 mm): Track [<no net>] on F.Cu, length 0.0000 mm
[copper_edge_clearance]: Board edge clearance violation (board setup constraints edge clearance 0.5000 mm; actual 0.0000 mm)
    Rule: board setup constraints edge; error
    @(0.0000 mm, 0.0000 mm): Rectangle on Edge.Cuts
    @(0.0000 mm, 0.0000 mm): Track [<no net>] on F.Cu, length 0.0000 mm
[copper_edge_clearance]: Board edge clearance violation (board setup constraints edge clearance 0.5000 mm; actual 0.0000 mm)
    Rule: board setup constraints edge; error
    @(0.0000 mm, 0.0000 mm): Rectangle on Edge.Cuts
    @(0.0000 mm, 0.0000 mm): Track [<no net>] on F.Cu, length 0.0000 mm
[copper_edge_clearance]: Board edge clearance violation (board setup constraints edge clearance 0.5000 mm; actual 0.0000 mm)
    Rule: board setup constraints edge; error
    @(0.0000 mm, 0.0000 mm): Rectangle on Edge.Cuts
    @(0.0000 mm, 0.0000 mm): Track [<no net>] on F.Cu, length 0.0000 mm
[copper_edge_clearance]: Board edge clearance violation (board setup constraints edge clearance 0.5000 mm; actual 0.0000 mm)
    Rule: board setup constraints edge; error
    @(0.0000 mm, 0.0000 mm): Rectangle on Edge.Cuts
    @(0.0000 mm, 0.0000 mm): Track [<no net>] on F.Cu, length 0.0000 mm
[copper_edge_clearance]: Board edge clearance violation (board setup constraints edge clearance 0.5000 mm; actual 0.0000 mm)
    Rule: board setup constraints edge; error
    @(0.0000 mm, 0.0000 mm): Rectangle on Edge.Cuts
    @(0.0000 mm, 0.0000 mm): Track [<no net>] on F.Cu, length 0.0000 mm
[copper_edge_clearance]: Board edge clearance violation (board setup constraints edge clearance 0.5000 mm; actual 0.0000 mm)
    Rule: board setup constraints edge; error
    @(0.0000 mm, 0.0000 mm): Rectangle on Edge.Cuts
    @(0.0000 mm, 0.0000 mm): Track [<no net>] on F.Cu, length 0.0000 mm
[copper_edge_clearance]: Board edge clearance violation (board setup constraints edge clearance 0.5000 mm; actual 0.0000 mm)
    Rule: board setup constraints edge; error
    @(0.0000 mm, 0.0000 mm): Rectangle on Edge.Cuts
    @(0.0000 mm, 0.0000 mm): Track [<no net>] on F.Cu, length 0.0000 mm
[copper_edge_clearance]: Board edge clearance violation (board setup constraints edge clearance 0.5000 mm; actual 0.0000 mm)
    Rule: board setup constraints edge; error
    @(0.0000 mm, 0.0000 mm): Rectangle on Edge.Cuts
    @(0.0000 mm, 0.0000 mm): Track [<no net>] on F.Cu, length 0.0000 mm
[copper_edge_clearance]: Board edge clearance violation (board setup constraints edge clearance 0.5000 mm; actual 0.0000 mm)
    Rule: board setup constraints edge; error
    @(0.0000 mm, 0.0000 mm): Rectangle on Edge.Cuts
    @(0.0000 mm, 0.0000 mm): Track [<no net>] on F.Cu, length 0.0000 mm
[copper_edge_clearance]: Board edge clearance violation (board setup constraints edge clearance 0.5000 mm; actual 0.0000 mm)
    Rule: board setup constraints edge; error
    @(0.0000 mm, 0.0000 mm): Rectangle on Edge.Cuts
    @(0.0000 mm, 0.0000 mm): Track [<no net>] on F.Cu, length 0.0000 mm
[copper_edge_clearance]: Board edge clearance violation (board setup constraints edge clearance 0.5000 mm; actual 0.0000 mm)
    Rule: board setup constraints edge; error
    @(0.0000 mm, 0.0000 mm): Rectangle on Edge.Cuts
    @(0.0000 mm, 0.0000 mm): Track [<no net>] on F.Cu, length 0.0000 mm
[copper_edge_clearance]: Board edge clearance violation (board setup constraints edge clearance 0.5000 mm; actual 0.0000 mm)
    Rule: board setup constraints edge; error
    @(0.0000 mm, 0.0000 mm): Rectangle on Edge.Cuts
    @(0.0000 mm, 0.0000 mm): Track [<no net>] on F.Cu, length 0.0000 mm
[copper_edge_clearance]: Board edge clearance violation (board setup constraints edge clearance 0.5000 mm; actual 0.0000 mm)
    Rule: board setup constraints edge; error
    @(0.0000 mm, 0.0000 mm): Rectangle on Edge.Cuts
    @(0.0000 mm, 0.0000 mm): Track [<no net>] on F.Cu, length 0.0000 mm
[copper_edge_clearance]: Board edge clearance violation (board setup constraints edge clearance 0.5000 mm; actual 0.0000 mm)
    Rule: board setup constraints edge; error
    @(0.0000 mm, 0.0000 mm): Rectangle on Edge.Cuts
    @(0.0000 mm, 0.0000 mm): Track [<no net>] on F.Cu, length 0.0000 mm
[copper_edge_clearance]: Board edge clearance violation (board setup constraints edge clearance 0.5000 mm; actual 0.0000 mm)
    Rule: board setup constraints edge; error
    @(0.0000 mm, 0.0000 mm): Rectangle on Edge.Cuts
    @(0.0000 mm, 0.0000 mm): Track [<no net>] on F.Cu, length 0.0000 mm
[copper_edge_clearance]: Board edge clearance violation (board setup constraints edge clearance 0.5000 mm; actual 0.0000 mm)
    Rule: board setup constraints edge; error
    @(0.0000 mm, 0.0000 mm): Rectangle on Edge.Cuts
    @(0.0000 mm, 0.0000 mm): Track [<no net>] on F.Cu, length 0.0000 mm
[copper_edge_clearance]: Board edge clearance violation (board setup constraints edge clearance 0.5000 mm; actual 0.0000 mm)
    Rule: board setup constraints edge; error
    @(0.0000 mm, 0.0000 mm): Rectangle on Edge.Cuts
    @(0.0000 mm, 0.0000 mm): Track [<no net>] on F.Cu, length 0.0000 mm
[copper_edge_clearance]: Board edge clearance violation (board setup constraints edge clearance 0.5000 mm; actual 0.0000 mm)
    Rule: board setup constraints edge; error
    @(0.0000 mm, 0.0000 mm): Rectangle on Edge.Cuts
    @(0.0000 mm, 0.0000 mm): Track [<no net>] on F.Cu, length 0.0000 mm
[copper_edge_clearance]: Board edge clearance violation (board setup constraints edge clearance 0.5000 mm; actual 0.0000 mm)
    Rule: board setup constraints edge; error
    @(0.0000 mm, 0.0000 mm): Rectangle on Edge.Cuts
    @(0.0000 mm, 0.0000 mm): Track [<no net>] on F.Cu, length 0.0000 mm
[copper_edge_clearance]: Board edge clearance violation (board setup constraints edge clearance 0.5000 mm; actual 0.0000 mm)
    Rule: board setup constraints edge; error
    @(0.0000 mm, 0.0000 mm): Rectangle on Edge.Cuts
    @(0.0000 mm, 0.0000 mm): Track [<no net>] on F.Cu, length 0.0000 mm
[copper_edge_clearance]: Board edge clearance violation (board setup constraints edge clearance 0.5000 mm; actual 0.0000 mm)
    Rule: board setup constraints edge; error
    @(0.0000 mm, 0.0000 mm): Rectangle on Edge.Cuts
    @(0.0000 mm, 0.0000 mm): Track [<no net>] on F.Cu, length 0.0000 mm
[copper_edge_clearance]: Board edge clearance violation (board setup constraints edge clearance 0.5000 mm; actual 0.0000 mm)
    Rule: board setup constraints edge; error
    @(0.0000 mm, 0.0000 mm): Rectangle on Edge.Cuts
    @(0.0000 mm, 0.0000 mm): Track [<no net>] on F.Cu, length 0.0000 mm
[copper_edge_clearance]: Board edge clearance violation (board setup constraints edge clearance 0.5000 mm; actual 0.0000 mm)
    Rule: board setup constraints edge; error
    @(0.0000 mm, 0.0000 mm): Rectangle on Edge.Cuts
    @(0.0000 mm, 0.0000 mm): Track [<no net>] on F.Cu, length 0.0000 mm
[copper_edge_clearance]: Board edge clearance violation (board setup constraints edge clearance 0.5000 mm; actual 0.0000 mm)
    Rule: board setup constraints edge; error
    @(0.0000 mm, 0.0000 mm): Rectangle on Edge.Cuts
    @(0.0000 mm, 0.0000 mm): Track [<no net>] on F.Cu, length 0.0000 mm
[copper_edge_clearance]: Board edge clearance violation (board setup constraints edge clearance 0.5000 mm; actual 0.0000 mm)
    Rule: board setup constraints edge; error
    @(0.0000 mm, 0.0000 mm): Rectangle on Edge.Cuts
    @(0.0000 mm, 0.0000 mm): Track [<no net>] on F.Cu, length 0.0000 mm
[copper_edge_clearance]: Board edge clearance violation (board setup constraints edge clearance 0.5000 mm; actual 0.0000 mm)
    Rule: board setup constraints edge; error
    @(0.0000 mm, 0.0000 mm): Rectangle on Edge.Cuts
    @(0.0000 mm, 0.0000 mm): Track [<no net>] on F.Cu, length 0.0000 mm
[copper_edge_clearance]: Board edge clearance violation (board setup constraints edge clearance 0.5000 mm; actual 0.0000 mm)
    Rule: board setup constraints edge; error
    @(0.0000 mm, 0.0000 mm): Rectangle on Edge.Cuts
    @(0.0000 mm, 0.0000 mm): Track [<no net>] on F.Cu, length 0.0000 mm
[copper_edge_clearance]: Board edge clearance violation (board setup constraints edge clearance 0.5000 mm; actual 0.0000 mm)
    Rule: board setup constraints edge; error
    @(0.0000 mm, 0.0000 mm): Rectangle on Edge.Cuts
    @(0.0000 mm, 0.0000 mm): Track [<no net>] on F.Cu, length 0.0000 mm
[copper_edge_clearance]: Board edge clearance violation (board setup constraints edge clearance 0.5000 mm; actual 0.0000 mm)
    Rule: board setup constraints edge; error
    @(0.0000 mm, 0.0000 mm): Rectangle on Edge.Cuts
    @(0.0000 mm, 0.0000 mm): Track [<no net>] on F.Cu, length 0.0000 mm
[copper_edge_clearance]: Board edge clearance violation (board setup constraints edge clearance 0.5000 mm; actual 0.0000 mm)
    Rule: board setup constraints edge; error
    @(0.0000 mm, 0.0000 mm): Rectangle on Edge.Cuts
    @(0.0000 mm, 0.0000 mm): Track [<no net>] on F.Cu, length 0.0000 mm
[copper_edge_clearance]: Board edge clearance violation (board setup constraints edge clearance 0.5000 mm; actual 0.0000 mm)
    Rule: board setup constraints edge; error
    @(0.0000 mm, 0.0000 mm): Rectangle on Edge.Cuts
    @(0.0000 mm, 0.0000 mm): Track [<no net>] on F.Cu, length 0.0000 mm
[copper_edge_clearance]: Board edge clearance violation (board setup constraints edge clearance 0.5000 mm; actual 0.0000 mm)
    Rule: board setup constraints edge; error
    @(0.0000 mm, 0.0000 mm): Rectangle on Edge.Cuts
    @(0.0000 mm, 0.0000 mm): Track [<no net>] on F.Cu, length 0.0000 mm
[copper_edge_clearance]: Board edge clearance violation (board setup constraints edge clearance 0.5000 mm; actual 0.0000 mm)
    Rule: board setup constraints edge; error
    @(0.0000 mm, 0.0000 mm): Rectangle on Edge.Cuts
    @(0.0000 mm, 0.0000 mm): Track [<no net>] on F.Cu, length 0.0000 mm
[copper_edge_clearance]: Board edge clearance violation (board setup constraints edge clearance 0.5000 mm; actual 0.0000 mm)
    Rule: board setup constraints edge; error
    @(0.0000 mm, 0.0000 mm): Rectangle on Edge.Cuts
    @(0.0000 mm, 0.0000 mm): Track [<no net>] on F.Cu, length 0.0000 mm
[copper_edge_clearance]: Board edge clearance violation (board setup constraints edge clearance 0.5000 mm; actual 0.0000 mm)
    Rule: board setup constraints edge; error
    @(0.0000 mm, 0.0000 mm): Rectangle on Edge.Cuts
    @(0.0000 mm, 0.0000 mm): Track [<no net>] on F.Cu, length 0.0000 mm
[copper_edge_clearance]: Board edge clearance violation (board setup constraints edge clearance 0.5000 mm; actual 0.0000 mm)
    Rule: board setup constraints edge; error
    @(0.0000 mm, 0.0000 mm): Rectangle on Edge.Cuts
    @(0.0000 mm, 0.0000 mm): Track [<no net>] on F.Cu, length 0.0000 mm
[copper_edge_clearance]: Board edge clearance violation (board setup constraints edge clearance 0.5000 mm; actual 0.0000 mm)
    Rule: board setup constraints edge; error
    @(0.0000 mm, 0.0000 mm): Rectangle on Edge.Cuts
    @(0.0000 mm, 0.0000 mm): Track [<no net>] on F.Cu, length 0.0000 mm
[copper_edge_clearance]: Board edge clearance violation (board setup constraints edge clearance 0.5000 mm; actual 0.0000 mm)
    Rule: board setup constraints edge; error
    @(0.0000 mm, 0.0000 mm): Rectangle on Edge.Cuts
    @(0.0000 mm, 0.0000 mm): Track [<no net>] on F.Cu, length 0.0000 mm
[copper_edge_clearance]: Board edge clearance violation (board setup constraints edge clearance 0.5000 mm; actual 0.0000 mm)
    Rule: board setup constraints edge; error
    @(0.0000 mm, 0.0000 mm): Rectangle on Edge.Cuts
    @(0.0000 mm, 0.0000 mm): Track [<no net>] on F.Cu, length 0.0000 mm
[copper_edge_clearance]: Board edge clearance violation (board setup constraints edge clearance 0.5000 mm; actual 0.0000 mm)
    Rule: board setup constraints edge; error
    @(0.0000 mm, 0.0000 mm): Rectangle on Edge.Cuts
    @(0.0000 mm, 0.0000 mm): Track [<no net>] on F.Cu, length 0.0000 mm
[copper_edge_clearance]: Board edge clearance violation (board setup constraints edge clearance 0.5000 mm; actual 0.0000 mm)
    Rule: board setup constraints edge; error
    @(0.0000 mm, 0.0000 mm): Rectangle on Edge.Cuts
    @(0.0000 mm, 0.0000 mm): Track [<no net>] on F.Cu, length 0.0000 mm
[copper_edge_clearance]: Board edge clearance violation (board setup constraints edge clearance 0.5000 mm; actual 0.0000 mm)
    Rule: board setup constraints edge; error
    @(0.0000 mm, 0.0000 mm): Rectangle on Edge.Cuts
    @(0.0000 mm, 0.0000 mm): Track [<no net>] on F.Cu, length 0.0000 mm
[copper_edge_clearance]: Board edge clearance violation (board setup constraints edge clearance 0.5000 mm; actual 0.0000 mm)
    Rule: board setup constraints edge; error
    @(0.0000 mm, 0.0000 mm): Rectangle on Edge.Cuts
    @(0.0000 mm, 0.0000 mm): Track [<no net>] on F.Cu, length 0.0000 mm
[copper_edge_clearance]: Board edge clearance violation (board setup constraints edge clearance 0.5000 mm; actual 0.0000 mm)
    Rule: board setup constraints edge; error
    @(0.0000 mm, 0.0000 mm): Rectangle on Edge.Cuts
    @(0.0000 mm, 0.0000 mm): Track [<no net>] on F.Cu, length 0.0000 mm
[copper_edge_clearance]: Board edge clearance violation (board setup constraints edge clearance 0.5000 mm; actual 0.0000 mm)
    Rule: board setup constraints edge; error
    @(0.0000 mm, 0.0000 mm): Rectangle on Edge.Cuts
    @(0.0000 mm, 0.0000 mm): Track [<no net>] on F.Cu, length 0.0000 mm
[copper_edge_clearance]: Board edge clearance violation (board setup constraints edge clearance 0.5000 mm; actual 0.0000 mm)
    Rule: board setup constraints edge; error
    @(0.0000 mm, 0.0000 mm): Rectangle on Edge.Cuts
    @(0.0000 mm, 0.0000 mm): Track [<no net>] on F.Cu, length 0.0000 mm
[copper_edge_clearance]: Board edge clearance violation (board setup constraints edge clearance 0.5000 mm; actual 0.0000 mm)
    Rule: board setup constraints edge; error
    @(0.0000 mm, 0.0000 mm): Rectangle on Edge.Cuts
    @(0.0000 mm, 0.0000 mm): Track [<no net>] on F.Cu, length 0.0000 mm
[copper_edge_clearance]: Board edge clearance violation (board setup constraints edge clearance 0.5000 mm; actual 0.0000 mm)
    Rule: board setup constraints edge; error
    @(0.0000 mm, 0.0000 mm): Rectangle on Edge.Cuts
    @(0.0000 mm, 0.0000 mm): Track [<no net>] on F.Cu, length 0.0000 mm
[copper_edge_clearance]: Board edge clearance violation (board setup constraints edge clearance 0.5000 mm; actual 0.0000 mm)
    Rule: board setup constraints edge; error
    @(0.0000 mm, 0.0000 mm): Rectangle on Edge.Cuts
    @(0.0000 mm, 0.0000 mm): Track [<no net>] on F.Cu, length 0.0000 mm
[copper_edge_clearance]: Board edge clearance violation (board setup constraints edge clearance 0.5000 mm; actual 0.0000 mm)
    Rule: board setup constraints edge; error
    @(0.0000 mm, 0.0000 mm): Rectangle on Edge.Cuts
    @(0.0000 mm, 0.0000 mm): Track [<no net>] on F.Cu, length 0.0000 mm
[copper_edge_clearance]: Board edge clearance violation (board setup constraints edge clearance 0.5000 mm; actual 0.0000 mm)
    Rule: board setup constraints edge; error
    @(0.0000 mm, 0.0000 mm): Rectangle on Edge.Cuts
    @(0.0000 mm, 0.0000 mm): Track [<no net>] on F.Cu, length 0.0000 mm
[copper_edge_clearance]: Board edge clearance violation (board setup constraints edge clearance 0.5000 mm; actual 0.0000 mm)
    Rule: board setup constraints edge; error
    @(0.0000 mm, 0.0000 mm): Rectangle on Edge.Cuts
    @(0.0000 mm, 0.0000 mm): Track [<no net>] on F.Cu, length 0.0000 mm
[copper_edge_clearance]: Board edge clearance violation (board setup constraints edge clearance 0.5000 mm; actual 0.0000 mm)
    Rule: board setup constraints edge; error
    @(0.0000 mm, 0.0000 mm): Rectangle on Edge.Cuts
    @(0.0000 mm, 0.0000 mm): Track [<no net>] on F.Cu, length 0.0000 mm
[copper_edge_clearance]: Board edge clearance violation (board setup constraints edge clearance 0.5000 mm; actual 0.0000 mm)
    Rule: board setup constraints edge; error
    @(0.0000 mm, 0.0000 mm): Rectangle on Edge.Cuts
    @(0.0000 mm, 0.0000 mm): Track [<no net>] on F.Cu, length 0.0000 mm
[copper_edge_clearance]: Board edge clearance violation (board setup constraints edge clearance 0.5000 mm; actual 0.0000 mm)
    Rule: board setup constraints edge; error
    @(0.0000 mm, 0.0000 mm): Rectangle on Edge.Cuts
    @(0.0000 mm, 0.0000 mm): Track [<no net>] on F.Cu, length 0.0000 mm
[copper_edge_clearance]: Board edge clearance violation (board setup constraints edge clearance 0.5000 mm; actual 0.0000 mm)
    Rule: board setup constraints edge; error
    @(0.0000 mm, 0.0000 mm): Rectangle on Edge.Cuts
    @(0.0000 mm, 0.0000 mm): Track [<no net>] on F.Cu, length 0.0000 mm
[copper_edge_clearance]: Board edge clearance violation (board setup constraints edge clearance 0.5000 mm; actual 0.0000 mm)
    Rule: board setup constraints edge; error
    @(0.0000 mm, 0.0000 mm): Rectangle on Edge.Cuts
    @(0.0000 mm, 0.0000 mm): Track [<no net>] on F.Cu, length 0.0000 mm
[copper_edge_clearance]: Board edge clearance violation (board setup constraints edge clearance 0.5000 mm; actual 0.0000 mm)
    Rule: board setup constraints edge; error
    @(0.0000 mm, 0.0000 mm): Rectangle on Edge.Cuts
    @(0.0000 mm, 0.0000 mm): Track [<no net>] on F.Cu, length 0.0000 mm
[copper_edge_clearance]: Board edge clearance violation (board setup constraints edge clearance 0.5000 mm; actual 0.0000 mm)
    Rule: board setup constraints edge; error
    @(0.0000 mm, 0.0000 mm): Rectangle on Edge.Cuts
    @(0.0000 mm, 0.0000 mm): Track [<no net>] on F.Cu, length 0.0000 mm
[copper_edge_clearance]: Board edge clearance violation (board setup constraints edge clearance 0.5000 mm; actual 0.0000 mm)
    Rule: board setup constraints edge; error
    @(0.0000 mm, 0.0000 mm): Rectangle on Edge.Cuts
    @(0.0000 mm, 0.0000 mm): Track [<no net>] on F.Cu, length 0.0000 mm
[copper_edge_clearance]: Board edge clearance violation (board setup constraints edge clearance 0.5000 mm; actual 0.0000 mm)
    Rule: board setup constraints edge; error
    @(0.0000 mm, 0.0000 mm): Rectangle on Edge.Cuts
    @(0.0000 mm, 0.0000 mm): Track [<no net>] on F.Cu, length 0.0000 mm
[copper_edge_clearance]: Board edge clearance violation (board setup constraints edge clearance 0.5000 mm; actual 0.0000 mm)
    Rule: board setup constraints edge; error
    @(0.0000 mm, 0.0000 mm): Rectangle on Edge.Cuts
    @(0.0000 mm, 0.0000 mm): Track [<no net>] on F.Cu, length 0.0000 mm
[copper_edge_clearance]: Board edge clearance violation (board setup constraints edge clearance 0.5000 mm; actual 0.0000 mm)
    Rule: board setup constraints edge; error
    @(0.0000 mm, 0.0000 mm): Rectangle on Edge.Cuts
    @(0.0000 mm, 0.0000 mm): Track [<no net>] on F.Cu, length 0.0000 mm
[copper_edge_clearance]: Board edge clearance violation (board setup constraints edge clearance 0.5000 mm; actual 0.0000 mm)
    Rule: board setup constraints edge; error
    @(0.0000 mm, 0.0000 mm): Rectangle on Edge.Cuts
    @(0.0000 mm, 0.0000 mm): Track [<no net>] on F.Cu, length 0.0000 mm
[copper_edge_clearance]: Board edge clearance violation (board setup constraints edge clearance 0.5000 mm; actual 0.0000 mm)
    Rule: board setup constraints edge; error
    @(0.0000 mm, 0.0000 mm): Rectangle on Edge.Cuts
    @(0.0000 mm, 0.0000 mm): Track [<no net>] on F.Cu, length 0.0000 mm
[copper_edge_clearance]: Board edge clearance violation (board setup constraints edge clearance 0.5000 mm; actual 0.0000 mm)
    Rule: board setup constraints edge; error
    @(0.0000 mm, 0.0000 mm): Rectangle on Edge.Cuts
    @(0.0000 mm, 0.0000 mm): Track [<no net>] on F.Cu, length 0.0000 mm
[copper_edge_clearance]: Board edge clearance violation (board setup constraints edge clearance 0.5000 mm; actual 0.0000 mm)
    Rule: board setup constraints edge; error
    @(0.0000 mm, 0.0000 mm): Rectangle on Edge.Cuts
    @(0.0000 mm, 0.0000 mm): Track [<no net>] on F.Cu, length 0.0000 mm
[copper_edge_clearance]: Board edge clearance violation (board setup constraints edge clearance 0.5000 mm; actual 0.0000 mm)
    Rule: board setup constraints edge; error
    @(0.0000 mm, 0.0000 mm): Rectangle on Edge.Cuts
    @(0.0000 mm, 0.0000 mm): Track [<no net>] on F.Cu, length 0.0000 mm
[copper_edge_clearance]: Board edge clearance violation (board setup constraints edge clearance 0.5000 mm; actual 0.0000 mm)
    Rule: board setup constraints edge; error
    @(0.0000 mm, 0.0000 mm): Rectangle on Edge.Cuts
    @(0.0000 mm, 0.0000 mm): Track [<no net>] on F.Cu, length 0.0000 mm
[copper_edge_clearance]: Board edge clearance violation (board setup constraints edge clearance 0.5000 mm; actual 0.0000 mm)
    Rule: board setup constraints edge; error
    @(0.0000 mm, 0.0000 mm): Rectangle on Edge.Cuts
    @(0.0000 mm, 0.0000 mm): Track [<no net>] on F.Cu, length 0.0000 mm
[copper_edge_clearance]: Board edge clearance violation (board setup constraints edge clearance 0.5000 mm; actual 0.0000 mm)
    Rule: board setup constraints edge; error
    @(0.0000 mm, 0.0000 mm): Rectangle on Edge.Cuts
    @(0.0000 mm, 0.0000 mm): Track [<no net>] on F.Cu, length 0.0000 mm
[copper_edge_clearance]: Board edge clearance violation (board setup constraints edge clearance 0.5000 mm; actual 0.0000 mm)
    Rule: board setup constraints edge; error
    @(0.0000 mm, 0.0000 mm): Rectangle on Edge.Cuts
    @(0.0000 mm, 0.0000 mm): Track [<no net>] on F.Cu, length 0.0000 mm
[copper_edge_clearance]: Board edge clearance violation (board setup constraints edge clearance 0.5000 mm; actual 0.0000 mm)
    Rule: board setup constraints edge; error
    @(0.0000 mm, 0.0000 mm): Rectangle on Edge.Cuts
    @(0.0000 mm, 0.0000 mm): Track [<no net>] on F.Cu, length 0.0000 mm
[copper_edge_clearance]: Board edge clearance violation (board setup constraints edge clearance 0.5000 mm; actual 0.0000 mm)
    Rule: board setup constraints edge; error
    @(0.0000 mm, 0.0000 mm): Rectangle on Edge.Cuts
    @(0.0000 mm, 0.0000 mm): Track [<no net>] on F.Cu, length 0.0000 mm
[copper_edge_clearance]: Board edge clearance violation (board setup constraints edge clearance 0.5000 mm; actual 0.0000 mm)
    Rule: board setup constraints edge; error
    @(0.0000 mm, 0.0000 mm): Rectangle on Edge.Cuts
    @(0.0000 mm, 0.0000 mm): Track [<no net>] on F.Cu, length 0.0000 mm
[copper_edge_clearance]: Board edge clearance violation (board setup constraints edge clearance 0.5000 mm; actual 0.0000 mm)
    Rule: board setup constraints edge; error
    @(0.0000 mm, 0.0000 mm): Rectangle on Edge.Cuts
    @(0.0000 mm, 0.0000 mm): Track [<no net>] on F.Cu, length 0.0000 mm
[copper_edge_clearance]: Board edge clearance violation (board setup constraints edge clearance 0.5000 mm; actual 0.0000 mm)
    Rule: board setup constraints edge; error
    @(0.0000 mm, 0.0000 mm): Rectangle on Edge.Cuts
    @(0.0000 mm, 0.0000 mm): Track [<no net>] on F.Cu, length 0.0000 mm
[copper_edge_clearance]: Board edge clearance violation (board setup constraints edge clearance 0.5000 mm; actual 0.0000 mm)
    Rule: board setup constraints edge; error
    @(0.0000 mm, 0.0000 mm): Rectangle on Edge.Cuts
    @(0.0000 mm, 0.0000 mm): Track [<no net>] on F.Cu, length 0.0000 mm
[copper_edge_clearance]: Board edge clearance violation (board setup constraints edge clearance 0.5000 mm; actual 0.0000 mm)
    Rule: board setup constraints edge; error
    @(0.0000 mm, 0.0000 mm): Rectangle on Edge.Cuts
    @(0.0000 mm, 0.0000 mm): Track [<no net>] on F.Cu, length 0.0000 mm
[copper_edge_clearance]: Board edge clearance violation (board setup constraints edge clearance 0.5000 mm; actual 0.0000 mm)
    Rule: board setup constraints edge; error
    @(0.0000 mm, 0.0000 mm): Rectangle on Edge.Cuts
    @(0.0000 mm, 0.0000 mm): Track [<no net>] on F.Cu, length 0.0000 mm
[copper_edge_clearance]: Board edge clearance violation (board setup constraints edge clearance 0.5000 mm; actual 0.0000 mm)
    Rule: board setup constraints edge; error
    @(0.0000 mm, 0.0000 mm): Rectangle on Edge.Cuts
    @(0.0000 mm, 0.0000 mm): Track [<no net>] on F.Cu, length 0.0000 mm
[copper_edge_clearance]: Board edge clearance violation (board setup constraints edge clearance 0.5000 mm; actual 0.0000 mm)
    Rule: board setup constraints edge; error
    @(0.0000 mm, 0.0000 mm): Rectangle on Edge.Cuts
    @(0.0000 mm, 0.0000 mm): Track [<no net>] on F.Cu, length 0.0000 mm
[copper_edge_clearance]: Board edge clearance violation (board setup constraints edge clearance 0.5000 mm; actual 0.0000 mm)
    Rule: board setup constraints edge; error
    @(0.0000 mm, 0.0000 mm): Rectangle on Edge.Cuts
    @(0.0000 mm, 0.0000 mm): Track [<no net>] on F.Cu, length 0.0000 mm
[copper_edge_clearance]: Board edge clearance violation (board setup constraints edge clearance 0.5000 mm; actual 0.0000 mm)
    Rule: board setup constraints edge; error
    @(0.0000 mm, 0.0000 mm): Rectangle on Edge.Cuts
    @(0.0000 mm, 0.0000 mm): Track [<no net>] on F.Cu, length 0.0000 mm
[copper_edge_clearance]: Board edge clearance violation (board setup constraints edge clearance 0.5000 mm; actual 0.0000 mm)
    Rule: board setup constraints edge; error
    @(0.0000 mm, 0.0000 mm): Rectangle on Edge.Cuts
    @(0.0000 mm, 0.0000 mm): Track [<no net>] on F.Cu, length 0.0000 mm
[copper_edge_clearance]: Board edge clearance violation (board setup constraints edge clearance 0.5000 mm; actual 0.0000 mm)
    Rule: board setup constraints edge; error
    @(0.0000 mm, 0.0000 mm): Rectangle on Edge.Cuts
    @(0.0000 mm, 0.0000 mm): Track [<no net>] on F.Cu, length 0.0000 mm
[copper_edge_clearance]: Board edge clearance violation (board setup constraints edge clearance 0.5000 mm; actual 0.0000 mm)
    Rule: board setup constraints edge; error
    @(0.0000 mm, 0.0000 mm): Rectangle on Edge.Cuts
    @(0.0000 mm, 0.0000 mm): Track [<no net>] on F.Cu, length 0.0000 mm
[copper_edge_clearance]: Board edge clearance violation (board setup constraints edge clearance 0.5000 mm; actual 0.0000 mm)
    Rule: board setup constraints edge; error
    @(0.0000 mm, 0.0000 mm): Rectangle on Edge.Cuts
    @(0.0000 mm, 0.0000 mm): Track [<no net>] on F.Cu, length 0.0000 mm
[copper_edge_clearance]: Board edge clearance violation (board setup constraints edge clearance 0.5000 mm; actual 0.0000 mm)
    Rule: board setup constraints edge; error
    @(0.0000 mm, 0.0000 mm): Rectangle on Edge.Cuts
    @(0.0000 mm, 0.0000 mm): Track [<no net>] on F.Cu, length 0.0000 mm
[copper_edge_clearance]: Board edge clearance violation (board setup constraints edge clearance 0.5000 mm; actual 0.0000 mm)
    Rule: board setup constraints edge; error
    @(0.0000 mm, 0.0000 mm): Rectangle on Edge.Cuts
    @(0.0000 mm, 0.0000 mm): Track [<no net>] on F.Cu, length 0.0000 mm
[copper_edge_clearance]: Board edge clearance violation (board setup constraints edge clearance 0.5000 mm; actual 0.0000 mm)
    Rule: board setup constraints edge; error
    @(0.0000 mm, 0.0000 mm): Rectangle on Edge.Cuts
    @(0.0000 mm, 0.0000 mm): Track [<no net>] on F.Cu, length 0.0000 mm
[copper_edge_clearance]: Board edge clearance violation (board setup constraints edge clearance 0.5000 mm; actual 0.0000 mm)
    Rule: board setup constraints edge; error
    @(0.0000 mm, 0.0000 mm): Rectangle on Edge.Cuts
    @(0.0000 mm, 0.0000 mm): Track [<no net>] on F.Cu, length 0.0000 mm
[copper_edge_clearance]: Board edge clearance violation (board setup constraints edge clearance 0.5000 mm; actual 0.0000 mm)
    Rule: board setup constraints edge; error
    @(0.0000 mm, 0.0000 mm): Rectangle on Edge.Cuts
    @(0.0000 mm, 0.0000 mm): Track [<no net>] on F.Cu, length 0.0000 mm
[copper_edge_clearance]: Board edge clearance violation (board setup constraints edge clearance 0.5000 mm; actual 0.0000 mm)
    Rule: board setup constraints edge; error
    @(0.0000 mm, 0.0000 mm): Rectangle on Edge.Cuts
    @(0.0000 mm, 0.0000 mm): Track [<no net>] on F.Cu, length 0.0000 mm
[copper_edge_clearance]: Board edge clearance violation (board setup constraints edge clearance 0.5000 mm; actual 0.0000 mm)
    Rule: board setup constraints edge; error
    @(0.0000 mm, 0.0000 mm): Rectangle on Edge.Cuts
    @(0.0000 mm, 0.0000 mm): Track [<no net>] on F.Cu, length 0.0000 mm
[copper_edge_clearance]: Board edge clearance violation (board setup constraints edge clearance 0.5000 mm; actual 0.0000 mm)
    Rule: board setup constraints edge; error
    @(0.0000 mm, 0.0000 mm): Rectangle on Edge.Cuts
    @(0.0000 mm, 0.0000 mm): Track [<no net>] on F.Cu, length 0.0000 mm
[copper_edge_clearance]: Board edge clearance violation (board setup constraints edge clearance 0.5000 mm; actual 0.0000 mm)
    Rule: board setup constraints edge; error
    @(0.0000 mm, 0.0000 mm): Rectangle on Edge.Cuts
    @(0.0000 mm, 0.0000 mm): Track [<no net>] on F.Cu, length 0.0000 mm
[copper_edge_clearance]: Board edge clearance violation (board setup constraints edge clearance 0.5000 mm; actual 0.0000 mm)
    Rule: board setup constraints edge; error
    @(0.0000 mm, 0.0000 mm): Rectangle on Edge.Cuts
    @(0.0000 mm, 0.0000 mm): Track [<no net>] on F.Cu, length 0.0000 mm
[copper_edge_clearance]: Board edge clearance violation (board setup constraints edge clearance 0.5000 mm; actual 0.0000 mm)
    Rule: board setup constraints edge; error
    @(0.0000 mm, 0.0000 mm): Rectangle on Edge.Cuts
    @(0.0000 mm, 0.0000 mm): Track [<no net>] on F.Cu, length 0.0000 mm
[copper_edge_clearance]: Board edge clearance violation (board setup constraints edge clearance 0.5000 mm; actual 0.0000 mm)
    Rule: board setup constraints edge; error
    @(0.0000 mm, 0.0000 mm): Rectangle on Edge.Cuts
    @(0.0000 mm, 0.0000 mm): Track [<no net>] on F.Cu, length 0.0000 mm
[copper_edge_clearance]: Board edge clearance violation (board setup constraints edge clearance 0.5000 mm; actual 0.0000 mm)
    Rule: board setup constraints edge; error
    @(0.0000 mm, 0.0000 mm): Rectangle on Edge.Cuts
    @(0.0000 mm, 0.0000 mm): Track [<no net>] on F.Cu, length 0.0000 mm
[copper_edge_clearance]: Board edge clearance violation (board setup constraints edge clearance 0.5000 mm; actual 0.0000 mm)
    Rule: board setup constraints edge; error
    @(0.0000 mm, 0.0000 mm): Rectangle on Edge.Cuts
    @(0.0000 mm, 0.0000 mm): Track [<no net>] on F.Cu, length 0.0000 mm
[copper_edge_clearance]: Board edge clearance violation (board setup constraints edge clearance 0.5000 mm; actual 0.0000 mm)
    Rule: board setup constraints edge; error
    @(0.0000 mm, 0.0000 mm): Rectangle on Edge.Cuts
    @(0.0000 mm, 0.0000 mm): Track [<no net>] on F.Cu, length 0.0000 mm
[copper_edge_clearance]: Board edge clearance violation (board setup constraints edge clearance 0.5000 mm; actual 0.0000 mm)
    Rule: board setup constraints edge; error
    @(0.0000 mm, 0.0000 mm): Rectangle on Edge.Cuts
    @(0.0000 mm, 0.0000 mm): Track [<no net>] on F.Cu, length 0.0000 mm
[copper_edge_clearance]: Board edge clearance violation (board setup constraints edge clearance 0.5000 mm; actual 0.0000 mm)
    Rule: board setup constraints edge; error
    @(0.0000 mm, 0.0000 mm): Rectangle on Edge.Cuts
    @(0.0000 mm, 0.0000 mm): Track [<no net>] on F.Cu, length 0.0000 mm
[copper_edge_clearance]: Board edge clearance violation (board setup constraints edge clearance 0.5000 mm; actual 0.0000 mm)
    Rule: board setup constraints edge; error
    @(0.0000 mm, 0.0000 mm): Rectangle on Edge.Cuts
    @(0.0000 mm, 0.0000 mm): Track [<no net>] on F.Cu, length 0.0000 mm
[copper_edge_clearance]: Board edge clearance violation (board setup constraints edge clearance 0.5000 mm; actual 0.0000 mm)
    Rule: board setup constraints edge; error
    @(0.0000 mm, 0.0000 mm): Rectangle on Edge.Cuts
    @(0.0000 mm, 0.0000 mm): Track [<no net>] on F.Cu, length 0.0000 mm
[copper_edge_clearance]: Board edge clearance violation (board setup constraints edge clearance 0.5000 mm; actual 0.0000 mm)
    Rule: board setup constraints edge; error
    @(0.0000 mm, 0.0000 mm): Rectangle on Edge.Cuts
    @(0.0000 mm, 0.0000 mm): Track [<no net>] on F.Cu, length 0.0000 mm
[copper_edge_clearance]: Board edge clearance violation (board setup constraints edge clearance 0.5000 mm; actual 0.0000 mm)
    Rule: board setup constraints edge; error
    @(0.0000 mm, 0.0000 mm): Rectangle on Edge.Cuts
    @(0.0000 mm, 0.0000 mm): Track [<no net>] on F.Cu, length 0.0000 mm
[copper_edge_clearance]: Board edge clearance violation (board setup constraints edge clearance 0.5000 mm; actual 0.0000 mm)
    Rule: board setup constraints edge; error
    @(0.0000 mm, 0.0000 mm): Rectangle on Edge.Cuts
    @(0.0000 mm, 0.0000 mm): Track [<no net>] on F.Cu, length 0.0000 mm
[copper_edge_clearance]: Board edge clearance violation (board setup constraints edge clearance 0.5000 mm; actual 0.0000 mm)
    Rule: board setup constraints edge; error
    @(0.0000 mm, 0.0000 mm): Rectangle on Edge.Cuts
    @(0.0000 mm, 0.0000 mm): Track [<no net>] on F.Cu, length 0.0000 mm
[copper_edge_clearance]: Board edge clearance violation (board setup constraints edge clearance 0.5000 mm; actual 0.0000 mm)
    Rule: board setup constraints edge; error
    @(0.0000 mm, 0.0000 mm): Rectangle on Edge.Cuts
    @(0.0000 mm, 0.0000 mm): Track [<no net>] on F.Cu, length 0.0000 mm
[copper_edge_clearance]: Board edge clearance violation (board setup constraints edge clearance 0.5000 mm; actual 0.0000 mm)
    Rule: board setup constraints edge; error
    @(0.0000 mm, 0.0000 mm): Rectangle on Edge.Cuts
    @(0.0000 mm, 0.0000 mm): Track [<no net>] on F.Cu, length 0.0000 mm
[copper_edge_clearance]: Board edge clearance violation (board setup constraints edge clearance 0.5000 mm; actual 0.0000 mm)
    Rule: board setup constraints edge; error
    @(0.0000 mm, 0.0000 mm): Rectangle on Edge.Cuts
    @(0.0000 mm, 0.0000 mm): Track [<no net>] on F.Cu, length 0.0000 mm
[copper_edge_clearance]: Board edge clearance violation (board setup constraints edge clearance 0.5000 mm; actual 0.0000 mm)
    Rule: board setup constraints edge; error
    @(0.0000 mm, 0.0000 mm): Rectangle on Edge.Cuts
    @(0.0000 mm, 0.0000 mm): Track [<no net>] on F.Cu, length 0.0000 mm
[copper_edge_clearance]: Board edge clearance violation (board setup constraints edge clearance 0.5000 mm; actual 0.0000 mm)
    Rule: board setup constraints edge; error
    @(0.0000 mm, 0.0000 mm): Rectangle on Edge.Cuts
    @(0.0000 mm, 0.0000 mm): Track [<no net>] on F.Cu, length 0.0000 mm
[copper_edge_clearance]: Board edge clearance violation (board setup constraints edge clearance 0.5000 mm; actual 0.0000 mm)
    Rule: board setup constraints edge; error
    @(0.0000 mm, 0.0000 mm): Rectangle on Edge.Cuts
    @(0.0000 mm, 0.0000 mm): Track [<no net>] on F.Cu, length 0.0000 mm
[copper_edge_clearance]: Board edge clearance violation (board setup constraints edge clearance 0.5000 mm; actual 0.0000 mm)
    Rule: board setup constraints edge; error
    @(0.0000 mm, 0.0000 mm): Rectangle on Edge.Cuts
    @(0.0000 mm, 0.0000 mm): Track [<no net>] on F.Cu, length 0.0000 mm
[copper_edge_clearance]: Board edge clearance violation (board setup constraints edge clearance 0.5000 mm; actual 0.0000 mm)
    Rule: board setup constraints edge; error
    @(0.0000 mm, 0.0000 mm): Rectangle on Edge.Cuts
    @(0.0000 mm, 0.0000 mm): Track [<no net>] on F.Cu, length 0.0000 mm
[copper_edge_clearance]: Board edge clearance violation (board setup constraints edge clearance 0.5000 mm; actual 0.0000 mm)
    Rule: board setup constraints edge; error
    @(0.0000 mm, 0.0000 mm): Rectangle on Edge.Cuts
    @(0.0000 mm, 0.0000 mm): Track [<no net>] on F.Cu, length 0.0000 mm
[copper_edge_clearance]: Board edge clearance violation (board setup constraints edge clearance 0.5000 mm; actual 0.0000 mm)
    Rule: board setup constraints edge; error
    @(0.0000 mm, 0.0000 mm): Rectangle on Edge.Cuts
    @(0.0000 mm, 0.0000 mm): Track [<no net>] on F.Cu, length 0.0000 mm
[copper_edge_clearance]: Board edge clearance violation (board setup constraints edge clearance 0.5000 mm; actual 0.0000 mm)
    Rule: board setup constraints edge; error
    @(0.0000 mm, 0.0000 mm): Rectangle on Edge.Cuts
    @(0.0000 mm, 0.0000 mm): Track [<no net>] on F.Cu, length 0.0000 mm
[copper_edge_clearance]: Board edge clearance violation (board setup constraints edge clearance 0.5000 mm; actual 0.0000 mm)
    Rule: board setup constraints edge; error
    @(0.0000 mm, 0.0000 mm): Rectangle on Edge.Cuts
    @(0.0000 mm, 0.0000 mm): Track [<no net>] on F.Cu, length 0.0000 mm
[copper_edge_clearance]: Board edge clearance violation (board setup constraints edge clearance 0.5000 mm; actual 0.0000 mm)
    Rule: board setup constraints edge; error
    @(0.0000 mm, 0.0000 mm): Rectangle on Edge.Cuts
    @(0.0000 mm, 0.0000 mm): Track [<no net>] on F.Cu, length 0.0000 mm
[copper_edge_clearance]: Board edge clearance violation (board setup constraints edge clearance 0.5000 mm; actual 0.0000 mm)
    Rule: board setup constraints edge; error
    @(0.0000 mm, 0.0000 mm): Rectangle on Edge.Cuts
    @(0.0000 mm, 0.0000 mm): Track [<no net>] on F.Cu, length 0.0000 mm
[copper_edge_clearance]: Board edge clearance violation (board setup constraints edge clearance 0.5000 mm; actual 0.0000 mm)
    Rule: board setup constraints edge; error
    @(0.0000 mm, 0.0000 mm): Rectangle on Edge.Cuts
    @(0.0000 mm, 0.0000 mm): Track [<no net>] on F.Cu, length 0.0000 mm
[copper_edge_clearance]: Board edge clearance violation (board setup constraints edge clearance 0.5000 mm; actual 0.0000 mm)
    Rule: board setup constraints edge; error
    @(0.0000 mm, 0.0000 mm): Rectangle on Edge.Cuts
    @(0.0000 mm, 0.0000 mm): Track [<no net>] on F.Cu, length 0.0000 mm
[copper_edge_clearance]: Board edge clearance violation (board setup constraints edge clearance 0.5000 mm; actual 0.0000 mm)
    Rule: board setup constraints edge; error
    @(0.0000 mm, 0.0000 mm): Rectangle on Edge.Cuts
    @(0.0000 mm, 0.0000 mm): Track [<no net>] on F.Cu, length 0.0000 mm
[copper_edge_clearance]: Board edge clearance violation (board setup constraints edge clearance 0.5000 mm; actual 0.0000 mm)
    Rule: board setup constraints edge; error
    @(0.0000 mm, 0.0000 mm): Rectangle on Edge.Cuts
    @(0.0000 mm, 0.0000 mm): Track [<no net>] on F.Cu, length 0.0000 mm
[copper_edge_clearance]: Board edge clearance violation (board setup constraints edge clearance 0.5000 mm; actual 0.0000 mm)
    Rule: board setup constraints edge; error
    @(0.0000 mm, 0.0000 mm): Rectangle on Edge.Cuts
    @(0.0000 mm, 0.0000 mm): Track [<no net>] on F.Cu, length 0.0000 mm
[copper_edge_clearance]: Board edge clearance violation (board setup constraints edge clearance 0.5000 mm; actual 0.0000 mm)
    Rule: board setup constraints edge; error
    @(0.0000 mm, 0.0000 mm): Rectangle on Edge.Cuts
    @(0.0000 mm, 0.0000 mm): Track [<no net>] on F.Cu, length 0.0000 mm
[copper_edge_clearance]: Board edge clearance violation (board setup constraints edge clearance 0.5000 mm; actual 0.0000 mm)
    Rule: board setup constraints edge; error
    @(0.0000 mm, 0.0000 mm): Rectangle on Edge.Cuts
    @(0.0000 mm, 0.0000 mm): Track [<no net>] on F.Cu, length 0.0000 mm
[copper_edge_clearance]: Board edge clearance violation (board setup constraints edge clearance 0.5000 mm; actual 0.0000 mm)
    Rule: board setup constraints edge; error
    @(0.0000 mm, 0.0000 mm): Rectangle on Edge.Cuts
    @(0.0000 mm, 0.0000 mm): Track [<no net>] on F.Cu, length 0.0000 mm
[copper_edge_clearance]: Board edge clearance violation (board setup constraints edge clearance 0.5000 mm; actual 0.0000 mm)
    Rule: board setup constraints edge; error
    @(0.0000 mm, 0.0000 mm): Rectangle on Edge.Cuts
    @(0.0000 mm, 0.0000 mm): Track [<no net>] on F.Cu, length 0.0000 mm
[copper_edge_clearance]: Board edge clearance violation (board setup constraints edge clearance 0.5000 mm; actual 0.0000 mm)
    Rule: board setup constraints edge; error
    @(0.0000 mm, 0.0000 mm): Rectangle on Edge.Cuts
    @(0.0000 mm, 0.0000 mm): Track [<no net>] on F.Cu, length 0.0000 mm
[copper_edge_clearance]: Board edge clearance violation (board setup constraints edge clearance 0.5000 mm; actual 0.0000 mm)
    Rule: board setup constraints edge; error
    @(0.0000 mm, 0.0000 mm): Rectangle on Edge.Cuts
    @(0.0000 mm, 0.0000 mm): Track [<no net>] on F.Cu, length 0.0000 mm
[copper_edge_clearance]: Board edge clearance violation (board setup constraints edge clearance 0.5000 mm; actual 0.0000 mm)
    Rule: board setup constraints edge; error
    @(0.0000 mm, 0.0000 mm): Rectangle on Edge.Cuts
    @(0.0000 mm, 0.0000 mm): Track [<no net>] on F.Cu, length 0.0000 mm
[copper_edge_clearance]: Board edge clearance violation (board setup constraints edge clearance 0.5000 mm; actual 0.0000 mm)
    Rule: board setup constraints edge; error
    @(0.0000 mm, 0.0000 mm): Rectangle on Edge.Cuts
    @(0.0000 mm, 0.0000 mm): Track [<no net>] on F.Cu, length 0.0000 mm
[copper_edge_clearance]: Board edge clearance violation (board setup constraints edge clearance 0.5000 mm; actual 0.0000 mm)
    Rule: board setup constraints edge; error
    @(0.0000 mm, 0.0000 mm): Rectangle on Edge.Cuts
    @(0.0000 mm, 0.0000 mm): Track [<no net>] on F.Cu, length 0.0000 mm
[copper_edge_clearance]: Board edge clearance violation (board setup constraints edge clearance 0.5000 mm; actual 0.0000 mm)
    Rule: board setup constraints edge; error
    @(0.0000 mm, 0.0000 mm): Rectangle on Edge.Cuts
    @(0.0000 mm, 0.0000 mm): Track [<no net>] on F.Cu, length 0.0000 mm
[copper_edge_clearance]: Board edge clearance violation (board setup constraints edge clearance 0.5000 mm; actual 0.0000 mm)
    Rule: board setup constraints edge; error
    @(0.0000 mm, 0.0000 mm): Rectangle on Edge.Cuts
    @(0.0000 mm, 0.0000 mm): Track [<no net>] on F.Cu, length 0.0000 mm
[copper_edge_clearance]: Board edge clearance violation (board setup constraints edge clearance 0.5000 mm; actual 0.0000 mm)
    Rule: board setup constraints edge; error
    @(0.0000 mm, 0.0000 mm): Rectangle on Edge.Cuts
    @(0.0000 mm, 0.0000 mm): Track [<no net>] on F.Cu, length 0.0000 mm
[copper_edge_clearance]: Board edge clearance violation (board setup constraints edge clearance 0.5000 mm; actual 0.0000 mm)
    Rule: board setup constraints edge; error
    @(0.0000 mm, 0.0000 mm): Rectangle on Edge.Cuts
    @(0.0000 mm, 0.0000 mm): Track [<no net>] on F.Cu, length 0.0000 mm
[copper_edge_clearance]: Board edge clearance violation (board setup constraints edge clearance 0.5000 mm; actual 0.0000 mm)
    Rule: board setup constraints edge; error
    @(0.0000 mm, 0.0000 mm): Rectangle on Edge.Cuts
    @(0.0000 mm, 0.0000 mm): Track [<no net>] on F.Cu, length 0.0000 mm
[copper_edge_clearance]: Board edge clearance violation (board setup constraints edge clearance 0.5000 mm; actual 0.0000 mm)
    Rule: board setup constraints edge; error
    @(0.0000 mm, 0.0000 mm): Rectangle on Edge.Cuts
    @(0.0000 mm, 0.0000 mm): Track [<no net>] on F.Cu, length 0.0000 mm
[copper_edge_clearance]: Board edge clearance violation (board setup constraints edge clearance 0.5000 mm; actual 0.0000 mm)
    Rule: board setup constraints edge; error
    @(0.0000 mm, 0.0000 mm): Rectangle on Edge.Cuts
    @(0.0000 mm, 0.0000 mm): Track [<no net>] on F.Cu, length 0.0000 mm
[copper_edge_clearance]: Board edge clearance violation (board setup constraints edge clearance 0.5000 mm; actual 0.0000 mm)
    Rule: board setup constraints edge; error
    @(0.0000 mm, 0.0000 mm): Rectangle on Edge.Cuts
    @(0.0000 mm, 0.0000 mm): Track [<no net>] on F.Cu, length 0.0000 mm
[copper_edge_clearance]: Board edge clearance violation (board setup constraints edge clearance 0.5000 mm; actual 0.0000 mm)
    Rule: board setup constraints edge; error
    @(0.0000 mm, 0.0000 mm): Rectangle on Edge.Cuts
    @(0.0000 mm, 0.0000 mm): Track [<no net>] on F.Cu, length 0.0000 mm
[copper_edge_clearance]: Board edge clearance violation (board setup constraints edge clearance 0.5000 mm; actual 0.0000 mm)
    Rule: board setup constraints edge; error
    @(0.0000 mm, 0.0000 mm): Rectangle on Edge.Cuts
    @(0.0000 mm, 0.0000 mm): Track [<no net>] on F.Cu, length 0.0000 mm
[drill_out_of_range]: Hole size out of range (board setup constraints min hole 0.3000 mm; actual 0.2000 mm)
    Rule: netclass 'Default'; error
    @(77.5000 mm, 65.7000 mm): Via [POWER_GND] on F.Cu - B.Cu
[drill_out_of_range]: Hole size out of range (board setup constraints min hole 0.3000 mm; actual 0.2000 mm)
    Rule: netclass 'Default'; error
    @(78.9000 mm, 65.7000 mm): Via [POWER_GND] on F.Cu - B.Cu
[drill_out_of_range]: Hole size out of range (board setup constraints min hole 0.3000 mm; actual 0.2000 mm)
    Rule: netclass 'Default'; error
    @(75.0324 mm, 66.2071 mm): Via [POWER_GND] on F.Cu - B.Cu
[drill_out_of_range]: Hole size out of range (board setup constraints min hole 0.3000 mm; actual 0.2000 mm)
    Rule: netclass 'Default'; error
    @(75.1000 mm, 64.1000 mm): Via [POWER_GND] on F.Cu - B.Cu
[drill_out_of_range]: Hole size out of range (board setup constraints min hole 0.3000 mm; actual 0.2000 mm)
    Rule: netclass 'Default'; error
    @(75.4000 mm, 40.8000 mm): Via [POWER_GND] on F.Cu - B.Cu
[drill_out_of_range]: Hole size out of range (board setup constraints min hole 0.3000 mm; actual 0.2000 mm)
    Rule: netclass 'Default'; error
    @(81.1000 mm, 66.3000 mm): Via [POWER_GND] on F.Cu - B.Cu
[drill_out_of_range]: Hole size out of range (board setup constraints min hole 0.3000 mm; actual 0.2000 mm)
    Rule: netclass 'Default'; error
    @(81.1000 mm, 64.1000 mm): Via [POWER_GND] on F.Cu - B.Cu
[via_diameter]: Via diameter (board setup constraints min diameter 0.5000 mm; actual 0.4500 mm)
    Rule: netclass 'Default'; error
    @(77.5000 mm, 65.7000 mm): Via [POWER_GND] on F.Cu - B.Cu
[via_diameter]: Via diameter (board setup constraints min diameter 0.5000 mm; actual 0.4500 mm)
    Rule: netclass 'Default'; error
    @(78.9000 mm, 65.7000 mm): Via [POWER_GND] on F.Cu - B.Cu
[via_diameter]: Via diameter (board setup constraints min diameter 0.5000 mm; actual 0.4500 mm)
    Rule: netclass 'Default'; error
    @(75.0324 mm, 66.2071 mm): Via [POWER_GND] on F.Cu - B.Cu
[via_diameter]: Via diameter (board setup constraints min diameter 0.5000 mm; actual 0.4500 mm)
    Rule: netclass 'Default'; error
    @(75.1000 mm, 64.1000 mm): Via [POWER_GND] on F.Cu - B.Cu
[via_diameter]: Via diameter (board setup constraints min diameter 0.5000 mm; actual 0.4500 mm)
    Rule: netclass 'Default'; error
    @(75.4000 mm, 40.8000 mm): Via [POWER_GND] on F.Cu - B.Cu
[via_diameter]: Via diameter (board setup constraints min diameter 0.5000 mm; actual 0.4500 mm)
    Rule: netclass 'Default'; error
    @(81.1000 mm, 66.3000 mm): Via [POWER_GND] on F.Cu - B.Cu
[via_diameter]: Via diameter (board setup constraints min diameter 0.5000 mm; actual 0.4500 mm)
    Rule: netclass 'Default'; error
    @(81.1000 mm, 64.1000 mm): Via [POWER_GND] on F.Cu - B.Cu
[solder_mask_bridge]: Front solder mask aperture bridges items with different nets
    Rule: board setup solder mask min width; error
    @(78.5000 mm, 62.0000 mm): Pad 1 [/REGULATORS/CM5_5V] of R3 on F.Cu
    @(78.1350 mm, 61.8900 mm): PTH pad 5 [<no net>] of J2
[solder_mask_bridge]: Front solder mask aperture bridges items with different nets
    Rule: board setup solder mask min width; error
    @(77.5000 mm, 62.0000 mm): Pad 2 [/REGULATORS/FB_CM5_5V] of R3 on F.Cu
    @(78.1350 mm, 61.8900 mm): PTH pad 5 [<no net>] of J2
[solder_mask_bridge]: Rear solder mask aperture bridges items with different nets
    Rule: board setup solder mask min width; error
    @(55.0000 mm, 40.0000 mm): NPTH pad of F1
    @(56.5000 mm, 40.0000 mm): Pad 2 [ETH_CT_COMMON] of RCT4 on B.Cu
[solder_mask_bridge]: Rear solder mask aperture bridges items with different nets
    Rule: board setup solder mask min width; error
    @(57.9000 mm, 38.7500 mm): PTH pad 5 [/POWER_INPUT/FUSED_12V_A] of F1
    @(57.5000 mm, 40.0000 mm): Pad 1 [ETH_CT_BRANCH_4] of RCT4 on B.Cu
[solder_mask_bridge]: Rear solder mask aperture bridges items with different nets
    Rule: board setup solder mask min width; error
    @(57.9000 mm, 41.2500 mm): PTH pad 6 [/POWER_INPUT/FUSED_12V_A] of F1
    @(57.5000 mm, 40.0000 mm): Pad 1 [ETH_CT_BRANCH_4] of RCT4 on B.Cu
[solder_mask_bridge]: Rear solder mask aperture bridges items with different nets
    Rule: board setup solder mask min width; error
    @(61.4000 mm, 38.7500 mm): PTH pad 7 [/POWER_INPUT/FUSED_12V_A] of F1
    @(61.5000 mm, 40.0000 mm): Pad 2 [ETH_CT_COMMON] of RCT3 on B.Cu
[solder_mask_bridge]: Rear solder mask aperture bridges items with different nets
    Rule: board setup solder mask min width; error
    @(61.4000 mm, 41.2500 mm): PTH pad 8 [/POWER_INPUT/FUSED_12V_A] of F1
    @(61.5000 mm, 40.0000 mm): Pad 2 [ETH_CT_COMMON] of RCT3 on B.Cu
[solder_mask_bridge]: Front solder mask aperture bridges items with different nets
    Rule: board setup solder mask min width; error
    @(78.5000 mm, 92.0000 mm): Track [/REGULATORS/CM5_5V] on F.Cu, length 30.0000 mm
    @(78.1350 mm, 61.8900 mm): PTH pad 5 [<no net>] of J2
[solder_mask_bridge]: Front solder mask aperture bridges items with different nets
    Rule: board setup solder mask min width; error
    @(81.5000 mm, 62.0000 mm): Track [/REGULATORS/FB_CM5_5V] on F.Cu, length 1.0000 mm
    @(80.6750 mm, 61.8900 mm): PTH pad 3 [CM5_GBE_TD1_P] of J2
[solder_mask_bridge]: Front solder mask aperture bridges items with different nets
    Rule: board setup solder mask min width; error
    @(77.5000 mm, 62.0000 mm): Track [/REGULATORS/FB_CM5_5V] on F.Cu, length 1.0000 mm
    @(78.1350 mm, 61.8900 mm): PTH pad 5 [<no net>] of J2
[solder_mask_bridge]: Front solder mask aperture bridges items with different nets
    Rule: board setup solder mask min width; error
    @(81.5000 mm, 62.0000 mm): Pad 1 [/REGULATORS/FB_CM5_5V] of R4 on F.Cu
    @(80.6750 mm, 61.8900 mm): PTH pad 3 [CM5_GBE_TD1_P] of J2
[solder_mask_bridge]: Front solder mask aperture bridges items with different nets
    Rule: board setup solder mask min width; error
    @(82.5000 mm, 62.0000 mm): Pad 2 [POWER_GND] of R4 on F.Cu
    @(83.2150 mm, 61.8900 mm): PTH pad 1 [CM5_GBE_TD0_P] of J2
[solder_mask_bridge]: Rear solder mask aperture bridges items with different nets
    Rule: board setup solder mask min width; error
    @(56.0000 mm, 60.0000 mm): Track [/REGULATORS/FB_CM5_5V] on B.Cu, length 25.5000 mm
    @(79.4050 mm, 59.3500 mm): PTH pad 4 [<no net>] of J2
[solder_mask_bridge]: Rear solder mask aperture bridges items with different nets
    Rule: board setup solder mask min width; error
    @(56.0000 mm, 60.0000 mm): Track [/REGULATORS/FB_CM5_5V] on B.Cu, length 25.5000 mm
    @(76.8650 mm, 59.3500 mm): PTH pad 6 [CM5_GBE_TD1_N] of J2
[solder_mask_bridge]: Rear solder mask aperture bridges items with different nets
    Rule: board setup solder mask min width; error
    @(56.0000 mm, 60.0000 mm): Track [/REGULATORS/FB_CM5_5V] on B.Cu, length 25.5000 mm
    @(71.7850 mm, 59.3500 mm): PTH pad 10 [CM5_GBE_TD3_N] of J2
[solder_mask_bridge]: Rear solder mask aperture bridges items with different nets
    Rule: board setup solder mask min width; error
    @(56.0000 mm, 60.0000 mm): Track [/REGULATORS/FB_CM5_5V] on B.Cu, length 25.5000 mm
    @(81.9450 mm, 59.3500 mm): PTH pad 2 [CM5_GBE_TD0_N] of J2
[solder_mask_bridge]: Rear solder mask aperture bridges items with different nets
    Rule: board setup solder mask min width; error
    @(56.0000 mm, 60.0000 mm): Track [/REGULATORS/FB_CM5_5V] on B.Cu, length 25.5000 mm
    @(74.3250 mm, 59.3500 mm): PTH pad 8 [CM5_GBE_TD2_N] of J2
[solder_mask_bridge]: Rear solder mask aperture bridges items with different nets
    Rule: board setup solder mask min width; error
    @(81.5000 mm, 61.0000 mm): Track [/REGULATORS/FB_CM5_5V] on B.Cu, length 1.0000 mm
    @(81.9450 mm, 59.3500 mm): PTH pad 2 [CM5_GBE_TD0_N] of J2
[solder_mask_bridge]: Rear solder mask aperture bridges items with different nets
    Rule: board setup solder mask min width; error
    @(71.6500 mm, 61.0000 mm): Track [/REGULATORS/FB_CM5_5V] on B.Cu, length 1.0000 mm
    @(71.7850 mm, 59.3500 mm): PTH pad 10 [CM5_GBE_TD3_N] of J2
[solder_mask_bridge]: Rear solder mask aperture bridges items with different nets
    Rule: board setup solder mask min width; error
    @(57.9000 mm, 38.7500 mm): Track [/POWER_INPUT/FUSED_12V_A] on B.Cu, length 154.8075 mm
    @(57.5000 mm, 40.0000 mm): Pad 1 [ETH_CT_BRANCH_4] of RCT4 on B.Cu
[solder_mask_bridge]: Rear solder mask aperture bridges items with different nets
    Rule: board setup solder mask min width; error
    @(57.9000 mm, 38.7500 mm): Track [/POWER_INPUT/FUSED_12V_A] on B.Cu, length 3.5000 mm
    @(57.5000 mm, 40.0000 mm): Pad 1 [ETH_CT_BRANCH_4] of RCT4 on B.Cu
[solder_mask_bridge]: Rear solder mask aperture bridges items with different nets
    Rule: board setup solder mask min width; error
    @(57.9000 mm, 38.7500 mm): Track [/POWER_INPUT/FUSED_12V_A] on B.Cu, length 3.5000 mm
    @(61.5000 mm, 40.0000 mm): Pad 2 [ETH_CT_COMMON] of RCT3 on B.Cu
[solder_mask_bridge]: Rear solder mask aperture bridges items with different nets
    Rule: board setup solder mask min width; error
    @(57.9000 mm, 38.7500 mm): Track [/POWER_INPUT/FUSED_12V_A] on B.Cu, length 4.3012 mm
    @(57.5000 mm, 40.0000 mm): Pad 1 [ETH_CT_BRANCH_4] of RCT4 on B.Cu
[solder_mask_bridge]: Rear solder mask aperture bridges items with different nets
    Rule: board setup solder mask min width; error
    @(57.9000 mm, 38.7500 mm): Track [/POWER_INPUT/FUSED_12V_A] on B.Cu, length 4.3012 mm
    @(61.5000 mm, 40.0000 mm): Pad 2 [ETH_CT_COMMON] of RCT3 on B.Cu
[solder_mask_bridge]: Rear solder mask aperture bridges items with different nets
    Rule: board setup solder mask min width; error
    @(57.9000 mm, 38.7500 mm): Track [/POWER_INPUT/FUSED_12V_A] on B.Cu, length 2.5000 mm
    @(57.5000 mm, 40.0000 mm): Pad 1 [ETH_CT_BRANCH_4] of RCT4 on B.Cu
[solder_mask_bridge]: Front solder mask aperture bridges items with different nets
    Rule: board setup solder mask min width; error
    @(72.0500 mm, 62.0000 mm): Pad 1 [/REGULATORS/FB_CM5_5V] of C9 on F.Cu
    @(73.0550 mm, 61.8900 mm): PTH pad 9 [CM5_GBE_TD3_P] of J2
[solder_mask_bridge]: Front solder mask aperture bridges items with different nets
    Rule: board setup solder mask min width; error
    @(73.9500 mm, 62.0000 mm): Pad 2 [/REGULATORS/CM5_5V] of C9 on F.Cu
    @(73.0550 mm, 61.8900 mm): PTH pad 9 [CM5_GBE_TD3_P] of J2
[solder_mask_bridge]: Front solder mask aperture bridges items with different nets
    Rule: board setup solder mask min width; error
    @(250.7500 mm, 154.7250 mm): Pad 1 [/STORAGE/BRIDGE_3V3] of J3 on F.Cu
    @(251.2500 mm, 154.7250 mm): Pad 3 [/STORAGE/BRIDGE_SATA_RX_N] of J3 on F.Cu
[solder_mask_bridge]: Front solder mask aperture bridges items with different nets
    Rule: board setup solder mask min width; error
    @(251.7500 mm, 154.7250 mm): Pad 5 [/STORAGE/BRIDGE_SATA_RX_N] of J3 on F.Cu
    @(252.2500 mm, 154.7250 mm): Pad 7 [<no net>] of J3 on F.Cu
[solder_mask_bridge]: Front solder mask aperture bridges items with different nets
    Rule: board setup solder mask min width; error
    @(252.0000 mm, 162.2750 mm): Pad 6 [/STORAGE/BRIDGE_SATA_RX_N] of J3 on F.Cu
    @(252.5000 mm, 162.2750 mm): Pad 8 [<no net>] of J3 on F.Cu
[solder_mask_bridge]: Front solder mask aperture bridges items with different nets
    Rule: board setup solder mask min width; error
    @(252.2500 mm, 154.7250 mm): Pad 7 [<no net>] of J3 on F.Cu
    @(252.7500 mm, 154.7250 mm): Pad 9 [<no net>] of J3 on F.Cu
[solder_mask_bridge]: Front solder mask aperture bridges items with different nets
    Rule: board setup solder mask min width; error
    @(252.5000 mm, 162.2750 mm): Pad 8 [<no net>] of J3 on F.Cu
    @(253.0000 mm, 162.2750 mm): Pad 10 [<no net>] of J3 on F.Cu
[solder_mask_bridge]: Front solder mask aperture bridges items with different nets
    Rule: board setup solder mask min width; error
    @(252.7500 mm, 154.7250 mm): Pad 9 [<no net>] of J3 on F.Cu
    @(253.2500 mm, 154.7250 mm): Pad 11 [<no net>] of J3 on F.Cu
[solder_mask_bridge]: Front solder mask aperture bridges items with different nets
    Rule: board setup solder mask min width; error
    @(253.0000 mm, 162.2750 mm): Pad 10 [<no net>] of J3 on F.Cu
    @(253.5000 mm, 162.2750 mm): Pad 59 [<no net>] of J3 on F.Cu
[solder_mask_bridge]: Front solder mask aperture bridges items with different nets
    Rule: board setup solder mask min width; error
    @(253.2500 mm, 154.7250 mm): Pad 11 [<no net>] of J3 on F.Cu
    @(253.7500 mm, 154.7250 mm): Pad 60 [<no net>] of J3 on F.Cu
[solder_mask_bridge]: Front solder mask aperture bridges items with different nets
    Rule: board setup solder mask min width; error
    @(255.5000 mm, 162.2750 mm): Pad 20 [<no net>] of J3 on F.Cu
    @(256.0000 mm, 162.2750 mm): Pad 22 [<no net>] of J3 on F.Cu
[solder_mask_bridge]: Front solder mask aperture bridges items with different nets
    Rule: board setup solder mask min width; error
    @(255.5000 mm, 162.2750 mm): Pad 20 [<no net>] of J3 on F.Cu
    @(255.0000 mm, 162.2750 mm): Pad 65 [<no net>] of J3 on F.Cu
[solder_mask_bridge]: Front solder mask aperture bridges items with different nets
    Rule: board setup solder mask min width; error
    @(255.7500 mm, 154.7250 mm): Pad 21 [<no net>] of J3 on F.Cu
    @(255.2500 mm, 154.7250 mm): Pad 66 [<no net>] of J3 on F.Cu
[solder_mask_bridge]: Front solder mask aperture bridges items with different nets
    Rule: board setup solder mask min width; error
    @(255.7500 mm, 154.7250 mm): Pad 21 [<no net>] of J3 on F.Cu
    @(256.2500 mm, 154.7250 mm): Pad 23 [<no net>] of J3 on F.Cu
[solder_mask_bridge]: Front solder mask aperture bridges items with different nets
    Rule: board setup solder mask min width; error
    @(256.0000 mm, 162.2750 mm): Pad 22 [<no net>] of J3 on F.Cu
    @(256.5000 mm, 162.2750 mm): Pad 24 [<no net>] of J3 on F.Cu
[solder_mask_bridge]: Front solder mask aperture bridges items with different nets
    Rule: board setup solder mask min width; error
    @(256.2500 mm, 154.7250 mm): Pad 23 [<no net>] of J3 on F.Cu
    @(256.7500 mm, 154.7250 mm): Pad 25 [<no net>] of J3 on F.Cu
[solder_mask_bridge]: Front solder mask aperture bridges items with different nets
    Rule: board setup solder mask min width; error
    @(256.5000 mm, 162.2750 mm): Pad 24 [<no net>] of J3 on F.Cu
    @(257.0000 mm, 162.2750 mm): Pad 26 [<no net>] of J3 on F.Cu
[solder_mask_bridge]: Front solder mask aperture bridges items with different nets
    Rule: board setup solder mask min width; error
    @(256.7500 mm, 154.7250 mm): Pad 25 [<no net>] of J3 on F.Cu
    @(257.2500 mm, 154.7250 mm): Pad 27 [<no net>] of J3 on F.Cu
[solder_mask_bridge]: Front solder mask aperture bridges items with different nets
    Rule: board setup solder mask min width; error
    @(257.0000 mm, 162.2750 mm): Pad 26 [<no net>] of J3 on F.Cu
    @(257.5000 mm, 162.2750 mm): Pad 28 [<no net>] of J3 on F.Cu
[solder_mask_bridge]: Front solder mask aperture bridges items with different nets
    Rule: board setup solder mask min width; error
    @(257.2500 mm, 154.7250 mm): Pad 27 [<no net>] of J3 on F.Cu
    @(257.7500 mm, 154.7250 mm): Pad 29 [<no net>] of J3 on F.Cu
[solder_mask_bridge]: Front solder mask aperture bridges items with different nets
    Rule: board setup solder mask min width; error
    @(257.5000 mm, 162.2750 mm): Pad 28 [<no net>] of J3 on F.Cu
    @(258.0000 mm, 162.2750 mm): Pad 30 [<no net>] of J3 on F.Cu
[solder_mask_bridge]: Front solder mask aperture bridges items with different nets
    Rule: board setup solder mask min width; error
    @(257.7500 mm, 154.7250 mm): Pad 29 [<no net>] of J3 on F.Cu
    @(258.2500 mm, 154.7250 mm): Pad 31 [<no net>] of J3 on F.Cu
[solder_mask_bridge]: Front solder mask aperture bridges items with different nets
    Rule: board setup solder mask min width; error
    @(258.0000 mm, 162.2750 mm): Pad 30 [<no net>] of J3 on F.Cu
    @(258.5000 mm, 162.2750 mm): Pad 32 [<no net>] of J3 on F.Cu
[solder_mask_bridge]: Front solder mask aperture bridges items with different nets
    Rule: board setup solder mask min width; error
    @(258.2500 mm, 154.7250 mm): Pad 31 [<no net>] of J3 on F.Cu
    @(258.7500 mm, 154.7250 mm): Pad 33 [<no net>] of J3 on F.Cu
[solder_mask_bridge]: Front solder mask aperture bridges items with different nets
    Rule: board setup solder mask min width; error
    @(258.5000 mm, 162.2750 mm): Pad 32 [<no net>] of J3 on F.Cu
    @(259.0000 mm, 162.2750 mm): Pad 34 [<no net>] of J3 on F.Cu
[solder_mask_bridge]: Front solder mask aperture bridges items with different nets
    Rule: board setup solder mask min width; error
    @(258.7500 mm, 154.7250 mm): Pad 33 [<no net>] of J3 on F.Cu
    @(259.2500 mm, 154.7250 mm): Pad 35 [<no net>] of J3 on F.Cu
[solder_mask_bridge]: Front solder mask aperture bridges items with different nets
    Rule: board setup solder mask min width; error
    @(259.0000 mm, 162.2750 mm): Pad 34 [<no net>] of J3 on F.Cu
    @(259.5000 mm, 162.2750 mm): Pad 36 [<no net>] of J3 on F.Cu
[solder_mask_bridge]: Front solder mask aperture bridges items with different nets
    Rule: board setup solder mask min width; error
    @(259.2500 mm, 154.7250 mm): Pad 35 [<no net>] of J3 on F.Cu
    @(259.7500 mm, 154.7250 mm): Pad 37 [<no net>] of J3 on F.Cu
[solder_mask_bridge]: Front solder mask aperture bridges items with different nets
    Rule: board setup solder mask min width; error
    @(259.5000 mm, 162.2750 mm): Pad 36 [<no net>] of J3 on F.Cu
    @(260.0000 mm, 162.2750 mm): Pad 38 [<no net>] of J3 on F.Cu
[solder_mask_bridge]: Front solder mask aperture bridges items with different nets
    Rule: board setup solder mask min width; error
    @(259.7500 mm, 154.7250 mm): Pad 37 [<no net>] of J3 on F.Cu
    @(260.2500 mm, 154.7250 mm): Pad 39 [<no net>] of J3 on F.Cu
[solder_mask_bridge]: Front solder mask aperture bridges items with different nets
    Rule: board setup solder mask min width; error
    @(260.0000 mm, 162.2750 mm): Pad 38 [<no net>] of J3 on F.Cu
    @(260.5000 mm, 162.2750 mm): Pad 40 [<no net>] of J3 on F.Cu
[solder_mask_bridge]: Front solder mask aperture bridges items with different nets
    Rule: board setup solder mask min width; error
    @(260.2500 mm, 154.7250 mm): Pad 39 [<no net>] of J3 on F.Cu
    @(260.7500 mm, 154.7250 mm): Pad 41 [<no net>] of J3 on F.Cu
[solder_mask_bridge]: Front solder mask aperture bridges items with different nets
    Rule: board setup solder mask min width; error
    @(260.5000 mm, 162.2750 mm): Pad 40 [<no net>] of J3 on F.Cu
    @(261.0000 mm, 162.2750 mm): Pad 42 [<no net>] of J3 on F.Cu
[solder_mask_bridge]: Front solder mask aperture bridges items with different nets
    Rule: board setup solder mask min width; error
    @(260.7500 mm, 154.7250 mm): Pad 41 [<no net>] of J3 on F.Cu
    @(261.2500 mm, 154.7250 mm): Pad 43 [<no net>] of J3 on F.Cu
[solder_mask_bridge]: Front solder mask aperture bridges items with different nets
    Rule: board setup solder mask min width; error
    @(261.0000 mm, 162.2750 mm): Pad 42 [<no net>] of J3 on F.Cu
    @(261.5000 mm, 162.2750 mm): Pad 44 [<no net>] of J3 on F.Cu
[solder_mask_bridge]: Front solder mask aperture bridges items with different nets
    Rule: board setup solder mask min width; error
    @(261.2500 mm, 154.7250 mm): Pad 43 [<no net>] of J3 on F.Cu
    @(261.7500 mm, 154.7250 mm): Pad 45 [<no net>] of J3 on F.Cu
[solder_mask_bridge]: Front solder mask aperture bridges items with different nets
    Rule: board setup solder mask min width; error
    @(261.5000 mm, 162.2750 mm): Pad 44 [<no net>] of J3 on F.Cu
    @(262.0000 mm, 162.2750 mm): Pad 46 [<no net>] of J3 on F.Cu
[solder_mask_bridge]: Front solder mask aperture bridges items with different nets
    Rule: board setup solder mask min width; error
    @(261.7500 mm, 154.7250 mm): Pad 45 [<no net>] of J3 on F.Cu
    @(262.2500 mm, 154.7250 mm): Pad 47 [<no net>] of J3 on F.Cu
[solder_mask_bridge]: Front solder mask aperture bridges items with different nets
    Rule: board setup solder mask min width; error
    @(262.0000 mm, 162.2750 mm): Pad 46 [<no net>] of J3 on F.Cu
    @(262.5000 mm, 162.2750 mm): Pad 48 [<no net>] of J3 on F.Cu
[solder_mask_bridge]: Front solder mask aperture bridges items with different nets
    Rule: board setup solder mask min width; error
    @(262.2500 mm, 154.7250 mm): Pad 47 [<no net>] of J3 on F.Cu
    @(262.7500 mm, 154.7250 mm): Pad 49 [<no net>] of J3 on F.Cu
[solder_mask_bridge]: Front solder mask aperture bridges items with different nets
    Rule: board setup solder mask min width; error
    @(262.5000 mm, 162.2750 mm): Pad 48 [<no net>] of J3 on F.Cu
    @(263.0000 mm, 162.2750 mm): Pad 50 [<no net>] of J3 on F.Cu
[solder_mask_bridge]: Front solder mask aperture bridges items with different nets
    Rule: board setup solder mask min width; error
    @(262.7500 mm, 154.7250 mm): Pad 49 [<no net>] of J3 on F.Cu
    @(263.2500 mm, 154.7250 mm): Pad 51 [<no net>] of J3 on F.Cu
[solder_mask_bridge]: Front solder mask aperture bridges items with different nets
    Rule: board setup solder mask min width; error
    @(263.0000 mm, 162.2750 mm): Pad 50 [<no net>] of J3 on F.Cu
    @(263.5000 mm, 162.2750 mm): Pad 52 [<no net>] of J3 on F.Cu
[solder_mask_bridge]: Front solder mask aperture bridges items with different nets
    Rule: board setup solder mask min width; error
    @(263.2500 mm, 154.7250 mm): Pad 51 [<no net>] of J3 on F.Cu
    @(263.7500 mm, 154.7250 mm): Pad 53 [<no net>] of J3 on F.Cu
[solder_mask_bridge]: Front solder mask aperture bridges items with different nets
    Rule: board setup solder mask min width; error
    @(263.5000 mm, 162.2750 mm): Pad 52 [<no net>] of J3 on F.Cu
    @(264.0000 mm, 162.2750 mm): Pad 54 [<no net>] of J3 on F.Cu
[solder_mask_bridge]: Front solder mask aperture bridges items with different nets
    Rule: board setup solder mask min width; error
    @(263.7500 mm, 154.7250 mm): Pad 53 [<no net>] of J3 on F.Cu
    @(264.2500 mm, 154.7250 mm): Pad 55 [<no net>] of J3 on F.Cu
[solder_mask_bridge]: Front solder mask aperture bridges items with different nets
    Rule: board setup solder mask min width; error
    @(264.0000 mm, 162.2750 mm): Pad 54 [<no net>] of J3 on F.Cu
    @(264.5000 mm, 162.2750 mm): Pad 56 [<no net>] of J3 on F.Cu
[solder_mask_bridge]: Front solder mask aperture bridges items with different nets
    Rule: board setup solder mask min width; error
    @(264.2500 mm, 154.7250 mm): Pad 55 [<no net>] of J3 on F.Cu
    @(264.7500 mm, 154.7250 mm): Pad 57 [<no net>] of J3 on F.Cu
[solder_mask_bridge]: Front solder mask aperture bridges items with different nets
    Rule: board setup solder mask min width; error
    @(264.5000 mm, 162.2750 mm): Pad 56 [<no net>] of J3 on F.Cu
    @(265.0000 mm, 162.2750 mm): Pad 58 [<no net>] of J3 on F.Cu
[solder_mask_bridge]: Front solder mask aperture bridges items with different nets
    Rule: board setup solder mask min width; error
    @(253.5000 mm, 162.2750 mm): Pad 59 [<no net>] of J3 on F.Cu
    @(254.0000 mm, 162.2750 mm): Pad 61 [<no net>] of J3 on F.Cu
[solder_mask_bridge]: Front solder mask aperture bridges items with different nets
    Rule: board setup solder mask min width; error
    @(253.7500 mm, 154.7250 mm): Pad 60 [<no net>] of J3 on F.Cu
    @(254.2500 mm, 154.7250 mm): Pad 62 [<no net>] of J3 on F.Cu
[solder_mask_bridge]: Front solder mask aperture bridges items with different nets
    Rule: board setup solder mask min width; error
    @(254.0000 mm, 162.2750 mm): Pad 61 [<no net>] of J3 on F.Cu
    @(254.5000 mm, 162.2750 mm): Pad 63 [<no net>] of J3 on F.Cu
[solder_mask_bridge]: Front solder mask aperture bridges items with different nets
    Rule: board setup solder mask min width; error
    @(254.2500 mm, 154.7250 mm): Pad 62 [<no net>] of J3 on F.Cu
    @(254.7500 mm, 154.7250 mm): Pad 64 [<no net>] of J3 on F.Cu
[solder_mask_bridge]: Front solder mask aperture bridges items with different nets
    Rule: board setup solder mask min width; error
    @(254.5000 mm, 162.2750 mm): Pad 63 [<no net>] of J3 on F.Cu
    @(255.0000 mm, 162.2750 mm): Pad 65 [<no net>] of J3 on F.Cu
[solder_mask_bridge]: Front solder mask aperture bridges items with different nets
    Rule: board setup solder mask min width; error
    @(254.7500 mm, 154.7250 mm): Pad 64 [<no net>] of J3 on F.Cu
    @(255.2500 mm, 154.7250 mm): Pad 66 [<no net>] of J3 on F.Cu
[solder_mask_bridge]: Front solder mask aperture bridges items with different nets
    Rule: board setup solder mask min width; error
    @(267.2500 mm, 154.7250 mm): Pad 67 [<no net>] of J3 on F.Cu
    @(267.7500 mm, 154.7250 mm): Pad 69 [<no net>] of J3 on F.Cu
[solder_mask_bridge]: Front solder mask aperture bridges items with different nets
    Rule: board setup solder mask min width; error
    @(267.5000 mm, 162.2750 mm): Pad 68 [<no net>] of J3 on F.Cu
    @(268.0000 mm, 162.2750 mm): Pad 70 [<no net>] of J3 on F.Cu
[solder_mask_bridge]: Front solder mask aperture bridges items with different nets
    Rule: board setup solder mask min width; error
    @(267.7500 mm, 154.7250 mm): Pad 69 [<no net>] of J3 on F.Cu
    @(268.2500 mm, 154.7250 mm): Pad 71 [<no net>] of J3 on F.Cu
[solder_mask_bridge]: Front solder mask aperture bridges items with different nets
    Rule: board setup solder mask min width; error
    @(268.0000 mm, 162.2750 mm): Pad 70 [<no net>] of J3 on F.Cu
    @(268.5000 mm, 162.2750 mm): Pad 72 [<no net>] of J3 on F.Cu
[solder_mask_bridge]: Front solder mask aperture bridges items with different nets
    Rule: board setup solder mask min width; error
    @(268.2500 mm, 154.7250 mm): Pad 71 [<no net>] of J3 on F.Cu
    @(268.7500 mm, 154.7250 mm): Pad 73 [<no net>] of J3 on F.Cu
[solder_mask_bridge]: Front solder mask aperture bridges items with different nets
    Rule: board setup solder mask min width; error
    @(268.5000 mm, 162.2750 mm): Pad 72 [<no net>] of J3 on F.Cu
    @(269.0000 mm, 162.2750 mm): Pad 74 [<no net>] of J3 on F.Cu
[solder_mask_bridge]: Front solder mask aperture bridges items with different nets
    Rule: board setup solder mask min width; error
    @(268.7500 mm, 154.7250 mm): Pad 73 [<no net>] of J3 on F.Cu
    @(269.2500 mm, 154.7250 mm): Pad 75 [<no net>] of J3 on F.Cu
[track_dangling]: Track has unconnected end
    Local override; warning
    @(0.0000 mm, 0.0000 mm): Track [<no net>] on F.Cu, length 0.0000 mm
[track_dangling]: Track has unconnected end
    Local override; warning
    @(0.0000 mm, 0.0000 mm): Track [<no net>] on F.Cu, length 0.0000 mm
[track_dangling]: Track has unconnected end
    Local override; warning
    @(0.0000 mm, 0.0000 mm): Track [<no net>] on F.Cu, length 0.0000 mm
[track_dangling]: Track has unconnected end
    Local override; warning
    @(0.0000 mm, 0.0000 mm): Track [<no net>] on F.Cu, length 0.0000 mm
[track_dangling]: Track has unconnected end
    Local override; warning
    @(0.0000 mm, 0.0000 mm): Track [<no net>] on F.Cu, length 0.0000 mm
[track_dangling]: Track has unconnected end
    Local override; warning
    @(0.0000 mm, 0.0000 mm): Track [<no net>] on F.Cu, length 0.0000 mm
[track_dangling]: Track has unconnected end
    Local override; warning
    @(0.0000 mm, 0.0000 mm): Track [<no net>] on F.Cu, length 0.0000 mm
[track_dangling]: Track has unconnected end
    Local override; warning
    @(0.0000 mm, 0.0000 mm): Track [<no net>] on F.Cu, length 0.0000 mm
[track_dangling]: Track has unconnected end
    Local override; warning
    @(0.0000 mm, 0.0000 mm): Track [<no net>] on F.Cu, length 0.0000 mm
[track_dangling]: Track has unconnected end
    Local override; warning
    @(0.0000 mm, 0.0000 mm): Track [<no net>] on F.Cu, length 0.0000 mm
[track_dangling]: Track has unconnected end
    Local override; warning
    @(0.0000 mm, 0.0000 mm): Track [<no net>] on F.Cu, length 0.0000 mm
[track_dangling]: Track has unconnected end
    Local override; warning
    @(0.0000 mm, 0.0000 mm): Track [<no net>] on F.Cu, length 0.0000 mm
[track_dangling]: Track has unconnected end
    Local override; warning
    @(0.0000 mm, 0.0000 mm): Track [<no net>] on F.Cu, length 0.0000 mm
[track_dangling]: Track has unconnected end
    Local override; warning
    @(0.0000 mm, 0.0000 mm): Track [<no net>] on F.Cu, length 0.0000 mm
[track_dangling]: Track has unconnected end
    Local override; warning
    @(0.0000 mm, 0.0000 mm): Track [<no net>] on F.Cu, length 0.0000 mm
[track_dangling]: Track has unconnected end
    Local override; warning
    @(0.0000 mm, 0.0000 mm): Track [<no net>] on F.Cu, length 0.0000 mm
[track_dangling]: Track has unconnected end
    Local override; warning
    @(0.0000 mm, 0.0000 mm): Track [<no net>] on F.Cu, length 0.0000 mm
[track_dangling]: Track has unconnected end
    Local override; warning
    @(0.0000 mm, 0.0000 mm): Track [<no net>] on F.Cu, length 0.0000 mm
[track_dangling]: Track has unconnected end
    Local override; warning
    @(0.0000 mm, 0.0000 mm): Track [<no net>] on F.Cu, length 0.0000 mm
[track_dangling]: Track has unconnected end
    Local override; warning
    @(0.0000 mm, 0.0000 mm): Track [<no net>] on F.Cu, length 0.0000 mm
[track_dangling]: Track has unconnected end
    Local override; warning
    @(0.0000 mm, 0.0000 mm): Track [<no net>] on F.Cu, length 0.0000 mm
[track_dangling]: Track has unconnected end
    Local override; warning
    @(0.0000 mm, 0.0000 mm): Track [<no net>] on F.Cu, length 0.0000 mm
[track_dangling]: Track has unconnected end
    Local override; warning
    @(0.0000 mm, 0.0000 mm): Track [<no net>] on F.Cu, length 0.0000 mm
[track_dangling]: Track has unconnected end
    Local override; warning
    @(0.0000 mm, 0.0000 mm): Track [<no net>] on F.Cu, length 0.0000 mm
[track_dangling]: Track has unconnected end
    Local override; warning
    @(0.0000 mm, 0.0000 mm): Track [<no net>] on F.Cu, length 0.0000 mm
[track_dangling]: Track has unconnected end
    Local override; warning
    @(0.0000 mm, 0.0000 mm): Track [<no net>] on F.Cu, length 0.0000 mm
[track_dangling]: Track has unconnected end
    Local override; warning
    @(0.0000 mm, 0.0000 mm): Track [<no net>] on F.Cu, length 0.0000 mm
[track_dangling]: Track has unconnected end
    Local override; warning
    @(0.0000 mm, 0.0000 mm): Track [<no net>] on F.Cu, length 0.0000 mm
[track_dangling]: Track has unconnected end
    Local override; warning
    @(0.0000 mm, 0.0000 mm): Track [<no net>] on F.Cu, length 0.0000 mm
[track_dangling]: Track has unconnected end
    Local override; warning
    @(0.0000 mm, 0.0000 mm): Track [<no net>] on F.Cu, length 0.0000 mm
[track_dangling]: Track has unconnected end
    Local override; warning
    @(0.0000 mm, 0.0000 mm): Track [<no net>] on F.Cu, length 0.0000 mm
[track_dangling]: Track has unconnected end
    Local override; warning
    @(0.0000 mm, 0.0000 mm): Track [<no net>] on F.Cu, length 0.0000 mm
[track_dangling]: Track has unconnected end
    Local override; warning
    @(0.0000 mm, 0.0000 mm): Track [<no net>] on F.Cu, length 0.0000 mm
[track_dangling]: Track has unconnected end
    Local override; warning
    @(0.0000 mm, 0.0000 mm): Track [<no net>] on F.Cu, length 0.0000 mm
[track_dangling]: Track has unconnected end
    Local override; warning
    @(0.0000 mm, 0.0000 mm): Track [<no net>] on F.Cu, length 0.0000 mm
[track_dangling]: Track has unconnected end
    Local override; warning
    @(0.0000 mm, 0.0000 mm): Track [<no net>] on F.Cu, length 0.0000 mm
[track_dangling]: Track has unconnected end
    Local override; warning
    @(0.0000 mm, 0.0000 mm): Track [<no net>] on F.Cu, length 0.0000 mm
[track_dangling]: Track has unconnected end
    Local override; warning
    @(0.0000 mm, 0.0000 mm): Track [<no net>] on F.Cu, length 0.0000 mm
[track_dangling]: Track has unconnected end
    Local override; warning
    @(0.0000 mm, 0.0000 mm): Track [<no net>] on F.Cu, length 0.0000 mm
[track_dangling]: Track has unconnected end
    Local override; warning
    @(0.0000 mm, 0.0000 mm): Track [<no net>] on F.Cu, length 0.0000 mm
[track_dangling]: Track has unconnected end
    Local override; warning
    @(0.0000 mm, 0.0000 mm): Track [<no net>] on F.Cu, length 0.0000 mm
[track_dangling]: Track has unconnected end
    Local override; warning
    @(0.0000 mm, 0.0000 mm): Track [<no net>] on F.Cu, length 0.0000 mm
[track_dangling]: Track has unconnected end
    Local override; warning
    @(0.0000 mm, 0.0000 mm): Track [<no net>] on F.Cu, length 0.0000 mm
[track_dangling]: Track has unconnected end
    Local override; warning
    @(0.0000 mm, 0.0000 mm): Track [<no net>] on F.Cu, length 0.0000 mm
[track_dangling]: Track has unconnected end
    Local override; warning
    @(0.0000 mm, 0.0000 mm): Track [<no net>] on F.Cu, length 0.0000 mm
[track_dangling]: Track has unconnected end
    Local override; warning
    @(0.0000 mm, 0.0000 mm): Track [<no net>] on F.Cu, length 0.0000 mm
[track_dangling]: Track has unconnected end
    Local override; warning
    @(0.0000 mm, 0.0000 mm): Track [<no net>] on F.Cu, length 0.0000 mm
[track_dangling]: Track has unconnected end
    Local override; warning
    @(0.0000 mm, 0.0000 mm): Track [<no net>] on F.Cu, length 0.0000 mm
[track_dangling]: Track has unconnected end
    Local override; warning
    @(0.0000 mm, 0.0000 mm): Track [<no net>] on F.Cu, length 0.0000 mm
[track_dangling]: Track has unconnected end
    Local override; warning
    @(0.0000 mm, 0.0000 mm): Track [<no net>] on F.Cu, length 0.0000 mm
[track_dangling]: Track has unconnected end
    Local override; warning
    @(0.0000 mm, 0.0000 mm): Track [<no net>] on F.Cu, length 0.0000 mm
[track_dangling]: Track has unconnected end
    Local override; warning
    @(0.0000 mm, 0.0000 mm): Track [<no net>] on F.Cu, length 0.0000 mm
[track_dangling]: Track has unconnected end
    Local override; warning
    @(0.0000 mm, 0.0000 mm): Track [<no net>] on F.Cu, length 0.0000 mm
[track_dangling]: Track has unconnected end
    Local override; warning
    @(0.0000 mm, 0.0000 mm): Track [<no net>] on F.Cu, length 0.0000 mm
[track_dangling]: Track has unconnected end
    Local override; warning
    @(0.0000 mm, 0.0000 mm): Track [<no net>] on F.Cu, length 0.0000 mm
[track_dangling]: Track has unconnected end
    Local override; warning
    @(0.0000 mm, 0.0000 mm): Track [<no net>] on F.Cu, length 0.0000 mm
[track_dangling]: Track has unconnected end
    Local override; warning
    @(0.0000 mm, 0.0000 mm): Track [<no net>] on F.Cu, length 0.0000 mm
[track_dangling]: Track has unconnected end
    Local override; warning
    @(0.0000 mm, 0.0000 mm): Track [<no net>] on F.Cu, length 0.0000 mm
[track_dangling]: Track has unconnected end
    Local override; warning
    @(0.0000 mm, 0.0000 mm): Track [<no net>] on F.Cu, length 0.0000 mm
[track_dangling]: Track has unconnected end
    Local override; warning
    @(0.0000 mm, 0.0000 mm): Track [<no net>] on F.Cu, length 0.0000 mm
[track_dangling]: Track has unconnected end
    Local override; warning
    @(0.0000 mm, 0.0000 mm): Track [<no net>] on F.Cu, length 0.0000 mm
[track_dangling]: Track has unconnected end
    Local override; warning
    @(0.0000 mm, 0.0000 mm): Track [<no net>] on F.Cu, length 0.0000 mm
[track_dangling]: Track has unconnected end
    Local override; warning
    @(0.0000 mm, 0.0000 mm): Track [<no net>] on F.Cu, length 0.0000 mm
[track_dangling]: Track has unconnected end
    Local override; warning
    @(0.0000 mm, 0.0000 mm): Track [<no net>] on F.Cu, length 0.0000 mm
[track_dangling]: Track has unconnected end
    Local override; warning
    @(0.0000 mm, 0.0000 mm): Track [<no net>] on F.Cu, length 0.0000 mm
[track_dangling]: Track has unconnected end
    Local override; warning
    @(0.0000 mm, 0.0000 mm): Track [<no net>] on F.Cu, length 0.0000 mm
[track_dangling]: Track has unconnected end
    Local override; warning
    @(0.0000 mm, 0.0000 mm): Track [<no net>] on F.Cu, length 0.0000 mm
[track_dangling]: Track has unconnected end
    Local override; warning
    @(0.0000 mm, 0.0000 mm): Track [<no net>] on F.Cu, length 0.0000 mm
[track_dangling]: Track has unconnected end
    Local override; warning
    @(0.0000 mm, 0.0000 mm): Track [<no net>] on F.Cu, length 0.0000 mm
[track_dangling]: Track has unconnected end
    Local override; warning
    @(0.0000 mm, 0.0000 mm): Track [<no net>] on F.Cu, length 0.0000 mm
[track_dangling]: Track has unconnected end
    Local override; warning
    @(0.0000 mm, 0.0000 mm): Track [<no net>] on F.Cu, length 0.0000 mm
[track_dangling]: Track has unconnected end
    Local override; warning
    @(0.0000 mm, 0.0000 mm): Track [<no net>] on F.Cu, length 0.0000 mm
[track_dangling]: Track has unconnected end
    Local override; warning
    @(0.0000 mm, 0.0000 mm): Track [<no net>] on F.Cu, length 0.0000 mm
[track_dangling]: Track has unconnected end
    Local override; warning
    @(0.0000 mm, 0.0000 mm): Track [<no net>] on F.Cu, length 0.0000 mm
[track_dangling]: Track has unconnected end
    Local override; warning
    @(0.0000 mm, 0.0000 mm): Track [<no net>] on F.Cu, length 0.0000 mm
[track_dangling]: Track has unconnected end
    Local override; warning
    @(0.0000 mm, 0.0000 mm): Track [<no net>] on F.Cu, length 0.0000 mm
[track_dangling]: Track has unconnected end
    Local override; warning
    @(0.0000 mm, 0.0000 mm): Track [<no net>] on F.Cu, length 0.0000 mm
[track_dangling]: Track has unconnected end
    Local override; warning
    @(0.0000 mm, 0.0000 mm): Track [<no net>] on F.Cu, length 0.0000 mm
[track_dangling]: Track has unconnected end
    Local override; warning
    @(0.0000 mm, 0.0000 mm): Track [<no net>] on F.Cu, length 0.0000 mm
[track_dangling]: Track has unconnected end
    Local override; warning
    @(0.0000 mm, 0.0000 mm): Track [<no net>] on F.Cu, length 0.0000 mm
[track_dangling]: Track has unconnected end
    Local override; warning
    @(0.0000 mm, 0.0000 mm): Track [<no net>] on F.Cu, length 0.0000 mm
[track_dangling]: Track has unconnected end
    Local override; warning
    @(0.0000 mm, 0.0000 mm): Track [<no net>] on F.Cu, length 0.0000 mm
[track_dangling]: Track has unconnected end
    Local override; warning
    @(0.0000 mm, 0.0000 mm): Track [<no net>] on F.Cu, length 0.0000 mm
[track_dangling]: Track has unconnected end
    Local override; warning
    @(0.0000 mm, 0.0000 mm): Track [<no net>] on F.Cu, length 0.0000 mm
[track_dangling]: Track has unconnected end
    Local override; warning
    @(0.0000 mm, 0.0000 mm): Track [<no net>] on F.Cu, length 0.0000 mm
[track_dangling]: Track has unconnected end
    Local override; warning
    @(0.0000 mm, 0.0000 mm): Track [<no net>] on F.Cu, length 0.0000 mm
[track_dangling]: Track has unconnected end
    Local override; warning
    @(0.0000 mm, 0.0000 mm): Track [<no net>] on F.Cu, length 0.0000 mm
[track_dangling]: Track has unconnected end
    Local override; warning
    @(0.0000 mm, 0.0000 mm): Track [<no net>] on F.Cu, length 0.0000 mm
[track_dangling]: Track has unconnected end
    Local override; warning
    @(0.0000 mm, 0.0000 mm): Track [<no net>] on F.Cu, length 0.0000 mm
[track_dangling]: Track has unconnected end
    Local override; warning
    @(0.0000 mm, 0.0000 mm): Track [<no net>] on F.Cu, length 0.0000 mm
[track_dangling]: Track has unconnected end
    Local override; warning
    @(0.0000 mm, 0.0000 mm): Track [<no net>] on F.Cu, length 0.0000 mm
[track_dangling]: Track has unconnected end
    Local override; warning
    @(0.0000 mm, 0.0000 mm): Track [<no net>] on F.Cu, length 0.0000 mm
[track_dangling]: Track has unconnected end
    Local override; warning
    @(0.0000 mm, 0.0000 mm): Track [<no net>] on F.Cu, length 0.0000 mm
[track_dangling]: Track has unconnected end
    Local override; warning
    @(0.0000 mm, 0.0000 mm): Track [<no net>] on F.Cu, length 0.0000 mm
[track_dangling]: Track has unconnected end
    Local override; warning
    @(0.0000 mm, 0.0000 mm): Track [<no net>] on F.Cu, length 0.0000 mm
[track_dangling]: Track has unconnected end
    Local override; warning
    @(0.0000 mm, 0.0000 mm): Track [<no net>] on F.Cu, length 0.0000 mm
[track_dangling]: Track has unconnected end
    Local override; warning
    @(0.0000 mm, 0.0000 mm): Track [<no net>] on F.Cu, length 0.0000 mm
[track_dangling]: Track has unconnected end
    Local override; warning
    @(0.0000 mm, 0.0000 mm): Track [<no net>] on F.Cu, length 0.0000 mm
[track_dangling]: Track has unconnected end
    Local override; warning
    @(0.0000 mm, 0.0000 mm): Track [<no net>] on F.Cu, length 0.0000 mm
[track_dangling]: Track has unconnected end
    Local override; warning
    @(0.0000 mm, 0.0000 mm): Track [<no net>] on F.Cu, length 0.0000 mm
[track_dangling]: Track has unconnected end
    Local override; warning
    @(0.0000 mm, 0.0000 mm): Track [<no net>] on F.Cu, length 0.0000 mm
[track_dangling]: Track has unconnected end
    Local override; warning
    @(0.0000 mm, 0.0000 mm): Track [<no net>] on F.Cu, length 0.0000 mm
[track_dangling]: Track has unconnected end
    Local override; warning
    @(0.0000 mm, 0.0000 mm): Track [<no net>] on F.Cu, length 0.0000 mm
[track_dangling]: Track has unconnected end
    Local override; warning
    @(0.0000 mm, 0.0000 mm): Track [<no net>] on F.Cu, length 0.0000 mm
[track_dangling]: Track has unconnected end
    Local override; warning
    @(0.0000 mm, 0.0000 mm): Track [<no net>] on F.Cu, length 0.0000 mm
[track_dangling]: Track has unconnected end
    Local override; warning
    @(0.0000 mm, 0.0000 mm): Track [<no net>] on F.Cu, length 0.0000 mm
[track_dangling]: Track has unconnected end
    Local override; warning
    @(0.0000 mm, 0.0000 mm): Track [<no net>] on F.Cu, length 0.0000 mm
[track_dangling]: Track has unconnected end
    Local override; warning
    @(0.0000 mm, 0.0000 mm): Track [<no net>] on F.Cu, length 0.0000 mm
[track_dangling]: Track has unconnected end
    Local override; warning
    @(0.0000 mm, 0.0000 mm): Track [<no net>] on F.Cu, length 0.0000 mm
[track_dangling]: Track has unconnected end
    Local override; warning
    @(0.0000 mm, 0.0000 mm): Track [<no net>] on F.Cu, length 0.0000 mm
[track_dangling]: Track has unconnected end
    Local override; warning
    @(0.0000 mm, 0.0000 mm): Track [<no net>] on F.Cu, length 0.0000 mm
[track_dangling]: Track has unconnected end
    Local override; warning
    @(0.0000 mm, 0.0000 mm): Track [<no net>] on F.Cu, length 0.0000 mm
[track_dangling]: Track has unconnected end
    Local override; warning
    @(0.0000 mm, 0.0000 mm): Track [<no net>] on F.Cu, length 0.0000 mm
[track_dangling]: Track has unconnected end
    Local override; warning
    @(0.0000 mm, 0.0000 mm): Track [<no net>] on F.Cu, length 0.0000 mm
[track_dangling]: Track has unconnected end
    Local override; warning
    @(0.0000 mm, 0.0000 mm): Track [<no net>] on F.Cu, length 0.0000 mm
[track_dangling]: Track has unconnected end
    Local override; warning
    @(0.0000 mm, 0.0000 mm): Track [<no net>] on F.Cu, length 0.0000 mm
[track_dangling]: Track has unconnected end
    Local override; warning
    @(0.0000 mm, 0.0000 mm): Track [<no net>] on F.Cu, length 0.0000 mm
[track_dangling]: Track has unconnected end
    Local override; warning
    @(0.0000 mm, 0.0000 mm): Track [<no net>] on F.Cu, length 0.0000 mm
[track_dangling]: Track has unconnected end
    Local override; warning
    @(0.0000 mm, 0.0000 mm): Track [<no net>] on F.Cu, length 0.0000 mm
[track_dangling]: Track has unconnected end
    Local override; warning
    @(0.0000 mm, 0.0000 mm): Track [<no net>] on F.Cu, length 0.0000 mm
[track_dangling]: Track has unconnected end
    Local override; warning
    @(0.0000 mm, 0.0000 mm): Track [<no net>] on F.Cu, length 0.0000 mm
[track_dangling]: Track has unconnected end
    Local override; warning
    @(0.0000 mm, 0.0000 mm): Track [<no net>] on F.Cu, length 0.0000 mm
[track_dangling]: Track has unconnected end
    Local override; warning
    @(0.0000 mm, 0.0000 mm): Track [<no net>] on F.Cu, length 0.0000 mm
[track_dangling]: Track has unconnected end
    Local override; warning
    @(0.0000 mm, 0.0000 mm): Track [<no net>] on F.Cu, length 0.0000 mm
[track_dangling]: Track has unconnected end
    Local override; warning
    @(0.0000 mm, 0.0000 mm): Track [<no net>] on F.Cu, length 0.0000 mm
[track_dangling]: Track has unconnected end
    Local override; warning
    @(0.0000 mm, 0.0000 mm): Track [<no net>] on F.Cu, length 0.0000 mm
[track_dangling]: Track has unconnected end
    Local override; warning
    @(0.0000 mm, 0.0000 mm): Track [<no net>] on F.Cu, length 0.0000 mm
[track_dangling]: Track has unconnected end
    Local override; warning
    @(0.0000 mm, 0.0000 mm): Track [<no net>] on F.Cu, length 0.0000 mm
[track_dangling]: Track has unconnected end
    Local override; warning
    @(0.0000 mm, 0.0000 mm): Track [<no net>] on F.Cu, length 0.0000 mm
[track_dangling]: Track has unconnected end
    Local override; warning
    @(0.0000 mm, 0.0000 mm): Track [<no net>] on F.Cu, length 0.0000 mm
[track_dangling]: Track has unconnected end
    Local override; warning
    @(0.0000 mm, 0.0000 mm): Track [<no net>] on F.Cu, length 0.0000 mm
[track_dangling]: Track has unconnected end
    Local override; warning
    @(0.0000 mm, 0.0000 mm): Track [<no net>] on F.Cu, length 0.0000 mm
[track_dangling]: Track has unconnected end
    Local override; warning
    @(0.0000 mm, 0.0000 mm): Track [<no net>] on F.Cu, length 0.0000 mm
[track_dangling]: Track has unconnected end
    Local override; warning
    @(0.0000 mm, 0.0000 mm): Track [<no net>] on F.Cu, length 0.0000 mm
[track_dangling]: Track has unconnected end
    Local override; warning
    @(0.0000 mm, 0.0000 mm): Track [<no net>] on F.Cu, length 0.0000 mm
[track_dangling]: Track has unconnected end
    Local override; warning
    @(0.0000 mm, 0.0000 mm): Track [<no net>] on F.Cu, length 0.0000 mm
[track_dangling]: Track has unconnected end
    Local override; warning
    @(0.0000 mm, 0.0000 mm): Track [<no net>] on F.Cu, length 0.0000 mm
[track_dangling]: Track has unconnected end
    Local override; warning
    @(0.0000 mm, 0.0000 mm): Track [<no net>] on F.Cu, length 0.0000 mm
[track_dangling]: Track has unconnected end
    Local override; warning
    @(0.0000 mm, 0.0000 mm): Track [<no net>] on F.Cu, length 0.0000 mm
[track_dangling]: Track has unconnected end
    Local override; warning
    @(0.0000 mm, 0.0000 mm): Track [<no net>] on F.Cu, length 0.0000 mm
[track_dangling]: Track has unconnected end
    Local override; warning
    @(0.0000 mm, 0.0000 mm): Track [<no net>] on F.Cu, length 0.0000 mm
[track_dangling]: Track has unconnected end
    Local override; warning
    @(0.0000 mm, 0.0000 mm): Track [<no net>] on F.Cu, length 0.0000 mm
[track_dangling]: Track has unconnected end
    Local override; warning
    @(0.0000 mm, 0.0000 mm): Track [<no net>] on F.Cu, length 0.0000 mm
[track_dangling]: Track has unconnected end
    Local override; warning
    @(0.0000 mm, 0.0000 mm): Track [<no net>] on F.Cu, length 0.0000 mm
[track_dangling]: Track has unconnected end
    Local override; warning
    @(0.0000 mm, 0.0000 mm): Track [<no net>] on F.Cu, length 0.0000 mm
[track_dangling]: Track has unconnected end
    Local override; warning
    @(0.0000 mm, 0.0000 mm): Track [<no net>] on F.Cu, length 0.0000 mm
[track_dangling]: Track has unconnected end
    Local override; warning
    @(0.0000 mm, 0.0000 mm): Track [<no net>] on F.Cu, length 0.0000 mm
[track_dangling]: Track has unconnected end
    Local override; warning
    @(0.0000 mm, 0.0000 mm): Track [<no net>] on F.Cu, length 0.0000 mm
[track_dangling]: Track has unconnected end
    Local override; warning
    @(0.0000 mm, 0.0000 mm): Track [<no net>] on F.Cu, length 0.0000 mm
[track_dangling]: Track has unconnected end
    Local override; warning
    @(0.0000 mm, 0.0000 mm): Track [<no net>] on F.Cu, length 0.0000 mm
[track_dangling]: Track has unconnected end
    Local override; warning
    @(0.0000 mm, 0.0000 mm): Track [<no net>] on F.Cu, length 0.0000 mm
[track_dangling]: Track has unconnected end
    Local override; warning
    @(0.0000 mm, 0.0000 mm): Track [<no net>] on F.Cu, length 0.0000 mm
[track_dangling]: Track has unconnected end
    Local override; warning
    @(0.0000 mm, 0.0000 mm): Track [<no net>] on F.Cu, length 0.0000 mm
[track_dangling]: Track has unconnected end
    Local override; warning
    @(0.0000 mm, 0.0000 mm): Track [<no net>] on F.Cu, length 0.0000 mm
[track_dangling]: Track has unconnected end
    Local override; warning
    @(0.0000 mm, 0.0000 mm): Track [<no net>] on F.Cu, length 0.0000 mm
[track_dangling]: Track has unconnected end
    Local override; warning
    @(0.0000 mm, 0.0000 mm): Track [<no net>] on F.Cu, length 0.0000 mm
[track_dangling]: Track has unconnected end
    Local override; warning
    @(0.0000 mm, 0.0000 mm): Track [<no net>] on F.Cu, length 0.0000 mm
[track_dangling]: Track has unconnected end
    Local override; warning
    @(0.0000 mm, 0.0000 mm): Track [<no net>] on F.Cu, length 0.0000 mm
[track_dangling]: Track has unconnected end
    Local override; warning
    @(0.0000 mm, 0.0000 mm): Track [<no net>] on F.Cu, length 0.0000 mm
[track_dangling]: Track has unconnected end
    Local override; warning
    @(0.0000 mm, 0.0000 mm): Track [<no net>] on F.Cu, length 0.0000 mm
[track_dangling]: Track has unconnected end
    Local override; warning
    @(0.0000 mm, 0.0000 mm): Track [<no net>] on F.Cu, length 0.0000 mm
[track_dangling]: Track has unconnected end
    Local override; warning
    @(0.0000 mm, 0.0000 mm): Track [<no net>] on F.Cu, length 0.0000 mm
[track_dangling]: Track has unconnected end
    Local override; warning
    @(0.0000 mm, 0.0000 mm): Track [<no net>] on F.Cu, length 0.0000 mm
[track_dangling]: Track has unconnected end
    Local override; warning
    @(0.0000 mm, 0.0000 mm): Track [<no net>] on F.Cu, length 0.0000 mm
[track_dangling]: Track has unconnected end
    Local override; warning
    @(0.0000 mm, 0.0000 mm): Track [<no net>] on F.Cu, length 0.0000 mm
[track_dangling]: Track has unconnected end
    Local override; warning
    @(0.0000 mm, 0.0000 mm): Track [<no net>] on F.Cu, length 0.0000 mm
[track_dangling]: Track has unconnected end
    Local override; warning
    @(0.0000 mm, 0.0000 mm): Track [<no net>] on F.Cu, length 0.0000 mm
[track_dangling]: Track has unconnected end
    Local override; warning
    @(0.0000 mm, 0.0000 mm): Track [<no net>] on F.Cu, length 0.0000 mm
[track_dangling]: Track has unconnected end
    Local override; warning
    @(0.0000 mm, 0.0000 mm): Track [<no net>] on F.Cu, length 0.0000 mm
[track_dangling]: Track has unconnected end
    Local override; warning
    @(0.0000 mm, 0.0000 mm): Track [<no net>] on F.Cu, length 0.0000 mm
[track_dangling]: Track has unconnected end
    Local override; warning
    @(0.0000 mm, 0.0000 mm): Track [<no net>] on F.Cu, length 0.0000 mm
[track_dangling]: Track has unconnected end
    Local override; warning
    @(0.0000 mm, 0.0000 mm): Track [<no net>] on F.Cu, length 0.0000 mm
[track_dangling]: Track has unconnected end
    Local override; warning
    @(0.0000 mm, 0.0000 mm): Track [<no net>] on F.Cu, length 0.0000 mm
[track_dangling]: Track has unconnected end
    Local override; warning
    @(0.0000 mm, 0.0000 mm): Track [<no net>] on F.Cu, length 0.0000 mm
[track_dangling]: Track has unconnected end
    Local override; warning
    @(0.0000 mm, 0.0000 mm): Track [<no net>] on F.Cu, length 0.0000 mm
[track_dangling]: Track has unconnected end
    Local override; warning
    @(0.0000 mm, 0.0000 mm): Track [<no net>] on F.Cu, length 0.0000 mm
[track_dangling]: Track has unconnected end
    Local override; warning
    @(0.0000 mm, 0.0000 mm): Track [<no net>] on F.Cu, length 0.0000 mm
[track_dangling]: Track has unconnected end
    Local override; warning
    @(0.0000 mm, 0.0000 mm): Track [<no net>] on F.Cu, length 0.0000 mm
[track_dangling]: Track has unconnected end
    Local override; warning
    @(0.0000 mm, 0.0000 mm): Track [<no net>] on F.Cu, length 0.0000 mm
[track_dangling]: Track has unconnected end
    Local override; warning
    @(0.0000 mm, 0.0000 mm): Track [<no net>] on F.Cu, length 0.0000 mm
[track_dangling]: Track has unconnected end
    Local override; warning
    @(0.0000 mm, 0.0000 mm): Track [<no net>] on F.Cu, length 0.0000 mm
[track_dangling]: Track has unconnected end
    Local override; warning
    @(0.0000 mm, 0.0000 mm): Track [<no net>] on F.Cu, length 0.0000 mm
[track_dangling]: Track has unconnected end
    Local override; warning
    @(0.0000 mm, 0.0000 mm): Track [<no net>] on F.Cu, length 0.0000 mm
[track_dangling]: Track has unconnected end
    Local override; warning
    @(0.0000 mm, 0.0000 mm): Track [<no net>] on F.Cu, length 0.0000 mm
[track_dangling]: Track has unconnected end
    Local override; warning
    @(0.0000 mm, 0.0000 mm): Track [<no net>] on F.Cu, length 0.0000 mm
[track_dangling]: Track has unconnected end
    Local override; warning
    @(0.0000 mm, 0.0000 mm): Track [<no net>] on F.Cu, length 0.0000 mm
[track_dangling]: Track has unconnected end
    Local override; warning
    @(0.0000 mm, 0.0000 mm): Track [<no net>] on F.Cu, length 0.0000 mm
[track_dangling]: Track has unconnected end
    Local override; warning
    @(0.0000 mm, 0.0000 mm): Track [<no net>] on F.Cu, length 0.0000 mm
[track_dangling]: Track has unconnected end
    Local override; warning
    @(0.0000 mm, 0.0000 mm): Track [<no net>] on F.Cu, length 0.0000 mm
[track_dangling]: Track has unconnected end
    Local override; warning
    @(0.0000 mm, 0.0000 mm): Track [<no net>] on F.Cu, length 0.0000 mm
[track_dangling]: Track has unconnected end
    Local override; warning
    @(0.0000 mm, 0.0000 mm): Track [<no net>] on F.Cu, length 0.0000 mm
[track_dangling]: Track has unconnected end
    Local override; warning
    @(0.0000 mm, 0.0000 mm): Track [<no net>] on F.Cu, length 0.0000 mm
[track_dangling]: Track has unconnected end
    Local override; warning
    @(0.0000 mm, 0.0000 mm): Track [<no net>] on F.Cu, length 0.0000 mm
[track_dangling]: Track has unconnected end
    Local override; warning
    @(0.0000 mm, 0.0000 mm): Track [<no net>] on F.Cu, length 0.0000 mm
[track_dangling]: Track has unconnected end
    Local override; warning
    @(0.0000 mm, 0.0000 mm): Track [<no net>] on F.Cu, length 0.0000 mm
[track_dangling]: Track has unconnected end
    Local override; warning
    @(0.0000 mm, 0.0000 mm): Track [<no net>] on F.Cu, length 0.0000 mm
[track_dangling]: Track has unconnected end
    Local override; warning
    @(0.0000 mm, 0.0000 mm): Track [<no net>] on F.Cu, length 0.0000 mm
[track_dangling]: Track has unconnected end
    Local override; warning
    @(0.0000 mm, 0.0000 mm): Track [<no net>] on F.Cu, length 0.0000 mm
[track_dangling]: Track has unconnected end
    Local override; warning
    @(0.0000 mm, 0.0000 mm): Track [<no net>] on F.Cu, length 0.0000 mm
[via_dangling]: Via is not connected or connected on only one layer
    Local override; warning
    @(86.0000 mm, 112.0000 mm): Via [/CORE_CM5/POWER_GND] on F.Cu - B.Cu
[via_dangling]: Via is not connected or connected on only one layer
    Local override; warning
    @(75.0000 mm, 97.0000 mm): Via [/CORE_CM5/POWER_GND] on F.Cu - B.Cu
[via_dangling]: Via is not connected or connected on only one layer
    Local override; warning
    @(86.0000 mm, 104.0000 mm): Via [/CORE_CM5/POWER_GND] on F.Cu - B.Cu
[via_dangling]: Via is not connected or connected on only one layer
    Local override; warning
    @(75.0000 mm, 104.0000 mm): Via [/CORE_CM5/POWER_GND] on F.Cu - B.Cu
[silk_edge_clearance]: Silkscreen clipped by board edge
    Rule: board setup constraints silk; warning
    @(0.0000 mm, 0.0000 mm): Rectangle on Edge.Cuts
    @(248.5000 mm, 160.0000 mm): Segment of J3 on f.silkscreen
[silk_edge_clearance]: Silkscreen clipped by board edge
    Rule: board setup constraints silk; warning
    @(0.0000 mm, 0.0000 mm): Rectangle on Edge.Cuts
    @(271.5000 mm, 238.2500 mm): Segment of J3 on f.silkscreen
[holes_co_located]: Drilled holes co-located
    Local override; warning
    @(267.1500 mm, 139.0000 mm): Via [POWER_GND] on F.Cu - B.Cu
    @(267.1500 mm, 139.0000 mm): Via [POWER_GND] on F.Cu - B.Cu
[holes_co_located]: Drilled holes co-located
    Local override; warning
    @(267.1500 mm, 139.0000 mm): Via [POWER_GND] on F.Cu - B.Cu
    @(267.1500 mm, 139.0000 mm): Via [POWER_GND] on F.Cu - B.Cu
[holes_co_located]: Drilled holes co-located
    Local override; warning
    @(267.1500 mm, 139.0000 mm): Via [POWER_GND] on F.Cu - B.Cu
    @(267.1500 mm, 139.0000 mm): Via [POWER_GND] on F.Cu - B.Cu
[holes_co_located]: Drilled holes co-located
    Local override; warning
    @(267.1500 mm, 139.0000 mm): Via [POWER_GND] on F.Cu - B.Cu
    @(267.1500 mm, 139.0000 mm): Via [POWER_GND] on F.Cu - B.Cu
[holes_co_located]: Drilled holes co-located
    Local override; warning
    @(267.1500 mm, 139.0000 mm): Via [POWER_GND] on F.Cu - B.Cu
    @(267.1500 mm, 139.0000 mm): Via [POWER_GND] on F.Cu - B.Cu
[holes_co_located]: Drilled holes co-located
    Local override; warning
    @(267.1500 mm, 139.0000 mm): Via [POWER_GND] on F.Cu - B.Cu
    @(267.1500 mm, 139.0000 mm): Via [POWER_GND] on F.Cu - B.Cu
[holes_co_located]: Drilled holes co-located
    Local override; warning
    @(267.1500 mm, 139.0000 mm): Via [POWER_GND] on F.Cu - B.Cu
    @(267.1500 mm, 139.0000 mm): Via [POWER_GND] on F.Cu - B.Cu
[holes_co_located]: Drilled holes co-located
    Local override; warning
    @(267.1500 mm, 139.0000 mm): Via [POWER_GND] on F.Cu - B.Cu
    @(267.1500 mm, 139.0000 mm): Via [POWER_GND] on F.Cu - B.Cu
[holes_co_located]: Drilled holes co-located
    Local override; warning
    @(267.1500 mm, 139.0000 mm): Via [POWER_GND] on F.Cu - B.Cu
    @(267.1500 mm, 139.0000 mm): Via [POWER_GND] on F.Cu - B.Cu
[holes_co_located]: Drilled holes co-located
    Local override; warning
    @(267.1500 mm, 139.0000 mm): Via [POWER_GND] on F.Cu - B.Cu
    @(267.1500 mm, 139.0000 mm): Via [POWER_GND] on F.Cu - B.Cu
[holes_co_located]: Drilled holes co-located
    Local override; warning
    @(267.1500 mm, 139.0000 mm): Via [POWER_GND] on F.Cu - B.Cu
    @(267.1500 mm, 139.0000 mm): Via [POWER_GND] on F.Cu - B.Cu
[holes_co_located]: Drilled holes co-located
    Local override; warning
    @(267.1500 mm, 139.0000 mm): Via [POWER_GND] on F.Cu - B.Cu
    @(267.1500 mm, 139.0000 mm): Via [POWER_GND] on F.Cu - B.Cu
[holes_co_located]: Drilled holes co-located
    Local override; warning
    @(267.1500 mm, 139.0000 mm): Via [POWER_GND] on F.Cu - B.Cu
    @(267.1500 mm, 139.0000 mm): Via [POWER_GND] on F.Cu - B.Cu
[holes_co_located]: Drilled holes co-located
    Local override; warning
    @(267.1500 mm, 139.0000 mm): Via [POWER_GND] on F.Cu - B.Cu
    @(267.1500 mm, 139.0000 mm): Via [POWER_GND] on F.Cu - B.Cu
[holes_co_located]: Drilled holes co-located
    Local override; warning
    @(267.1500 mm, 139.0000 mm): Via [POWER_GND] on F.Cu - B.Cu
    @(267.1500 mm, 139.0000 mm): Via [POWER_GND] on F.Cu - B.Cu
[holes_co_located]: Drilled holes co-located
    Local override; warning
    @(267.1500 mm, 139.0000 mm): Via [POWER_GND] on F.Cu - B.Cu
    @(267.1500 mm, 139.0000 mm): Via [POWER_GND] on F.Cu - B.Cu
[holes_co_located]: Drilled holes co-located
    Local override; warning
    @(267.1500 mm, 139.0000 mm): Via [POWER_GND] on F.Cu - B.Cu
    @(267.1500 mm, 139.0000 mm): Via [POWER_GND] on F.Cu - B.Cu
[holes_co_located]: Drilled holes co-located
    Local override; warning
    @(267.1500 mm, 139.0000 mm): Via [POWER_GND] on F.Cu - B.Cu
    @(267.1500 mm, 139.0000 mm): Via [POWER_GND] on F.Cu - B.Cu
[holes_co_located]: Drilled holes co-located
    Local override; warning
    @(267.1500 mm, 139.0000 mm): Via [POWER_GND] on F.Cu - B.Cu
    @(267.1500 mm, 139.0000 mm): Via [POWER_GND] on F.Cu - B.Cu
[holes_co_located]: Drilled holes co-located
    Local override; warning
    @(267.1500 mm, 139.0000 mm): Via [POWER_GND] on F.Cu - B.Cu
    @(267.1500 mm, 139.0000 mm): Via [POWER_GND] on F.Cu - B.Cu
[holes_co_located]: Drilled holes co-located
    Local override; warning
    @(267.1500 mm, 139.0000 mm): Via [POWER_GND] on F.Cu - B.Cu
    @(267.1500 mm, 139.0000 mm): Via [POWER_GND] on F.Cu - B.Cu
[holes_co_located]: Drilled holes co-located
    Local override; warning
    @(267.1500 mm, 139.0000 mm): Via [POWER_GND] on F.Cu - B.Cu
    @(267.1500 mm, 139.0000 mm): Via [POWER_GND] on F.Cu - B.Cu
[holes_co_located]: Drilled holes co-located
    Local override; warning
    @(267.1500 mm, 139.0000 mm): Via [POWER_GND] on F.Cu - B.Cu
    @(267.1500 mm, 139.0000 mm): Via [POWER_GND] on F.Cu - B.Cu
[holes_co_located]: Drilled holes co-located
    Local override; warning
    @(267.1500 mm, 139.0000 mm): Via [POWER_GND] on F.Cu - B.Cu
    @(267.1500 mm, 139.0000 mm): Via [POWER_GND] on F.Cu - B.Cu
[holes_co_located]: Drilled holes co-located
    Local override; warning
    @(267.1500 mm, 139.0000 mm): Via [POWER_GND] on F.Cu - B.Cu
    @(267.1500 mm, 139.0000 mm): Via [POWER_GND] on F.Cu - B.Cu
[holes_co_located]: Drilled holes co-located
    Local override; warning
    @(267.1500 mm, 139.0000 mm): Via [POWER_GND] on F.Cu - B.Cu
    @(267.1500 mm, 139.0000 mm): Via [POWER_GND] on F.Cu - B.Cu
[holes_co_located]: Drilled holes co-located
    Local override; warning
    @(267.1500 mm, 139.0000 mm): Via [POWER_GND] on F.Cu - B.Cu
    @(267.1500 mm, 139.0000 mm): Via [POWER_GND] on F.Cu - B.Cu
[holes_co_located]: Drilled holes co-located
    Local override; warning
    @(267.1500 mm, 139.0000 mm): Via [POWER_GND] on F.Cu - B.Cu
    @(267.1500 mm, 139.0000 mm): Via [POWER_GND] on F.Cu - B.Cu
[holes_co_located]: Drilled holes co-located
    Local override; warning
    @(267.1500 mm, 139.0000 mm): Via [POWER_GND] on F.Cu - B.Cu
    @(267.1500 mm, 139.0000 mm): Via [POWER_GND] on F.Cu - B.Cu
[holes_co_located]: Drilled holes co-located
    Local override; warning
    @(267.1500 mm, 139.0000 mm): Via [POWER_GND] on F.Cu - B.Cu
    @(267.1500 mm, 139.0000 mm): Via [POWER_GND] on F.Cu - B.Cu
[holes_co_located]: Drilled holes co-located
    Local override; warning
    @(267.1500 mm, 139.0000 mm): Via [POWER_GND] on F.Cu - B.Cu
    @(267.1500 mm, 139.0000 mm): Via [POWER_GND] on F.Cu - B.Cu
[holes_co_located]: Drilled holes co-located
    Local override; warning
    @(267.1500 mm, 139.0000 mm): Via [POWER_GND] on F.Cu - B.Cu
    @(267.1500 mm, 139.0000 mm): Via [POWER_GND] on F.Cu - B.Cu
[holes_co_located]: Drilled holes co-located
    Local override; warning
    @(267.1500 mm, 139.0000 mm): Via [POWER_GND] on F.Cu - B.Cu
    @(267.1500 mm, 139.0000 mm): Via [POWER_GND] on F.Cu - B.Cu
[holes_co_located]: Drilled holes co-located
    Local override; warning
    @(267.1500 mm, 139.0000 mm): Via [POWER_GND] on F.Cu - B.Cu
    @(267.1500 mm, 139.0000 mm): Via [POWER_GND] on F.Cu - B.Cu
[holes_co_located]: Drilled holes co-located
    Local override; warning
    @(267.1500 mm, 139.0000 mm): Via [POWER_GND] on F.Cu - B.Cu
    @(267.1500 mm, 139.0000 mm): Via [POWER_GND] on F.Cu - B.Cu
[holes_co_located]: Drilled holes co-located
    Local override; warning
    @(267.1500 mm, 139.0000 mm): Via [POWER_GND] on F.Cu - B.Cu
    @(267.1500 mm, 139.0000 mm): Via [POWER_GND] on F.Cu - B.Cu
[holes_co_located]: Drilled holes co-located
    Local override; warning
    @(267.1500 mm, 139.0000 mm): Via [POWER_GND] on F.Cu - B.Cu
    @(267.1500 mm, 139.0000 mm): Via [POWER_GND] on F.Cu - B.Cu
[holes_co_located]: Drilled holes co-located
    Local override; warning
    @(267.1500 mm, 139.0000 mm): Via [POWER_GND] on F.Cu - B.Cu
    @(267.1500 mm, 139.0000 mm): Via [POWER_GND] on F.Cu - B.Cu
[holes_co_located]: Drilled holes co-located
    Local override; warning
    @(267.1500 mm, 139.0000 mm): Via [POWER_GND] on F.Cu - B.Cu
    @(267.1500 mm, 139.0000 mm): Via [POWER_GND] on F.Cu - B.Cu
[holes_co_located]: Drilled holes co-located
    Local override; warning
    @(267.1500 mm, 139.0000 mm): Via [POWER_GND] on F.Cu - B.Cu
    @(267.1500 mm, 139.0000 mm): Via [POWER_GND] on F.Cu - B.Cu
[holes_co_located]: Drilled holes co-located
    Local override; warning
    @(267.1500 mm, 139.0000 mm): Via [POWER_GND] on F.Cu - B.Cu
    @(267.1500 mm, 139.0000 mm): Via [POWER_GND] on F.Cu - B.Cu
[holes_co_located]: Drilled holes co-located
    Local override; warning
    @(267.1500 mm, 139.0000 mm): Via [POWER_GND] on F.Cu - B.Cu
    @(267.1500 mm, 139.0000 mm): Via [POWER_GND] on F.Cu - B.Cu
[holes_co_located]: Drilled holes co-located
    Local override; warning
    @(267.1500 mm, 139.0000 mm): Via [POWER_GND] on F.Cu - B.Cu
    @(267.1500 mm, 139.0000 mm): Via [POWER_GND] on F.Cu - B.Cu
[holes_co_located]: Drilled holes co-located
    Local override; warning
    @(267.1500 mm, 139.0000 mm): Via [POWER_GND] on F.Cu - B.Cu
    @(267.1500 mm, 139.0000 mm): Via [POWER_GND] on F.Cu - B.Cu
[holes_co_located]: Drilled holes co-located
    Local override; warning
    @(267.1500 mm, 139.0000 mm): Via [POWER_GND] on F.Cu - B.Cu
    @(267.1500 mm, 139.0000 mm): Via [POWER_GND] on F.Cu - B.Cu
[holes_co_located]: Drilled holes co-located
    Local override; warning
    @(267.1500 mm, 139.0000 mm): Via [POWER_GND] on F.Cu - B.Cu
    @(267.1500 mm, 139.0000 mm): Via [POWER_GND] on F.Cu - B.Cu
[holes_co_located]: Drilled holes co-located
    Local override; warning
    @(267.1500 mm, 139.0000 mm): Via [POWER_GND] on F.Cu - B.Cu
    @(267.1500 mm, 139.0000 mm): Via [POWER_GND] on F.Cu - B.Cu
[holes_co_located]: Drilled holes co-located
    Local override; warning
    @(267.1500 mm, 139.0000 mm): Via [POWER_GND] on F.Cu - B.Cu
    @(267.1500 mm, 139.0000 mm): Via [POWER_GND] on F.Cu - B.Cu
[holes_co_located]: Drilled holes co-located
    Local override; warning
    @(267.1500 mm, 139.0000 mm): Via [POWER_GND] on F.Cu - B.Cu
    @(267.1500 mm, 139.0000 mm): Via [POWER_GND] on F.Cu - B.Cu
[holes_co_located]: Drilled holes co-located
    Local override; warning
    @(267.1500 mm, 139.0000 mm): Via [POWER_GND] on F.Cu - B.Cu
    @(267.1500 mm, 139.0000 mm): Via [POWER_GND] on F.Cu - B.Cu
[holes_co_located]: Drilled holes co-located
    Local override; warning
    @(267.1500 mm, 139.0000 mm): Via [POWER_GND] on F.Cu - B.Cu
    @(267.1500 mm, 139.0000 mm): Via [POWER_GND] on F.Cu - B.Cu
[holes_co_located]: Drilled holes co-located
    Local override; warning
    @(267.1500 mm, 139.0000 mm): Via [POWER_GND] on F.Cu - B.Cu
    @(267.1500 mm, 139.0000 mm): Via [POWER_GND] on F.Cu - B.Cu
[holes_co_located]: Drilled holes co-located
    Local override; warning
    @(267.1500 mm, 139.0000 mm): Via [POWER_GND] on F.Cu - B.Cu
    @(267.1500 mm, 139.0000 mm): Via [POWER_GND] on F.Cu - B.Cu
[holes_co_located]: Drilled holes co-located
    Local override; warning
    @(267.1500 mm, 139.0000 mm): Via [POWER_GND] on F.Cu - B.Cu
    @(267.1500 mm, 139.0000 mm): Via [POWER_GND] on F.Cu - B.Cu
[holes_co_located]: Drilled holes co-located
    Local override; warning
    @(267.1500 mm, 139.0000 mm): Via [POWER_GND] on F.Cu - B.Cu
    @(267.1500 mm, 139.0000 mm): Via [POWER_GND] on F.Cu - B.Cu
[holes_co_located]: Drilled holes co-located
    Local override; warning
    @(267.1500 mm, 139.0000 mm): Via [POWER_GND] on F.Cu - B.Cu
    @(267.1500 mm, 139.0000 mm): Via [POWER_GND] on F.Cu - B.Cu
[holes_co_located]: Drilled holes co-located
    Local override; warning
    @(267.1500 mm, 139.0000 mm): Via [POWER_GND] on F.Cu - B.Cu
    @(267.1500 mm, 139.0000 mm): Via [POWER_GND] on F.Cu - B.Cu
[holes_co_located]: Drilled holes co-located
    Local override; warning
    @(267.1500 mm, 139.0000 mm): Via [POWER_GND] on F.Cu - B.Cu
    @(267.1500 mm, 139.0000 mm): Via [POWER_GND] on F.Cu - B.Cu
[holes_co_located]: Drilled holes co-located
    Local override; warning
    @(267.1500 mm, 139.0000 mm): Via [POWER_GND] on F.Cu - B.Cu
    @(267.1500 mm, 139.0000 mm): Via [POWER_GND] on F.Cu - B.Cu
[holes_co_located]: Drilled holes co-located
    Local override; warning
    @(267.1500 mm, 139.0000 mm): Via [POWER_GND] on F.Cu - B.Cu
    @(267.1500 mm, 139.0000 mm): Via [POWER_GND] on F.Cu - B.Cu
[holes_co_located]: Drilled holes co-located
    Local override; warning
    @(267.1500 mm, 139.0000 mm): Via [POWER_GND] on F.Cu - B.Cu
    @(267.1500 mm, 139.0000 mm): Via [POWER_GND] on F.Cu - B.Cu
[holes_co_located]: Drilled holes co-located
    Local override; warning
    @(267.1500 mm, 139.0000 mm): Via [POWER_GND] on F.Cu - B.Cu
    @(267.1500 mm, 139.0000 mm): Via [POWER_GND] on F.Cu - B.Cu
[holes_co_located]: Drilled holes co-located
    Local override; warning
    @(267.1500 mm, 139.0000 mm): Via [POWER_GND] on F.Cu - B.Cu
    @(267.1500 mm, 139.0000 mm): Via [POWER_GND] on F.Cu - B.Cu
[holes_co_located]: Drilled holes co-located
    Local override; warning
    @(267.1500 mm, 139.0000 mm): Via [POWER_GND] on F.Cu - B.Cu
    @(267.1500 mm, 139.0000 mm): Via [POWER_GND] on F.Cu - B.Cu
[holes_co_located]: Drilled holes co-located
    Local override; warning
    @(267.1500 mm, 139.0000 mm): Via [POWER_GND] on F.Cu - B.Cu
    @(267.1500 mm, 139.0000 mm): Via [POWER_GND] on F.Cu - B.Cu
[holes_co_located]: Drilled holes co-located
    Local override; warning
    @(267.1500 mm, 139.0000 mm): Via [POWER_GND] on F.Cu - B.Cu
    @(267.1500 mm, 139.0000 mm): Via [POWER_GND] on F.Cu - B.Cu
[holes_co_located]: Drilled holes co-located
    Local override; warning
    @(267.1500 mm, 139.0000 mm): Via [POWER_GND] on F.Cu - B.Cu
    @(267.1500 mm, 139.0000 mm): Via [POWER_GND] on F.Cu - B.Cu
[holes_co_located]: Drilled holes co-located
    Local override; warning
    @(267.1500 mm, 139.0000 mm): Via [POWER_GND] on F.Cu - B.Cu
    @(267.1500 mm, 139.0000 mm): Via [POWER_GND] on F.Cu - B.Cu
[holes_co_located]: Drilled holes co-located
    Local override; warning
    @(267.1500 mm, 139.0000 mm): Via [POWER_GND] on F.Cu - B.Cu
    @(267.1500 mm, 139.0000 mm): Via [POWER_GND] on F.Cu - B.Cu
[holes_co_located]: Drilled holes co-located
    Local override; warning
    @(267.1500 mm, 139.0000 mm): Via [POWER_GND] on F.Cu - B.Cu
    @(267.1500 mm, 139.0000 mm): Via [POWER_GND] on F.Cu - B.Cu
[holes_co_located]: Drilled holes co-located
    Local override; warning
    @(267.1500 mm, 139.0000 mm): Via [POWER_GND] on F.Cu - B.Cu
    @(267.1500 mm, 139.0000 mm): Via [POWER_GND] on F.Cu - B.Cu
[holes_co_located]: Drilled holes co-located
    Local override; warning
    @(267.1500 mm, 139.0000 mm): Via [POWER_GND] on F.Cu - B.Cu
    @(267.1500 mm, 139.0000 mm): Via [POWER_GND] on F.Cu - B.Cu
[holes_co_located]: Drilled holes co-located
    Local override; warning
    @(267.1500 mm, 139.0000 mm): Via [POWER_GND] on F.Cu - B.Cu
    @(267.1500 mm, 139.0000 mm): Via [POWER_GND] on F.Cu - B.Cu
[holes_co_located]: Drilled holes co-located
    Local override; warning
    @(267.1500 mm, 139.0000 mm): Via [POWER_GND] on F.Cu - B.Cu
    @(267.1500 mm, 139.0000 mm): Via [POWER_GND] on F.Cu - B.Cu
[holes_co_located]: Drilled holes co-located
    Local override; warning
    @(267.1500 mm, 139.0000 mm): Via [POWER_GND] on F.Cu - B.Cu
    @(267.1500 mm, 139.0000 mm): Via [POWER_GND] on F.Cu - B.Cu
[holes_co_located]: Drilled holes co-located
    Local override; warning
    @(267.1500 mm, 139.0000 mm): Via [POWER_GND] on F.Cu - B.Cu
    @(267.1500 mm, 139.0000 mm): Via [POWER_GND] on F.Cu - B.Cu
[holes_co_located]: Drilled holes co-located
    Local override; warning
    @(267.1500 mm, 139.0000 mm): Via [POWER_GND] on F.Cu - B.Cu
    @(267.1500 mm, 139.0000 mm): Via [POWER_GND] on F.Cu - B.Cu
[holes_co_located]: Drilled holes co-located
    Local override; warning
    @(267.1500 mm, 139.0000 mm): Via [POWER_GND] on F.Cu - B.Cu
    @(267.1500 mm, 139.0000 mm): Via [POWER_GND] on F.Cu - B.Cu
[holes_co_located]: Drilled holes co-located
    Local override; warning
    @(267.1500 mm, 139.0000 mm): Via [POWER_GND] on F.Cu - B.Cu
    @(267.1500 mm, 139.0000 mm): Via [POWER_GND] on F.Cu - B.Cu
[holes_co_located]: Drilled holes co-located
    Local override; warning
    @(267.1500 mm, 139.0000 mm): Via [POWER_GND] on F.Cu - B.Cu
    @(267.1500 mm, 139.0000 mm): Via [POWER_GND] on F.Cu - B.Cu
[holes_co_located]: Drilled holes co-located
    Local override; warning
    @(267.1500 mm, 139.0000 mm): Via [POWER_GND] on F.Cu - B.Cu
    @(267.1500 mm, 139.0000 mm): Via [POWER_GND] on F.Cu - B.Cu
[holes_co_located]: Drilled holes co-located
    Local override; warning
    @(267.1500 mm, 139.0000 mm): Via [POWER_GND] on F.Cu - B.Cu
    @(267.1500 mm, 139.0000 mm): Via [POWER_GND] on F.Cu - B.Cu
[holes_co_located]: Drilled holes co-located
    Local override; warning
    @(267.1500 mm, 139.0000 mm): Via [POWER_GND] on F.Cu - B.Cu
    @(267.1500 mm, 139.0000 mm): Via [POWER_GND] on F.Cu - B.Cu
[holes_co_located]: Drilled holes co-located
    Local override; warning
    @(267.1500 mm, 139.0000 mm): Via [POWER_GND] on F.Cu - B.Cu
    @(267.1500 mm, 139.0000 mm): Via [POWER_GND] on F.Cu - B.Cu
[holes_co_located]: Drilled holes co-located
    Local override; warning
    @(267.1500 mm, 139.0000 mm): Via [POWER_GND] on F.Cu - B.Cu
    @(267.1500 mm, 139.0000 mm): Via [POWER_GND] on F.Cu - B.Cu
[holes_co_located]: Drilled holes co-located
    Local override; warning
    @(267.1500 mm, 139.0000 mm): Via [POWER_GND] on F.Cu - B.Cu
    @(267.1500 mm, 139.0000 mm): Via [POWER_GND] on F.Cu - B.Cu
[holes_co_located]: Drilled holes co-located
    Local override; warning
    @(267.1500 mm, 139.0000 mm): Via [POWER_GND] on F.Cu - B.Cu
    @(267.1500 mm, 139.0000 mm): Via [POWER_GND] on F.Cu - B.Cu
[holes_co_located]: Drilled holes co-located
    Local override; warning
    @(267.1500 mm, 139.0000 mm): Via [POWER_GND] on F.Cu - B.Cu
    @(267.1500 mm, 139.0000 mm): Via [POWER_GND] on F.Cu - B.Cu
[holes_co_located]: Drilled holes co-located
    Local override; warning
    @(267.1500 mm, 139.0000 mm): Via [POWER_GND] on F.Cu - B.Cu
    @(267.1500 mm, 139.0000 mm): Via [POWER_GND] on F.Cu - B.Cu
[holes_co_located]: Drilled holes co-located
    Local override; warning
    @(267.1500 mm, 139.0000 mm): Via [POWER_GND] on F.Cu - B.Cu
    @(267.1500 mm, 139.0000 mm): Via [POWER_GND] on F.Cu - B.Cu
[holes_co_located]: Drilled holes co-located
    Local override; warning
    @(267.1500 mm, 139.0000 mm): Via [POWER_GND] on F.Cu - B.Cu
    @(267.1500 mm, 139.0000 mm): Via [POWER_GND] on F.Cu - B.Cu
[holes_co_located]: Drilled holes co-located
    Local override; warning
    @(267.1500 mm, 139.0000 mm): Via [POWER_GND] on F.Cu - B.Cu
    @(267.1500 mm, 139.0000 mm): Via [POWER_GND] on F.Cu - B.Cu
[holes_co_located]: Drilled holes co-located
    Local override; warning
    @(267.1500 mm, 139.0000 mm): Via [POWER_GND] on F.Cu - B.Cu
    @(267.1500 mm, 139.0000 mm): Via [POWER_GND] on F.Cu - B.Cu
[holes_co_located]: Drilled holes co-located
    Local override; warning
    @(267.1500 mm, 139.0000 mm): Via [POWER_GND] on F.Cu - B.Cu
    @(267.1500 mm, 139.0000 mm): Via [POWER_GND] on F.Cu - B.Cu
[holes_co_located]: Drilled holes co-located
    Local override; warning
    @(267.1500 mm, 139.0000 mm): Via [POWER_GND] on F.Cu - B.Cu
    @(267.1500 mm, 139.0000 mm): Via [POWER_GND] on F.Cu - B.Cu
[holes_co_located]: Drilled holes co-located
    Local override; warning
    @(267.1500 mm, 139.0000 mm): Via [POWER_GND] on F.Cu - B.Cu
    @(267.1500 mm, 139.0000 mm): Via [POWER_GND] on F.Cu - B.Cu
[holes_co_located]: Drilled holes co-located
    Local override; warning
    @(267.1500 mm, 139.0000 mm): Via [POWER_GND] on F.Cu - B.Cu
    @(267.1500 mm, 139.0000 mm): Via [POWER_GND] on F.Cu - B.Cu
[holes_co_located]: Drilled holes co-located
    Local override; warning
    @(267.1500 mm, 139.0000 mm): Via [POWER_GND] on F.Cu - B.Cu
    @(267.1500 mm, 139.0000 mm): Via [POWER_GND] on F.Cu - B.Cu
[holes_co_located]: Drilled holes co-located
    Local override; warning
    @(267.1500 mm, 139.0000 mm): Via [POWER_GND] on F.Cu - B.Cu
    @(267.1500 mm, 139.0000 mm): Via [POWER_GND] on F.Cu - B.Cu
[holes_co_located]: Drilled holes co-located
    Local override; warning
    @(267.1500 mm, 139.0000 mm): Via [POWER_GND] on F.Cu - B.Cu
    @(267.1500 mm, 139.0000 mm): Via [POWER_GND] on F.Cu - B.Cu
[holes_co_located]: Drilled holes co-located
    Local override; warning
    @(267.1500 mm, 139.0000 mm): Via [POWER_GND] on F.Cu - B.Cu
    @(267.1500 mm, 139.0000 mm): Via [POWER_GND] on F.Cu - B.Cu
[holes_co_located]: Drilled holes co-located
    Local override; warning
    @(267.1500 mm, 139.0000 mm): Via [POWER_GND] on F.Cu - B.Cu
    @(267.1500 mm, 139.0000 mm): Via [POWER_GND] on F.Cu - B.Cu
[holes_co_located]: Drilled holes co-located
    Local override; warning
    @(267.1500 mm, 139.0000 mm): Via [POWER_GND] on F.Cu - B.Cu
    @(267.1500 mm, 139.0000 mm): Via [POWER_GND] on F.Cu - B.Cu
[holes_co_located]: Drilled holes co-located
    Local override; warning
    @(267.1500 mm, 139.0000 mm): Via [POWER_GND] on F.Cu - B.Cu
    @(267.1500 mm, 139.0000 mm): Via [POWER_GND] on F.Cu - B.Cu
[holes_co_located]: Drilled holes co-located
    Local override; warning
    @(267.1500 mm, 139.0000 mm): Via [POWER_GND] on F.Cu - B.Cu
    @(267.1500 mm, 139.0000 mm): Via [POWER_GND] on F.Cu - B.Cu
[holes_co_located]: Drilled holes co-located
    Local override; warning
    @(267.1500 mm, 139.0000 mm): Via [POWER_GND] on F.Cu - B.Cu
    @(267.1500 mm, 139.0000 mm): Via [POWER_GND] on F.Cu - B.Cu
[holes_co_located]: Drilled holes co-located
    Local override; warning
    @(267.1500 mm, 139.0000 mm): Via [POWER_GND] on F.Cu - B.Cu
    @(267.1500 mm, 139.0000 mm): Via [POWER_GND] on F.Cu - B.Cu
[holes_co_located]: Drilled holes co-located
    Local override; warning
    @(267.1500 mm, 139.0000 mm): Via [POWER_GND] on F.Cu - B.Cu
    @(267.1500 mm, 139.0000 mm): Via [POWER_GND] on F.Cu - B.Cu
[holes_co_located]: Drilled holes co-located
    Local override; warning
    @(267.1500 mm, 139.0000 mm): Via [POWER_GND] on F.Cu - B.Cu
    @(267.1500 mm, 139.0000 mm): Via [POWER_GND] on F.Cu - B.Cu
[holes_co_located]: Drilled holes co-located
    Local override; warning
    @(267.1500 mm, 139.0000 mm): Via [POWER_GND] on F.Cu - B.Cu
    @(267.1500 mm, 139.0000 mm): Via [POWER_GND] on F.Cu - B.Cu
[holes_co_located]: Drilled holes co-located
    Local override; warning
    @(267.1500 mm, 139.0000 mm): Via [POWER_GND] on F.Cu - B.Cu
    @(267.1500 mm, 139.0000 mm): Via [POWER_GND] on F.Cu - B.Cu
[holes_co_located]: Drilled holes co-located
    Local override; warning
    @(267.1500 mm, 139.0000 mm): Via [POWER_GND] on F.Cu - B.Cu
    @(267.1500 mm, 139.0000 mm): Via [POWER_GND] on F.Cu - B.Cu
[holes_co_located]: Drilled holes co-located
    Local override; warning
    @(267.1500 mm, 139.0000 mm): Via [POWER_GND] on F.Cu - B.Cu
    @(267.1500 mm, 139.0000 mm): Via [POWER_GND] on F.Cu - B.Cu
[holes_co_located]: Drilled holes co-located
    Local override; warning
    @(267.1500 mm, 139.0000 mm): Via [POWER_GND] on F.Cu - B.Cu
    @(267.1500 mm, 139.0000 mm): Via [POWER_GND] on F.Cu - B.Cu
[holes_co_located]: Drilled holes co-located
    Local override; warning
    @(267.1500 mm, 139.0000 mm): Via [POWER_GND] on F.Cu - B.Cu
    @(267.1500 mm, 139.0000 mm): Via [POWER_GND] on F.Cu - B.Cu
[holes_co_located]: Drilled holes co-located
    Local override; warning
    @(267.1500 mm, 139.0000 mm): Via [POWER_GND] on F.Cu - B.Cu
    @(267.1500 mm, 139.0000 mm): Via [POWER_GND] on F.Cu - B.Cu
[holes_co_located]: Drilled holes co-located
    Local override; warning
    @(267.1500 mm, 139.0000 mm): Via [POWER_GND] on F.Cu - B.Cu
    @(267.1500 mm, 139.0000 mm): Via [POWER_GND] on F.Cu - B.Cu
[holes_co_located]: Drilled holes co-located
    Local override; warning
    @(267.1500 mm, 139.0000 mm): Via [POWER_GND] on F.Cu - B.Cu
    @(267.1500 mm, 139.0000 mm): Via [POWER_GND] on F.Cu - B.Cu
[holes_co_located]: Drilled holes co-located
    Local override; warning
    @(267.1500 mm, 139.0000 mm): Via [POWER_GND] on F.Cu - B.Cu
    @(267.1500 mm, 139.0000 mm): Via [POWER_GND] on F.Cu - B.Cu
[holes_co_located]: Drilled holes co-located
    Local override; warning
    @(267.1500 mm, 139.0000 mm): Via [POWER_GND] on F.Cu - B.Cu
    @(267.1500 mm, 139.0000 mm): Via [POWER_GND] on F.Cu - B.Cu
[text_height]: Text height out of range (board setup constraints silk text height min height 0.8000 mm; actual 0.7000 mm)
    Rule: board setup constraints silk text height; warning
    @(212.0000 mm, 81.1000 mm): Reference field of R13
[text_height]: Text height out of range (board setup constraints silk text height min height 0.8000 mm; actual 0.7000 mm)
    Rule: board setup constraints silk text height; warning
    @(55.0000 mm, 149.1000 mm): Reference field of R2
[text_height]: Text height out of range (board setup constraints silk text height min height 0.8000 mm; actual 0.7000 mm)
    Rule: board setup constraints silk text height; warning
    @(236.0000 mm, 144.1000 mm): Reference field of R22
[text_height]: Text height out of range (board setup constraints silk text height min height 0.8000 mm; actual 0.7000 mm)
    Rule: board setup constraints silk text height; warning
    @(55.0000 mm, 139.1000 mm): Reference field of R1
[text_height]: Text height out of range (board setup constraints silk text height min height 0.8000 mm; actual 0.7000 mm)
    Rule: board setup constraints silk text height; warning
    @(234.0000 mm, 144.1000 mm): Reference field of R21
[text_height]: Text height out of range (board setup constraints silk text height min height 0.8000 mm; actual 0.7000 mm)
    Rule: board setup constraints silk text height; warning
    @(73.0000 mm, 69.9000 mm): Reference field of R6
[text_height]: Text height out of range (board setup constraints silk text height min height 0.8000 mm; actual 0.7000 mm)
    Rule: board setup constraints silk text height; warning
    @(245.0000 mm, 149.1000 mm): Reference field of R19
[text_height]: Text height out of range (board setup constraints silk text height min height 0.8000 mm; actual 0.7000 mm)
    Rule: board setup constraints silk text height; warning
    @(218.0000 mm, 75.1000 mm): Reference field of R14
[text_height]: Text height out of range (board setup constraints silk text height min height 0.8000 mm; actual 0.7000 mm)
    Rule: board setup constraints silk text height; warning
    @(61.0000 mm, 65.1000 mm): Reference field of R5
[text_height]: Text height out of range (board setup constraints silk text height min height 0.8000 mm; actual 0.7000 mm)
    Rule: board setup constraints silk text height; warning
    @(82.0000 mm, 61.1000 mm): Reference field of R4
[text_height]: Text height out of range (board setup constraints silk text height min height 0.8000 mm; actual 0.7000 mm)
    Rule: board setup constraints silk text height; warning
    @(188.0000 mm, 69.1000 mm): Reference field of R11
[text_height]: Text height out of range (board setup constraints silk text height min height 0.8000 mm; actual 0.7000 mm)
    Rule: board setup constraints silk text height; warning
    @(196.0000 mm, 69.1000 mm): Reference field of R12
[text_height]: Text height out of range (board setup constraints silk text height min height 0.8000 mm; actual 0.7000 mm)
    Rule: board setup constraints silk text height; warning
    @(78.0000 mm, 62.9000 mm): Reference field of R3
[text_height]: Text height out of range (board setup constraints silk text height min height 0.8000 mm; actual 0.7000 mm)
    Rule: board setup constraints silk text height; warning
    @(253.0000 mm, 149.1000 mm): Reference field of R20
[text_height]: Text height out of range (board setup constraints silk text height min height 0.8000 mm; actual 0.7000 mm)
    Rule: board setup constraints silk text height; warning
    @(57.0000 mm, 39.1000 mm): Reference field of RCT4
[text_height]: Text height out of range (board setup constraints silk text height min height 0.8000 mm; actual 0.7000 mm)
    Rule: board setup constraints silk text height; warning
    @(62.0000 mm, 39.1000 mm): Reference field of RCT3
[text_height]: Text height out of range (board setup constraints silk text height min height 0.8000 mm; actual 0.7000 mm)
    Rule: board setup constraints silk text height; warning
    @(72.0000 mm, 39.1000 mm): Reference field of RCT1
[text_height]: Text height out of range (board setup constraints silk text height min height 0.8000 mm; actual 0.7000 mm)
    Rule: board setup constraints silk text height; warning
    @(93.0000 mm, 39.1000 mm): Reference field of RCT2
[silk_overlap]: Silkscreen clearance
    Rule: board setup constraints silk; warning
    @(252.3800 mm, 149.7130 mm): Reference field of J3
    @(253.0000 mm, 149.1000 mm): Reference field of R20
[silk_overlap]: Silkscreen clearance
    Rule: board setup constraints silk; warning
    @(77.9000 mm, 65.2333 mm): Reference field of U9
    @(78.3000 mm, 65.2300 mm): Reference field of U6
[silk_overlap]: Silkscreen clearance
    Rule: board setup constraints silk; warning
    @(77.9000 mm, 65.2333 mm): Reference field of U9
    @(77.5000 mm, 64.4500 mm): Reference field of J2
[silk_overlap]: Silkscreen clearance
    Rule: board setup constraints silk; warning
    @(78.3000 mm, 65.2300 mm): Reference field of U6
    @(77.5000 mm, 64.4500 mm): Reference field of J2
[silk_overlap]: Silkscreen clearance
    Rule: board setup constraints silk; warning
    @(47.0000 mm, 78.2500 mm): Reference field of C6
    @(68.0000 mm, 78.5000 mm): Segment of J7 on f.silkscreen
[silk_over_copper]: Silkscreen clipped by solder mask
    Local override; warning
    @(248.0000 mm, 115.0000 mm): Reference field of C27
    @(246.6500 mm, 115.0000 mm): Pad 1 [/REGULATORS/BRIDGE_1V1] of C27 on F.Cu
[silk_over_copper]: Silkscreen clipped by solder mask
    Local override; warning
    @(248.0000 mm, 115.0000 mm): Reference field of C27
    @(249.3500 mm, 115.0000 mm): Pad 2 [POWER_GND] of C27 on F.Cu
[silk_over_copper]: Silkscreen clipped by solder mask
    Local override; warning
    @(219.0000 mm, 118.0000 mm): Reference field of C25
    @(220.1000 mm, 118.0000 mm): Pad 1 [12V_PROTECTED] of C25 on F.Cu
[silk_over_copper]: Silkscreen clipped by solder mask
    Local override; warning
    @(240.0000 mm, 115.0000 mm): Reference field of C26
    @(238.6500 mm, 115.0000 mm): Pad 1 [/REGULATORS/BRIDGE_1V1] of C26 on F.Cu
[silk_over_copper]: Silkscreen clipped by solder mask
    Local override; warning
    @(219.0000 mm, 112.0000 mm): Reference field of C23
    @(220.1000 mm, 112.0000 mm): Pad 1 [12V_PROTECTED] of C23 on F.Cu
[silk_over_copper]: Silkscreen clipped by solder mask
    Local override; warning
    @(219.0000 mm, 112.0000 mm): Reference field of C23
    @(217.9000 mm, 112.0000 mm): Pad 2 [POWER_GND] of C23 on F.Cu
[silk_over_copper]: Silkscreen clipped by solder mask
    Local override; warning
    @(248.0000 mm, 123.0000 mm): Reference field of C31
    @(246.6500 mm, 123.0000 mm): Pad 1 [/REGULATORS/BRIDGE_1V1] of C31 on F.Cu
[silk_over_copper]: Silkscreen clipped by solder mask
    Local override; warning
    @(240.0000 mm, 115.0000 mm): Reference field of C26
    @(241.3500 mm, 115.0000 mm): Pad 2 [POWER_GND] of C26 on F.Cu
[silk_over_copper]: Silkscreen clipped by solder mask
    Local override; warning
    @(219.0000 mm, 118.0000 mm): Reference field of C25
    @(217.9000 mm, 118.0000 mm): Pad 2 [POWER_GND] of C25 on F.Cu
[silk_over_copper]: Silkscreen clipped by solder mask
    Local override; warning
    @(240.0000 mm, 123.0000 mm): Reference field of C30
    @(238.6500 mm, 123.0000 mm): Pad 1 [/REGULATORS/BRIDGE_1V1] of C30 on F.Cu
[silk_over_copper]: Silkscreen clipped by solder mask
    Local override; warning
    @(240.0000 mm, 123.0000 mm): Reference field of C30
    @(241.3500 mm, 123.0000 mm): Pad 2 [POWER_GND] of C30 on F.Cu
[silk_over_copper]: Silkscreen clipped by solder mask
    Local override; warning
    @(264.0000 mm, 123.0000 mm): Reference field of C33
    @(262.6500 mm, 123.0000 mm): Pad 1 [/REGULATORS/BRIDGE_1V1] of C33 on F.Cu
[silk_over_copper]: Silkscreen clipped by solder mask
    Local override; warning
    @(264.0000 mm, 123.0000 mm): Reference field of C33
    @(265.3500 mm, 123.0000 mm): Pad 2 [POWER_GND] of C33 on F.Cu
[silk_over_copper]: Silkscreen clipped by solder mask
    Local override; warning
    @(264.0000 mm, 139.0000 mm): Reference field of C41
    @(262.6500 mm, 139.0000 mm): Pad 1 [/REGULATORS/BRIDGE_1V1] of C41 on F.Cu
[silk_over_copper]: Silkscreen clipped by solder mask
    Local override; warning
    @(264.0000 mm, 139.0000 mm): Reference field of C41
    @(265.3500 mm, 139.0000 mm): Pad 2 [POWER_GND] of C41 on F.Cu
[silk_over_copper]: Silkscreen clipped by solder mask
    Local override; warning
    @(264.0000 mm, 131.0000 mm): Reference field of C37
    @(262.6500 mm, 131.0000 mm): Pad 1 [/REGULATORS/BRIDGE_1V1] of C37 on F.Cu
[silk_over_copper]: Silkscreen clipped by solder mask
    Local override; warning
    @(264.0000 mm, 131.0000 mm): Reference field of C37
    @(265.3500 mm, 131.0000 mm): Pad 2 [POWER_GND] of C37 on F.Cu
[silk_over_copper]: Silkscreen clipped by solder mask
    Local override; warning
    @(256.0000 mm, 131.0000 mm): Reference field of C36
    @(254.6500 mm, 131.0000 mm): Pad 1 [/REGULATORS/BRIDGE_1V1] of C36 on F.Cu
[silk_over_copper]: Silkscreen clipped by solder mask
    Local override; warning
    @(256.0000 mm, 131.0000 mm): Reference field of C36
    @(257.3500 mm, 131.0000 mm): Pad 2 [POWER_GND] of C36 on F.Cu
[silk_over_copper]: Silkscreen clipped by solder mask
    Local override; warning
    @(256.0000 mm, 139.0000 mm): Reference field of C40
    @(254.6500 mm, 139.0000 mm): Pad 1 [/REGULATORS/BRIDGE_1V1] of C40 on F.Cu
[silk_over_copper]: Silkscreen clipped by solder mask
    Local override; warning
    @(256.0000 mm, 139.0000 mm): Reference field of C40
    @(257.3500 mm, 139.0000 mm): Pad 2 [POWER_GND] of C40 on F.Cu
[silk_over_copper]: Silkscreen clipped by solder mask
    Local override; warning
    @(188.0000 mm, 103.0000 mm): Reference field of C14
    @(186.9000 mm, 103.0000 mm): Pad 2 [POWER_GND] of C14 on F.Cu
[silk_over_copper]: Silkscreen clipped by solder mask
    Local override; warning
    @(188.0000 mm, 105.2500 mm): Reference field of C15
    @(186.9000 mm, 105.2500 mm): Pad 2 [POWER_GND] of C15 on F.Cu
[silk_over_copper]: Silkscreen clipped by solder mask
    Local override; warning
    @(188.0000 mm, 105.2500 mm): Reference field of C15
    @(189.1000 mm, 105.2500 mm): Pad 1 [12V_PROTECTED] of C15 on F.Cu
[silk_over_copper]: Silkscreen clipped by solder mask
    Local override; warning
    @(188.0000 mm, 112.0000 mm): Reference field of C16
    @(186.6500 mm, 112.0000 mm): Pad 2 [POWER_GND] of C16 on F.Cu
[silk_over_copper]: Silkscreen clipped by solder mask
    Local override; warning
    @(188.0000 mm, 112.0000 mm): Reference field of C16
    @(189.3500 mm, 112.0000 mm): Pad 1 [/REGULATORS/BRIDGE_3V3] of C16 on F.Cu
[silk_over_copper]: Silkscreen clipped by solder mask
    Local override; warning
    @(188.0000 mm, 114.0000 mm): Reference field of C17
    @(189.3500 mm, 114.0000 mm): Pad 1 [/REGULATORS/BRIDGE_3V3] of C17 on F.Cu
[silk_over_copper]: Silkscreen clipped by solder mask
    Local override; warning
    @(188.0000 mm, 114.0000 mm): Reference field of C17
    @(186.6500 mm, 114.0000 mm): Pad 2 [POWER_GND] of C17 on F.Cu
[silk_over_copper]: Silkscreen clipped by solder mask
    Local override; warning
    @(188.0000 mm, 116.0000 mm): Reference field of C19
    @(186.6500 mm, 116.0000 mm): Pad 2 [POWER_GND] of C19 on F.Cu
[silk_over_copper]: Silkscreen clipped by solder mask
    Local override; warning
    @(188.0000 mm, 116.0000 mm): Reference field of C19
    @(189.3500 mm, 116.0000 mm): Pad 1 [/REGULATORS/BRIDGE_3V3] of C19 on F.Cu
[silk_over_copper]: Silkscreen clipped by solder mask
    Local override; warning
    @(248.0000 mm, 131.0000 mm): Reference field of C35
    @(246.6500 mm, 131.0000 mm): Pad 1 [/REGULATORS/BRIDGE_1V1] of C35 on F.Cu
[silk_over_copper]: Silkscreen clipped by solder mask
    Local override; warning
    @(248.0000 mm, 131.0000 mm): Reference field of C35
    @(249.3500 mm, 131.0000 mm): Pad 2 [POWER_GND] of C35 on F.Cu
[silk_over_copper]: Silkscreen clipped by solder mask
    Local override; warning
    @(240.0000 mm, 139.0000 mm): Reference field of C38
    @(241.3500 mm, 139.0000 mm): Pad 2 [POWER_GND] of C38 on F.Cu
[silk_over_copper]: Silkscreen clipped by solder mask
    Local override; warning
    @(248.0000 mm, 139.0000 mm): Reference field of C39
    @(246.6500 mm, 139.0000 mm): Pad 1 [/REGULATORS/BRIDGE_1V1] of C39 on F.Cu
[silk_over_copper]: Silkscreen clipped by solder mask
    Local override; warning
    @(248.0000 mm, 139.0000 mm): Reference field of C39
    @(249.3500 mm, 139.0000 mm): Pad 2 [POWER_GND] of C39 on F.Cu
[silk_over_copper]: Silkscreen clipped by solder mask
    Local override; warning
    @(240.0000 mm, 131.0000 mm): Reference field of C34
    @(238.6500 mm, 131.0000 mm): Pad 1 [/REGULATORS/BRIDGE_1V1] of C34 on F.Cu
[silk_over_copper]: Silkscreen clipped by solder mask
    Local override; warning
    @(240.0000 mm, 131.0000 mm): Reference field of C34
    @(241.3500 mm, 131.0000 mm): Pad 2 [POWER_GND] of C34 on F.Cu
[silk_over_copper]: Silkscreen clipped by solder mask
    Local override; warning
    @(248.0000 mm, 123.0000 mm): Reference field of C31
    @(249.3500 mm, 123.0000 mm): Pad 2 [POWER_GND] of C31 on F.Cu
[silk_over_copper]: Silkscreen clipped by solder mask
    Local override; warning
    @(256.0000 mm, 123.0000 mm): Reference field of C32
    @(254.6500 mm, 123.0000 mm): Pad 1 [/REGULATORS/BRIDGE_1V1] of C32 on F.Cu
[silk_over_copper]: Silkscreen clipped by solder mask
    Local override; warning
    @(256.0000 mm, 123.0000 mm): Reference field of C32
    @(257.3500 mm, 123.0000 mm): Pad 2 [POWER_GND] of C32 on F.Cu
[silk_over_copper]: Silkscreen clipped by solder mask
    Local override; warning
    @(256.0000 mm, 115.0000 mm): Reference field of C28
    @(254.6500 mm, 115.0000 mm): Pad 1 [/REGULATORS/BRIDGE_1V1] of C28 on F.Cu
[silk_over_copper]: Silkscreen clipped by solder mask
    Local override; warning
    @(256.0000 mm, 115.0000 mm): Reference field of C28
    @(257.3500 mm, 115.0000 mm): Pad 2 [POWER_GND] of C28 on F.Cu
[silk_over_copper]: Silkscreen clipped by solder mask
    Local override; warning
    @(264.0000 mm, 115.0000 mm): Reference field of C29
    @(262.6500 mm, 115.0000 mm): Pad 1 [/REGULATORS/BRIDGE_1V1] of C29 on F.Cu
[silk_over_copper]: Silkscreen clipped by solder mask
    Local override; warning
    @(264.0000 mm, 115.0000 mm): Reference field of C29
    @(265.3500 mm, 115.0000 mm): Pad 2 [POWER_GND] of C29 on F.Cu
[silk_over_copper]: Silkscreen clipped by solder mask
    Local override; warning
    @(188.0000 mm, 103.0000 mm): Reference field of C14
    @(189.1000 mm, 103.0000 mm): Pad 1 [12V_PROTECTED] of C14 on F.Cu
[silk_over_copper]: Silkscreen clipped by solder mask
    Local override; warning
    @(240.0000 mm, 139.0000 mm): Reference field of C38
    @(238.6500 mm, 139.0000 mm): Pad 1 [/REGULATORS/BRIDGE_1V1] of C38 on F.Cu
[silk_over_copper]: Silkscreen clipped by solder mask
    Local override; warning
    @(252.3800 mm, 149.7130 mm): Reference field of J3
    @(252.5000 mm, 150.0000 mm): Pad 1 [/REGULATORS/FB_BRIDGE_1V1] of R20 on F.Cu
[silk_over_copper]: Silkscreen clipped by solder mask
    Local override; warning
    @(73.0000 mm, 60.8500 mm): Reference field of C9
    @(73.0550 mm, 61.8900 mm): PTH pad 9 [CM5_GBE_TD3_P] of J2
[silk_over_copper]: Silkscreen clipped by solder mask
    Local override; warning
    @(78.0000 mm, 62.9000 mm): Reference field of R3
    @(78.1350 mm, 61.8900 mm): PTH pad 5 [<no net>] of J2
[silk_over_copper]: Silkscreen clipped by solder mask
    Local override; warning
    @(57.0000 mm, 81.5000 mm): Reference field of C7
    @(55.6500 mm, 81.5000 mm): Pad 1 [/REGULATORS/CM5_5V] of C7 on F.Cu
[silk_over_copper]: Silkscreen clipped by solder mask
    Local override; warning
    @(47.0000 mm, 78.2500 mm): Reference field of C6
    @(48.1000 mm, 78.2500 mm): Pad 1 [12V_PROTECTED] of C6 on F.Cu
[silk_over_copper]: Silkscreen clipped by solder mask
    Local override; warning
    @(68.0000 mm, 78.5000 mm): Segment of J7 on f.silkscreen
    @(52.0000 mm, 78.3750 mm): Pad 19 [POWER_GND] of U3 on F.Cu
[silk_over_copper]: Silkscreen clipped by solder mask
    Local override; warning
    @(68.0000 mm, 78.5000 mm): Segment of J7 on f.silkscreen
    @(45.9000 mm, 78.2500 mm): Pad 2 [POWER_GND] of C6 on F.Cu
[silk_over_copper]: Silkscreen clipped by solder mask
    Local override; warning
    @(68.0000 mm, 78.5000 mm): Segment of J7 on f.silkscreen
    @(48.1000 mm, 78.2500 mm): Pad 1 [12V_PROTECTED] of C6 on F.Cu
[silk_over_copper]: Silkscreen clipped by solder mask
    Local override; warning
    @(57.0000 mm, 83.5000 mm): Reference field of C8
    @(55.6500 mm, 83.5000 mm): Pad 1 [/REGULATORS/CM5_5V] of C8 on F.Cu
[silk_over_copper]: Silkscreen clipped by solder mask
    Local override; warning
    @(47.0000 mm, 78.2500 mm): Reference field of C6
    @(45.9000 mm, 78.2500 mm): Pad 2 [POWER_GND] of C6 on F.Cu
[silk_over_copper]: Silkscreen clipped by solder mask
    Local override; warning
    @(57.0000 mm, 81.5000 mm): Reference field of C7
    @(58.3500 mm, 81.5000 mm): Pad 2 [POWER_GND] of C7 on F.Cu
[silk_over_copper]: Silkscreen clipped by solder mask
    Local override; warning
    @(57.0000 mm, 83.5000 mm): Reference field of C8
    @(58.3500 mm, 83.5000 mm): Pad 2 [POWER_GND] of C8 on F.Cu
[silk_over_copper]: Silkscreen clipped by solder mask
    Local override; warning
    @(47.0000 mm, 76.0000 mm): Reference field of C5
    @(45.9000 mm, 76.0000 mm): Pad 2 [POWER_GND] of C5 on F.Cu
[silk_over_copper]: Silkscreen clipped by solder mask
    Local override; warning
    @(11.0000 mm, 36.7000 mm): Rectangle of J6 on f.silkscreen
    @(12.0000 mm, 37.7000 mm): NPTH pad of J6
[silk_over_copper]: Silkscreen clipped by solder mask
    Local override; warning
    @(11.0000 mm, 36.7000 mm): Rectangle of J6 on f.silkscreen
    @(12.0000 mm, 45.0000 mm): PTH pad 1 [/POWER_INPUT/12V_IN_B] of J6
[silk_over_copper]: Silkscreen clipped by solder mask
    Local override; warning
    @(11.0000 mm, 36.7000 mm): Rectangle of J6 on f.silkscreen
    @(12.0000 mm, 50.5000 mm): PTH pad 2 [POWER_GND] of J6
[silk_over_copper]: Silkscreen clipped by solder mask
    Local override; warning
    @(47.0000 mm, 76.0000 mm): Reference field of C5
    @(48.1000 mm, 76.0000 mm): Pad 1 [12V_PROTECTED] of C5 on F.Cu
[silk_over_copper]: Silkscreen clipped by solder mask
    Local override; warning
    @(11.0000 mm, 16.7000 mm): Rectangle of J5 on f.silkscreen
    @(12.0000 mm, 17.7000 mm): NPTH pad of J5
[silk_over_copper]: Silkscreen clipped by solder mask
    Local override; warning
    @(11.0000 mm, 16.7000 mm): Rectangle of J5 on f.silkscreen
    @(12.0000 mm, 25.0000 mm): PTH pad 1 [/POWER_INPUT/12V_IN_A] of J5
[silk_over_copper]: Silkscreen clipped by solder mask
    Local override; warning
    @(11.0000 mm, 16.7000 mm): Rectangle of J5 on f.silkscreen
    @(12.0000 mm, 30.5000 mm): PTH pad 2 [POWER_GND] of J5
[silk_over_copper]: Silkscreen clipped by solder mask
    Local override; warning
    @(82.0000 mm, 61.1000 mm): Reference field of R4
    @(83.2150 mm, 61.8900 mm): PTH pad 1 [CM5_GBE_TD0_P] of J2
[silk_over_copper]: Silkscreen clipped by solder mask
    Local override; warning
    @(57.0000 mm, 39.1000 mm): Reference field of RCT4
    @(57.9000 mm, 38.7500 mm): PTH pad 5 [/POWER_INPUT/FUSED_12V_A] of F1
[silk_over_copper]: Silkscreen clipped by solder mask
    Local override; warning
    @(57.0000 mm, 39.1000 mm): Reference field of RCT4
    @(55.0000 mm, 40.0000 mm): NPTH pad of F1
[silk_over_copper]: Silkscreen clipped by solder mask
    Local override; warning
    @(62.0000 mm, 39.1000 mm): Reference field of RCT3
    @(61.4000 mm, 38.7500 mm): PTH pad 7 [/POWER_INPUT/FUSED_12V_A] of F1

** Found 263 unconnected pads **
[unconnected_items]: Missing connection between items
    Local override; error
    @(32.9600 mm, 100.7000 mm): Pad 11 [CM5_GBE_TD2_P] of J7 on F.Cu
    @(76.1000 mm, 65.6000 mm): Pad 10 [CM5_GBE_TD2_P] of U9 on F.Cu
[unconnected_items]: Missing connection between items
    Local override; error
    @(76.1000 mm, 64.8300 mm): Pad 1 [CM5_GBE_TD2_P] of U9 on F.Cu
    @(75.5950 mm, 61.8900 mm): PTH pad 7 [CM5_GBE_TD2_P] of J2
[unconnected_items]: Missing connection between items
    Local override; error
    @(76.1000 mm, 65.6000 mm): Pad 10 [CM5_GBE_TD2_P] of U9 on F.Cu
    @(76.1000 mm, 64.8300 mm): Pad 1 [CM5_GBE_TD2_P] of U9 on F.Cu
[unconnected_items]: Missing connection between items
    Local override; error
    @(32.9600 mm, 100.3000 mm): Pad 9 [CM5_GBE_TD2_N] of J7 on F.Cu
    @(75.6000 mm, 65.6000 mm): Pad 9 [CM5_GBE_TD2_N] of U9 on F.Cu
[unconnected_items]: Missing connection between items
    Local override; error
    @(75.6000 mm, 64.8300 mm): Pad 2 [CM5_GBE_TD2_N] of U9 on F.Cu
    @(74.3250 mm, 59.3500 mm): PTH pad 8 [CM5_GBE_TD2_N] of J2
[unconnected_items]: Missing connection between items
    Local override; error
    @(75.6000 mm, 65.6000 mm): Pad 9 [CM5_GBE_TD2_N] of U9 on F.Cu
    @(75.6000 mm, 64.8300 mm): Pad 2 [CM5_GBE_TD2_N] of U9 on F.Cu
[unconnected_items]: Missing connection between items
    Local override; error
    @(75.1000 mm, 64.8300 mm): Pad 3 [/ETHERNET/ETH_GND] of U9 on F.Cu
    @(75.1000 mm, 65.6000 mm): Pad 8 [/ETHERNET/ETH_GND] of U9 on F.Cu
[unconnected_items]: Missing connection between items
    Local override; error
    @(81.1000 mm, 64.8300 mm): Pad 3 [/ETHERNET/ETH_GND] of U6 on F.Cu
    @(75.1000 mm, 64.8300 mm): Pad 3 [/ETHERNET/ETH_GND] of U9 on F.Cu
[unconnected_items]: Missing connection between items
    Local override; error
    @(81.1000 mm, 65.6000 mm): Pad 8 [/ETHERNET/ETH_GND] of U6 on F.Cu
    @(81.1000 mm, 64.8300 mm): Pad 3 [/ETHERNET/ETH_GND] of U6 on F.Cu
[unconnected_items]: Missing connection between items
    Local override; error
    @(32.9600 mm, 99.5000 mm): Pad 5 [CM5_GBE_TD3_N] of J7 on F.Cu
    @(74.6000 mm, 65.6000 mm): Pad 7 [CM5_GBE_TD3_N] of U9 on F.Cu
[unconnected_items]: Missing connection between items
    Local override; error
    @(74.6000 mm, 64.8300 mm): Pad 4 [CM5_GBE_TD3_N] of U9 on F.Cu
    @(71.7850 mm, 59.3500 mm): PTH pad 10 [CM5_GBE_TD3_N] of J2
[unconnected_items]: Missing connection between items
    Local override; error
    @(74.6000 mm, 65.6000 mm): Pad 7 [CM5_GBE_TD3_N] of U9 on F.Cu
    @(74.6000 mm, 64.8300 mm): Pad 4 [CM5_GBE_TD3_N] of U9 on F.Cu
[unconnected_items]: Missing connection between items
    Local override; error
    @(32.9600 mm, 99.1000 mm): Pad 3 [CM5_GBE_TD3_P] of J7 on F.Cu
    @(74.1000 mm, 65.6000 mm): Pad 6 [CM5_GBE_TD3_P] of U9 on F.Cu
[unconnected_items]: Missing connection between items
    Local override; error
    @(74.1000 mm, 64.8300 mm): Pad 5 [CM5_GBE_TD3_P] of U9 on F.Cu
    @(73.0550 mm, 61.8900 mm): PTH pad 9 [CM5_GBE_TD3_P] of J2
[unconnected_items]: Missing connection between items
    Local override; error
    @(74.1000 mm, 65.6000 mm): Pad 6 [CM5_GBE_TD3_P] of U9 on F.Cu
    @(74.1000 mm, 64.8300 mm): Pad 5 [CM5_GBE_TD3_P] of U9 on F.Cu
[unconnected_items]: Missing connection between items
    Local override; error
    @(36.0400 mm, 100.7000 mm): Pad 12 [CM5_GBE_TD0_P] of J7 on F.Cu
    @(82.1000 mm, 65.6000 mm): Pad 10 [CM5_GBE_TD0_P] of U6 on F.Cu
[unconnected_items]: Missing connection between items
    Local override; error
    @(82.1000 mm, 64.8300 mm): Pad 1 [CM5_GBE_TD0_P] of U6 on F.Cu
    @(82.1000 mm, 65.6000 mm): Pad 10 [CM5_GBE_TD0_P] of U6 on F.Cu
[unconnected_items]: Missing connection between items
    Local override; error
    @(83.2150 mm, 61.8900 mm): PTH pad 1 [CM5_GBE_TD0_P] of J2
    @(82.1000 mm, 64.8300 mm): Pad 1 [CM5_GBE_TD0_P] of U6 on F.Cu
[unconnected_items]: Missing connection between items
    Local override; error
    @(36.0400 mm, 100.3000 mm): Pad 10 [CM5_GBE_TD0_N] of J7 on F.Cu
    @(81.6000 mm, 65.6000 mm): Pad 9 [CM5_GBE_TD0_N] of U6 on F.Cu
[unconnected_items]: Missing connection between items
    Local override; error
    @(81.6000 mm, 65.6000 mm): Pad 9 [CM5_GBE_TD0_N] of U6 on F.Cu
    @(81.6000 mm, 64.8300 mm): Pad 2 [CM5_GBE_TD0_N] of U6 on F.Cu
[unconnected_items]: Missing connection between items
    Local override; error
    @(81.9450 mm, 59.3500 mm): PTH pad 2 [CM5_GBE_TD0_N] of J2
    @(81.6000 mm, 64.8300 mm): Pad 2 [CM5_GBE_TD0_N] of U6 on F.Cu
[unconnected_items]: Missing connection between items
    Local override; error
    @(36.0400 mm, 99.5000 mm): Pad 6 [CM5_GBE_TD1_N] of J7 on F.Cu
    @(80.6000 mm, 65.6000 mm): Pad 7 [CM5_GBE_TD1_N] of U6 on F.Cu
[unconnected_items]: Missing connection between items
    Local override; error
    @(80.6000 mm, 64.8300 mm): Pad 4 [CM5_GBE_TD1_N] of U6 on F.Cu
    @(76.8650 mm, 59.3500 mm): PTH pad 6 [CM5_GBE_TD1_N] of J2
[unconnected_items]: Missing connection between items
    Local override; error
    @(80.6000 mm, 65.6000 mm): Pad 7 [CM5_GBE_TD1_N] of U6 on F.Cu
    @(80.6000 mm, 64.8300 mm): Pad 4 [CM5_GBE_TD1_N] of U6 on F.Cu
[unconnected_items]: Missing connection between items
    Local override; error
    @(36.0400 mm, 99.1000 mm): Pad 4 [CM5_GBE_TD1_P] of J7 on F.Cu
    @(80.1000 mm, 65.6000 mm): Pad 6 [CM5_GBE_TD1_P] of U6 on F.Cu
[unconnected_items]: Missing connection between items
    Local override; error
    @(80.1000 mm, 64.8300 mm): Pad 5 [CM5_GBE_TD1_P] of U6 on F.Cu
    @(80.1000 mm, 65.6000 mm): Pad 6 [CM5_GBE_TD1_P] of U6 on F.Cu
[unconnected_items]: Missing connection between items
    Local override; error
    @(80.6750 mm, 61.8900 mm): PTH pad 3 [CM5_GBE_TD1_P] of J2
    @(80.1000 mm, 64.8300 mm): Pad 5 [CM5_GBE_TD1_P] of U6 on F.Cu
[unconnected_items]: Missing connection between items
    Local override; error
    @(21.4500 mm, 73.5500 mm): Pad 2 [POWER_GND] of U1 on F.Cu
    @(45.9000 mm, 76.0000 mm): Pad 2 [POWER_GND] of C5 on F.Cu
[unconnected_items]: Missing connection between items
    Local override; error
    @(21.4500 mm, 93.5500 mm): Pad 2 [POWER_GND] of U2 on F.Cu
    @(21.4500 mm, 73.5500 mm): Pad 2 [POWER_GND] of U1 on F.Cu
[unconnected_items]: Missing connection between items
    Local override; error
    @(45.9000 mm, 76.0000 mm): Pad 2 [POWER_GND] of C5 on F.Cu
    @(45.9000 mm, 78.2500 mm): Pad 2 [POWER_GND] of C6 on F.Cu
[unconnected_items]: Missing connection between items
    Local override; error
    @(45.9000 mm, 78.2500 mm): Pad 2 [POWER_GND] of C6 on F.Cu
    @(49.7500 mm, 78.7500 mm): Pad 6 [POWER_GND] of U3 on F.Cu
[unconnected_items]: Missing connection between items
    Local override; error
    @(52.0000 mm, 78.6250 mm): Track [POWER_GND] on F.Cu, length 0.2500 mm
    @(54.2500 mm, 78.7500 mm): Pad 11 [POWER_GND] of U3 on F.Cu
[unconnected_items]: Missing connection between items
    Local override; error
    @(52.0000 mm, 78.6250 mm): Track [POWER_GND] on F.Cu, length 0.2500 mm
    @(49.7500 mm, 78.7500 mm): Pad 6 [POWER_GND] of U3 on F.Cu
[unconnected_items]: Missing connection between items
    Local override; error
    @(54.2500 mm, 78.7500 mm): Pad 11 [POWER_GND] of U3 on F.Cu
    @(58.3500 mm, 81.5000 mm): Pad 2 [POWER_GND] of C7 on F.Cu
[unconnected_items]: Missing connection between items
    Local override; error
    @(75.0324 mm, 66.2071 mm): Via [POWER_GND] on F.Cu - B.Cu
    @(61.5000 mm, 66.0000 mm): Pad 2 [POWER_GND] of R5 on F.Cu
[unconnected_items]: Missing connection between items
    Local override; error
    @(82.5000 mm, 62.0000 mm): Pad 2 [POWER_GND] of R4 on F.Cu
    @(81.1000 mm, 64.1000 mm): Via [POWER_GND] on F.Cu - B.Cu
[unconnected_items]: Missing connection between items
    Local override; error
    @(103.0000 mm, 50.0000 mm): Via [POWER_GND] on F.Cu - B.Cu
    @(112.0000 mm, 32.0000 mm): Pad 2 [POWER_GND] of D1 on F.Cu
[unconnected_items]: Missing connection between items
    Local override; error
    @(112.0000 mm, 72.0000 mm): Pad 2 [POWER_GND] of D2 on F.Cu
    @(126.5050 mm, 84.2850 mm): Pad A39 [POWER_GND] of J1 on F.Cu
[unconnected_items]: Missing connection between items
    Local override; error
    @(112.0000 mm, 72.0000 mm): Pad 2 [POWER_GND] of D2 on F.Cu
    @(103.0000 mm, 50.0000 mm): Via [POWER_GND] on F.Cu - B.Cu
[unconnected_items]: Missing connection between items
    Local override; error
    @(126.5050 mm, 84.2850 mm): Pad A39 [POWER_GND] of J1 on F.Cu
    @(126.5050 mm, 85.5550 mm): Pad B39 [POWER_GND] of J1 on F.Cu
[unconnected_items]: Missing connection between items
    Local override; error
    @(126.5050 mm, 85.5550 mm): Pad B39 [POWER_GND] of J1 on F.Cu
    @(126.5050 mm, 86.8250 mm): Pad C39 [POWER_GND] of J1 on F.Cu
[unconnected_items]: Missing connection between items
    Local override; error
    @(126.5050 mm, 88.0950 mm): Pad D39 [POWER_GND] of J1 on F.Cu
    @(126.5050 mm, 86.8250 mm): Pad C39 [POWER_GND] of J1 on F.Cu
[unconnected_items]: Missing connection between items
    Local override; error
    @(126.5050 mm, 89.3650 mm): Pad E39 [POWER_GND] of J1 on F.Cu
    @(126.5050 mm, 90.6350 mm): Pad F39 [POWER_GND] of J1 on F.Cu
[unconnected_items]: Missing connection between items
    Local override; error
    @(126.5050 mm, 89.3650 mm): Pad E39 [POWER_GND] of J1 on F.Cu
    @(126.5050 mm, 88.0950 mm): Pad D39 [POWER_GND] of J1 on F.Cu
[unconnected_items]: Missing connection between items
    Local override; error
    @(126.5050 mm, 90.6350 mm): Pad F39 [POWER_GND] of J1 on F.Cu
    @(126.5050 mm, 91.9050 mm): Pad G39 [POWER_GND] of J1 on F.Cu
[unconnected_items]: Missing connection between items
    Local override; error
    @(126.5050 mm, 91.9050 mm): Pad G39 [POWER_GND] of J1 on F.Cu
    @(126.5050 mm, 93.1750 mm): Pad H39 [POWER_GND] of J1 on F.Cu
[unconnected_items]: Missing connection between items
    Local override; error
    @(126.5050 mm, 93.1750 mm): Pad H39 [POWER_GND] of J1 on F.Cu
    @(126.5050 mm, 94.4450 mm): Pad J39 [POWER_GND] of J1 on F.Cu
[unconnected_items]: Missing connection between items
    Local override; error
    @(126.5050 mm, 94.4450 mm): Pad J39 [POWER_GND] of J1 on F.Cu
    @(126.5050 mm, 95.7150 mm): Pad K39 [POWER_GND] of J1 on F.Cu
[unconnected_items]: Missing connection between items
    Local override; error
    @(130.3150 mm, 84.2850 mm): Pad A36 [POWER_GND] of J1 on F.Cu
    @(134.1250 mm, 84.2850 mm): Pad A33 [POWER_GND] of J1 on F.Cu
[unconnected_items]: Missing connection between items
    Local override; error
    @(130.3150 mm, 85.5550 mm): Pad B36 [POWER_GND] of J1 on F.Cu
    @(130.3150 mm, 86.8250 mm): Pad C36 [POWER_GND] of J1 on F.Cu
[unconnected_items]: Missing connection between items
    Local override; error
    @(130.3150 mm, 85.5550 mm): Pad B36 [POWER_GND] of J1 on F.Cu
    @(130.3150 mm, 84.2850 mm): Pad A36 [POWER_GND] of J1 on F.Cu
[unconnected_items]: Missing connection between items
    Local override; error
    @(130.3150 mm, 86.8250 mm): Pad C36 [POWER_GND] of J1 on F.Cu
    @(130.3150 mm, 88.0950 mm): Pad D36 [POWER_GND] of J1 on F.Cu
[unconnected_items]: Missing connection between items
    Local override; error
    @(130.3150 mm, 88.0950 mm): Pad D36 [POWER_GND] of J1 on F.Cu
    @(130.3150 mm, 89.3650 mm): Pad E36 [POWER_GND] of J1 on F.Cu
[unconnected_items]: Missing connection between items
    Local override; error
    @(130.3150 mm, 89.3650 mm): Pad E36 [POWER_GND] of J1 on F.Cu
    @(130.3150 mm, 90.6350 mm): Pad F36 [POWER_GND] of J1 on F.Cu
[unconnected_items]: Missing connection between items
    Local override; error
    @(130.3150 mm, 90.6350 mm): Pad F36 [POWER_GND] of J1 on F.Cu
    @(130.3150 mm, 91.9050 mm): Pad G36 [POWER_GND] of J1 on F.Cu
[unconnected_items]: Missing connection between items
    Local override; error
    @(130.3150 mm, 91.9050 mm): Pad G36 [POWER_GND] of J1 on F.Cu
    @(130.3150 mm, 93.1750 mm): Pad H36 [POWER_GND] of J1 on F.Cu
[unconnected_items]: Missing connection between items
    Local override; error
    @(130.3150 mm, 93.1750 mm): Pad H36 [POWER_GND] of J1 on F.Cu
    @(130.3150 mm, 94.4450 mm): Pad J36 [POWER_GND] of J1 on F.Cu
[unconnected_items]: Missing connection between items
    Local override; error
    @(130.3150 mm, 94.4450 mm): Pad J36 [POWER_GND] of J1 on F.Cu
    @(130.3150 mm, 95.7150 mm): Pad K36 [POWER_GND] of J1 on F.Cu
[unconnected_items]: Missing connection between items
    Local override; error
    @(130.3150 mm, 95.7150 mm): Pad K36 [POWER_GND] of J1 on F.Cu
    @(126.5050 mm, 95.7150 mm): Pad K39 [POWER_GND] of J1 on F.Cu
[unconnected_items]: Missing connection between items
    Local override; error
    @(134.1250 mm, 84.2850 mm): Pad A33 [POWER_GND] of J1 on F.Cu
    @(134.1250 mm, 85.5550 mm): Pad B33 [POWER_GND] of J1 on F.Cu
[unconnected_items]: Missing connection between items
    Local override; error
    @(134.1250 mm, 85.5550 mm): Pad B33 [POWER_GND] of J1 on F.Cu
    @(137.9350 mm, 85.5550 mm): Pad B30 [POWER_GND] of J1 on F.Cu
[unconnected_items]: Missing connection between items
    Local override; error
    @(134.1250 mm, 86.8250 mm): Pad C33 [POWER_GND] of J1 on F.Cu
    @(134.1250 mm, 85.5550 mm): Pad B33 [POWER_GND] of J1 on F.Cu
[unconnected_items]: Missing connection between items
    Local override; error
    @(134.1250 mm, 86.8250 mm): Pad C33 [POWER_GND] of J1 on F.Cu
    @(134.1250 mm, 88.0950 mm): Pad D33 [POWER_GND] of J1 on F.Cu
[unconnected_items]: Missing connection between items
    Local override; error
    @(134.1250 mm, 89.3650 mm): Pad E33 [POWER_GND] of J1 on F.Cu
    @(134.1250 mm, 88.0950 mm): Pad D33 [POWER_GND] of J1 on F.Cu
[unconnected_items]: Missing connection between items
    Local override; error
    @(134.1250 mm, 90.6350 mm): Pad F33 [POWER_GND] of J1 on F.Cu
    @(134.1250 mm, 89.3650 mm): Pad E33 [POWER_GND] of J1 on F.Cu
[unconnected_items]: Missing connection between items
    Local override; error
    @(134.1250 mm, 91.9050 mm): Pad G33 [POWER_GND] of J1 on F.Cu
    @(134.1250 mm, 90.6350 mm): Pad F33 [POWER_GND] of J1 on F.Cu
[unconnected_items]: Missing connection between items
    Local override; error
    @(134.1250 mm, 93.1750 mm): Pad H33 [POWER_GND] of J1 on F.Cu
    @(134.1250 mm, 94.4450 mm): Pad J33 [POWER_GND] of J1 on F.Cu
[unconnected_items]: Missing connection between items
    Local override; error
    @(134.1250 mm, 93.1750 mm): Pad H33 [POWER_GND] of J1 on F.Cu
    @(134.1250 mm, 91.9050 mm): Pad G33 [POWER_GND] of J1 on F.Cu
[unconnected_items]: Missing connection between items
    Local override; error
    @(134.1250 mm, 95.7150 mm): Pad K33 [POWER_GND] of J1 on F.Cu
    @(134.1250 mm, 94.4450 mm): Pad J33 [POWER_GND] of J1 on F.Cu
[unconnected_items]: Missing connection between items
    Local override; error
    @(137.9350 mm, 84.2850 mm): Pad A30 [POWER_GND] of J1 on F.Cu
    @(137.9350 mm, 85.5550 mm): Pad B30 [POWER_GND] of J1 on F.Cu
[unconnected_items]: Missing connection between items
    Local override; error
    @(137.9350 mm, 85.5550 mm): Pad B30 [POWER_GND] of J1 on F.Cu
    @(137.9350 mm, 86.8250 mm): Pad C30 [POWER_GND] of J1 on F.Cu
[unconnected_items]: Missing connection between items
    Local override; error
    @(137.9350 mm, 88.0950 mm): Pad D30 [POWER_GND] of J1 on F.Cu
    @(137.9350 mm, 86.8250 mm): Pad C30 [POWER_GND] of J1 on F.Cu
[unconnected_items]: Missing connection between items
    Local override; error
    @(137.9350 mm, 89.3650 mm): Pad E30 [POWER_GND] of J1 on F.Cu
    @(137.9350 mm, 88.0950 mm): Pad D30 [POWER_GND] of J1 on F.Cu
[unconnected_items]: Missing connection between items
    Local override; error
    @(137.9350 mm, 90.6350 mm): Pad F30 [POWER_GND] of J1 on F.Cu
    @(137.9350 mm, 89.3650 mm): Pad E30 [POWER_GND] of J1 on F.Cu
[unconnected_items]: Missing connection between items
    Local override; error
    @(137.9350 mm, 91.9050 mm): Pad G30 [POWER_GND] of J1 on F.Cu
    @(137.9350 mm, 90.6350 mm): Pad F30 [POWER_GND] of J1 on F.Cu
[unconnected_items]: Missing connection between items
    Local override; error
    @(137.9350 mm, 93.1750 mm): Pad H30 [POWER_GND] of J1 on F.Cu
    @(137.9350 mm, 94.4450 mm): Pad J30 [POWER_GND] of J1 on F.Cu
[unconnected_items]: Missing connection between items
    Local override; error
    @(137.9350 mm, 93.1750 mm): Pad H30 [POWER_GND] of J1 on F.Cu
    @(137.9350 mm, 91.9050 mm): Pad G30 [POWER_GND] of J1 on F.Cu
[unconnected_items]: Missing connection between items
    Local override; error
    @(137.9350 mm, 95.7150 mm): Pad K30 [POWER_GND] of J1 on F.Cu
    @(137.9350 mm, 94.4450 mm): Pad J30 [POWER_GND] of J1 on F.Cu
[unconnected_items]: Missing connection between items
    Local override; error
    @(141.7450 mm, 85.5550 mm): Pad B27 [POWER_GND] of J1 on F.Cu
    @(141.7450 mm, 84.2850 mm): Pad A27 [POWER_GND] of J1 on F.Cu
[unconnected_items]: Missing connection between items
    Local override; error
    @(141.7450 mm, 86.8250 mm): Pad C27 [POWER_GND] of J1 on F.Cu
    @(141.7450 mm, 85.5550 mm): Pad B27 [POWER_GND] of J1 on F.Cu
[unconnected_items]: Missing connection between items
    Local override; error
    @(141.7450 mm, 88.0950 mm): Pad D27 [POWER_GND] of J1 on F.Cu
    @(141.7450 mm, 86.8250 mm): Pad C27 [POWER_GND] of J1 on F.Cu
[unconnected_items]: Missing connection between items
    Local override; error
    @(141.7450 mm, 89.3650 mm): Pad E27 [POWER_GND] of J1 on F.Cu
    @(141.7450 mm, 88.0950 mm): Pad D27 [POWER_GND] of J1 on F.Cu
[unconnected_items]: Missing connection between items
    Local override; error
    @(141.7450 mm, 90.6350 mm): Pad F27 [POWER_GND] of J1 on F.Cu
    @(141.7450 mm, 89.3650 mm): Pad E27 [POWER_GND] of J1 on F.Cu
[unconnected_items]: Missing connection between items
    Local override; error
    @(141.7450 mm, 91.9050 mm): Pad G27 [POWER_GND] of J1 on F.Cu
    @(141.7450 mm, 90.6350 mm): Pad F27 [POWER_GND] of J1 on F.Cu
[unconnected_items]: Missing connection between items
    Local override; error
    @(141.7450 mm, 91.9050 mm): Pad G27 [POWER_GND] of J1 on F.Cu
    @(137.9350 mm, 91.9050 mm): Pad G30 [POWER_GND] of J1 on F.Cu
[unconnected_items]: Missing connection between items
    Local override; error
    @(141.7450 mm, 93.1750 mm): Pad H27 [POWER_GND] of J1 on F.Cu
    @(141.7450 mm, 91.9050 mm): Pad G27 [POWER_GND] of J1 on F.Cu
[unconnected_items]: Missing connection between items
    Local override; error
    @(141.7450 mm, 94.4450 mm): Pad J27 [POWER_GND] of J1 on F.Cu
    @(141.7450 mm, 93.1750 mm): Pad H27 [POWER_GND] of J1 on F.Cu
[unconnected_items]: Missing connection between items
    Local override; error
    @(141.7450 mm, 95.7150 mm): Pad K27 [POWER_GND] of J1 on F.Cu
    @(141.7450 mm, 94.4450 mm): Pad J27 [POWER_GND] of J1 on F.Cu
[unconnected_items]: Missing connection between items
    Local override; error
    @(145.5550 mm, 85.5550 mm): Pad B24 [POWER_GND] of J1 on F.Cu
    @(145.5550 mm, 84.2850 mm): Pad A24 [POWER_GND] of J1 on F.Cu
[unconnected_items]: Missing connection between items
    Local override; error
    @(145.5550 mm, 86.8250 mm): Pad C24 [POWER_GND] of J1 on F.Cu
    @(145.5550 mm, 85.5550 mm): Pad B24 [POWER_GND] of J1 on F.Cu
[unconnected_items]: Missing connection between items
    Local override; error
    @(145.5550 mm, 88.0950 mm): Pad D24 [POWER_GND] of J1 on F.Cu
    @(145.5550 mm, 86.8250 mm): Pad C24 [POWER_GND] of J1 on F.Cu
[unconnected_items]: Missing connection between items
    Local override; error
    @(145.5550 mm, 89.3650 mm): Pad E24 [POWER_GND] of J1 on F.Cu
    @(145.5550 mm, 88.0950 mm): Pad D24 [POWER_GND] of J1 on F.Cu
[unconnected_items]: Missing connection between items
    Local override; error
    @(145.5550 mm, 89.3650 mm): Pad E24 [POWER_GND] of J1 on F.Cu
    @(145.5550 mm, 90.6350 mm): Pad F24 [POWER_GND] of J1 on F.Cu
[unconnected_items]: Missing connection between items
    Local override; error
    @(145.5550 mm, 90.6350 mm): Pad F24 [POWER_GND] of J1 on F.Cu
    @(145.5550 mm, 91.9050 mm): Pad G24 [POWER_GND] of J1 on F.Cu
[unconnected_items]: Missing connection between items
    Local override; error
    @(145.5550 mm, 91.9050 mm): Pad G24 [POWER_GND] of J1 on F.Cu
    @(145.5550 mm, 93.1750 mm): Pad H24 [POWER_GND] of J1 on F.Cu
[unconnected_items]: Missing connection between items
    Local override; error
    @(145.5550 mm, 93.1750 mm): Pad H24 [POWER_GND] of J1 on F.Cu
    @(145.5550 mm, 94.4450 mm): Pad J24 [POWER_GND] of J1 on F.Cu
[unconnected_items]: Missing connection between items
    Local override; error
    @(145.5550 mm, 94.4450 mm): Pad J24 [POWER_GND] of J1 on F.Cu
    @(145.5550 mm, 95.7150 mm): Pad K24 [POWER_GND] of J1 on F.Cu
[unconnected_items]: Missing connection between items
    Local override; error
    @(145.5550 mm, 95.7150 mm): Pad K24 [POWER_GND] of J1 on F.Cu
    @(141.7450 mm, 95.7150 mm): Pad K27 [POWER_GND] of J1 on F.Cu
[unconnected_items]: Missing connection between items
    Local override; error
    @(149.3650 mm, 84.2850 mm): Pad A21 [POWER_GND] of J1 on F.Cu
    @(149.3650 mm, 85.5550 mm): Pad B21 [POWER_GND] of J1 on F.Cu
[unconnected_items]: Missing connection between items
    Local override; error
    @(149.3650 mm, 85.5550 mm): Pad B21 [POWER_GND] of J1 on F.Cu
    @(149.3650 mm, 86.8250 mm): Pad C21 [POWER_GND] of J1 on F.Cu
[unconnected_items]: Missing connection between items
    Local override; error
    @(149.3650 mm, 86.8250 mm): Pad C21 [POWER_GND] of J1 on F.Cu
    @(149.3650 mm, 88.0950 mm): Pad D21 [POWER_GND] of J1 on F.Cu
[unconnected_items]: Missing connection between items
    Local override; error
    @(149.3650 mm, 88.0950 mm): Pad D21 [POWER_GND] of J1 on F.Cu
    @(149.3650 mm, 89.3650 mm): Pad E21 [POWER_GND] of J1 on F.Cu
[unconnected_items]: Missing connection between items
    Local override; error
    @(149.3650 mm, 89.3650 mm): Pad E21 [POWER_GND] of J1 on F.Cu
    @(149.3650 mm, 90.6350 mm): Pad F21 [POWER_GND] of J1 on F.Cu
[unconnected_items]: Missing connection between items
    Local override; error
    @(149.3650 mm, 90.6350 mm): Pad F21 [POWER_GND] of J1 on F.Cu
    @(149.3650 mm, 91.9050 mm): Pad G21 [POWER_GND] of J1 on F.Cu
[unconnected_items]: Missing connection between items
    Local override; error
    @(149.3650 mm, 91.9050 mm): Pad G21 [POWER_GND] of J1 on F.Cu
    @(149.3650 mm, 93.1750 mm): Pad H21 [POWER_GND] of J1 on F.Cu
[unconnected_items]: Missing connection between items
    Local override; error
    @(149.3650 mm, 93.1750 mm): Pad H21 [POWER_GND] of J1 on F.Cu
    @(149.3650 mm, 94.4450 mm): Pad J21 [POWER_GND] of J1 on F.Cu
[unconnected_items]: Missing connection between items
    Local override; error
    @(149.3650 mm, 94.4450 mm): Pad J21 [POWER_GND] of J1 on F.Cu
    @(145.5550 mm, 94.4450 mm): Pad J24 [POWER_GND] of J1 on F.Cu
[unconnected_items]: Missing connection between items
    Local override; error
    @(149.3650 mm, 95.7150 mm): Pad K21 [POWER_GND] of J1 on F.Cu
    @(149.3650 mm, 94.4450 mm): Pad J21 [POWER_GND] of J1 on F.Cu
[unconnected_items]: Missing connection between items
    Local override; error
    @(186.9000 mm, 105.2500 mm): Pad 2 [POWER_GND] of C15 on F.Cu
    @(186.9000 mm, 103.0000 mm): Pad 2 [POWER_GND] of C14 on F.Cu
[unconnected_items]: Missing connection between items
    Local override; error
    @(186.9000 mm, 105.2500 mm): Pad 2 [POWER_GND] of C15 on F.Cu
    @(186.6500 mm, 112.0000 mm): Pad 2 [POWER_GND] of C16 on F.Cu
[unconnected_items]: Missing connection between items
    Local override; error
    @(186.9000 mm, 105.2500 mm): Pad 2 [POWER_GND] of C15 on F.Cu
    @(197.7500 mm, 105.7500 mm): Pad 6 [POWER_GND] of U4 on F.Cu
[unconnected_items]: Missing connection between items
    Local override; error
    @(197.7500 mm, 105.7500 mm): Pad 6 [POWER_GND] of U4 on F.Cu
    @(200.0000 mm, 105.6250 mm): Track [POWER_GND] on F.Cu, length 0.2500 mm
[unconnected_items]: Missing connection between items
    Local override; error
    @(200.0000 mm, 103.8750 mm): Via [POWER_GND] on F.Cu - B.Cu
    @(212.5000 mm, 82.0000 mm): Pad 2 [POWER_GND] of R13 on F.Cu
[unconnected_items]: Missing connection between items
    Local override; error
    @(202.2500 mm, 105.7500 mm): Pad 11 [POWER_GND] of U4 on F.Cu
    @(200.0000 mm, 105.6250 mm): Track [POWER_GND] on F.Cu, length 0.2500 mm
[unconnected_items]: Missing connection between items
    Local override; error
    @(212.5000 mm, 82.0000 mm): Pad 2 [POWER_GND] of R13 on F.Cu
    @(196.5000 mm, 70.0000 mm): Pad 2 [POWER_GND] of R12 on F.Cu
[unconnected_items]: Missing connection between items
    Local override; error
    @(217.9000 mm, 112.0000 mm): Pad 2 [POWER_GND] of C23 on F.Cu
    @(222.7500 mm, 105.7500 mm): Pad 6 [POWER_GND] of U5 on F.Cu
[unconnected_items]: Missing connection between items
    Local override; error
    @(217.9000 mm, 118.0000 mm): Pad 2 [POWER_GND] of C25 on F.Cu
    @(218.0500 mm, 115.0000 mm): Pad 2 [POWER_GND] of C24 on F.Cu
[unconnected_items]: Missing connection between items
    Local override; error
    @(218.0500 mm, 115.0000 mm): Pad 2 [POWER_GND] of C24 on F.Cu
    @(217.9000 mm, 112.0000 mm): Pad 2 [POWER_GND] of C23 on F.Cu
[unconnected_items]: Missing connection between items
    Local override; error
    @(222.7500 mm, 105.7500 mm): Pad 6 [POWER_GND] of U5 on F.Cu
    @(225.0000 mm, 105.6250 mm): Track [POWER_GND] on F.Cu, length 0.2500 mm
[unconnected_items]: Missing connection between items
    Local override; error
    @(225.0000 mm, 105.6250 mm): Track [POWER_GND] on F.Cu, length 0.2500 mm
    @(227.2500 mm, 105.7500 mm): Pad 11 [POWER_GND] of U5 on F.Cu
[unconnected_items]: Missing connection between items
    Local override; error
    @(234.5000 mm, 145.0000 mm): Pad 2 [POWER_GND] of R21 on F.Cu
    @(241.3500 mm, 139.0000 mm): Pad 2 [POWER_GND] of C38 on F.Cu
[unconnected_items]: Missing connection between items
    Local override; error
    @(241.3500 mm, 123.0000 mm): Pad 2 [POWER_GND] of C30 on F.Cu
    @(249.3500 mm, 123.0000 mm): Pad 2 [POWER_GND] of C31 on F.Cu
[unconnected_items]: Missing connection between items
    Local override; error
    @(241.3500 mm, 123.0000 mm): Pad 2 [POWER_GND] of C30 on F.Cu
    @(241.3500 mm, 131.0000 mm): Pad 2 [POWER_GND] of C34 on F.Cu
[unconnected_items]: Missing connection between items
    Local override; error
    @(241.3500 mm, 139.0000 mm): Pad 2 [POWER_GND] of C38 on F.Cu
    @(241.3500 mm, 131.0000 mm): Pad 2 [POWER_GND] of C34 on F.Cu
[unconnected_items]: Missing connection between items
    Local override; error
    @(241.3500 mm, 139.0000 mm): Pad 2 [POWER_GND] of C38 on F.Cu
    @(249.3500 mm, 139.0000 mm): Pad 2 [POWER_GND] of C39 on F.Cu
[unconnected_items]: Missing connection between items
    Local override; error
    @(249.3500 mm, 115.0000 mm): Pad 2 [POWER_GND] of C27 on F.Cu
    @(241.3500 mm, 115.0000 mm): Pad 2 [POWER_GND] of C26 on F.Cu
[unconnected_items]: Missing connection between items
    Local override; error
    @(249.3500 mm, 123.0000 mm): Pad 2 [POWER_GND] of C31 on F.Cu
    @(249.3500 mm, 115.0000 mm): Pad 2 [POWER_GND] of C27 on F.Cu
[unconnected_items]: Missing connection between items
    Local override; error
    @(249.3500 mm, 139.0000 mm): Pad 2 [POWER_GND] of C39 on F.Cu
    @(257.3500 mm, 139.0000 mm): Pad 2 [POWER_GND] of C40 on F.Cu
[unconnected_items]: Missing connection between items
    Local override; error
    @(249.3500 mm, 139.0000 mm): Pad 2 [POWER_GND] of C39 on F.Cu
    @(249.3500 mm, 131.0000 mm): Pad 2 [POWER_GND] of C35 on F.Cu
[unconnected_items]: Missing connection between items
    Local override; error
    @(257.3500 mm, 123.0000 mm): Pad 2 [POWER_GND] of C32 on F.Cu
    @(257.3500 mm, 131.0000 mm): Pad 2 [POWER_GND] of C36 on F.Cu
[unconnected_items]: Missing connection between items
    Local override; error
    @(257.3500 mm, 139.0000 mm): Pad 2 [POWER_GND] of C40 on F.Cu
    @(257.3500 mm, 131.0000 mm): Pad 2 [POWER_GND] of C36 on F.Cu
[unconnected_items]: Missing connection between items
    Local override; error
    @(257.3500 mm, 139.0000 mm): Pad 2 [POWER_GND] of C40 on F.Cu
    @(253.5000 mm, 150.0000 mm): Pad 2 [POWER_GND] of R20 on F.Cu
[unconnected_items]: Missing connection between items
    Local override; error
    @(265.3500 mm, 115.0000 mm): Pad 2 [POWER_GND] of C29 on F.Cu
    @(257.3500 mm, 115.0000 mm): Pad 2 [POWER_GND] of C28 on F.Cu
[unconnected_items]: Missing connection between items
    Local override; error
    @(265.3500 mm, 123.0000 mm): Pad 2 [POWER_GND] of C33 on F.Cu
    @(257.3500 mm, 123.0000 mm): Pad 2 [POWER_GND] of C32 on F.Cu
[unconnected_items]: Missing connection between items
    Local override; error
    @(265.3500 mm, 123.0000 mm): Pad 2 [POWER_GND] of C33 on F.Cu
    @(265.3500 mm, 115.0000 mm): Pad 2 [POWER_GND] of C29 on F.Cu
[unconnected_items]: Missing connection between items
    Local override; error
    @(265.3500 mm, 131.0000 mm): Pad 2 [POWER_GND] of C37 on F.Cu
    @(257.3500 mm, 131.0000 mm): Pad 2 [POWER_GND] of C36 on F.Cu
[unconnected_items]: Missing connection between items
    Local override; error
    @(265.3500 mm, 139.0000 mm): Pad 2 [POWER_GND] of C41 on F.Cu
    @(257.3500 mm, 139.0000 mm): Pad 2 [POWER_GND] of C40 on F.Cu
[unconnected_items]: Missing connection between items
    Local override; error
    @(18.5500 mm, 76.4500 mm): Pad 4 [12V_PROTECTED] of U1 on F.Cu
    @(18.5500 mm, 96.4500 mm): Pad 4 [12V_PROTECTED] of U2 on F.Cu
[unconnected_items]: Missing connection between items
    Local override; error
    @(18.5500 mm, 76.4500 mm): Pad 4 [12V_PROTECTED] of U1 on F.Cu
    @(49.0500 mm, 76.0000 mm): Track [12V_PROTECTED] on F.Cu, length 0.9500 mm
[unconnected_items]: Missing connection between items
    Local override; error
    @(48.1000 mm, 78.2500 mm): Pad 1 [12V_PROTECTED] of C6 on F.Cu
    @(49.0500 mm, 76.0000 mm): Track [12V_PROTECTED] on F.Cu, length 0.9500 mm
[unconnected_items]: Missing connection between items
    Local override; error
    @(54.2500 mm, 76.0000 mm): Pad 16 [12V_PROTECTED] of U3 on F.Cu
    @(49.7500 mm, 76.0000 mm): Pad 1 [12V_PROTECTED] of U3 on F.Cu
[unconnected_items]: Missing connection between items
    Local override; error
    @(54.2500 mm, 77.2500 mm): Pad 14 [12V_PROTECTED] of U3 on F.Cu
    @(54.2500 mm, 76.0000 mm): Pad 16 [12V_PROTECTED] of U3 on F.Cu
[unconnected_items]: Missing connection between items
    Local override; error
    @(115.0000 mm, 20.0000 mm): Zone 'V100_PROTECTED_FEED' [12V_PROTECTED] on F.Cu, priority 0
    @(54.2500 mm, 77.2500 mm): Pad 14 [12V_PROTECTED] of U3 on F.Cu
[unconnected_items]: Missing connection between items
    Local override; error
    @(115.0000 mm, 20.0000 mm): Zone 'V100_PROTECTED_FEED' [12V_PROTECTED] on F.Cu, priority 0
    @(115.0000 mm, 20.0000 mm): Zone 'V100_PROTECTED_FEED' [12V_PROTECTED] on F.Cu, priority 0
[unconnected_items]: Missing connection between items
    Local override; error
    @(202.2500 mm, 104.2500 mm): Pad 14 [12V_PROTECTED] of U4 on F.Cu
    @(115.0000 mm, 20.0000 mm): Zone 'V100_PROTECTED_FEED' [12V_PROTECTED] on F.Cu, priority 0
[unconnected_items]: Missing connection between items
    Local override; error
    @(227.2500 mm, 104.2500 mm): Pad 14 [12V_PROTECTED] of U5 on F.Cu
    @(115.0000 mm, 20.0000 mm): Zone 'V100_PROTECTED_FEED' [12V_PROTECTED] on F.Cu, priority 0
[unconnected_items]: Missing connection between items
    Local override; error
    @(54.2500 mm, 76.7500 mm): Pad 15 [/REGULATORS/NC] of U3 on F.Cu
    @(202.2500 mm, 103.7500 mm): Pad 15 [/REGULATORS/NC] of U4 on F.Cu
[unconnected_items]: Missing connection between items
    Local override; error
    @(202.2500 mm, 103.7500 mm): Pad 15 [/REGULATORS/NC] of U4 on F.Cu
    @(227.2500 mm, 103.7500 mm): Pad 15 [/REGULATORS/NC] of U5 on F.Cu
[unconnected_items]: Missing connection between items
    Local override; error
    @(18.5500 mm, 73.5500 mm): Pad 1 [/POWER_INPUT/VCAP_A] of U1 on F.Cu
    @(109.2000 mm, 55.0000 mm): Pad 1 [/POWER_INPUT/VCAP_A] of C3 on F.Cu
[unconnected_items]: Missing connection between items
    Local override; error
    @(21.4500 mm, 76.4500 mm): Pad 3 [/POWER_INPUT/12V_IN_A] of U1 on F.Cu
    @(48.6000 mm, 38.7500 mm): Track [/POWER_INPUT/12V_IN_A] on B.Cu, length 2.5000 mm
[unconnected_items]: Missing connection between items
    Local override; error
    @(110.8000 mm, 55.0000 mm): Pad 2 [/POWER_INPUT/12V_IN_A] of C3 on F.Cu
    @(48.6000 mm, 38.7500 mm): Track [/POWER_INPUT/12V_IN_A] on B.Cu, length 4.3012 mm
[unconnected_items]: Missing connection between items
    Local override; error
    @(245.5000 mm, 102.0000 mm): Pad 4 [/STORAGE/BRIDGE_3V3] of U7 on F.Cu
    @(250.7500 mm, 154.7250 mm): Pad 1 [/STORAGE/BRIDGE_3V3] of J3 on F.Cu
[unconnected_items]: Missing connection between items
    Local override; error
    @(245.5000 mm, 102.5000 mm): Pad 5 [/STORAGE/BRIDGE_SATA_RX_N] of U7 on F.Cu
    @(245.5000 mm, 103.0000 mm): Pad 6 [/STORAGE/BRIDGE_SATA_RX_N] of U7 on F.Cu
[unconnected_items]: Missing connection between items
    Local override; error
    @(245.5000 mm, 103.0000 mm): Pad 6 [/STORAGE/BRIDGE_SATA_RX_N] of U7 on F.Cu
    @(245.5000 mm, 103.5000 mm): Pad 7 [/STORAGE/BRIDGE_SATA_RX_N] of U7 on F.Cu
[unconnected_items]: Missing connection between items
    Local override; error
    @(245.5000 mm, 103.5000 mm): Pad 7 [/STORAGE/BRIDGE_SATA_RX_N] of U7 on F.Cu
    @(245.5000 mm, 104.0000 mm): Pad 8 [/STORAGE/BRIDGE_SATA_RX_N] of U7 on F.Cu
[unconnected_items]: Missing connection between items
    Local override; error
    @(245.5000 mm, 104.0000 mm): Pad 8 [/STORAGE/BRIDGE_SATA_RX_N] of U7 on F.Cu
    @(245.5000 mm, 104.5000 mm): Pad 9 [/STORAGE/BRIDGE_SATA_RX_N] of U7 on F.Cu
[unconnected_items]: Missing connection between items
    Local override; error
    @(251.0000 mm, 162.2750 mm): Pad 2 [/STORAGE/BRIDGE_SATA_RX_N] of J3 on F.Cu
    @(251.5000 mm, 162.2750 mm): Pad 4 [/STORAGE/BRIDGE_SATA_RX_N] of J3 on F.Cu
[unconnected_items]: Missing connection between items
    Local override; error
    @(251.2500 mm, 154.7250 mm): Pad 3 [/STORAGE/BRIDGE_SATA_RX_N] of J3 on F.Cu
    @(251.0000 mm, 162.2750 mm): Pad 2 [/STORAGE/BRIDGE_SATA_RX_N] of J3 on F.Cu
[unconnected_items]: Missing connection between items
    Local override; error
    @(251.2500 mm, 154.7250 mm): Pad 3 [/STORAGE/BRIDGE_SATA_RX_N] of J3 on F.Cu
    @(245.5000 mm, 104.5000 mm): Pad 9 [/STORAGE/BRIDGE_SATA_RX_N] of U7 on F.Cu
[unconnected_items]: Missing connection between items
    Local override; error
    @(251.5000 mm, 162.2750 mm): Pad 4 [/STORAGE/BRIDGE_SATA_RX_N] of J3 on F.Cu
    @(252.0000 mm, 162.2750 mm): Pad 6 [/STORAGE/BRIDGE_SATA_RX_N] of J3 on F.Cu
[unconnected_items]: Missing connection between items
    Local override; error
    @(251.7500 mm, 154.7250 mm): Pad 5 [/STORAGE/BRIDGE_SATA_RX_N] of J3 on F.Cu
    @(251.2500 mm, 154.7250 mm): Pad 3 [/STORAGE/BRIDGE_SATA_RX_N] of J3 on F.Cu
[unconnected_items]: Missing connection between items
    Local override; error
    @(20.0000 mm, 90.0000 mm): Track [/POWER_INPUT/12V_IN_B] on B.Cu, length 25.0000 mm
    @(21.4500 mm, 96.4500 mm): Pad 3 [/POWER_INPUT/12V_IN_B] of U2 on F.Cu
[unconnected_items]: Missing connection between items
    Local override; error
    @(45.0000 mm, 90.0000 mm): Track [/POWER_INPUT/12V_IN_B] on B.Cu, length 28.7841 mm
    @(110.8000 mm, 95.0000 mm): Pad 2 [/POWER_INPUT/12V_IN_B] of C4 on F.Cu
[unconnected_items]: Missing connection between items
    Local override; error
    @(23.7500 mm, 143.0000 mm): Pad A4 [/SERVICE/SERVICE_GND] of J4 on F.Cu
    @(23.2500 mm, 143.0000 mm): Pad A1 [/SERVICE/SERVICE_GND] of J4 on F.Cu
[unconnected_items]: Missing connection between items
    Local override; error
    @(23.7500 mm, 147.0000 mm): Pad B9 [/SERVICE/SERVICE_GND] of J4 on F.Cu
    @(23.2500 mm, 147.0000 mm): Pad B12 [/SERVICE/SERVICE_GND] of J4 on F.Cu
[unconnected_items]: Missing connection between items
    Local override; error
    @(23.7500 mm, 147.0000 mm): Pad B9 [/SERVICE/SERVICE_GND] of J4 on F.Cu
    @(24.7500 mm, 147.0000 mm): Pad B7 [/SERVICE/SERVICE_GND] of J4 on F.Cu
[unconnected_items]: Missing connection between items
    Local override; error
    @(24.2500 mm, 143.0000 mm): Pad A5 [/SERVICE/SERVICE_GND] of J4 on F.Cu
    @(23.7500 mm, 143.0000 mm): Pad A4 [/SERVICE/SERVICE_GND] of J4 on F.Cu
[unconnected_items]: Missing connection between items
    Local override; error
    @(24.7500 mm, 143.0000 mm): Pad A6 [/SERVICE/SERVICE_GND] of J4 on F.Cu
    @(25.2500 mm, 143.0000 mm): Pad A7 [/SERVICE/SERVICE_GND] of J4 on F.Cu
[unconnected_items]: Missing connection between items
    Local override; error
    @(24.7500 mm, 143.0000 mm): Pad A6 [/SERVICE/SERVICE_GND] of J4 on F.Cu
    @(24.2500 mm, 143.0000 mm): Pad A5 [/SERVICE/SERVICE_GND] of J4 on F.Cu
[unconnected_items]: Missing connection between items
    Local override; error
    @(24.7500 mm, 147.0000 mm): Pad B7 [/SERVICE/SERVICE_GND] of J4 on F.Cu
    @(25.2500 mm, 147.0000 mm): Pad B6 [/SERVICE/SERVICE_GND] of J4 on F.Cu
[unconnected_items]: Missing connection between items
    Local override; error
    @(25.2500 mm, 147.0000 mm): Pad B6 [/SERVICE/SERVICE_GND] of J4 on F.Cu
    @(25.7500 mm, 147.0000 mm): Pad B5 [/SERVICE/SERVICE_GND] of J4 on F.Cu
[unconnected_items]: Missing connection between items
    Local override; error
    @(26.2500 mm, 143.0000 mm): Pad A9 [/SERVICE/SERVICE_GND] of J4 on F.Cu
    @(26.7500 mm, 143.0000 mm): Pad A12 [/SERVICE/SERVICE_GND] of J4 on F.Cu
[unconnected_items]: Missing connection between items
    Local override; error
    @(26.2500 mm, 143.0000 mm): Pad A9 [/SERVICE/SERVICE_GND] of J4 on F.Cu
    @(25.2500 mm, 143.0000 mm): Pad A7 [/SERVICE/SERVICE_GND] of J4 on F.Cu
[unconnected_items]: Missing connection between items
    Local override; error
    @(26.2500 mm, 143.0000 mm): Pad A9 [/SERVICE/SERVICE_GND] of J4 on F.Cu
    @(26.2500 mm, 147.0000 mm): Pad B4 [/SERVICE/SERVICE_GND] of J4 on F.Cu
[unconnected_items]: Missing connection between items
    Local override; error
    @(26.2500 mm, 147.0000 mm): Pad B4 [/SERVICE/SERVICE_GND] of J4 on F.Cu
    @(26.7500 mm, 147.0000 mm): Pad B1 [/SERVICE/SERVICE_GND] of J4 on F.Cu
[unconnected_items]: Missing connection between items
    Local override; error
    @(26.2500 mm, 147.0000 mm): Pad B4 [/SERVICE/SERVICE_GND] of J4 on F.Cu
    @(25.7500 mm, 147.0000 mm): Pad B5 [/SERVICE/SERVICE_GND] of J4 on F.Cu
[unconnected_items]: Missing connection between items
    Local override; error
    @(41.6500 mm, 145.4250 mm): Pad 1 [/SERVICE/SERVICE_GND] of U8 on F.Cu
    @(42.3500 mm, 145.4250 mm): Pad 2 [/SERVICE/SERVICE_GND] of U8 on F.Cu
[unconnected_items]: Missing connection between items
    Local override; error
    @(41.6500 mm, 145.4250 mm): Pad 1 [/SERVICE/SERVICE_GND] of U8 on F.Cu
    @(26.7500 mm, 147.0000 mm): Pad B1 [/SERVICE/SERVICE_GND] of J4 on F.Cu
[unconnected_items]: Missing connection between items
    Local override; error
    @(42.3500 mm, 145.4250 mm): Pad 2 [/SERVICE/SERVICE_GND] of U8 on F.Cu
    @(42.0000 mm, 144.5750 mm): Pad 3 [/SERVICE/SERVICE_GND] of U8 on F.Cu
[unconnected_items]: Missing connection between items
    Local override; error
    @(42.3500 mm, 145.4250 mm): Pad 2 [/SERVICE/SERVICE_GND] of U8 on F.Cu
    @(54.5000 mm, 150.0000 mm): Pad 1 [/SERVICE/SERVICE_GND] of R2 on F.Cu
[unconnected_items]: Missing connection between items
    Local override; error
    @(54.5000 mm, 150.0000 mm): Pad 1 [/SERVICE/SERVICE_GND] of R2 on F.Cu
    @(55.5000 mm, 150.0000 mm): Pad 2 [/SERVICE/SERVICE_GND] of R2 on F.Cu
[unconnected_items]: Missing connection between items
    Local override; error
    @(54.5000 mm, 150.0000 mm): Pad 1 [/SERVICE/SERVICE_GND] of R2 on F.Cu
    @(54.5000 mm, 140.0000 mm): Pad 1 [/SERVICE/SERVICE_GND] of R1 on F.Cu
[unconnected_items]: Missing connection between items
    Local override; error
    @(55.5000 mm, 140.0000 mm): Pad 2 [/SERVICE/SERVICE_GND] of R1 on F.Cu
    @(54.5000 mm, 140.0000 mm): Pad 1 [/SERVICE/SERVICE_GND] of R1 on F.Cu
[unconnected_items]: Missing connection between items
    Local override; error
    @(20.4500 mm, 96.4500 mm): Pad 6 [/POWER_INPUT/FUSED_12V_B] of U2 on F.Cu
    @(52.9000 mm, 118.7500 mm): Track [/POWER_INPUT/FUSED_12V_B] on B.Cu, length 162.5914 mm
[unconnected_items]: Missing connection between items
    Local override; error
    @(56.4000 mm, 118.7500 mm): PTH pad 7 [/POWER_INPUT/FUSED_12V_B] of F2
    @(108.0000 mm, 72.0000 mm): Pad 1 [/POWER_INPUT/FUSED_12V_B] of D2 on F.Cu
[unconnected_items]: Missing connection between items
    Local override; error
    @(19.5000 mm, 76.4500 mm): Pad 5 [/POWER_INPUT/GATE_A] of U1 on F.Cu
    @(217.5400 mm, 30.0000 mm): PTH pad 3 [/POWER_INPUT/GATE_A] of Q1
[unconnected_items]: Missing connection between items
    Local override; error
    @(57.9000 mm, 38.7500 mm): Track [/POWER_INPUT/FUSED_12V_A] on B.Cu, length 2.5000 mm
    @(20.4500 mm, 76.4500 mm): Pad 6 [/POWER_INPUT/FUSED_12V_A] of U1 on F.Cu
[unconnected_items]: Missing connection between items
    Local override; error
    @(108.0000 mm, 32.0000 mm): Pad 1 [/POWER_INPUT/FUSED_12V_A] of D1 on F.Cu
    @(57.9000 mm, 38.7500 mm): Track [/POWER_INPUT/FUSED_12V_A] on B.Cu, length 3.5000 mm
[unconnected_items]: Missing connection between items
    Local override; error
    @(18.5500 mm, 93.5500 mm): Pad 1 [/POWER_INPUT/VCAP_B] of U2 on F.Cu
    @(109.2000 mm, 95.0000 mm): Pad 1 [/POWER_INPUT/VCAP_B] of C4 on F.Cu
[unconnected_items]: Missing connection between items
    Local override; error
    @(19.5000 mm, 96.4500 mm): Pad 5 [/POWER_INPUT/GATE_B] of U2 on F.Cu
    @(217.5400 mm, 150.0000 mm): PTH pad 3 [/POWER_INPUT/GATE_B] of Q2
[unconnected_items]: Missing connection between items
    Local override; error
    @(72.8000 mm, 45.0000 mm): Pad 1 [/ETHERNET/ETH_CT1] of CCT1 on B.Cu
    @(83.2150 mm, 56.8300 mm): PTH pad 11 [/ETHERNET/ETH_CT1] of J2
[unconnected_items]: Missing connection between items
    Local override; error
    @(80.6750 mm, 55.5600 mm): PTH pad 12 [/ETHERNET/ETH_CT2] of J2
    @(93.8000 mm, 45.0000 mm): Pad 1 [/ETHERNET/ETH_CT2] of CCT2 on B.Cu
[unconnected_items]: Missing connection between items
    Local override; error
    @(62.8000 mm, 45.0000 mm): Pad 1 [/ETHERNET/ETH_CT3] of CCT3 on B.Cu
    @(74.3250 mm, 55.5600 mm): PTH pad 13 [/ETHERNET/ETH_CT3] of J2
[unconnected_items]: Missing connection between items
    Local override; error
    @(57.8000 mm, 45.0000 mm): Pad 1 [/ETHERNET/ETH_CT4] of CCT4 on B.Cu
    @(71.7850 mm, 56.8300 mm): PTH pad 14 [/ETHERNET/ETH_CT4] of J2
[unconnected_items]: Missing connection between items
    Local override; error
    @(69.6250 mm, 56.0500 mm): PTH pad 20 [/ETHERNET/GBE_SHIELD] of J2
    @(85.3750 mm, 56.0500 mm): PTH pad 19 [/ETHERNET/GBE_SHIELD] of J2
[unconnected_items]: Missing connection between items
    Local override; error
    @(76.2000 mm, 40.0000 mm): Pad 2 [/ETHERNET/GBE_SHIELD] of CCT on B.Cu
    @(69.6250 mm, 56.0500 mm): PTH pad 20 [/ETHERNET/GBE_SHIELD] of J2
[unconnected_items]: Missing connection between items
    Local override; error
    @(32.9600 mm, 98.7000 mm): Pad 1 [/CORE_CM5/POWER_GND] of J7 on F.Cu
    @(32.9600 mm, 99.9000 mm): Pad 7 [/CORE_CM5/POWER_GND] of J7 on F.Cu
[unconnected_items]: Missing connection between items
    Local override; error
    @(32.9600 mm, 99.9000 mm): Pad 7 [/CORE_CM5/POWER_GND] of J7 on F.Cu
    @(32.9600 mm, 101.1000 mm): Pad 13 [/CORE_CM5/POWER_GND] of J7 on F.Cu
[unconnected_items]: Missing connection between items
    Local override; error
    @(32.9600 mm, 101.1000 mm): Pad 13 [/CORE_CM5/POWER_GND] of J7 on F.Cu
    @(32.9600 mm, 103.1000 mm): Pad 23 [/CORE_CM5/POWER_GND] of J7 on F.Cu
[unconnected_items]: Missing connection between items
    Local override; error
    @(32.9600 mm, 103.1000 mm): Pad 23 [/CORE_CM5/POWER_GND] of J7 on F.Cu
    @(32.9600 mm, 105.1000 mm): Pad 33 [/CORE_CM5/POWER_GND] of J7 on F.Cu
[unconnected_items]: Missing connection between items
    Local override; error
    @(32.9600 mm, 105.1000 mm): Pad 33 [/CORE_CM5/POWER_GND] of J7 on F.Cu
    @(32.9600 mm, 107.1000 mm): Pad 43 [/CORE_CM5/POWER_GND] of J7 on F.Cu
[unconnected_items]: Missing connection between items
    Local override; error
    @(32.9600 mm, 107.1000 mm): Pad 43 [/CORE_CM5/POWER_GND] of J7 on F.Cu
    @(32.9600 mm, 109.1000 mm): Pad 53 [/CORE_CM5/POWER_GND] of J7 on F.Cu
[unconnected_items]: Missing connection between items
    Local override; error
    @(32.9600 mm, 109.1000 mm): Pad 53 [/CORE_CM5/POWER_GND] of J7 on F.Cu
    @(32.9600 mm, 110.3000 mm): Pad 59 [/CORE_CM5/POWER_GND] of J7 on F.Cu
[unconnected_items]: Missing connection between items
    Local override; error
    @(32.9600 mm, 110.3000 mm): Pad 59 [/CORE_CM5/POWER_GND] of J7 on F.Cu
    @(32.9600 mm, 111.5000 mm): Pad 65 [/CORE_CM5/POWER_GND] of J7 on F.Cu
[unconnected_items]: Missing connection between items
    Local override; error
    @(32.9600 mm, 111.5000 mm): Pad 65 [/CORE_CM5/POWER_GND] of J7 on F.Cu
    @(32.9600 mm, 112.7000 mm): Pad 71 [/CORE_CM5/POWER_GND] of J7 on F.Cu
[unconnected_items]: Missing connection between items
    Local override; error
    @(36.0400 mm, 98.7000 mm): Pad 2 [/CORE_CM5/POWER_GND] of J7 on F.Cu
    @(36.0400 mm, 99.9000 mm): Pad 8 [/CORE_CM5/POWER_GND] of J7 on F.Cu
[unconnected_items]: Missing connection between items
    Local override; error
    @(36.0400 mm, 98.7000 mm): Pad 2 [/CORE_CM5/POWER_GND] of J7 on F.Cu
    @(32.9600 mm, 98.7000 mm): Pad 1 [/CORE_CM5/POWER_GND] of J7 on F.Cu
[unconnected_items]: Missing connection between items
    Local override; error
    @(36.0400 mm, 99.9000 mm): Pad 8 [/CORE_CM5/POWER_GND] of J7 on F.Cu
    @(36.0400 mm, 101.1000 mm): Pad 14 [/CORE_CM5/POWER_GND] of J7 on F.Cu
[unconnected_items]: Missing connection between items
    Local override; error
    @(36.0400 mm, 102.7000 mm): Pad 22 [/CORE_CM5/POWER_GND] of J7 on F.Cu
    @(36.0400 mm, 101.1000 mm): Pad 14 [/CORE_CM5/POWER_GND] of J7 on F.Cu
[unconnected_items]: Missing connection between items
    Local override; error
    @(36.0400 mm, 104.7000 mm): Pad 32 [/CORE_CM5/POWER_GND] of J7 on F.Cu
    @(36.0400 mm, 102.7000 mm): Pad 22 [/CORE_CM5/POWER_GND] of J7 on F.Cu
[unconnected_items]: Missing connection between items
    Local override; error
    @(36.0400 mm, 106.7000 mm): Pad 42 [/CORE_CM5/POWER_GND] of J7 on F.Cu
    @(36.0400 mm, 108.7000 mm): Pad 52 [/CORE_CM5/POWER_GND] of J7 on F.Cu
[unconnected_items]: Missing connection between items
    Local override; error
    @(36.0400 mm, 106.7000 mm): Pad 42 [/CORE_CM5/POWER_GND] of J7 on F.Cu
    @(36.0400 mm, 104.7000 mm): Pad 32 [/CORE_CM5/POWER_GND] of J7 on F.Cu
[unconnected_items]: Missing connection between items
    Local override; error
    @(36.0400 mm, 110.3000 mm): Pad 60 [/CORE_CM5/POWER_GND] of J7 on F.Cu
    @(36.0400 mm, 111.5000 mm): Pad 66 [/CORE_CM5/POWER_GND] of J7 on F.Cu
[unconnected_items]: Missing connection between items
    Local override; error
    @(36.0400 mm, 110.3000 mm): Pad 60 [/CORE_CM5/POWER_GND] of J7 on F.Cu
    @(36.0400 mm, 108.7000 mm): Pad 52 [/CORE_CM5/POWER_GND] of J7 on F.Cu
[unconnected_items]: Missing connection between items
    Local override; error
    @(36.0400 mm, 111.5000 mm): Pad 66 [/CORE_CM5/POWER_GND] of J7 on F.Cu
    @(36.0400 mm, 113.1000 mm): Pad 74 [/CORE_CM5/POWER_GND] of J7 on F.Cu
[unconnected_items]: Missing connection between items
    Local override; error
    @(36.0400 mm, 113.1000 mm): Pad 74 [/CORE_CM5/POWER_GND] of J7 on F.Cu
    @(36.0400 mm, 117.9000 mm): Pad 98 [/CORE_CM5/POWER_GND] of J7 on F.Cu
[unconnected_items]: Missing connection between items
    Local override; error
    @(66.9600 mm, 99.9000 mm): Pad 107 [/CORE_CM5/POWER_GND] of J7 on F.Cu
    @(66.9600 mm, 101.1000 mm): Pad 113 [/CORE_CM5/POWER_GND] of J7 on F.Cu
[unconnected_items]: Missing connection between items
    Local override; error
    @(66.9600 mm, 101.1000 mm): Pad 113 [/CORE_CM5/POWER_GND] of J7 on F.Cu
    @(66.9600 mm, 102.3000 mm): Pad 119 [/CORE_CM5/POWER_GND] of J7 on F.Cu
[unconnected_items]: Missing connection between items
    Local override; error
    @(66.9600 mm, 102.3000 mm): Pad 119 [/CORE_CM5/POWER_GND] of J7 on F.Cu
    @(66.9600 mm, 103.5000 mm): Pad 125 [/CORE_CM5/POWER_GND] of J7 on F.Cu
[unconnected_items]: Missing connection between items
    Local override; error
    @(66.9600 mm, 104.7000 mm): Pad 131 [/CORE_CM5/POWER_GND] of J7 on F.Cu
    @(66.9600 mm, 103.5000 mm): Pad 125 [/CORE_CM5/POWER_GND] of J7 on F.Cu
[unconnected_items]: Missing connection between items
    Local override; error
    @(66.9600 mm, 105.9000 mm): Pad 137 [/CORE_CM5/POWER_GND] of J7 on F.Cu
    @(66.9600 mm, 104.7000 mm): Pad 131 [/CORE_CM5/POWER_GND] of J7 on F.Cu
[unconnected_items]: Missing connection between items
    Local override; error
    @(66.9600 mm, 110.7000 mm): Pad 161 [/CORE_CM5/POWER_GND] of J7 on F.Cu
    @(66.9600 mm, 111.9000 mm): Pad 167 [/CORE_CM5/POWER_GND] of J7 on F.Cu
[unconnected_items]: Missing connection between items
    Local override; error
    @(66.9600 mm, 110.7000 mm): Pad 161 [/CORE_CM5/POWER_GND] of J7 on F.Cu
    @(66.9600 mm, 109.5000 mm): Pad 155 [/CORE_CM5/POWER_GND] of J7 on F.Cu
[unconnected_items]: Missing connection between items
    Local override; error
    @(66.9600 mm, 111.9000 mm): Pad 167 [/CORE_CM5/POWER_GND] of J7 on F.Cu
    @(66.9600 mm, 113.1000 mm): Pad 173 [/CORE_CM5/POWER_GND] of J7 on F.Cu
[unconnected_items]: Missing connection between items
    Local override; error
    @(66.9600 mm, 113.1000 mm): Pad 173 [/CORE_CM5/POWER_GND] of J7 on F.Cu
    @(66.9600 mm, 114.3000 mm): Pad 179 [/CORE_CM5/POWER_GND] of J7 on F.Cu
[unconnected_items]: Missing connection between items
    Local override; error
    @(66.9600 mm, 113.1000 mm): Pad 173 [/CORE_CM5/POWER_GND] of J7 on F.Cu
    @(36.0400 mm, 113.1000 mm): Pad 74 [/CORE_CM5/POWER_GND] of J7 on F.Cu
[unconnected_items]: Missing connection between items
    Local override; error
    @(66.9600 mm, 114.3000 mm): Pad 179 [/CORE_CM5/POWER_GND] of J7 on F.Cu
    @(66.9600 mm, 115.5000 mm): Pad 185 [/CORE_CM5/POWER_GND] of J7 on F.Cu
[unconnected_items]: Missing connection between items
    Local override; error
    @(66.9600 mm, 115.5000 mm): Pad 185 [/CORE_CM5/POWER_GND] of J7 on F.Cu
    @(66.9600 mm, 116.7000 mm): Pad 191 [/CORE_CM5/POWER_GND] of J7 on F.Cu
[unconnected_items]: Missing connection between items
    Local override; error
    @(66.9600 mm, 116.7000 mm): Pad 191 [/CORE_CM5/POWER_GND] of J7 on F.Cu
    @(66.9600 mm, 117.9000 mm): Pad 197 [/CORE_CM5/POWER_GND] of J7 on F.Cu
[unconnected_items]: Missing connection between items
    Local override; error
    @(70.0400 mm, 101.1000 mm): Pad 114 [/CORE_CM5/POWER_GND] of J7 on F.Cu
    @(70.0400 mm, 99.9000 mm): Pad 108 [/CORE_CM5/POWER_GND] of J7 on F.Cu
[unconnected_items]: Missing connection between items
    Local override; error
    @(70.0400 mm, 101.1000 mm): Pad 114 [/CORE_CM5/POWER_GND] of J7 on F.Cu
    @(66.9600 mm, 101.1000 mm): Pad 113 [/CORE_CM5/POWER_GND] of J7 on F.Cu
[unconnected_items]: Missing connection between items
    Local override; error
    @(70.0400 mm, 102.3000 mm): Pad 120 [/CORE_CM5/POWER_GND] of J7 on F.Cu
    @(70.0400 mm, 101.1000 mm): Pad 114 [/CORE_CM5/POWER_GND] of J7 on F.Cu
[unconnected_items]: Missing connection between items
    Local override; error
    @(70.0400 mm, 103.5000 mm): Pad 126 [/CORE_CM5/POWER_GND] of J7 on F.Cu
    @(70.0400 mm, 102.3000 mm): Pad 120 [/CORE_CM5/POWER_GND] of J7 on F.Cu
[unconnected_items]: Missing connection between items
    Local override; error
    @(70.0400 mm, 103.5000 mm): Pad 126 [/CORE_CM5/POWER_GND] of J7 on F.Cu
    @(75.0000 mm, 104.0000 mm): Via [/CORE_CM5/POWER_GND] on F.Cu - B.Cu
[unconnected_items]: Missing connection between items
    Local override; error
    @(70.0400 mm, 104.7000 mm): Pad 132 [/CORE_CM5/POWER_GND] of J7 on F.Cu
    @(70.0400 mm, 103.5000 mm): Pad 126 [/CORE_CM5/POWER_GND] of J7 on F.Cu
[unconnected_items]: Missing connection between items
    Local override; error
    @(70.0400 mm, 105.9000 mm): Pad 138 [/CORE_CM5/POWER_GND] of J7 on F.Cu
    @(70.0400 mm, 104.7000 mm): Pad 132 [/CORE_CM5/POWER_GND] of J7 on F.Cu
[unconnected_items]: Missing connection between items
    Local override; error
    @(70.0400 mm, 105.9000 mm): Pad 138 [/CORE_CM5/POWER_GND] of J7 on F.Cu
    @(70.0400 mm, 107.1000 mm): Pad 144 [/CORE_CM5/POWER_GND] of J7 on F.Cu
[unconnected_items]: Missing connection between items
    Local override; error
    @(70.0400 mm, 107.1000 mm): Pad 144 [/CORE_CM5/POWER_GND] of J7 on F.Cu
    @(70.0400 mm, 108.3000 mm): Pad 150 [/CORE_CM5/POWER_GND] of J7 on F.Cu
[unconnected_items]: Missing connection between items
    Local override; error
    @(70.0400 mm, 108.3000 mm): Pad 150 [/CORE_CM5/POWER_GND] of J7 on F.Cu
    @(70.0400 mm, 109.5000 mm): Pad 156 [/CORE_CM5/POWER_GND] of J7 on F.Cu
[unconnected_items]: Missing connection between items
    Local override; error
    @(70.0400 mm, 109.5000 mm): Pad 156 [/CORE_CM5/POWER_GND] of J7 on F.Cu
    @(70.0400 mm, 110.7000 mm): Pad 162 [/CORE_CM5/POWER_GND] of J7 on F.Cu
[unconnected_items]: Missing connection between items
    Local override; error
    @(70.0400 mm, 110.7000 mm): Pad 162 [/CORE_CM5/POWER_GND] of J7 on F.Cu
    @(70.0400 mm, 111.9000 mm): Pad 168 [/CORE_CM5/POWER_GND] of J7 on F.Cu
[unconnected_items]: Missing connection between items
    Local override; error
    @(70.0400 mm, 111.9000 mm): Pad 168 [/CORE_CM5/POWER_GND] of J7 on F.Cu
    @(70.0400 mm, 113.1000 mm): Pad 174 [/CORE_CM5/POWER_GND] of J7 on F.Cu
[unconnected_items]: Missing connection between items
    Local override; error
    @(70.0400 mm, 113.1000 mm): Pad 174 [/CORE_CM5/POWER_GND] of J7 on F.Cu
    @(66.9600 mm, 113.1000 mm): Pad 173 [/CORE_CM5/POWER_GND] of J7 on F.Cu
[unconnected_items]: Missing connection between items
    Local override; error
    @(70.0400 mm, 114.3000 mm): Pad 180 [/CORE_CM5/POWER_GND] of J7 on F.Cu
    @(70.0400 mm, 113.1000 mm): Pad 174 [/CORE_CM5/POWER_GND] of J7 on F.Cu
[unconnected_items]: Missing connection between items
    Local override; error
    @(70.0400 mm, 115.5000 mm): Pad 186 [/CORE_CM5/POWER_GND] of J7 on F.Cu
    @(70.0400 mm, 114.3000 mm): Pad 180 [/CORE_CM5/POWER_GND] of J7 on F.Cu
[unconnected_items]: Missing connection between items
    Local override; error
    @(70.0400 mm, 116.7000 mm): Pad 192 [/CORE_CM5/POWER_GND] of J7 on F.Cu
    @(70.0400 mm, 117.9000 mm): Pad 198 [/CORE_CM5/POWER_GND] of J7 on F.Cu
[unconnected_items]: Missing connection between items
    Local override; error
    @(70.0400 mm, 116.7000 mm): Pad 192 [/CORE_CM5/POWER_GND] of J7 on F.Cu
    @(70.0400 mm, 115.5000 mm): Pad 186 [/CORE_CM5/POWER_GND] of J7 on F.Cu
[unconnected_items]: Missing connection between items
    Local override; error
    @(75.0000 mm, 97.0000 mm): Via [/CORE_CM5/POWER_GND] on F.Cu - B.Cu
    @(70.0400 mm, 99.9000 mm): Pad 108 [/CORE_CM5/POWER_GND] of J7 on F.Cu
[unconnected_items]: Missing connection between items
    Local override; error
    @(86.0000 mm, 104.0000 mm): Via [/CORE_CM5/POWER_GND] on F.Cu - B.Cu
    @(75.0000 mm, 104.0000 mm): Via [/CORE_CM5/POWER_GND] on F.Cu - B.Cu
[unconnected_items]: Missing connection between items
    Local override; error
    @(86.0000 mm, 112.0000 mm): Via [/CORE_CM5/POWER_GND] on F.Cu - B.Cu
    @(86.0000 mm, 104.0000 mm): Via [/CORE_CM5/POWER_GND] on F.Cu - B.Cu
[unconnected_items]: Missing connection between items
    Local override; error
    @(32.9600 mm, 113.9000 mm): Pad 77 [/CORE_CM5/CM5_5V] of J7 on F.Cu
    @(32.9600 mm, 114.3000 mm): Pad 79 [/CORE_CM5/CM5_5V] of J7 on F.Cu
[unconnected_items]: Missing connection between items
    Local override; error
    @(32.9600 mm, 114.3000 mm): Pad 79 [/CORE_CM5/CM5_5V] of J7 on F.Cu
    @(32.9600 mm, 114.7000 mm): Pad 81 [/CORE_CM5/CM5_5V] of J7 on F.Cu
[unconnected_items]: Missing connection between items
    Local override; error
    @(32.9600 mm, 114.7000 mm): Pad 81 [/CORE_CM5/CM5_5V] of J7 on F.Cu
    @(32.9600 mm, 115.1000 mm): Pad 83 [/CORE_CM5/CM5_5V] of J7 on F.Cu
[unconnected_items]: Missing connection between items
    Local override; error
    @(32.9600 mm, 115.1000 mm): Pad 83 [/CORE_CM5/CM5_5V] of J7 on F.Cu
    @(32.9600 mm, 115.5000 mm): Pad 85 [/CORE_CM5/CM5_5V] of J7 on F.Cu
[unconnected_items]: Missing connection between items
    Local override; error
    @(32.9600 mm, 115.5000 mm): Pad 85 [/CORE_CM5/CM5_5V] of J7 on F.Cu
    @(32.9600 mm, 115.9000 mm): Pad 87 [/CORE_CM5/CM5_5V] of J7 on F.Cu
[unconnected_items]: Missing connection between items
    Local override; error
    @(56.2000 mm, 45.0000 mm): Pad 2 [ETH_CT_BRANCH_4] of CCT4 on B.Cu
    @(57.5000 mm, 40.0000 mm): Pad 1 [ETH_CT_BRANCH_4] of RCT4 on B.Cu
[unconnected_items]: Missing connection between items
    Local override; error
    @(56.5000 mm, 40.0000 mm): Pad 2 [ETH_CT_COMMON] of RCT4 on B.Cu
    @(61.5000 mm, 40.0000 mm): Pad 2 [ETH_CT_COMMON] of RCT3 on B.Cu
[unconnected_items]: Missing connection between items
    Local override; error
    @(61.5000 mm, 40.0000 mm): Pad 2 [ETH_CT_COMMON] of RCT3 on B.Cu
    @(71.5000 mm, 40.0000 mm): Pad 2 [ETH_CT_COMMON] of RCT1 on B.Cu
[unconnected_items]: Missing connection between items
    Local override; error
    @(71.5000 mm, 40.0000 mm): Pad 2 [ETH_CT_COMMON] of RCT1 on B.Cu
    @(77.8000 mm, 40.0000 mm): Pad 1 [ETH_CT_COMMON] of CCT on B.Cu
[unconnected_items]: Missing connection between items
    Local override; error
    @(77.8000 mm, 40.0000 mm): Pad 1 [ETH_CT_COMMON] of CCT on B.Cu
    @(92.5000 mm, 40.0000 mm): Pad 2 [ETH_CT_COMMON] of RCT2 on B.Cu
[unconnected_items]: Missing connection between items
    Local override; error
    @(71.2000 mm, 45.0000 mm): Pad 2 [ETH_CT_BRANCH_1] of CCT1 on B.Cu
    @(72.5000 mm, 40.0000 mm): Pad 1 [ETH_CT_BRANCH_1] of RCT1 on B.Cu
[unconnected_items]: Missing connection between items
    Local override; error
    @(92.2000 mm, 45.0000 mm): Pad 2 [ETH_CT_BRANCH_2] of CCT2 on B.Cu
    @(93.5000 mm, 40.0000 mm): Pad 1 [ETH_CT_BRANCH_2] of RCT2 on B.Cu
[unconnected_items]: Missing connection between items
    Local override; error
    @(61.2000 mm, 45.0000 mm): Pad 2 [ETH_CT_BRANCH_3] of CCT3 on B.Cu
    @(62.5000 mm, 40.0000 mm): Pad 1 [ETH_CT_BRANCH_3] of RCT3 on B.Cu

** Found 0 Footprint errors **

** Ignored checks **
    - Footprint has no courtyard defined
    - Track endpoint not centered on via
    - Tuning profile track geometries
    - Footprint doesn't match symbol's footprint filters
    - Footprint component type doesn't match footprint pads

** End of Report **
