** Drc report for ACREAGE_CM5IO_ROTATED_LOCAL_PHASE17.kicad_pcb **
** Created on 2026-09-03T18:55:27 **
** Report includes: Errors, Warnings **

** Found 491 DRC violations **
[shorting_items]: Items shorting two nets (nets CM5_GBE_TD2_P and CM5_GBE_TD3_P)
    Local override; error
    @(123.4600 mm, 147.8713 mm): Track [CM5_GBE_TD2_P] on F.Cu, length 1.9252 mm
    @(124.2959 mm, 147.1900 mm): Track [CM5_GBE_TD3_P] on F.Cu, length 1.6155 mm
[clearance]: Clearance violation ( clearance 0.2000 mm; actual 0.1730 mm)
    Local override; error
    @(124.7000 mm, 152.3000 mm): Track [CM5_GBE_TD2_P] on F.Cu, length 0.0150 mm
    @(125.0000 mm, 152.1000 mm): Track [CM5_GBE_TD2_N] on F.Cu, length 3.3750 mm
[clearance]: Clearance violation ( clearance 0.2000 mm; actual 0.0059 mm)
    Local override; error
    @(123.3213 mm, 145.9100 mm): Track [CM5_GBE_TD2_P] on F.Cu, length 1.6155 mm
    @(123.4787 mm, 146.2900 mm): Via [CM5_GBE_TD2_N] on F.Cu - B.Cu
[clearance]: Clearance violation ( clearance 0.2000 mm; actual 0.1730 mm)
    Local override; error
    @(125.0000 mm, 152.1000 mm): Track [CM5_GBE_TD2_N] on F.Cu, length 3.3750 mm
    @(124.7000 mm, 152.3150 mm): Track [CM5_GBE_TD2_P] on F.Cu, length 1.1243 mm
[clearance]: Clearance violation ( clearance 0.2000 mm; actual 0.1730 mm)
    Local override; error
    @(124.3000 mm, 151.7000 mm): Track [CM5_GBE_TD2_N] on F.Cu, length 0.3000 mm
    @(124.4000 mm, 152.0000 mm): Track [CM5_GBE_TD2_P] on F.Cu, length 0.4243 mm
[clearance]: Clearance violation ( clearance 0.2000 mm; actual 0.1903 mm)
    Local override; error
    @(25.0000 mm, 100.3000 mm): Via [CM5_GBE_TD2_N] on F.Cu - B.Cu
    @(25.5000 mm, 100.7000 mm): Via [CM5_GBE_TD2_P] on F.Cu - B.Cu
[clearance]: Clearance violation ( clearance 0.2000 mm; actual 0.1709 mm)
    Local override; error
    @(25.0000 mm, 137.0000 mm): Track [CM5_GBE_TD2_N] on B.Cu, length 51.1566 mm
    @(25.5000 mm, 137.5000 mm): Via [CM5_GBE_TD2_P] on F.Cu - B.Cu
[clearance]: Clearance violation ( clearance 0.2000 mm; actual 0.1903 mm)
    Local override; error
    @(25.0000 mm, 100.3000 mm): Via [CM5_GBE_TD2_N] on F.Cu - B.Cu
    @(25.5000 mm, 100.7000 mm): Via [CM5_GBE_TD2_P] on F.Cu - B.Cu
[clearance]: Clearance violation ( clearance 0.2000 mm; actual 0.1903 mm)
    Local override; error
    @(25.0000 mm, 100.3000 mm): Via [CM5_GBE_TD2_N] on F.Cu - B.Cu
    @(25.5000 mm, 100.7000 mm): Via [CM5_GBE_TD2_P] on F.Cu - B.Cu
[clearance]: Clearance violation ( clearance 0.2000 mm; actual 0.1903 mm)
    Local override; error
    @(25.0000 mm, 100.3000 mm): Via [CM5_GBE_TD2_N] on F.Cu - B.Cu
    @(25.5000 mm, 100.7000 mm): Via [CM5_GBE_TD2_P] on F.Cu - B.Cu
[clearance]: Clearance violation ( clearance 0.2000 mm; actual 0.1903 mm)
    Local override; error
    @(25.0000 mm, 100.3000 mm): Via [CM5_GBE_TD2_N] on F.Cu - B.Cu
    @(25.5000 mm, 100.7000 mm): Via [CM5_GBE_TD2_P] on F.Cu - B.Cu
[tracks_crossing]: Tracks crossing
    Local override; error
    @(25.0000 mm, 137.0000 mm): Track [CM5_GBE_TD2_N] on B.Cu, length 51.1566 mm
    @(25.5000 mm, 100.7000 mm): Track [CM5_GBE_TD2_P] on B.Cu, length 36.8000 mm
[tracks_crossing]: Tracks crossing
    Local override; error
    @(123.8400 mm, 148.0287 mm): Track [CM5_GBE_TD2_N] on F.Cu, length 1.6104 mm
    @(124.2959 mm, 147.1900 mm): Track [CM5_GBE_TD3_P] on F.Cu, length 1.6155 mm
[tracks_crossing]: Tracks crossing
    Local override; error
    @(106.0000 mm, 141.0000 mm): Track [CM5_GBE_TD2_N] on B.Cu, length 18.2617 mm
    @(106.5000 mm, 141.5000 mm): Track [CM5_GBE_TD2_P] on B.Cu, length 17.3898 mm
[clearance]: Clearance violation ( clearance 0.2000 mm; actual 0.1903 mm)
    Local override; error
    @(25.0000 mm, 100.3000 mm): Via [CM5_GBE_TD2_N] on F.Cu - B.Cu
    @(25.5000 mm, 100.7000 mm): Via [CM5_GBE_TD2_P] on F.Cu - B.Cu
[tracks_crossing]: Tracks crossing
    Local override; error
    @(25.0000 mm, 100.3000 mm): Track [CM5_GBE_TD2_N] on B.Cu, length 36.7000 mm
    @(24.5000 mm, 136.5000 mm): Track [CM5_GBE_TD3_N] on B.Cu, length 51.1566 mm
[tracks_crossing]: Tracks crossing
    Local override; error
    @(24.5000 mm, 99.5000 mm): Track [CM5_GBE_TD3_N] on B.Cu, length 37.0000 mm
    @(24.0000 mm, 136.0000 mm): Track [CM5_GBE_TD3_P] on B.Cu, length 51.1566 mm
[tracks_crossing]: Tracks crossing
    Local override; error
    @(106.5000 mm, 146.5000 mm): Track [CM5_GBE_TD0_P] on F.Cu, length 11.1022 mm
    @(106.0000 mm, 146.0000 mm): Track [CM5_GBE_TD0_N] on F.Cu, length 12.0865 mm
[clearance]: Clearance violation ( clearance 0.2000 mm; actual 0.1903 mm)
    Local override; error
    @(45.5000 mm, 99.5000 mm): Via [CM5_GBE_TD1_N] on F.Cu - B.Cu
    @(45.0000 mm, 99.1000 mm): Via [CM5_GBE_TD1_P] on F.Cu - B.Cu
[tracks_crossing]: Tracks crossing
    Local override; error
    @(105.0000 mm, 145.0000 mm): Track [CM5_GBE_TD1_P] on F.Cu, length 14.6773 mm
    @(105.5000 mm, 145.5000 mm): Track [CM5_GBE_TD1_N] on F.Cu, length 13.6850 mm
[clearance]: Clearance violation ( clearance 0.2000 mm; actual 0.1903 mm)
    Local override; error
    @(45.5000 mm, 99.5000 mm): Via [CM5_GBE_TD1_N] on F.Cu - B.Cu
    @(45.0000 mm, 99.1000 mm): Via [CM5_GBE_TD1_P] on F.Cu - B.Cu
[clearance]: Clearance violation ( clearance 0.2000 mm; actual 0.1903 mm)
    Local override; error
    @(45.5000 mm, 99.5000 mm): Via [CM5_GBE_TD1_N] on F.Cu - B.Cu
    @(45.0000 mm, 99.1000 mm): Via [CM5_GBE_TD1_P] on F.Cu - B.Cu
[clearance]: Clearance violation ( clearance 0.2000 mm; actual 0.1903 mm)
    Local override; error
    @(45.5000 mm, 99.5000 mm): Via [CM5_GBE_TD1_N] on F.Cu - B.Cu
    @(45.0000 mm, 99.1000 mm): Via [CM5_GBE_TD1_P] on F.Cu - B.Cu
[clearance]: Clearance violation ( clearance 0.2000 mm; actual 0.1903 mm)
    Local override; error
    @(45.5000 mm, 99.5000 mm): Via [CM5_GBE_TD1_N] on F.Cu - B.Cu
    @(45.0000 mm, 99.1000 mm): Via [CM5_GBE_TD1_P] on F.Cu - B.Cu
[clearance]: Clearance violation ( clearance 0.2000 mm; actual 0.1903 mm)
    Local override; error
    @(45.5000 mm, 99.5000 mm): Via [CM5_GBE_TD1_N] on F.Cu - B.Cu
    @(45.0000 mm, 99.1000 mm): Via [CM5_GBE_TD1_P] on F.Cu - B.Cu
[clearance]: Clearance violation ( clearance 0.2000 mm; actual 0.1709 mm)
    Local override; error
    @(25.0000 mm, 137.0000 mm): Via [CM5_GBE_TD2_N] on F.Cu - B.Cu
    @(24.5000 mm, 136.5000 mm): Track [CM5_GBE_TD3_N] on B.Cu, length 51.1566 mm
[clearance]: Clearance violation ( clearance 0.2000 mm; actual 0.1730 mm)
    Local override; error
    @(124.0000 mm, 152.0000 mm): Track [CM5_GBE_TD2_P] on F.Cu, length 0.4000 mm
    @(124.3000 mm, 151.7000 mm): Track [CM5_GBE_TD2_N] on F.Cu, length 0.3000 mm
[shorting_items]: Items shorting two nets (nets CM5_GBE_TD2_N and CM5_GBE_TD2_P)
    Local override; error
    @(123.4787 mm, 146.2900 mm): Via [CM5_GBE_TD2_N] on F.Cu - B.Cu
    @(123.3213 mm, 145.9100 mm): Via [CM5_GBE_TD2_P] on F.Cu - B.Cu
[clearance]: Clearance violation ( clearance 0.2000 mm; actual 0.0296 mm)
    Local override; error
    @(106.0000 mm, 141.0000 mm): Track [CM5_GBE_TD2_N] on B.Cu, length 18.2617 mm
    @(123.3213 mm, 145.9100 mm): Via [CM5_GBE_TD2_P] on F.Cu - B.Cu
[shorting_items]: Items shorting two nets (nets CM5_GBE_TD2_N and CM5_GBE_TD2_P)
    Local override; error
    @(123.4787 mm, 146.2900 mm): Via [CM5_GBE_TD2_N] on F.Cu - B.Cu
    @(123.3213 mm, 145.9100 mm): Via [CM5_GBE_TD2_P] on F.Cu - B.Cu
[shorting_items]: Items shorting two nets (nets CM5_GBE_TD2_N and CM5_GBE_TD2_P)
    Local override; error
    @(123.4787 mm, 146.2900 mm): Via [CM5_GBE_TD2_N] on F.Cu - B.Cu
    @(123.3213 mm, 145.9100 mm): Via [CM5_GBE_TD2_P] on F.Cu - B.Cu
[shorting_items]: Items shorting two nets (nets CM5_GBE_TD2_N and CM5_GBE_TD2_P)
    Local override; error
    @(123.4787 mm, 146.2900 mm): Via [CM5_GBE_TD2_N] on F.Cu - B.Cu
    @(123.3213 mm, 145.9100 mm): Via [CM5_GBE_TD2_P] on F.Cu - B.Cu
[clearance]: Clearance violation ( clearance 0.2000 mm; actual 0.0895 mm)
    Local override; error
    @(46.0000 mm, 137.0000 mm): Via [CM5_GBE_TD0_N] on F.Cu - B.Cu
    @(45.5000 mm, 136.5000 mm): Track [CM5_GBE_TD1_N] on F.Cu, length 41.0000 mm
[clearance]: Clearance violation ( clearance 0.2000 mm; actual 0.0895 mm)
    Local override; error
    @(45.0000 mm, 136.0000 mm): Track [CM5_GBE_TD1_P] on F.Cu, length 41.0000 mm
    @(45.5000 mm, 136.5000 mm): Via [CM5_GBE_TD1_N] on F.Cu - B.Cu
[shorting_items]: Items shorting two nets (nets CM5_GBE_TD2_N and CM5_GBE_TD2_P)
    Local override; error
    @(123.4787 mm, 146.2900 mm): Via [CM5_GBE_TD2_N] on F.Cu - B.Cu
    @(123.3213 mm, 145.9100 mm): Via [CM5_GBE_TD2_P] on F.Cu - B.Cu
[shorting_items]: Items shorting two nets (nets /POWER_INPUT/12V_IN_B and CM5_GBE_TD0_N)
    Local override; error
    @(47.1000 mm, 118.7500 mm): PTH pad 3 [/POWER_INPUT/12V_IN_B] of F2
    @(46.0000 mm, 100.3000 mm): Track [CM5_GBE_TD0_N] on B.Cu, length 36.7000 mm
[tracks_crossing]: Tracks crossing
    Local override; error
    @(121.1787 mm, 145.0900 mm): Track [CM5_GBE_TD0_N] on F.Cu, length 4.7216 mm
    @(105.5000 mm, 145.5000 mm): Track [CM5_GBE_TD1_N] on F.Cu, length 13.6850 mm
[clearance]: Clearance violation ( clearance 0.2000 mm; actual 0.1903 mm)
    Local override; error
    @(46.5000 mm, 100.7000 mm): Via [CM5_GBE_TD0_P] on F.Cu - B.Cu
    @(46.0000 mm, 100.3000 mm): Via [CM5_GBE_TD0_N] on F.Cu - B.Cu
[clearance]: Clearance violation ( clearance 0.2000 mm; actual 0.0895 mm)
    Local override; error
    @(46.0000 mm, 137.0000 mm): Track [CM5_GBE_TD0_N] on F.Cu, length 41.0000 mm
    @(46.5000 mm, 137.5000 mm): Via [CM5_GBE_TD0_P] on F.Cu - B.Cu
[clearance]: Clearance violation ( clearance 0.2000 mm; actual 0.1903 mm)
    Local override; error
    @(46.5000 mm, 100.7000 mm): Via [CM5_GBE_TD0_P] on F.Cu - B.Cu
    @(46.0000 mm, 100.3000 mm): Via [CM5_GBE_TD0_N] on F.Cu - B.Cu
[clearance]: Clearance violation ( clearance 0.2000 mm; actual 0.1903 mm)
    Local override; error
    @(46.5000 mm, 100.7000 mm): Via [CM5_GBE_TD0_P] on F.Cu - B.Cu
    @(46.0000 mm, 100.3000 mm): Via [CM5_GBE_TD0_N] on F.Cu - B.Cu
[clearance]: Clearance violation ( clearance 0.2000 mm; actual 0.1903 mm)
    Local override; error
    @(46.5000 mm, 100.7000 mm): Via [CM5_GBE_TD0_P] on F.Cu - B.Cu
    @(46.0000 mm, 100.3000 mm): Via [CM5_GBE_TD0_N] on F.Cu - B.Cu
[shorting_items]: Items shorting two nets (nets /POWER_INPUT/12V_IN_B and CM5_GBE_TD0_P)
    Local override; error
    @(47.1000 mm, 118.7500 mm): PTH pad 3 [/POWER_INPUT/12V_IN_B] of F2
    @(46.5000 mm, 100.7000 mm): Track [CM5_GBE_TD0_P] on B.Cu, length 36.8000 mm
[clearance]: Clearance violation ( clearance 0.2000 mm; actual 0.1903 mm)
    Local override; error
    @(46.5000 mm, 100.7000 mm): Via [CM5_GBE_TD0_P] on F.Cu - B.Cu
    @(46.0000 mm, 100.3000 mm): Via [CM5_GBE_TD0_N] on F.Cu - B.Cu
[clearance]: Clearance violation ( clearance 0.2000 mm; actual 0.1903 mm)
    Local override; error
    @(46.5000 mm, 100.7000 mm): Via [CM5_GBE_TD0_P] on F.Cu - B.Cu
    @(46.0000 mm, 100.3000 mm): Via [CM5_GBE_TD0_N] on F.Cu - B.Cu
[clearance]: Clearance violation ( clearance 0.2000 mm; actual 0.0648 mm)
    Local override; error
    @(46.5000 mm, 137.5000 mm): Track [CM5_GBE_TD0_P] on F.Cu, length 41.0000 mm
    @(55.5000 mm, 140.0000 mm): Pad 2 [/SERVICE/SERVICE_GND] of R1 on F.Cu
[tracks_crossing]: Tracks crossing
    Local override; error
    @(106.0000 mm, 146.0000 mm): Track [CM5_GBE_TD0_N] on F.Cu, length 12.0865 mm
    @(117.4600 mm, 148.2713 mm): Track [CM5_GBE_TD0_P] on F.Cu, length 0.6562 mm
[shorting_items]: Items shorting two nets (nets CM5_GBE_TD3_P and CM5_GBE_TD0_P)
    Local override; error
    @(24.0000 mm, 136.0000 mm): Track [CM5_GBE_TD3_P] on B.Cu, length 51.1566 mm
    @(46.5000 mm, 137.5000 mm): Via [CM5_GBE_TD0_P] on F.Cu - B.Cu
[clearance]: Clearance violation ( clearance 0.2000 mm; actual 0.1115 mm)
    Local override; error
    @(36.0400 mm, 100.7000 mm): Track [CM5_GBE_TD0_P] on F.Cu, length 10.4600 mm
    @(46.0000 mm, 100.3000 mm): Via [CM5_GBE_TD0_N] on F.Cu - B.Cu
[tracks_crossing]: Tracks crossing
    Local override; error
    @(105.5000 mm, 140.5000 mm): Track [CM5_GBE_TD3_N] on B.Cu, length 19.6776 mm
    @(105.0000 mm, 140.0000 mm): Track [CM5_GBE_TD3_P] on B.Cu, length 20.5919 mm
[clearance]: Clearance violation ( clearance 0.2000 mm; actual 0.1115 mm)
    Local override; error
    @(32.9600 mm, 99.1000 mm): Track [CM5_GBE_TD3_P] on F.Cu, length 8.9600 mm
    @(24.5000 mm, 99.5000 mm): Via [CM5_GBE_TD3_N] on F.Cu - B.Cu
[clearance]: Clearance violation ( clearance 0.2000 mm; actual 0.1669 mm)
    Local override; error
    @(105.0000 mm, 140.0000 mm): Track [CM5_GBE_TD3_P] on B.Cu, length 20.5919 mm
    @(75.5000 mm, 140.5000 mm): Track [CM5_GBE_TD3_N] on B.Cu, length 30.0000 mm
[clearance]: Clearance violation ( clearance 0.2000 mm; actual 0.1903 mm)
    Local override; error
    @(24.0000 mm, 99.1000 mm): Via [CM5_GBE_TD3_P] on F.Cu - B.Cu
    @(24.5000 mm, 99.5000 mm): Via [CM5_GBE_TD3_N] on F.Cu - B.Cu
[clearance]: Clearance violation ( clearance 0.2000 mm; actual 0.1709 mm)
    Local override; error
    @(24.5000 mm, 136.5000 mm): Via [CM5_GBE_TD3_N] on F.Cu - B.Cu
    @(24.0000 mm, 136.0000 mm): Track [CM5_GBE_TD3_P] on B.Cu, length 51.1566 mm
[clearance]: Clearance violation ( clearance 0.2000 mm; actual 0.1903 mm)
    Local override; error
    @(24.0000 mm, 99.1000 mm): Via [CM5_GBE_TD3_P] on F.Cu - B.Cu
    @(24.5000 mm, 99.5000 mm): Via [CM5_GBE_TD3_N] on F.Cu - B.Cu
[clearance]: Clearance violation ( clearance 0.2000 mm; actual 0.1228 mm)
    Local override; error
    @(124.1385 mm, 146.8100 mm): Via [CM5_GBE_TD3_N] on F.Cu - B.Cu
    @(124.2959 mm, 147.1900 mm): Track [CM5_GBE_TD3_P] on F.Cu, length 1.6155 mm
[tracks_crossing]: Tracks crossing
    Local override; error
    @(124.9600 mm, 148.0885 mm): Track [CM5_GBE_TD3_N] on F.Cu, length 0.9595 mm
    @(124.2959 mm, 147.1900 mm): Track [CM5_GBE_TD3_P] on F.Cu, length 1.6155 mm
[clearance]: Clearance violation ( clearance 0.2000 mm; actual 0.1903 mm)
    Local override; error
    @(24.0000 mm, 99.1000 mm): Via [CM5_GBE_TD3_P] on F.Cu - B.Cu
    @(24.5000 mm, 99.5000 mm): Via [CM5_GBE_TD3_N] on F.Cu - B.Cu
[clearance]: Clearance violation ( clearance 0.2000 mm; actual 0.0126 mm)
    Local override; error
    @(105.0000 mm, 140.0000 mm): Track [CM5_GBE_TD3_P] on B.Cu, length 20.5919 mm
    @(124.1385 mm, 146.8100 mm): Via [CM5_GBE_TD3_N] on F.Cu - B.Cu
[clearance]: Clearance violation ( clearance 0.2000 mm; actual 0.1903 mm)
    Local override; error
    @(24.0000 mm, 99.1000 mm): Via [CM5_GBE_TD3_P] on F.Cu - B.Cu
    @(24.5000 mm, 99.5000 mm): Via [CM5_GBE_TD3_N] on F.Cu - B.Cu
[clearance]: Clearance violation ( clearance 0.2000 mm; actual 0.1674 mm)
    Local override; error
    @(124.1385 mm, 146.8100 mm): Track [CM5_GBE_TD3_N] on F.Cu, length 1.6155 mm
    @(124.2959 mm, 147.1900 mm): Track [CM5_GBE_TD3_P] on F.Cu, length 1.6155 mm
[shorting_items]: Items shorting two nets (nets CM5_GBE_TD3_N and CM5_GBE_TD3_P)
    Local override; error
    @(124.1385 mm, 146.8100 mm): Via [CM5_GBE_TD3_N] on F.Cu - B.Cu
    @(124.2959 mm, 147.1900 mm): Via [CM5_GBE_TD3_P] on F.Cu - B.Cu
[clearance]: Clearance violation ( clearance 0.2000 mm; actual 0.1903 mm)
    Local override; error
    @(24.0000 mm, 99.1000 mm): Via [CM5_GBE_TD3_P] on F.Cu - B.Cu
    @(24.5000 mm, 99.5000 mm): Via [CM5_GBE_TD3_N] on F.Cu - B.Cu
[shorting_items]: Items shorting two nets (nets CM5_GBE_TD3_N and CM5_GBE_TD3_P)
    Local override; error
    @(124.1385 mm, 146.8100 mm): Via [CM5_GBE_TD3_N] on F.Cu - B.Cu
    @(124.2959 mm, 147.1900 mm): Via [CM5_GBE_TD3_P] on F.Cu - B.Cu
[shorting_items]: Items shorting two nets (nets CM5_GBE_TD3_N and CM5_GBE_TD3_P)
    Local override; error
    @(124.1385 mm, 146.8100 mm): Via [CM5_GBE_TD3_N] on F.Cu - B.Cu
    @(124.2959 mm, 147.1900 mm): Via [CM5_GBE_TD3_P] on F.Cu - B.Cu
[clearance]: Clearance violation ( clearance 0.2000 mm; actual 0.1755 mm)
    Local override; error
    @(125.4000 mm, 153.4636 mm): Track [CM5_GBE_TD3_N] on F.Cu, length 3.0920 mm
    @(126.4450 mm, 153.1100 mm): PTH pad 9 [CM5_GBE_TD3_P] of J2
[shorting_items]: Items shorting two nets (nets CM5_GBE_TD3_N and CM5_GBE_TD3_P)
    Local override; error
    @(124.1385 mm, 146.8100 mm): Via [CM5_GBE_TD3_N] on F.Cu - B.Cu
    @(124.2959 mm, 147.1900 mm): Via [CM5_GBE_TD3_P] on F.Cu - B.Cu
[tracks_crossing]: Tracks crossing
    Local override; error
    @(106.0000 mm, 141.0000 mm): Track [CM5_GBE_TD2_N] on B.Cu, length 18.2617 mm
    @(105.5000 mm, 140.5000 mm): Track [CM5_GBE_TD3_N] on B.Cu, length 19.6776 mm
[shorting_items]: Items shorting two nets (nets CM5_GBE_TD3_N and CM5_GBE_TD2_N)
    Local override; error
    @(105.5000 mm, 140.5000 mm): Track [CM5_GBE_TD3_N] on B.Cu, length 19.6776 mm
    @(123.4787 mm, 146.2900 mm): Via [CM5_GBE_TD2_N] on F.Cu - B.Cu
[clearance]: Clearance violation ( clearance 0.2000 mm; actual 0.1108 mm)
    Local override; error
    @(123.4787 mm, 146.2900 mm): Track [CM5_GBE_TD2_N] on F.Cu, length 1.6155 mm
    @(124.1385 mm, 146.8100 mm): Track [CM5_GBE_TD3_N] on F.Cu, length 1.6155 mm
[clearance]: Clearance violation ( clearance 0.2000 mm; actual 0.1863 mm)
    Local override; error
    @(105.5000 mm, 140.5000 mm): Track [CM5_GBE_TD3_N] on B.Cu, length 19.6776 mm
    @(76.0000 mm, 141.0000 mm): Track [CM5_GBE_TD2_N] on B.Cu, length 30.0000 mm
[hole_clearance]: Hole clearance violation (pad clearance 1.7000 mm; actual 0.0000 mm)
    Local override; error
    @(69.5000 mm, 82.0000 mm): Pad 1 [/REGULATORS/CM5_5V] of R3 on F.Cu
    @(68.0000 mm, 82.0000 mm): NPTH pad of J7
[hole_clearance]: Hole clearance violation (pad clearance 1.7000 mm; actual 0.8500 mm)
    Local override; error
    @(70.5000 mm, 82.0000 mm): Pad 2 [/REGULATORS/FB_CM5_5V] of R3 on F.Cu
    @(68.0000 mm, 82.0000 mm): NPTH pad of J7
[hole_clearance]: Hole clearance violation (pad clearance 1.7000 mm; actual 0.7783 mm)
    Local override; error
    @(69.5000 mm, 132.0000 mm): Pad 1 [/REGULATORS/BRIDGE_3V3] of R11 on F.Cu
    @(68.0000 mm, 130.0000 mm): NPTH pad of J7
[hole_clearance]: Hole clearance violation (pad clearance 1.7000 mm; actual 1.4787 mm)
    Local override; error
    @(70.5000 mm, 132.0000 mm): Pad 2 [/REGULATORS/FB_BRIDGE_3V3] of R11 on F.Cu
    @(68.0000 mm, 130.0000 mm): NPTH pad of J7
[courtyards_overlap]: Courtyards overlap
    Rule: board setup constraints courtyard; error
    @(78.0000 mm, 132.0000 mm): Footprint R12
    @(150.0000 mm, 90.0000 mm): Footprint MECH_V100
[courtyards_overlap]: Courtyards overlap
    Rule: board setup constraints courtyard; error
    @(70.0000 mm, 120.0000 mm): Footprint C14
    @(35.0000 mm, 130.0000 mm): Footprint J7
[npth_inside_courtyard]: NPTH inside courtyard
    Local override; error
    @(68.0000 mm, 82.0000 mm): NPTH pad of J7
    @(70.0000 mm, 82.0000 mm): Footprint R3
[courtyards_overlap]: Courtyards overlap
    Rule: board setup constraints courtyard; error
    @(110.0000 mm, 120.0000 mm): Footprint C19
    @(150.0000 mm, 90.0000 mm): Footprint MECH_V100
[courtyards_overlap]: Courtyards overlap
    Rule: board setup constraints courtyard; error
    @(78.0000 mm, 120.0000 mm): Footprint C15
    @(150.0000 mm, 90.0000 mm): Footprint MECH_V100
[courtyards_overlap]: Courtyards overlap
    Rule: board setup constraints courtyard; error
    @(94.0000 mm, 70.0000 mm): Footprint C8
    @(150.0000 mm, 90.0000 mm): Footprint MECH_V100
[courtyards_overlap]: Courtyards overlap
    Rule: board setup constraints courtyard; error
    @(78.0000 mm, 82.0000 mm): Footprint R4
    @(150.0000 mm, 90.0000 mm): Footprint MECH_V100
[courtyards_overlap]: Courtyards overlap
    Rule: board setup constraints courtyard; error
    @(86.0000 mm, 82.0000 mm): Footprint R5
    @(150.0000 mm, 90.0000 mm): Footprint MECH_V100
[courtyards_overlap]: Courtyards overlap
    Rule: board setup constraints courtyard; error
    @(102.0000 mm, 70.0000 mm): Footprint C9
    @(150.0000 mm, 90.0000 mm): Footprint MECH_V100
[courtyards_overlap]: Courtyards overlap
    Rule: board setup constraints courtyard; error
    @(86.0000 mm, 120.0000 mm): Footprint C16
    @(150.0000 mm, 90.0000 mm): Footprint MECH_V100
[courtyards_overlap]: Courtyards overlap
    Rule: board setup constraints courtyard; error
    @(86.0000 mm, 70.0000 mm): Footprint C7
    @(150.0000 mm, 90.0000 mm): Footprint MECH_V100
[courtyards_overlap]: Courtyards overlap
    Rule: board setup constraints courtyard; error
    @(260.0000 mm, 160.0000 mm): Footprint J3
    @(260.0000 mm, 160.0000 mm): Footprint MECH_M2_2280
[npth_inside_courtyard]: NPTH inside courtyard
    Local override; error
    @(250.0000 mm, 160.0000 mm): NPTH pad of J3
    @(260.0000 mm, 160.0000 mm): Footprint MECH_M2_2280
[npth_inside_courtyard]: NPTH inside courtyard
    Local override; error
    @(270.0000 mm, 160.0000 mm): NPTH pad of J3
    @(260.0000 mm, 160.0000 mm): Footprint MECH_M2_2280
[courtyards_overlap]: Courtyards overlap
    Rule: board setup constraints courtyard; error
    @(94.0000 mm, 120.0000 mm): Footprint C17
    @(150.0000 mm, 90.0000 mm): Footprint MECH_V100
[courtyards_overlap]: Courtyards overlap
    Rule: board setup constraints courtyard; error
    @(94.0000 mm, 132.0000 mm): Footprint R14
    @(150.0000 mm, 90.0000 mm): Footprint MECH_V100
[courtyards_overlap]: Courtyards overlap
    Rule: board setup constraints courtyard; error
    @(150.0000 mm, 90.0000 mm): Footprint J1
    @(150.0000 mm, 90.0000 mm): Footprint MECH_V100
[courtyards_overlap]: Courtyards overlap
    Rule: board setup constraints courtyard; error
    @(86.0000 mm, 132.0000 mm): Footprint R13
    @(150.0000 mm, 90.0000 mm): Footprint MECH_V100
[courtyards_overlap]: Courtyards overlap
    Rule: board setup constraints courtyard; error
    @(122.0000 mm, 162.0000 mm): Footprint J2
    @(118.0000 mm, 170.0000 mm): Footprint R22
[courtyards_overlap]: Courtyards overlap
    Rule: board setup constraints courtyard; error
    @(94.0000 mm, 82.0000 mm): Footprint R6
    @(150.0000 mm, 90.0000 mm): Footprint MECH_V100
[courtyards_overlap]: Courtyards overlap
    Rule: board setup constraints courtyard; error
    @(225.0000 mm, 105.0000 mm): Footprint U4
    @(150.0000 mm, 90.0000 mm): Footprint MECH_V100
[courtyards_overlap]: Courtyards overlap
    Rule: board setup constraints courtyard; error
    @(102.0000 mm, 120.0000 mm): Footprint C18
    @(150.0000 mm, 90.0000 mm): Footprint MECH_V100
[courtyards_overlap]: Courtyards overlap
    Rule: board setup constraints courtyard; error
    @(150.0000 mm, 90.0000 mm): Footprint MECH_V100
    @(78.0000 mm, 70.0000 mm): Footprint C6
[drill_out_of_range]: Hole size out of range (board setup constraints min hole 0.3000 mm; actual 0.2000 mm)
    Rule: netclass 'Default'; error
    @(25.5000 mm, 137.5000 mm): Via [CM5_GBE_TD2_P] on F.Cu - B.Cu
[drill_out_of_range]: Hole size out of range (board setup constraints min hole 0.3000 mm; actual 0.2000 mm)
    Rule: netclass 'Default'; error
    @(123.3213 mm, 145.9100 mm): Via [CM5_GBE_TD2_P] on F.Cu - B.Cu
[drill_out_of_range]: Hole size out of range (board setup constraints min hole 0.3000 mm; actual 0.2000 mm)
    Rule: netclass 'Default'; error
    @(25.5000 mm, 100.7000 mm): Via [CM5_GBE_TD2_P] on F.Cu - B.Cu
[drill_out_of_range]: Hole size out of range (board setup constraints min hole 0.3000 mm; actual 0.2000 mm)
    Rule: netclass 'Default'; error
    @(25.0000 mm, 137.0000 mm): Via [CM5_GBE_TD2_N] on F.Cu - B.Cu
[drill_out_of_range]: Hole size out of range (board setup constraints min hole 0.3000 mm; actual 0.2000 mm)
    Rule: netclass 'Default'; error
    @(25.0000 mm, 100.3000 mm): Via [CM5_GBE_TD2_N] on F.Cu - B.Cu
[drill_out_of_range]: Hole size out of range (board setup constraints min hole 0.3000 mm; actual 0.2000 mm)
    Rule: netclass 'Default'; error
    @(123.4787 mm, 146.2900 mm): Via [CM5_GBE_TD2_N] on F.Cu - B.Cu
[drill_out_of_range]: Hole size out of range (board setup constraints min hole 0.3000 mm; actual 0.2000 mm)
    Rule: netclass 'Default'; error
    @(24.5000 mm, 136.5000 mm): Via [CM5_GBE_TD3_N] on F.Cu - B.Cu
[drill_out_of_range]: Hole size out of range (board setup constraints min hole 0.3000 mm; actual 0.2000 mm)
    Rule: netclass 'Default'; error
    @(124.1385 mm, 146.8100 mm): Via [CM5_GBE_TD3_N] on F.Cu - B.Cu
[drill_out_of_range]: Hole size out of range (board setup constraints min hole 0.3000 mm; actual 0.2000 mm)
    Rule: netclass 'Default'; error
    @(24.5000 mm, 99.5000 mm): Via [CM5_GBE_TD3_N] on F.Cu - B.Cu
[drill_out_of_range]: Hole size out of range (board setup constraints min hole 0.3000 mm; actual 0.2000 mm)
    Rule: netclass 'Default'; error
    @(24.0000 mm, 136.0000 mm): Via [CM5_GBE_TD3_P] on F.Cu - B.Cu
[drill_out_of_range]: Hole size out of range (board setup constraints min hole 0.3000 mm; actual 0.2000 mm)
    Rule: netclass 'Default'; error
    @(24.0000 mm, 99.1000 mm): Via [CM5_GBE_TD3_P] on F.Cu - B.Cu
[drill_out_of_range]: Hole size out of range (board setup constraints min hole 0.3000 mm; actual 0.2000 mm)
    Rule: netclass 'Default'; error
    @(124.2959 mm, 147.1900 mm): Via [CM5_GBE_TD3_P] on F.Cu - B.Cu
[drill_out_of_range]: Hole size out of range (board setup constraints min hole 0.3000 mm; actual 0.2000 mm)
    Rule: netclass 'Default'; error
    @(46.5000 mm, 100.7000 mm): Via [CM5_GBE_TD0_P] on F.Cu - B.Cu
[drill_out_of_range]: Hole size out of range (board setup constraints min hole 0.3000 mm; actual 0.2000 mm)
    Rule: netclass 'Default'; error
    @(46.5000 mm, 137.5000 mm): Via [CM5_GBE_TD0_P] on F.Cu - B.Cu
[drill_out_of_range]: Hole size out of range (board setup constraints min hole 0.3000 mm; actual 0.2000 mm)
    Rule: netclass 'Default'; error
    @(46.0000 mm, 137.0000 mm): Via [CM5_GBE_TD0_N] on F.Cu - B.Cu
[drill_out_of_range]: Hole size out of range (board setup constraints min hole 0.3000 mm; actual 0.2000 mm)
    Rule: netclass 'Default'; error
    @(46.0000 mm, 100.3000 mm): Via [CM5_GBE_TD0_N] on F.Cu - B.Cu
[drill_out_of_range]: Hole size out of range (board setup constraints min hole 0.3000 mm; actual 0.2000 mm)
    Rule: netclass 'Default'; error
    @(45.0000 mm, 136.0000 mm): Via [CM5_GBE_TD1_P] on F.Cu - B.Cu
[drill_out_of_range]: Hole size out of range (board setup constraints min hole 0.3000 mm; actual 0.2000 mm)
    Rule: netclass 'Default'; error
    @(45.0000 mm, 99.1000 mm): Via [CM5_GBE_TD1_P] on F.Cu - B.Cu
[drill_out_of_range]: Hole size out of range (board setup constraints min hole 0.3000 mm; actual 0.2000 mm)
    Rule: netclass 'Default'; error
    @(45.5000 mm, 99.5000 mm): Via [CM5_GBE_TD1_N] on F.Cu - B.Cu
[drill_out_of_range]: Hole size out of range (board setup constraints min hole 0.3000 mm; actual 0.2000 mm)
    Rule: netclass 'Default'; error
    @(45.5000 mm, 136.5000 mm): Via [CM5_GBE_TD1_N] on F.Cu - B.Cu
[track_width]: Track width (board setup constraints min width 0.2000 mm; actual 0.1270 mm)
    Rule: netclass 'Default' (diff pair); error
    @(124.0000 mm, 152.0000 mm): Track [CM5_GBE_TD2_P] on F.Cu, length 0.4000 mm
[track_width]: Track width (board setup constraints min width 0.2000 mm; actual 0.1270 mm)
    Rule: netclass 'Default' (diff pair); error
    @(124.7000 mm, 152.3000 mm): Track [CM5_GBE_TD2_P] on F.Cu, length 0.0150 mm
[track_width]: Track width (board setup constraints min width 0.2000 mm; actual 0.1270 mm)
    Rule: netclass 'Default' (diff pair); error
    @(32.9600 mm, 100.7000 mm): Track [CM5_GBE_TD2_P] on F.Cu, length 7.4600 mm
[track_width]: Track width (board setup constraints min width 0.2000 mm; actual 0.1270 mm)
    Rule: netclass 'Default' (diff pair); error
    @(123.4600 mm, 149.6975 mm): Track [CM5_GBE_TD2_P] on F.Cu, length 0.0849 mm
[track_width]: Track width (board setup constraints min width 0.2000 mm; actual 0.1270 mm)
    Rule: netclass 'Default' (diff pair); error
    @(123.4600 mm, 148.9275 mm): Track [CM5_GBE_TD2_P] on F.Cu, length 1.0562 mm
[track_width]: Track width (board setup constraints min width 0.2000 mm; actual 0.1270 mm)
    Rule: netclass 'Default' (diff pair); error
    @(123.4000 mm, 148.9875 mm): Track [CM5_GBE_TD2_P] on F.Cu, length 0.0849 mm
[track_width]: Track width (board setup constraints min width 0.2000 mm; actual 0.1270 mm)
    Rule: netclass 'Default' (diff pair); error
    @(122.4500 mm, 151.5500 mm): Track [CM5_GBE_TD2_P] on F.Cu, length 0.2828 mm
[track_width]: Track width (board setup constraints min width 0.2000 mm; actual 0.1270 mm)
    Rule: netclass 'Default' (diff pair); error
    @(123.4600 mm, 147.8713 mm): Track [CM5_GBE_TD2_P] on F.Cu, length 1.9252 mm
[track_width]: Track width (board setup constraints min width 0.2000 mm; actual 0.1270 mm)
    Rule: netclass 'Default' (diff pair); error
    @(123.3213 mm, 145.9100 mm): Track [CM5_GBE_TD2_P] on F.Cu, length 1.6155 mm
[track_width]: Track width (board setup constraints min width 0.2000 mm; actual 0.1270 mm)
    Rule: netclass 'Default' (diff pair); error
    @(124.4000 mm, 152.0000 mm): Track [CM5_GBE_TD2_P] on F.Cu, length 0.4243 mm
[track_width]: Track width (board setup constraints min width 0.2000 mm; actual 0.1270 mm)
    Rule: netclass 'Default' (diff pair); error
    @(123.7500 mm, 151.7500 mm): Track [CM5_GBE_TD2_P] on F.Cu, length 0.3536 mm
[track_width]: Track width (board setup constraints min width 0.2000 mm; actual 0.1270 mm)
    Rule: netclass 'Default' (diff pair); error
    @(123.4000 mm, 150.8000 mm): Track [CM5_GBE_TD2_P] on F.Cu, length 0.1414 mm
[track_width]: Track width (board setup constraints min width 0.2000 mm; actual 0.1270 mm)
    Rule: netclass 'Default' (diff pair); error
    @(122.6500 mm, 151.7500 mm): Track [CM5_GBE_TD2_P] on F.Cu, length 1.1000 mm
[track_width]: Track width (board setup constraints min width 0.2000 mm; actual 0.1270 mm)
    Rule: netclass 'Default' (diff pair); error
    @(122.6500 mm, 150.9000 mm): Track [CM5_GBE_TD2_P] on F.Cu, length 0.2828 mm
[track_width]: Track width (board setup constraints min width 0.2000 mm; actual 0.1270 mm)
    Rule: netclass 'Default' (diff pair); error
    @(123.4600 mm, 149.5850 mm): Track [CM5_GBE_TD2_P] on F.Cu, length 0.1125 mm
[track_width]: Track width (board setup constraints min width 0.2000 mm; actual 0.1270 mm)
    Rule: netclass 'Default' (diff pair); error
    @(123.3000 mm, 150.9000 mm): Track [CM5_GBE_TD2_P] on F.Cu, length 0.6500 mm
[track_width]: Track width (board setup constraints min width 0.2000 mm; actual 0.1270 mm)
    Rule: netclass 'Default' (diff pair); error
    @(124.7000 mm, 152.3150 mm): Track [CM5_GBE_TD2_P] on F.Cu, length 1.1243 mm
[track_width]: Track width (board setup constraints min width 0.2000 mm; actual 0.1270 mm)
    Rule: netclass 'Default' (diff pair); error
    @(123.4000 mm, 149.7575 mm): Track [CM5_GBE_TD2_P] on F.Cu, length 0.4125 mm
[track_width]: Track width (board setup constraints min width 0.2000 mm; actual 0.1270 mm)
    Rule: netclass 'Default' (diff pair); error
    @(123.4000 mm, 150.1700 mm): Track [CM5_GBE_TD2_P] on F.Cu, length 0.6300 mm
[track_width]: Track width (board setup constraints min width 0.2000 mm; actual 0.1270 mm)
    Rule: netclass 'Default' (diff pair); error
    @(122.4500 mm, 151.1000 mm): Track [CM5_GBE_TD2_P] on F.Cu, length 0.4500 mm
[track_width]: Track width (board setup constraints min width 0.2000 mm; actual 0.1270 mm)
    Rule: netclass 'Default' (diff pair); error
    @(123.4000 mm, 149.4000 mm): Track [CM5_GBE_TD2_P] on F.Cu, length 0.4125 mm
[track_width]: Track width (board setup constraints min width 0.2000 mm; actual 0.1270 mm)
    Rule: netclass 'Default' (diff pair); error
    @(106.5000 mm, 141.5000 mm): Track [CM5_GBE_TD2_P] on B.Cu, length 17.3898 mm
[track_width]: Track width (board setup constraints min width 0.2000 mm; actual 0.1270 mm)
    Rule: netclass 'Default' (diff pair); error
    @(76.5000 mm, 141.5000 mm): Track [CM5_GBE_TD2_P] on B.Cu, length 30.0000 mm
[track_width]: Track width (board setup constraints min width 0.2000 mm; actual 0.1270 mm)
    Rule: netclass 'Default' (diff pair); error
    @(25.5000 mm, 137.5000 mm): Track [CM5_GBE_TD2_P] on B.Cu, length 51.1566 mm
[track_width]: Track width (board setup constraints min width 0.2000 mm; actual 0.1270 mm)
    Rule: netclass 'Default' (diff pair); error
    @(25.5000 mm, 100.7000 mm): Track [CM5_GBE_TD2_P] on B.Cu, length 36.8000 mm
[track_width]: Track width (board setup constraints min width 0.2000 mm; actual 0.1270 mm)
    Rule: netclass 'Default' (diff pair); error
    @(123.8400 mm, 149.6975 mm): Track [CM5_GBE_TD2_N] on F.Cu, length 0.0849 mm
[track_width]: Track width (board setup constraints min width 0.2000 mm; actual 0.1270 mm)
    Rule: netclass 'Default' (diff pair); error
    @(123.9000 mm, 149.7575 mm): Track [CM5_GBE_TD2_N] on F.Cu, length 0.4125 mm
[track_width]: Track width (board setup constraints min width 0.2000 mm; actual 0.1270 mm)
    Rule: netclass 'Default' (diff pair); error
    @(123.9000 mm, 150.1700 mm): Track [CM5_GBE_TD2_N] on F.Cu, length 1.1300 mm
[track_width]: Track width (board setup constraints min width 0.2000 mm; actual 0.1270 mm)
    Rule: netclass 'Default' (diff pair); error
    @(125.0000 mm, 152.1000 mm): Track [CM5_GBE_TD2_N] on F.Cu, length 3.3750 mm
[track_width]: Track width (board setup constraints min width 0.2000 mm; actual 0.1270 mm)
    Rule: netclass 'Default' (diff pair); error
    @(123.8400 mm, 148.0287 mm): Track [CM5_GBE_TD2_N] on F.Cu, length 1.6104 mm
[track_width]: Track width (board setup constraints min width 0.2000 mm; actual 0.1270 mm)
    Rule: netclass 'Default' (diff pair); error
    @(123.9000 mm, 148.9875 mm): Track [CM5_GBE_TD2_N] on F.Cu, length 0.0849 mm
[track_width]: Track width (board setup constraints min width 0.2000 mm; actual 0.1270 mm)
    Rule: netclass 'Default' (diff pair); error
    @(32.9600 mm, 100.3000 mm): Track [CM5_GBE_TD2_N] on F.Cu, length 7.9600 mm
[track_width]: Track width (board setup constraints min width 0.2000 mm; actual 0.1270 mm)
    Rule: netclass 'Default' (diff pair); error
    @(124.3000 mm, 151.7000 mm): Track [CM5_GBE_TD2_N] on F.Cu, length 0.3000 mm
[track_width]: Track width (board setup constraints min width 0.2000 mm; actual 0.1270 mm)
    Rule: netclass 'Default' (diff pair); error
    @(123.4787 mm, 146.2900 mm): Track [CM5_GBE_TD2_N] on F.Cu, length 1.6155 mm
[track_width]: Track width (board setup constraints min width 0.2000 mm; actual 0.1270 mm)
    Rule: netclass 'Default' (diff pair); error
    @(123.8400 mm, 148.9275 mm): Track [CM5_GBE_TD2_N] on F.Cu, length 0.8988 mm
[track_width]: Track width (board setup constraints min width 0.2000 mm; actual 0.1270 mm)
    Rule: netclass 'Default' (diff pair); error
    @(123.8400 mm, 149.5850 mm): Track [CM5_GBE_TD2_N] on F.Cu, length 0.1125 mm
[track_width]: Track width (board setup constraints min width 0.2000 mm; actual 0.1270 mm)
    Rule: netclass 'Default' (diff pair); error
    @(123.9000 mm, 151.3000 mm): Track [CM5_GBE_TD2_N] on F.Cu, length 0.5657 mm
[track_width]: Track width (board setup constraints min width 0.2000 mm; actual 0.1270 mm)
    Rule: netclass 'Default' (diff pair); error
    @(124.6000 mm, 151.7000 mm): Track [CM5_GBE_TD2_N] on F.Cu, length 0.5657 mm
[track_width]: Track width (board setup constraints min width 0.2000 mm; actual 0.1270 mm)
    Rule: netclass 'Default' (diff pair); error
    @(123.9000 mm, 149.4000 mm): Track [CM5_GBE_TD2_N] on F.Cu, length 0.4125 mm
[track_width]: Track width (board setup constraints min width 0.2000 mm; actual 0.1270 mm)
    Rule: netclass 'Default' (diff pair); error
    @(25.0000 mm, 100.3000 mm): Track [CM5_GBE_TD2_N] on B.Cu, length 36.7000 mm
[track_width]: Track width (board setup constraints min width 0.2000 mm; actual 0.1270 mm)
    Rule: netclass 'Default' (diff pair); error
    @(106.0000 mm, 141.0000 mm): Track [CM5_GBE_TD2_N] on B.Cu, length 18.2617 mm
[track_width]: Track width (board setup constraints min width 0.2000 mm; actual 0.1270 mm)
    Rule: netclass 'Default' (diff pair); error
    @(25.0000 mm, 137.0000 mm): Track [CM5_GBE_TD2_N] on B.Cu, length 51.1566 mm
[track_width]: Track width (board setup constraints min width 0.2000 mm; actual 0.1270 mm)
    Rule: netclass 'Default' (diff pair); error
    @(76.0000 mm, 141.0000 mm): Track [CM5_GBE_TD2_N] on B.Cu, length 30.0000 mm
[track_width]: Track width (board setup constraints min width 0.2000 mm; actual 0.1270 mm)
    Rule: netclass 'Default' (diff pair); error
    @(124.9000 mm, 149.7575 mm): Track [CM5_GBE_TD3_N] on F.Cu, length 0.4125 mm
[track_width]: Track width (board setup constraints min width 0.2000 mm; actual 0.1270 mm)
    Rule: netclass 'Default' (diff pair); error
    @(125.4000 mm, 153.4636 mm): Track [CM5_GBE_TD3_N] on F.Cu, length 3.0920 mm
[track_width]: Track width (board setup constraints min width 0.2000 mm; actual 0.1270 mm)
    Rule: netclass 'Default' (diff pair); error
    @(32.9600 mm, 99.5000 mm): Track [CM5_GBE_TD3_N] on F.Cu, length 8.4600 mm
[track_width]: Track width (board setup constraints min width 0.2000 mm; actual 0.1270 mm)
    Rule: netclass 'Default' (diff pair); error
    @(124.9000 mm, 148.9875 mm): Track [CM5_GBE_TD3_N] on F.Cu, length 0.0849 mm
[track_width]: Track width (board setup constraints min width 0.2000 mm; actual 0.1270 mm)
    Rule: netclass 'Default' (diff pair); error
    @(124.9600 mm, 149.5850 mm): Track [CM5_GBE_TD3_N] on F.Cu, length 0.1125 mm
[track_width]: Track width (board setup constraints min width 0.2000 mm; actual 0.1270 mm)
    Rule: netclass 'Default' (diff pair); error
    @(124.9600 mm, 149.6975 mm): Track [CM5_GBE_TD3_N] on F.Cu, length 0.0849 mm
[track_width]: Track width (board setup constraints min width 0.2000 mm; actual 0.1270 mm)
    Rule: netclass 'Default' (diff pair); error
    @(124.9000 mm, 150.1700 mm): Track [CM5_GBE_TD3_N] on F.Cu, length 0.7300 mm
[track_width]: Track width (board setup constraints min width 0.2000 mm; actual 0.1270 mm)
    Rule: netclass 'Default' (diff pair); error
    @(124.1385 mm, 146.8100 mm): Track [CM5_GBE_TD3_N] on F.Cu, length 1.6155 mm
[track_width]: Track width (board setup constraints min width 0.2000 mm; actual 0.1270 mm)
    Rule: netclass 'Default' (diff pair); error
    @(124.9600 mm, 148.9275 mm): Track [CM5_GBE_TD3_N] on F.Cu, length 0.8390 mm
[track_width]: Track width (board setup constraints min width 0.2000 mm; actual 0.1270 mm)
    Rule: netclass 'Default' (diff pair); error
    @(124.9600 mm, 148.0885 mm): Track [CM5_GBE_TD3_N] on F.Cu, length 0.9595 mm
[track_width]: Track width (board setup constraints min width 0.2000 mm; actual 0.1270 mm)
    Rule: netclass 'Default' (diff pair); error
    @(125.4000 mm, 151.4000 mm): Track [CM5_GBE_TD3_N] on F.Cu, length 2.0636 mm
[track_width]: Track width (board setup constraints min width 0.2000 mm; actual 0.1270 mm)
    Rule: netclass 'Default' (diff pair); error
    @(124.9000 mm, 150.9000 mm): Track [CM5_GBE_TD3_N] on F.Cu, length 0.7071 mm
[track_width]: Track width (board setup constraints min width 0.2000 mm; actual 0.1270 mm)
    Rule: netclass 'Default' (diff pair); error
    @(124.9000 mm, 149.4000 mm): Track [CM5_GBE_TD3_N] on F.Cu, length 0.4125 mm
[track_width]: Track width (board setup constraints min width 0.2000 mm; actual 0.1270 mm)
    Rule: netclass 'Default' (diff pair); error
    @(105.5000 mm, 140.5000 mm): Track [CM5_GBE_TD3_N] on B.Cu, length 19.6776 mm
[track_width]: Track width (board setup constraints min width 0.2000 mm; actual 0.1270 mm)
    Rule: netclass 'Default' (diff pair); error
    @(75.5000 mm, 140.5000 mm): Track [CM5_GBE_TD3_N] on B.Cu, length 30.0000 mm
[track_width]: Track width (board setup constraints min width 0.2000 mm; actual 0.1270 mm)
    Rule: netclass 'Default' (diff pair); error
    @(24.5000 mm, 99.5000 mm): Track [CM5_GBE_TD3_N] on B.Cu, length 37.0000 mm
[track_width]: Track width (board setup constraints min width 0.2000 mm; actual 0.1270 mm)
    Rule: netclass 'Default' (diff pair); error
    @(24.5000 mm, 136.5000 mm): Track [CM5_GBE_TD3_N] on B.Cu, length 51.1566 mm
[track_width]: Track width (board setup constraints min width 0.2000 mm; actual 0.1270 mm)
    Rule: netclass 'Default' (diff pair); error
    @(125.4000 mm, 150.1700 mm): Track [CM5_GBE_TD3_P] on F.Cu, length 0.5800 mm
[track_width]: Track width (board setup constraints min width 0.2000 mm; actual 0.1270 mm)
    Rule: netclass 'Default' (diff pair); error
    @(125.3400 mm, 148.9275 mm): Track [CM5_GBE_TD3_P] on F.Cu, length 0.6816 mm
[track_width]: Track width (board setup constraints min width 0.2000 mm; actual 0.1270 mm)
    Rule: netclass 'Default' (diff pair); error
    @(126.4450 mm, 151.8050 mm): Track [CM5_GBE_TD3_P] on F.Cu, length 1.3050 mm
[track_width]: Track width (board setup constraints min width 0.2000 mm; actual 0.1270 mm)
    Rule: netclass 'Default' (diff pair); error
    @(125.3400 mm, 149.5850 mm): Track [CM5_GBE_TD3_P] on F.Cu, length 0.1125 mm
[track_width]: Track width (board setup constraints min width 0.2000 mm; actual 0.1270 mm)
    Rule: netclass 'Default' (diff pair); error
    @(125.5500 mm, 150.9000 mm): Track [CM5_GBE_TD3_P] on F.Cu, length 0.4000 mm
[track_width]: Track width (board setup constraints min width 0.2000 mm; actual 0.1270 mm)
    Rule: netclass 'Default' (diff pair); error
    @(127.0000 mm, 150.0000 mm): Track [CM5_GBE_TD3_P] on F.Cu, length 1.2500 mm
[track_width]: Track width (board setup constraints min width 0.2000 mm; actual 0.1270 mm)
    Rule: netclass 'Default' (diff pair); error
    @(126.3000 mm, 150.5500 mm): Track [CM5_GBE_TD3_P] on F.Cu, length 0.6500 mm
[track_width]: Track width (board setup constraints min width 0.2000 mm; actual 0.1270 mm)
    Rule: netclass 'Default' (diff pair); error
    @(126.3000 mm, 149.9000 mm): Track [CM5_GBE_TD3_P] on F.Cu, length 0.2121 mm
[track_width]: Track width (board setup constraints min width 0.2000 mm; actual 0.1270 mm)
    Rule: netclass 'Default' (diff pair); error
    @(126.7500 mm, 149.7500 mm): Track [CM5_GBE_TD3_P] on F.Cu, length 0.3536 mm
[track_width]: Track width (board setup constraints min width 0.2000 mm; actual 0.1270 mm)
    Rule: netclass 'Default' (diff pair); error
    @(126.4500 mm, 149.7500 mm): Track [CM5_GBE_TD3_P] on F.Cu, length 0.3000 mm
[track_width]: Track width (board setup constraints min width 0.2000 mm; actual 0.1270 mm)
    Rule: netclass 'Default' (diff pair); error
    @(125.4000 mm, 149.7575 mm): Track [CM5_GBE_TD3_P] on F.Cu, length 0.4125 mm
[track_width]: Track width (board setup constraints min width 0.2000 mm; actual 0.1270 mm)
    Rule: netclass 'Default' (diff pair); error
    @(32.9600 mm, 99.1000 mm): Track [CM5_GBE_TD3_P] on F.Cu, length 8.9600 mm
[track_width]: Track width (board setup constraints min width 0.2000 mm; actual 0.1270 mm)
    Rule: netclass 'Default' (diff pair); error
    @(125.4000 mm, 148.9875 mm): Track [CM5_GBE_TD3_P] on F.Cu, length 0.0849 mm
[track_width]: Track width (board setup constraints min width 0.2000 mm; actual 0.1270 mm)
    Rule: netclass 'Default' (diff pair); error
    @(125.3400 mm, 149.6975 mm): Track [CM5_GBE_TD3_P] on F.Cu, length 0.0849 mm
[track_width]: Track width (board setup constraints min width 0.2000 mm; actual 0.1270 mm)
    Rule: netclass 'Default' (diff pair); error
    @(125.3400 mm, 148.2459 mm): Track [CM5_GBE_TD3_P] on F.Cu, length 0.6447 mm
[track_width]: Track width (board setup constraints min width 0.2000 mm; actual 0.1270 mm)
    Rule: netclass 'Default' (diff pair); error
    @(126.4450 mm, 151.8050 mm): Track [CM5_GBE_TD3_P] on F.Cu, length 0.7849 mm
[track_width]: Track width (board setup constraints min width 0.2000 mm; actual 0.1270 mm)
    Rule: netclass 'Default' (diff pair); error
    @(125.9500 mm, 150.9000 mm): Track [CM5_GBE_TD3_P] on F.Cu, length 0.4950 mm
[track_width]: Track width (board setup constraints min width 0.2000 mm; actual 0.1270 mm)
    Rule: netclass 'Default' (diff pair); error
    @(125.4000 mm, 150.7500 mm): Track [CM5_GBE_TD3_P] on F.Cu, length 0.2121 mm
[track_width]: Track width (board setup constraints min width 0.2000 mm; actual 0.1270 mm)
    Rule: netclass 'Default' (diff pair); error
    @(125.4000 mm, 149.4000 mm): Track [CM5_GBE_TD3_P] on F.Cu, length 0.4125 mm
[track_width]: Track width (board setup constraints min width 0.2000 mm; actual 0.1270 mm)
    Rule: netclass 'Default' (diff pair); error
    @(124.2959 mm, 147.1900 mm): Track [CM5_GBE_TD3_P] on F.Cu, length 1.6155 mm
[track_width]: Track width (board setup constraints min width 0.2000 mm; actual 0.1270 mm)
    Rule: netclass 'Default' (diff pair); error
    @(24.0000 mm, 99.1000 mm): Track [CM5_GBE_TD3_P] on B.Cu, length 36.9000 mm
[track_width]: Track width (board setup constraints min width 0.2000 mm; actual 0.1270 mm)
    Rule: netclass 'Default' (diff pair); error
    @(75.0000 mm, 140.0000 mm): Track [CM5_GBE_TD3_P] on B.Cu, length 30.0000 mm
[track_width]: Track width (board setup constraints min width 0.2000 mm; actual 0.1270 mm)
    Rule: netclass 'Default' (diff pair); error
    @(105.0000 mm, 140.0000 mm): Track [CM5_GBE_TD3_P] on B.Cu, length 20.5919 mm
[track_width]: Track width (board setup constraints min width 0.2000 mm; actual 0.1270 mm)
    Rule: netclass 'Default' (diff pair); error
    @(24.0000 mm, 136.0000 mm): Track [CM5_GBE_TD3_P] on B.Cu, length 51.1566 mm
[track_width]: Track width (board setup constraints min width 0.2000 mm; actual 0.1270 mm)
    Rule: netclass 'Default' (diff pair); error
    @(116.5000 mm, 150.8500 mm): Track [CM5_GBE_TD0_P] on F.Cu, length 0.4950 mm
[track_width]: Track width (board setup constraints min width 0.2000 mm; actual 0.1270 mm)
    Rule: netclass 'Default' (diff pair); error
    @(86.5000 mm, 146.5000 mm): Track [CM5_GBE_TD0_P] on F.Cu, length 20.0000 mm
[track_width]: Track width (board setup constraints min width 0.2000 mm; actual 0.1270 mm)
    Rule: netclass 'Default' (diff pair); error
    @(117.4600 mm, 149.6975 mm): Track [CM5_GBE_TD0_P] on F.Cu, length 0.0849 mm
[track_width]: Track width (board setup constraints min width 0.2000 mm; actual 0.1270 mm)
    Rule: netclass 'Default' (diff pair); error
    @(106.5000 mm, 146.5000 mm): Track [CM5_GBE_TD0_P] on F.Cu, length 11.1022 mm
[track_width]: Track width (board setup constraints min width 0.2000 mm; actual 0.1270 mm)
    Rule: netclass 'Default' (diff pair); error
    @(117.4600 mm, 149.5850 mm): Track [CM5_GBE_TD0_P] on F.Cu, length 0.1125 mm
[track_width]: Track width (board setup constraints min width 0.2000 mm; actual 0.1270 mm)
    Rule: netclass 'Default' (diff pair); error
    @(117.4000 mm, 148.9875 mm): Track [CM5_GBE_TD0_P] on F.Cu, length 0.4125 mm
[track_width]: Track width (board setup constraints min width 0.2000 mm; actual 0.1270 mm)
    Rule: netclass 'Default' (diff pair); error
    @(115.8200 mm, 151.7500 mm): Track [CM5_GBE_TD0_P] on F.Cu, length 0.0200 mm
[track_width]: Track width (board setup constraints min width 0.2000 mm; actual 0.1270 mm)
    Rule: netclass 'Default' (diff pair); error
    @(117.4600 mm, 148.2713 mm): Track [CM5_GBE_TD0_P] on F.Cu, length 0.6562 mm
[track_width]: Track width (board setup constraints min width 0.2000 mm; actual 0.1270 mm)
    Rule: netclass 'Default' (diff pair); error
    @(115.5000 mm, 151.0500 mm): Track [CM5_GBE_TD0_P] on F.Cu, length 0.2828 mm
[track_width]: Track width (board setup constraints min width 0.2000 mm; actual 0.1270 mm)
    Rule: netclass 'Default' (diff pair); error
    @(115.8000 mm, 151.7500 mm): Track [CM5_GBE_TD0_P] on F.Cu, length 0.4243 mm
[track_width]: Track width (board setup constraints min width 0.2000 mm; actual 0.1270 mm)
    Rule: netclass 'Default' (diff pair); error
    @(46.5000 mm, 137.5000 mm): Track [CM5_GBE_TD0_P] on F.Cu, length 41.0000 mm
[track_width]: Track width (board setup constraints min width 0.2000 mm; actual 0.1270 mm)
    Rule: netclass 'Default' (diff pair); error
    @(115.7000 mm, 150.8500 mm): Track [CM5_GBE_TD0_P] on F.Cu, length 0.8000 mm
[track_width]: Track width (board setup constraints min width 0.2000 mm; actual 0.1270 mm)
    Rule: netclass 'Default' (diff pair); error
    @(117.4600 mm, 151.0900 mm): Track [CM5_GBE_TD0_P] on F.Cu, length 0.1556 mm
[track_width]: Track width (board setup constraints min width 0.2000 mm; actual 0.1270 mm)
    Rule: netclass 'Default' (diff pair); error
    @(115.5000 mm, 151.4500 mm): Track [CM5_GBE_TD0_P] on F.Cu, length 0.4000 mm
[track_width]: Track width (board setup constraints min width 0.2000 mm; actual 0.1270 mm)
    Rule: netclass 'Default' (diff pair); error
    @(36.0400 mm, 100.7000 mm): Track [CM5_GBE_TD0_P] on F.Cu, length 10.4600 mm
[track_width]: Track width (board setup constraints min width 0.2000 mm; actual 0.1270 mm)
    Rule: netclass 'Default' (diff pair); error
    @(117.4600 mm, 150.6425 mm): Track [CM5_GBE_TD0_P] on F.Cu, length 0.4475 mm
[track_width]: Track width (board setup constraints min width 0.2000 mm; actual 0.1270 mm)
    Rule: netclass 'Default' (diff pair); error
    @(116.2850 mm, 153.1100 mm): Track [CM5_GBE_TD0_P] on F.Cu, length 0.8950 mm
[track_width]: Track width (board setup constraints min width 0.2000 mm; actual 0.1270 mm)
    Rule: netclass 'Default' (diff pair); error
    @(117.4000 mm, 149.7575 mm): Track [CM5_GBE_TD0_P] on F.Cu, length 0.4125 mm
[track_width]: Track width (board setup constraints min width 0.2000 mm; actual 0.1270 mm)
    Rule: netclass 'Default' (diff pair); error
    @(117.4000 mm, 150.5825 mm): Track [CM5_GBE_TD0_P] on F.Cu, length 0.0849 mm
[track_width]: Track width (board setup constraints min width 0.2000 mm; actual 0.1270 mm)
    Rule: netclass 'Default' (diff pair); error
    @(115.8200 mm, 151.7500 mm): Track [CM5_GBE_TD0_P] on F.Cu, length 0.6576 mm
[track_width]: Track width (board setup constraints min width 0.2000 mm; actual 0.1270 mm)
    Rule: netclass 'Default' (diff pair); error
    @(116.8500 mm, 151.2000 mm): Track [CM5_GBE_TD0_P] on F.Cu, length 0.5000 mm
[track_width]: Track width (board setup constraints min width 0.2000 mm; actual 0.1270 mm)
    Rule: netclass 'Default' (diff pair); error
    @(117.4600 mm, 148.9275 mm): Track [CM5_GBE_TD0_P] on F.Cu, length 0.0849 mm
[track_width]: Track width (board setup constraints min width 0.2000 mm; actual 0.1270 mm)
    Rule: netclass 'Default' (diff pair); error
    @(117.4000 mm, 150.1700 mm): Track [CM5_GBE_TD0_P] on F.Cu, length 0.4125 mm
[track_width]: Track width (board setup constraints min width 0.2000 mm; actual 0.1270 mm)
    Rule: netclass 'Default' (diff pair); error
    @(46.5000 mm, 100.7000 mm): Track [CM5_GBE_TD0_P] on B.Cu, length 36.8000 mm
[track_width]: Track width (board setup constraints min width 0.2000 mm; actual 0.1270 mm)
    Rule: netclass 'Default' (diff pair); error
    @(117.8400 mm, 148.9275 mm): Track [CM5_GBE_TD0_N] on F.Cu, length 0.0849 mm
[track_width]: Track width (board setup constraints min width 0.2000 mm; actual 0.1270 mm)
    Rule: netclass 'Default' (diff pair); error
    @(117.8400 mm, 150.6425 mm): Track [CM5_GBE_TD0_N] on F.Cu, length 0.0849 mm
[track_width]: Track width (board setup constraints min width 0.2000 mm; actual 0.1270 mm)
    Rule: netclass 'Default' (diff pair); error
    @(117.8400 mm, 148.4287 mm): Track [CM5_GBE_TD0_N] on F.Cu, length 0.4988 mm
[track_width]: Track width (board setup constraints min width 0.2000 mm; actual 0.1270 mm)
    Rule: netclass 'Default' (diff pair); error
    @(117.8400 mm, 149.5850 mm): Track [CM5_GBE_TD0_N] on F.Cu, length 0.1125 mm
[track_width]: Track width (board setup constraints min width 0.2000 mm; actual 0.1270 mm)
    Rule: netclass 'Default' (diff pair); error
    @(121.1787 mm, 145.0900 mm): Track [CM5_GBE_TD0_N] on F.Cu, length 4.7216 mm
[track_width]: Track width (board setup constraints min width 0.2000 mm; actual 0.1270 mm)
    Rule: netclass 'Default' (diff pair); error
    @(36.0400 mm, 100.3000 mm): Track [CM5_GBE_TD0_N] on F.Cu, length 9.9600 mm
[track_width]: Track width (board setup constraints min width 0.2000 mm; actual 0.1270 mm)
    Rule: netclass 'Default' (diff pair); error
    @(117.4000 mm, 151.8000 mm): Track [CM5_GBE_TD0_N] on F.Cu, length 0.6223 mm
[track_width]: Track width (board setup constraints min width 0.2000 mm; actual 0.1270 mm)
    Rule: netclass 'Default' (diff pair); error
    @(106.0000 mm, 146.0000 mm): Track [CM5_GBE_TD0_N] on F.Cu, length 12.0865 mm
[track_width]: Track width (board setup constraints min width 0.2000 mm; actual 0.1270 mm)
    Rule: netclass 'Default' (diff pair); error
    @(117.8400 mm, 149.6975 mm): Track [CM5_GBE_TD0_N] on F.Cu, length 0.0849 mm
[track_width]: Track width (board setup constraints min width 0.2000 mm; actual 0.1270 mm)
    Rule: netclass 'Default' (diff pair); error
    @(117.9000 mm, 148.9875 mm): Track [CM5_GBE_TD0_N] on F.Cu, length 0.4125 mm
[track_width]: Track width (board setup constraints min width 0.2000 mm; actual 0.1270 mm)
    Rule: netclass 'Default' (diff pair); error
    @(117.8400 mm, 151.3600 mm): Track [CM5_GBE_TD0_N] on F.Cu, length 0.7175 mm
[track_width]: Track width (board setup constraints min width 0.2000 mm; actual 0.1270 mm)
    Rule: netclass 'Default' (diff pair); error
    @(86.0000 mm, 146.0000 mm): Track [CM5_GBE_TD0_N] on F.Cu, length 20.0000 mm
[track_width]: Track width (board setup constraints min width 0.2000 mm; actual 0.1270 mm)
    Rule: netclass 'Default' (diff pair); error
    @(117.4000 mm, 155.4950 mm): Track [CM5_GBE_TD0_N] on F.Cu, length 3.6950 mm
[track_width]: Track width (board setup constraints min width 0.2000 mm; actual 0.1270 mm)
    Rule: netclass 'Default' (diff pair); error
    @(46.0000 mm, 137.0000 mm): Track [CM5_GBE_TD0_N] on F.Cu, length 41.0000 mm
[track_width]: Track width (board setup constraints min width 0.2000 mm; actual 0.1270 mm)
    Rule: netclass 'Default' (diff pair); error
    @(117.9000 mm, 149.7575 mm): Track [CM5_GBE_TD0_N] on F.Cu, length 0.4125 mm
[track_width]: Track width (board setup constraints min width 0.2000 mm; actual 0.1270 mm)
    Rule: netclass 'Default' (diff pair); error
    @(117.9000 mm, 150.5825 mm): Track [CM5_GBE_TD0_N] on F.Cu, length 0.4125 mm
[track_width]: Track width (board setup constraints min width 0.2000 mm; actual 0.1270 mm)
    Rule: netclass 'Default' (diff pair); error
    @(46.0000 mm, 100.3000 mm): Track [CM5_GBE_TD0_N] on B.Cu, length 36.7000 mm
[track_width]: Track width (board setup constraints min width 0.2000 mm; actual 0.1270 mm)
    Rule: netclass 'Default' (diff pair); error
    @(85.0000 mm, 145.0000 mm): Track [CM5_GBE_TD1_P] on F.Cu, length 20.0000 mm
[track_width]: Track width (board setup constraints min width 0.2000 mm; actual 0.1270 mm)
    Rule: netclass 'Default' (diff pair); error
    @(45.0000 mm, 136.0000 mm): Track [CM5_GBE_TD1_P] on F.Cu, length 41.0000 mm
[track_width]: Track width (board setup constraints min width 0.2000 mm; actual 0.1270 mm)
    Rule: netclass 'Default' (diff pair); error
    @(119.3400 mm, 149.5850 mm): Track [CM5_GBE_TD1_P] on F.Cu, length 0.1125 mm
[track_width]: Track width (board setup constraints min width 0.2000 mm; actual 0.1270 mm)
    Rule: netclass 'Default' (diff pair); error
    @(119.8000 mm, 152.1000 mm): Track [CM5_GBE_TD1_P] on F.Cu, length 0.2000 mm
[track_width]: Track width (board setup constraints min width 0.2000 mm; actual 0.1270 mm)
    Rule: netclass 'Default' (diff pair); error
    @(121.4787 mm, 145.9900 mm): Track [CM5_GBE_TD1_P] on F.Cu, length 3.0246 mm
[track_width]: Track width (board setup constraints min width 0.2000 mm; actual 0.1270 mm)
    Rule: netclass 'Default' (diff pair); error
    @(120.5500 mm, 149.9500 mm): Track [CM5_GBE_TD1_P] on F.Cu, length 0.1414 mm
[track_width]: Track width (board setup constraints min width 0.2000 mm; actual 0.1270 mm)
    Rule: netclass 'Default' (diff pair); error
    @(120.3500 mm, 151.2500 mm): Track [CM5_GBE_TD1_P] on F.Cu, length 0.1414 mm
[track_width]: Track width (board setup constraints min width 0.2000 mm; actual 0.1270 mm)
    Rule: netclass 'Default' (diff pair); error
    @(120.7000 mm, 151.9000 mm): Track [CM5_GBE_TD1_P] on F.Cu, length 0.0707 mm
[track_width]: Track width (board setup constraints min width 0.2000 mm; actual 0.1270 mm)
    Rule: netclass 'Default' (diff pair); error
    @(119.3400 mm, 150.6425 mm): Track [CM5_GBE_TD1_P] on F.Cu, length 0.3475 mm
[track_width]: Track width (board setup constraints min width 0.2000 mm; actual 0.1270 mm)
    Rule: netclass 'Default' (diff pair); error
    @(120.4500 mm, 151.3500 mm): Track [CM5_GBE_TD1_P] on F.Cu, length 0.5000 mm
[track_width]: Track width (board setup constraints min width 0.2000 mm; actual 0.1270 mm)
    Rule: netclass 'Default' (diff pair); error
    @(120.6500 mm, 150.6500 mm): Track [CM5_GBE_TD1_P] on F.Cu, length 0.1414 mm
[track_width]: Track width (board setup constraints min width 0.2000 mm; actual 0.1270 mm)
    Rule: netclass 'Default' (diff pair); error
    @(119.4000 mm, 148.9875 mm): Track [CM5_GBE_TD1_P] on F.Cu, length 0.4125 mm
[track_width]: Track width (board setup constraints min width 0.2000 mm; actual 0.1270 mm)
    Rule: netclass 'Default' (diff pair); error
    @(120.5000 mm, 151.9000 mm): Track [CM5_GBE_TD1_P] on F.Cu, length 0.2000 mm
[track_width]: Track width (board setup constraints min width 0.2000 mm; actual 0.1270 mm)
    Rule: netclass 'Default' (diff pair); error
    @(120.1000 mm, 150.7500 mm): Track [CM5_GBE_TD1_P] on F.Cu, length 0.7000 mm
[track_width]: Track width (board setup constraints min width 0.2000 mm; actual 0.1270 mm)
    Rule: netclass 'Default' (diff pair); error
    @(120.2000 mm, 151.2500 mm): Track [CM5_GBE_TD1_P] on F.Cu, length 0.1500 mm
[track_width]: Track width (board setup constraints min width 0.2000 mm; actual 0.1270 mm)
    Rule: netclass 'Default' (diff pair); error
    @(118.8250 mm, 152.1250 mm): Track [CM5_GBE_TD1_P] on F.Cu, length 0.9850 mm
[track_width]: Track width (board setup constraints min width 0.2000 mm; actual 0.1270 mm)
    Rule: netclass 'Default' (diff pair); error
    @(36.0400 mm, 99.1000 mm): Track [CM5_GBE_TD1_P] on F.Cu, length 8.9600 mm
[track_width]: Track width (board setup constraints min width 0.2000 mm; actual 0.1270 mm)
    Rule: netclass 'Default' (diff pair); error
    @(120.1000 mm, 150.0500 mm): Track [CM5_GBE_TD1_P] on F.Cu, length 0.1414 mm
[track_width]: Track width (board setup constraints min width 0.2000 mm; actual 0.1270 mm)
    Rule: netclass 'Default' (diff pair); error
    @(119.4000 mm, 151.7000 mm): Track [CM5_GBE_TD1_P] on F.Cu, length 0.5657 mm
[track_width]: Track width (board setup constraints min width 0.2000 mm; actual 0.1270 mm)
    Rule: netclass 'Default' (diff pair); error
    @(119.4000 mm, 150.5825 mm): Track [CM5_GBE_TD1_P] on F.Cu, length 0.0849 mm
[track_width]: Track width (board setup constraints min width 0.2000 mm; actual 0.1270 mm)
    Rule: netclass 'Default' (diff pair); error
    @(119.3400 mm, 150.9900 mm): Track [CM5_GBE_TD1_P] on F.Cu, length 0.1556 mm
[track_width]: Track width (board setup constraints min width 0.2000 mm; actual 0.1270 mm)
    Rule: netclass 'Default' (diff pair); error
    @(119.3400 mm, 149.6975 mm): Track [CM5_GBE_TD1_P] on F.Cu, length 0.0849 mm
[track_width]: Track width (board setup constraints min width 0.2000 mm; actual 0.1270 mm)
    Rule: netclass 'Default' (diff pair); error
    @(120.2000 mm, 149.9500 mm): Track [CM5_GBE_TD1_P] on F.Cu, length 0.3500 mm
[track_width]: Track width (board setup constraints min width 0.2000 mm; actual 0.1270 mm)
    Rule: netclass 'Default' (diff pair); error
    @(120.7500 mm, 151.8500 mm): Track [CM5_GBE_TD1_P] on F.Cu, length 1.1000 mm
[track_width]: Track width (board setup constraints min width 0.2000 mm; actual 0.1270 mm)
    Rule: netclass 'Default' (diff pair); error
    @(119.2500 mm, 151.7000 mm): Track [CM5_GBE_TD1_P] on F.Cu, length 0.1500 mm
[track_width]: Track width (board setup constraints min width 0.2000 mm; actual 0.1270 mm)
    Rule: netclass 'Default' (diff pair); error
    @(119.3400 mm, 148.9275 mm): Track [CM5_GBE_TD1_P] on F.Cu, length 0.0849 mm
[track_width]: Track width (board setup constraints min width 0.2000 mm; actual 0.1270 mm)
    Rule: netclass 'Default' (diff pair); error
    @(119.2500 mm, 151.7000 mm): Track [CM5_GBE_TD1_P] on F.Cu, length 0.6010 mm
[track_width]: Track width (board setup constraints min width 0.2000 mm; actual 0.1270 mm)
    Rule: netclass 'Default' (diff pair); error
    @(120.0500 mm, 152.0500 mm): Track [CM5_GBE_TD1_P] on F.Cu, length 0.6500 mm
[track_width]: Track width (board setup constraints min width 0.2000 mm; actual 0.1270 mm)
    Rule: netclass 'Default' (diff pair); error
    @(119.4500 mm, 151.1000 mm): Track [CM5_GBE_TD1_P] on F.Cu, length 0.3000 mm
[track_width]: Track width (board setup constraints min width 0.2000 mm; actual 0.1270 mm)
    Rule: netclass 'Default' (diff pair); error
    @(120.0500 mm, 151.4000 mm): Track [CM5_GBE_TD1_P] on F.Cu, length 0.2121 mm
[track_width]: Track width (board setup constraints min width 0.2000 mm; actual 0.1270 mm)
    Rule: netclass 'Default' (diff pair); error
    @(120.0000 mm, 152.1000 mm): Track [CM5_GBE_TD1_P] on F.Cu, length 0.0707 mm
[track_width]: Track width (board setup constraints min width 0.2000 mm; actual 0.1270 mm)
    Rule: netclass 'Default' (diff pair); error
    @(105.0000 mm, 145.0000 mm): Track [CM5_GBE_TD1_P] on F.Cu, length 14.6773 mm
[track_width]: Track width (board setup constraints min width 0.2000 mm; actual 0.1270 mm)
    Rule: netclass 'Default' (diff pair); error
    @(120.4500 mm, 151.8500 mm): Track [CM5_GBE_TD1_P] on F.Cu, length 0.0707 mm
[track_width]: Track width (board setup constraints min width 0.2000 mm; actual 0.1270 mm)
    Rule: netclass 'Default' (diff pair); error
    @(119.3400 mm, 148.1287 mm): Track [CM5_GBE_TD1_P] on F.Cu, length 0.7988 mm
[track_width]: Track width (board setup constraints min width 0.2000 mm; actual 0.1270 mm)
    Rule: netclass 'Default' (diff pair); error
    @(119.4000 mm, 149.7575 mm): Track [CM5_GBE_TD1_P] on F.Cu, length 0.4125 mm
[track_width]: Track width (board setup constraints min width 0.2000 mm; actual 0.1270 mm)
    Rule: netclass 'Default' (diff pair); error
    @(120.6500 mm, 150.0500 mm): Track [CM5_GBE_TD1_P] on F.Cu, length 0.6000 mm
[track_width]: Track width (board setup constraints min width 0.2000 mm; actual 0.1270 mm)
    Rule: netclass 'Default' (diff pair); error
    @(119.7500 mm, 151.1000 mm): Track [CM5_GBE_TD1_P] on F.Cu, length 0.4950 mm
[track_width]: Track width (board setup constraints min width 0.2000 mm; actual 0.1270 mm)
    Rule: netclass 'Default' (diff pair); error
    @(119.4000 mm, 150.1700 mm): Track [CM5_GBE_TD1_P] on F.Cu, length 0.4125 mm
[track_width]: Track width (board setup constraints min width 0.2000 mm; actual 0.1270 mm)
    Rule: netclass 'Default' (diff pair); error
    @(45.0000 mm, 99.1000 mm): Track [CM5_GBE_TD1_P] on B.Cu, length 36.9000 mm
[track_width]: Track width (board setup constraints min width 0.2000 mm; actual 0.1270 mm)
    Rule: netclass 'Default' (diff pair); error
    @(117.8000 mm, 153.8000 mm): Track [CM5_GBE_TD1_N] on F.Cu, length 0.7071 mm
[track_width]: Track width (board setup constraints min width 0.2000 mm; actual 0.1270 mm)
    Rule: netclass 'Default' (diff pair); error
    @(118.9000 mm, 148.9875 mm): Track [CM5_GBE_TD1_N] on F.Cu, length 0.4125 mm
[track_width]: Track width (board setup constraints min width 0.2000 mm; actual 0.1270 mm)
    Rule: netclass 'Default' (diff pair); error
    @(118.9600 mm, 150.6425 mm): Track [CM5_GBE_TD1_N] on F.Cu, length 0.7975 mm
[track_width]: Track width (board setup constraints min width 0.2000 mm; actual 0.1270 mm)
    Rule: netclass 'Default' (diff pair); error
    @(121.3213 mm, 145.6100 mm): Track [CM5_GBE_TD1_N] on F.Cu, length 3.3394 mm
[track_width]: Track width (board setup constraints min width 0.2000 mm; actual 0.1270 mm)
    Rule: netclass 'Default' (diff pair); error
    @(118.9000 mm, 149.7575 mm): Track [CM5_GBE_TD1_N] on F.Cu, length 0.4125 mm
[track_width]: Track width (board setup constraints min width 0.2000 mm; actual 0.1270 mm)
    Rule: netclass 'Default' (diff pair); error
    @(85.5000 mm, 145.5000 mm): Track [CM5_GBE_TD1_N] on F.Cu, length 20.0000 mm
[track_width]: Track width (board setup constraints min width 0.2000 mm; actual 0.1270 mm)
    Rule: netclass 'Default' (diff pair); error
    @(118.9600 mm, 149.6975 mm): Track [CM5_GBE_TD1_N] on F.Cu, length 0.0849 mm
[track_width]: Track width (board setup constraints min width 0.2000 mm; actual 0.1270 mm)
    Rule: netclass 'Default' (diff pair); error
    @(117.8000 mm, 152.6000 mm): Track [CM5_GBE_TD1_N] on F.Cu, length 1.2000 mm
[track_width]: Track width (board setup constraints min width 0.2000 mm; actual 0.1270 mm)
    Rule: netclass 'Default' (diff pair); error
    @(118.9600 mm, 148.9275 mm): Track [CM5_GBE_TD1_N] on F.Cu, length 0.0849 mm
[track_width]: Track width (board setup constraints min width 0.2000 mm; actual 0.1270 mm)
    Rule: netclass 'Default' (diff pair); error
    @(118.9600 mm, 151.4400 mm): Track [CM5_GBE_TD1_N] on F.Cu, length 1.6405 mm
[track_width]: Track width (board setup constraints min width 0.2000 mm; actual 0.1270 mm)
    Rule: netclass 'Default' (diff pair); error
    @(118.9000 mm, 150.1700 mm): Track [CM5_GBE_TD1_N] on F.Cu, length 0.4125 mm
[track_width]: Track width (board setup constraints min width 0.2000 mm; actual 0.1270 mm)
    Rule: netclass 'Default' (diff pair); error
    @(45.5000 mm, 136.5000 mm): Track [CM5_GBE_TD1_N] on F.Cu, length 41.0000 mm
[track_width]: Track width (board setup constraints min width 0.2000 mm; actual 0.1270 mm)
    Rule: netclass 'Default' (diff pair); error
    @(36.0400 mm, 99.5000 mm): Track [CM5_GBE_TD1_N] on F.Cu, length 9.4600 mm
[track_width]: Track width (board setup constraints min width 0.2000 mm; actual 0.1270 mm)
    Rule: netclass 'Default' (diff pair); error
    @(118.9000 mm, 150.5825 mm): Track [CM5_GBE_TD1_N] on F.Cu, length 0.0849 mm
[track_width]: Track width (board setup constraints min width 0.2000 mm; actual 0.1270 mm)
    Rule: netclass 'Default' (diff pair); error
    @(118.3000 mm, 154.3000 mm): Track [CM5_GBE_TD1_N] on F.Cu, length 2.9850 mm
[track_width]: Track width (board setup constraints min width 0.2000 mm; actual 0.1270 mm)
    Rule: netclass 'Default' (diff pair); error
    @(118.9600 mm, 147.9713 mm): Track [CM5_GBE_TD1_N] on F.Cu, length 0.9562 mm
[track_width]: Track width (board setup constraints min width 0.2000 mm; actual 0.1270 mm)
    Rule: netclass 'Default' (diff pair); error
    @(105.5000 mm, 145.5000 mm): Track [CM5_GBE_TD1_N] on F.Cu, length 13.6850 mm
[track_width]: Track width (board setup constraints min width 0.2000 mm; actual 0.1270 mm)
    Rule: netclass 'Default' (diff pair); error
    @(121.2850 mm, 154.3000 mm): Track [CM5_GBE_TD1_N] on F.Cu, length 1.9092 mm
[track_width]: Track width (board setup constraints min width 0.2000 mm; actual 0.1270 mm)
    Rule: netclass 'Default' (diff pair); error
    @(118.9600 mm, 149.5850 mm): Track [CM5_GBE_TD1_N] on F.Cu, length 0.1125 mm
[track_width]: Track width (board setup constraints min width 0.2000 mm; actual 0.1270 mm)
    Rule: netclass 'Default' (diff pair); error
    @(45.5000 mm, 99.5000 mm): Track [CM5_GBE_TD1_N] on B.Cu, length 37.0000 mm
[via_diameter]: Via diameter (board setup constraints min diameter 0.5000 mm; actual 0.4500 mm)
    Rule: netclass 'Default'; error
    @(25.5000 mm, 137.5000 mm): Via [CM5_GBE_TD2_P] on F.Cu - B.Cu
[via_diameter]: Via diameter (board setup constraints min diameter 0.5000 mm; actual 0.4500 mm)
    Rule: netclass 'Default'; error
    @(123.3213 mm, 145.9100 mm): Via [CM5_GBE_TD2_P] on F.Cu - B.Cu
[via_diameter]: Via diameter (board setup constraints min diameter 0.5000 mm; actual 0.4500 mm)
    Rule: netclass 'Default'; error
    @(25.5000 mm, 100.7000 mm): Via [CM5_GBE_TD2_P] on F.Cu - B.Cu
[via_diameter]: Via diameter (board setup constraints min diameter 0.5000 mm; actual 0.4500 mm)
    Rule: netclass 'Default'; error
    @(25.0000 mm, 137.0000 mm): Via [CM5_GBE_TD2_N] on F.Cu - B.Cu
[via_diameter]: Via diameter (board setup constraints min diameter 0.5000 mm; actual 0.4500 mm)
    Rule: netclass 'Default'; error
    @(25.0000 mm, 100.3000 mm): Via [CM5_GBE_TD2_N] on F.Cu - B.Cu
[via_diameter]: Via diameter (board setup constraints min diameter 0.5000 mm; actual 0.4500 mm)
    Rule: netclass 'Default'; error
    @(123.4787 mm, 146.2900 mm): Via [CM5_GBE_TD2_N] on F.Cu - B.Cu
[via_diameter]: Via diameter (board setup constraints min diameter 0.5000 mm; actual 0.4500 mm)
    Rule: netclass 'Default'; error
    @(24.5000 mm, 136.5000 mm): Via [CM5_GBE_TD3_N] on F.Cu - B.Cu
[via_diameter]: Via diameter (board setup constraints min diameter 0.5000 mm; actual 0.4500 mm)
    Rule: netclass 'Default'; error
    @(124.1385 mm, 146.8100 mm): Via [CM5_GBE_TD3_N] on F.Cu - B.Cu
[via_diameter]: Via diameter (board setup constraints min diameter 0.5000 mm; actual 0.4500 mm)
    Rule: netclass 'Default'; error
    @(24.5000 mm, 99.5000 mm): Via [CM5_GBE_TD3_N] on F.Cu - B.Cu
[via_diameter]: Via diameter (board setup constraints min diameter 0.5000 mm; actual 0.4500 mm)
    Rule: netclass 'Default'; error
    @(24.0000 mm, 136.0000 mm): Via [CM5_GBE_TD3_P] on F.Cu - B.Cu
[via_diameter]: Via diameter (board setup constraints min diameter 0.5000 mm; actual 0.4500 mm)
    Rule: netclass 'Default'; error
    @(24.0000 mm, 99.1000 mm): Via [CM5_GBE_TD3_P] on F.Cu - B.Cu
[via_diameter]: Via diameter (board setup constraints min diameter 0.5000 mm; actual 0.4500 mm)
    Rule: netclass 'Default'; error
    @(124.2959 mm, 147.1900 mm): Via [CM5_GBE_TD3_P] on F.Cu - B.Cu
[via_diameter]: Via diameter (board setup constraints min diameter 0.5000 mm; actual 0.4500 mm)
    Rule: netclass 'Default'; error
    @(46.5000 mm, 100.7000 mm): Via [CM5_GBE_TD0_P] on F.Cu - B.Cu
[via_diameter]: Via diameter (board setup constraints min diameter 0.5000 mm; actual 0.4500 mm)
    Rule: netclass 'Default'; error
    @(46.5000 mm, 137.5000 mm): Via [CM5_GBE_TD0_P] on F.Cu - B.Cu
[via_diameter]: Via diameter (board setup constraints min diameter 0.5000 mm; actual 0.4500 mm)
    Rule: netclass 'Default'; error
    @(46.0000 mm, 137.0000 mm): Via [CM5_GBE_TD0_N] on F.Cu - B.Cu
[via_diameter]: Via diameter (board setup constraints min diameter 0.5000 mm; actual 0.4500 mm)
    Rule: netclass 'Default'; error
    @(46.0000 mm, 100.3000 mm): Via [CM5_GBE_TD0_N] on F.Cu - B.Cu
[via_diameter]: Via diameter (board setup constraints min diameter 0.5000 mm; actual 0.4500 mm)
    Rule: netclass 'Default'; error
    @(45.0000 mm, 136.0000 mm): Via [CM5_GBE_TD1_P] on F.Cu - B.Cu
[via_diameter]: Via diameter (board setup constraints min diameter 0.5000 mm; actual 0.4500 mm)
    Rule: netclass 'Default'; error
    @(45.0000 mm, 99.1000 mm): Via [CM5_GBE_TD1_P] on F.Cu - B.Cu
[via_diameter]: Via diameter (board setup constraints min diameter 0.5000 mm; actual 0.4500 mm)
    Rule: netclass 'Default'; error
    @(45.5000 mm, 99.5000 mm): Via [CM5_GBE_TD1_N] on F.Cu - B.Cu
[via_diameter]: Via diameter (board setup constraints min diameter 0.5000 mm; actual 0.4500 mm)
    Rule: netclass 'Default'; error
    @(45.5000 mm, 136.5000 mm): Via [CM5_GBE_TD1_N] on F.Cu - B.Cu
[solder_mask_bridge]: Front solder mask aperture bridges items with different nets
    Rule: board setup solder mask min width; error
    @(68.0000 mm, 82.0000 mm): NPTH pad of J7
    @(69.5000 mm, 82.0000 mm): Pad 1 [/REGULATORS/CM5_5V] of R3 on F.Cu
[solder_mask_bridge]: Front solder mask aperture bridges items with different nets
    Rule: board setup solder mask min width; error
    @(68.0000 mm, 82.0000 mm): NPTH pad of J7
    @(70.5000 mm, 82.0000 mm): Pad 2 [/REGULATORS/FB_CM5_5V] of R3 on F.Cu
[solder_mask_bridge]: Front solder mask aperture bridges items with different nets
    Rule: board setup solder mask min width; error
    @(68.0000 mm, 130.0000 mm): NPTH pad of J7
    @(69.5000 mm, 132.0000 mm): Pad 1 [/REGULATORS/BRIDGE_3V3] of R11 on F.Cu
[solder_mask_bridge]: Front solder mask aperture bridges items with different nets
    Rule: board setup solder mask min width; error
    @(68.0000 mm, 130.0000 mm): NPTH pad of J7
    @(70.5000 mm, 132.0000 mm): Pad 2 [/REGULATORS/FB_BRIDGE_3V3] of R11 on F.Cu
[solder_mask_bridge]: Front solder mask aperture bridges items with different nets
    Rule: board setup solder mask min width; error
    @(258.0000 mm, 162.2750 mm): Pad 30 [<no net>] of J3 on F.Cu
    @(257.5000 mm, 162.2750 mm): Pad 28 [<no net>] of J3 on F.Cu
[solder_mask_bridge]: Front solder mask aperture bridges items with different nets
    Rule: board setup solder mask min width; error
    @(258.0000 mm, 162.2750 mm): Pad 30 [<no net>] of J3 on F.Cu
    @(258.5000 mm, 162.2750 mm): Pad 32 [<no net>] of J3 on F.Cu
[solder_mask_bridge]: Front solder mask aperture bridges items with different nets
    Rule: board setup solder mask min width; error
    @(258.2500 mm, 154.7250 mm): Pad 31 [<no net>] of J3 on F.Cu
    @(258.7500 mm, 154.7250 mm): Pad 33 [<no net>] of J3 on F.Cu
[solder_mask_bridge]: Front solder mask aperture bridges items with different nets
    Rule: board setup solder mask min width; error
    @(258.2500 mm, 154.7250 mm): Pad 31 [<no net>] of J3 on F.Cu
    @(257.7500 mm, 154.7250 mm): Pad 29 [<no net>] of J3 on F.Cu
[solder_mask_bridge]: Rear solder mask aperture bridges items with different nets
    Rule: board setup solder mask min width; error
    @(46.5000 mm, 100.7000 mm): Track [CM5_GBE_TD0_P] on B.Cu, length 36.8000 mm
    @(47.1000 mm, 118.7500 mm): PTH pad 3 [/POWER_INPUT/12V_IN_B] of F2
[solder_mask_bridge]: Rear solder mask aperture bridges items with different nets
    Rule: board setup solder mask min width; error
    @(46.5000 mm, 100.7000 mm): Track [CM5_GBE_TD0_P] on B.Cu, length 36.8000 mm
    @(47.1000 mm, 121.2500 mm): PTH pad 4 [/POWER_INPUT/12V_IN_B] of F2
[solder_mask_bridge]: Front solder mask aperture bridges items with different nets
    Rule: board setup solder mask min width; error
    @(258.5000 mm, 162.2750 mm): Pad 32 [<no net>] of J3 on F.Cu
    @(259.0000 mm, 162.2750 mm): Pad 34 [<no net>] of J3 on F.Cu
[solder_mask_bridge]: Front solder mask aperture bridges items with different nets
    Rule: board setup solder mask min width; error
    @(258.7500 mm, 154.7250 mm): Pad 33 [<no net>] of J3 on F.Cu
    @(259.2500 mm, 154.7250 mm): Pad 35 [<no net>] of J3 on F.Cu
[solder_mask_bridge]: Rear solder mask aperture bridges items with different nets
    Rule: board setup solder mask min width; error
    @(46.0000 mm, 100.3000 mm): Track [CM5_GBE_TD0_N] on B.Cu, length 36.7000 mm
    @(47.1000 mm, 118.7500 mm): PTH pad 3 [/POWER_INPUT/12V_IN_B] of F2
[solder_mask_bridge]: Rear solder mask aperture bridges items with different nets
    Rule: board setup solder mask min width; error
    @(46.0000 mm, 100.3000 mm): Track [CM5_GBE_TD0_N] on B.Cu, length 36.7000 mm
    @(47.1000 mm, 121.2500 mm): PTH pad 4 [/POWER_INPUT/12V_IN_B] of F2
[solder_mask_bridge]: Front solder mask aperture bridges items with different nets
    Rule: board setup solder mask min width; error
    @(259.0000 mm, 162.2750 mm): Pad 34 [<no net>] of J3 on F.Cu
    @(259.5000 mm, 162.2750 mm): Pad 36 [<no net>] of J3 on F.Cu
[solder_mask_bridge]: Front solder mask aperture bridges items with different nets
    Rule: board setup solder mask min width; error
    @(259.2500 mm, 154.7250 mm): Pad 35 [<no net>] of J3 on F.Cu
    @(259.7500 mm, 154.7250 mm): Pad 37 [<no net>] of J3 on F.Cu
[solder_mask_bridge]: Front solder mask aperture bridges items with different nets
    Rule: board setup solder mask min width; error
    @(259.5000 mm, 162.2750 mm): Pad 36 [<no net>] of J3 on F.Cu
    @(260.0000 mm, 162.2750 mm): Pad 38 [<no net>] of J3 on F.Cu
[solder_mask_bridge]: Front solder mask aperture bridges items with different nets
    Rule: board setup solder mask min width; error
    @(259.7500 mm, 154.7250 mm): Pad 37 [<no net>] of J3 on F.Cu
    @(260.2500 mm, 154.7250 mm): Pad 39 [<no net>] of J3 on F.Cu
[solder_mask_bridge]: Front solder mask aperture bridges items with different nets
    Rule: board setup solder mask min width; error
    @(260.0000 mm, 162.2750 mm): Pad 38 [<no net>] of J3 on F.Cu
    @(260.5000 mm, 162.2750 mm): Pad 40 [<no net>] of J3 on F.Cu
[solder_mask_bridge]: Front solder mask aperture bridges items with different nets
    Rule: board setup solder mask min width; error
    @(260.2500 mm, 154.7250 mm): Pad 39 [<no net>] of J3 on F.Cu
    @(260.7500 mm, 154.7250 mm): Pad 41 [<no net>] of J3 on F.Cu
[solder_mask_bridge]: Front solder mask aperture bridges items with different nets
    Rule: board setup solder mask min width; error
    @(260.5000 mm, 162.2750 mm): Pad 40 [<no net>] of J3 on F.Cu
    @(261.0000 mm, 162.2750 mm): Pad 42 [<no net>] of J3 on F.Cu
[solder_mask_bridge]: Front solder mask aperture bridges items with different nets
    Rule: board setup solder mask min width; error
    @(260.7500 mm, 154.7250 mm): Pad 41 [<no net>] of J3 on F.Cu
    @(261.2500 mm, 154.7250 mm): Pad 43 [<no net>] of J3 on F.Cu
[solder_mask_bridge]: Front solder mask aperture bridges items with different nets
    Rule: board setup solder mask min width; error
    @(261.0000 mm, 162.2750 mm): Pad 42 [<no net>] of J3 on F.Cu
    @(261.5000 mm, 162.2750 mm): Pad 44 [<no net>] of J3 on F.Cu
[solder_mask_bridge]: Front solder mask aperture bridges items with different nets
    Rule: board setup solder mask min width; error
    @(261.2500 mm, 154.7250 mm): Pad 43 [<no net>] of J3 on F.Cu
    @(261.7500 mm, 154.7250 mm): Pad 45 [<no net>] of J3 on F.Cu
[solder_mask_bridge]: Front solder mask aperture bridges items with different nets
    Rule: board setup solder mask min width; error
    @(261.5000 mm, 162.2750 mm): Pad 44 [<no net>] of J3 on F.Cu
    @(262.0000 mm, 162.2750 mm): Pad 46 [<no net>] of J3 on F.Cu
[solder_mask_bridge]: Front solder mask aperture bridges items with different nets
    Rule: board setup solder mask min width; error
    @(261.7500 mm, 154.7250 mm): Pad 45 [<no net>] of J3 on F.Cu
    @(262.2500 mm, 154.7250 mm): Pad 47 [<no net>] of J3 on F.Cu
[solder_mask_bridge]: Front solder mask aperture bridges items with different nets
    Rule: board setup solder mask min width; error
    @(262.0000 mm, 162.2750 mm): Pad 46 [<no net>] of J3 on F.Cu
    @(262.5000 mm, 162.2750 mm): Pad 48 [<no net>] of J3 on F.Cu
[solder_mask_bridge]: Front solder mask aperture bridges items with different nets
    Rule: board setup solder mask min width; error
    @(262.2500 mm, 154.7250 mm): Pad 47 [<no net>] of J3 on F.Cu
    @(262.7500 mm, 154.7250 mm): Pad 49 [<no net>] of J3 on F.Cu
[solder_mask_bridge]: Front solder mask aperture bridges items with different nets
    Rule: board setup solder mask min width; error
    @(262.5000 mm, 162.2750 mm): Pad 48 [<no net>] of J3 on F.Cu
    @(263.0000 mm, 162.2750 mm): Pad 50 [<no net>] of J3 on F.Cu
[solder_mask_bridge]: Front solder mask aperture bridges items with different nets
    Rule: board setup solder mask min width; error
    @(262.7500 mm, 154.7250 mm): Pad 49 [<no net>] of J3 on F.Cu
    @(263.2500 mm, 154.7250 mm): Pad 51 [<no net>] of J3 on F.Cu
[solder_mask_bridge]: Front solder mask aperture bridges items with different nets
    Rule: board setup solder mask min width; error
    @(250.7500 mm, 154.7250 mm): Pad 1 [/STORAGE/BRIDGE_3V3] of J3 on F.Cu
    @(251.2500 mm, 154.7250 mm): Pad 3 [/STORAGE/BRIDGE_SATA_RX_N] of J3 on F.Cu
[solder_mask_bridge]: Front solder mask aperture bridges items with different nets
    Rule: board setup solder mask min width; error
    @(263.0000 mm, 162.2750 mm): Pad 50 [<no net>] of J3 on F.Cu
    @(263.5000 mm, 162.2750 mm): Pad 52 [<no net>] of J3 on F.Cu
[solder_mask_bridge]: Front solder mask aperture bridges items with different nets
    Rule: board setup solder mask min width; error
    @(263.2500 mm, 154.7250 mm): Pad 51 [<no net>] of J3 on F.Cu
    @(263.7500 mm, 154.7250 mm): Pad 53 [<no net>] of J3 on F.Cu
[solder_mask_bridge]: Front solder mask aperture bridges items with different nets
    Rule: board setup solder mask min width; error
    @(263.5000 mm, 162.2750 mm): Pad 52 [<no net>] of J3 on F.Cu
    @(264.0000 mm, 162.2750 mm): Pad 54 [<no net>] of J3 on F.Cu
[solder_mask_bridge]: Front solder mask aperture bridges items with different nets
    Rule: board setup solder mask min width; error
    @(251.7500 mm, 154.7250 mm): Pad 5 [/STORAGE/BRIDGE_SATA_RX_N] of J3 on F.Cu
    @(252.2500 mm, 154.7250 mm): Pad 7 [<no net>] of J3 on F.Cu
[solder_mask_bridge]: Front solder mask aperture bridges items with different nets
    Rule: board setup solder mask min width; error
    @(263.7500 mm, 154.7250 mm): Pad 53 [<no net>] of J3 on F.Cu
    @(264.2500 mm, 154.7250 mm): Pad 55 [<no net>] of J3 on F.Cu
[solder_mask_bridge]: Front solder mask aperture bridges items with different nets
    Rule: board setup solder mask min width; error
    @(252.0000 mm, 162.2750 mm): Pad 6 [/STORAGE/BRIDGE_SATA_RX_N] of J3 on F.Cu
    @(252.5000 mm, 162.2750 mm): Pad 8 [<no net>] of J3 on F.Cu
[solder_mask_bridge]: Front solder mask aperture bridges items with different nets
    Rule: board setup solder mask min width; error
    @(264.0000 mm, 162.2750 mm): Pad 54 [<no net>] of J3 on F.Cu
    @(264.5000 mm, 162.2750 mm): Pad 56 [<no net>] of J3 on F.Cu
[solder_mask_bridge]: Front solder mask aperture bridges items with different nets
    Rule: board setup solder mask min width; error
    @(252.2500 mm, 154.7250 mm): Pad 7 [<no net>] of J3 on F.Cu
    @(252.7500 mm, 154.7250 mm): Pad 9 [<no net>] of J3 on F.Cu
[solder_mask_bridge]: Front solder mask aperture bridges items with different nets
    Rule: board setup solder mask min width; error
    @(264.2500 mm, 154.7250 mm): Pad 55 [<no net>] of J3 on F.Cu
    @(264.7500 mm, 154.7250 mm): Pad 57 [<no net>] of J3 on F.Cu
[solder_mask_bridge]: Front solder mask aperture bridges items with different nets
    Rule: board setup solder mask min width; error
    @(252.5000 mm, 162.2750 mm): Pad 8 [<no net>] of J3 on F.Cu
    @(253.0000 mm, 162.2750 mm): Pad 10 [<no net>] of J3 on F.Cu
[solder_mask_bridge]: Front solder mask aperture bridges items with different nets
    Rule: board setup solder mask min width; error
    @(252.7500 mm, 154.7250 mm): Pad 9 [<no net>] of J3 on F.Cu
    @(253.2500 mm, 154.7250 mm): Pad 11 [<no net>] of J3 on F.Cu
[solder_mask_bridge]: Front solder mask aperture bridges items with different nets
    Rule: board setup solder mask min width; error
    @(264.5000 mm, 162.2750 mm): Pad 56 [<no net>] of J3 on F.Cu
    @(265.0000 mm, 162.2750 mm): Pad 58 [<no net>] of J3 on F.Cu
[solder_mask_bridge]: Front solder mask aperture bridges items with different nets
    Rule: board setup solder mask min width; error
    @(253.0000 mm, 162.2750 mm): Pad 10 [<no net>] of J3 on F.Cu
    @(253.5000 mm, 162.2750 mm): Pad 59 [<no net>] of J3 on F.Cu
[solder_mask_bridge]: Front solder mask aperture bridges items with different nets
    Rule: board setup solder mask min width; error
    @(253.2500 mm, 154.7250 mm): Pad 11 [<no net>] of J3 on F.Cu
    @(253.7500 mm, 154.7250 mm): Pad 60 [<no net>] of J3 on F.Cu
[solder_mask_bridge]: Front solder mask aperture bridges items with different nets
    Rule: board setup solder mask min width; error
    @(253.5000 mm, 162.2750 mm): Pad 59 [<no net>] of J3 on F.Cu
    @(254.0000 mm, 162.2750 mm): Pad 61 [<no net>] of J3 on F.Cu
[solder_mask_bridge]: Front solder mask aperture bridges items with different nets
    Rule: board setup solder mask min width; error
    @(253.7500 mm, 154.7250 mm): Pad 60 [<no net>] of J3 on F.Cu
    @(254.2500 mm, 154.7250 mm): Pad 62 [<no net>] of J3 on F.Cu
[solder_mask_bridge]: Front solder mask aperture bridges items with different nets
    Rule: board setup solder mask min width; error
    @(254.0000 mm, 162.2750 mm): Pad 61 [<no net>] of J3 on F.Cu
    @(254.5000 mm, 162.2750 mm): Pad 63 [<no net>] of J3 on F.Cu
[solder_mask_bridge]: Front solder mask aperture bridges items with different nets
    Rule: board setup solder mask min width; error
    @(254.2500 mm, 154.7250 mm): Pad 62 [<no net>] of J3 on F.Cu
    @(254.7500 mm, 154.7250 mm): Pad 64 [<no net>] of J3 on F.Cu
[solder_mask_bridge]: Front solder mask aperture bridges items with different nets
    Rule: board setup solder mask min width; error
    @(255.5000 mm, 162.2750 mm): Pad 20 [<no net>] of J3 on F.Cu
    @(256.0000 mm, 162.2750 mm): Pad 22 [<no net>] of J3 on F.Cu
[solder_mask_bridge]: Front solder mask aperture bridges items with different nets
    Rule: board setup solder mask min width; error
    @(255.5000 mm, 162.2750 mm): Pad 20 [<no net>] of J3 on F.Cu
    @(255.0000 mm, 162.2750 mm): Pad 65 [<no net>] of J3 on F.Cu
[solder_mask_bridge]: Front solder mask aperture bridges items with different nets
    Rule: board setup solder mask min width; error
    @(255.7500 mm, 154.7250 mm): Pad 21 [<no net>] of J3 on F.Cu
    @(256.2500 mm, 154.7250 mm): Pad 23 [<no net>] of J3 on F.Cu
[solder_mask_bridge]: Front solder mask aperture bridges items with different nets
    Rule: board setup solder mask min width; error
    @(255.7500 mm, 154.7250 mm): Pad 21 [<no net>] of J3 on F.Cu
    @(255.2500 mm, 154.7250 mm): Pad 66 [<no net>] of J3 on F.Cu
[solder_mask_bridge]: Front solder mask aperture bridges items with different nets
    Rule: board setup solder mask min width; error
    @(254.5000 mm, 162.2750 mm): Pad 63 [<no net>] of J3 on F.Cu
    @(255.0000 mm, 162.2750 mm): Pad 65 [<no net>] of J3 on F.Cu
[solder_mask_bridge]: Front solder mask aperture bridges items with different nets
    Rule: board setup solder mask min width; error
    @(254.7500 mm, 154.7250 mm): Pad 64 [<no net>] of J3 on F.Cu
    @(255.2500 mm, 154.7250 mm): Pad 66 [<no net>] of J3 on F.Cu
[solder_mask_bridge]: Front solder mask aperture bridges items with different nets
    Rule: board setup solder mask min width; error
    @(256.0000 mm, 162.2750 mm): Pad 22 [<no net>] of J3 on F.Cu
    @(256.5000 mm, 162.2750 mm): Pad 24 [<no net>] of J3 on F.Cu
[solder_mask_bridge]: Front solder mask aperture bridges items with different nets
    Rule: board setup solder mask min width; error
    @(256.2500 mm, 154.7250 mm): Pad 23 [<no net>] of J3 on F.Cu
    @(256.7500 mm, 154.7250 mm): Pad 25 [<no net>] of J3 on F.Cu
[solder_mask_bridge]: Front solder mask aperture bridges items with different nets
    Rule: board setup solder mask min width; error
    @(267.2500 mm, 154.7250 mm): Pad 67 [<no net>] of J3 on F.Cu
    @(267.7500 mm, 154.7250 mm): Pad 69 [<no net>] of J3 on F.Cu
[solder_mask_bridge]: Front solder mask aperture bridges items with different nets
    Rule: board setup solder mask min width; error
    @(267.5000 mm, 162.2750 mm): Pad 68 [<no net>] of J3 on F.Cu
    @(268.0000 mm, 162.2750 mm): Pad 70 [<no net>] of J3 on F.Cu
[solder_mask_bridge]: Front solder mask aperture bridges items with different nets
    Rule: board setup solder mask min width; error
    @(267.7500 mm, 154.7250 mm): Pad 69 [<no net>] of J3 on F.Cu
    @(268.2500 mm, 154.7250 mm): Pad 71 [<no net>] of J3 on F.Cu
[solder_mask_bridge]: Front solder mask aperture bridges items with different nets
    Rule: board setup solder mask min width; error
    @(256.5000 mm, 162.2750 mm): Pad 24 [<no net>] of J3 on F.Cu
    @(257.0000 mm, 162.2750 mm): Pad 26 [<no net>] of J3 on F.Cu
[solder_mask_bridge]: Front solder mask aperture bridges items with different nets
    Rule: board setup solder mask min width; error
    @(268.0000 mm, 162.2750 mm): Pad 70 [<no net>] of J3 on F.Cu
    @(268.5000 mm, 162.2750 mm): Pad 72 [<no net>] of J3 on F.Cu
[solder_mask_bridge]: Front solder mask aperture bridges items with different nets
    Rule: board setup solder mask min width; error
    @(268.2500 mm, 154.7250 mm): Pad 71 [<no net>] of J3 on F.Cu
    @(268.7500 mm, 154.7250 mm): Pad 73 [<no net>] of J3 on F.Cu
[solder_mask_bridge]: Front solder mask aperture bridges items with different nets
    Rule: board setup solder mask min width; error
    @(268.5000 mm, 162.2750 mm): Pad 72 [<no net>] of J3 on F.Cu
    @(269.0000 mm, 162.2750 mm): Pad 74 [<no net>] of J3 on F.Cu
[solder_mask_bridge]: Front solder mask aperture bridges items with different nets
    Rule: board setup solder mask min width; error
    @(256.7500 mm, 154.7250 mm): Pad 25 [<no net>] of J3 on F.Cu
    @(257.2500 mm, 154.7250 mm): Pad 27 [<no net>] of J3 on F.Cu
[solder_mask_bridge]: Front solder mask aperture bridges items with different nets
    Rule: board setup solder mask min width; error
    @(257.0000 mm, 162.2750 mm): Pad 26 [<no net>] of J3 on F.Cu
    @(257.5000 mm, 162.2750 mm): Pad 28 [<no net>] of J3 on F.Cu
[solder_mask_bridge]: Front solder mask aperture bridges items with different nets
    Rule: board setup solder mask min width; error
    @(268.7500 mm, 154.7250 mm): Pad 73 [<no net>] of J3 on F.Cu
    @(269.2500 mm, 154.7250 mm): Pad 75 [<no net>] of J3 on F.Cu
[solder_mask_bridge]: Front solder mask aperture bridges items with different nets
    Rule: board setup solder mask min width; error
    @(257.2500 mm, 154.7250 mm): Pad 27 [<no net>] of J3 on F.Cu
    @(257.7500 mm, 154.7250 mm): Pad 29 [<no net>] of J3 on F.Cu
[via_dangling]: Via is not connected or connected on only one layer
    Local override; warning
    @(25.5000 mm, 137.5000 mm): Via [CM5_GBE_TD2_P] on F.Cu - B.Cu
[via_dangling]: Via is not connected or connected on only one layer
    Local override; warning
    @(25.0000 mm, 137.0000 mm): Via [CM5_GBE_TD2_N] on F.Cu - B.Cu
[via_dangling]: Via is not connected or connected on only one layer
    Local override; warning
    @(24.5000 mm, 136.5000 mm): Via [CM5_GBE_TD3_N] on F.Cu - B.Cu
[via_dangling]: Via is not connected or connected on only one layer
    Local override; warning
    @(24.0000 mm, 136.0000 mm): Via [CM5_GBE_TD3_P] on F.Cu - B.Cu
[track_dangling]: Track has unconnected end
    Local override; warning
    @(121.1787 mm, 145.0900 mm): Track [CM5_GBE_TD0_N] on F.Cu, length 4.7216 mm
[track_dangling]: Track has unconnected end
    Local override; warning
    @(121.4787 mm, 145.9900 mm): Track [CM5_GBE_TD1_P] on F.Cu, length 3.0246 mm
[track_dangling]: Track has unconnected end
    Local override; warning
    @(121.3213 mm, 145.6100 mm): Track [CM5_GBE_TD1_N] on F.Cu, length 3.3394 mm
[silk_edge_clearance]: Silkscreen clipped by board edge
    Rule: board setup constraints silk; warning
    @(0.0000 mm, 0.0000 mm): Rectangle on Edge.Cuts
    @(248.5000 mm, 160.0000 mm): Segment of J3 on f.silkscreen
[silk_edge_clearance]: Silkscreen clipped by board edge
    Rule: board setup constraints silk; warning
    @(0.0000 mm, 0.0000 mm): Rectangle on Edge.Cuts
    @(271.5000 mm, 238.2500 mm): Segment of J3 on f.silkscreen
[hole_to_hole]: Drilled hole too close to other hole (board setup constraints min 0.2495 mm; actual 0.2113 mm)
    Rule: board setup constraints; warning
    @(123.4787 mm, 146.2900 mm): Via [CM5_GBE_TD2_N] on F.Cu - B.Cu
    @(123.3213 mm, 145.9100 mm): Via [CM5_GBE_TD2_P] on F.Cu - B.Cu
[hole_to_hole]: Drilled hole too close to other hole (board setup constraints min 0.2495 mm; actual 0.2113 mm)
    Rule: board setup constraints; warning
    @(124.1385 mm, 146.8100 mm): Via [CM5_GBE_TD3_N] on F.Cu - B.Cu
    @(124.2959 mm, 147.1900 mm): Via [CM5_GBE_TD3_P] on F.Cu - B.Cu
[text_height]: Text height out of range (board setup constraints silk text height min height 0.8000 mm; actual 0.7000 mm)
    Rule: board setup constraints silk text height; warning
    @(110.0000 mm, 169.1000 mm): Reference field of R21
[text_height]: Text height out of range (board setup constraints silk text height min height 0.8000 mm; actual 0.7000 mm)
    Rule: board setup constraints silk text height; warning
    @(78.0000 mm, 131.1000 mm): Reference field of R12
[text_height]: Text height out of range (board setup constraints silk text height min height 0.8000 mm; actual 0.7000 mm)
    Rule: board setup constraints silk text height; warning
    @(70.0000 mm, 131.1000 mm): Reference field of R11
[text_height]: Text height out of range (board setup constraints silk text height min height 0.8000 mm; actual 0.7000 mm)
    Rule: board setup constraints silk text height; warning
    @(78.0000 mm, 81.1000 mm): Reference field of R4
[text_height]: Text height out of range (board setup constraints silk text height min height 0.8000 mm; actual 0.7000 mm)
    Rule: board setup constraints silk text height; warning
    @(86.0000 mm, 81.1000 mm): Reference field of R5
[text_height]: Text height out of range (board setup constraints silk text height min height 0.8000 mm; actual 0.7000 mm)
    Rule: board setup constraints silk text height; warning
    @(55.0000 mm, 149.1000 mm): Reference field of R2
[text_height]: Text height out of range (board setup constraints silk text height min height 0.8000 mm; actual 0.7000 mm)
    Rule: board setup constraints silk text height; warning
    @(70.0000 mm, 81.1000 mm): Reference field of R3
[text_height]: Text height out of range (board setup constraints silk text height min height 0.8000 mm; actual 0.7000 mm)
    Rule: board setup constraints silk text height; warning
    @(94.0000 mm, 131.1000 mm): Reference field of R14
[text_height]: Text height out of range (board setup constraints silk text height min height 0.8000 mm; actual 0.7000 mm)
    Rule: board setup constraints silk text height; warning
    @(86.0000 mm, 131.1000 mm): Reference field of R13
[text_height]: Text height out of range (board setup constraints silk text height min height 0.8000 mm; actual 0.7000 mm)
    Rule: board setup constraints silk text height; warning
    @(94.0000 mm, 81.1000 mm): Reference field of R6
[text_height]: Text height out of range (board setup constraints silk text height min height 0.8000 mm; actual 0.7000 mm)
    Rule: board setup constraints silk text height; warning
    @(102.0000 mm, 169.1000 mm): Reference field of R20
[text_height]: Text height out of range (board setup constraints silk text height min height 0.8000 mm; actual 0.7000 mm)
    Rule: board setup constraints silk text height; warning
    @(94.0000 mm, 169.1000 mm): Reference field of R19
[text_height]: Text height out of range (board setup constraints silk text height min height 0.8000 mm; actual 0.7000 mm)
    Rule: board setup constraints silk text height; warning
    @(118.0000 mm, 169.1000 mm): Reference field of R22
[text_height]: Text height out of range (board setup constraints silk text height min height 0.8000 mm; actual 0.7000 mm)
    Rule: board setup constraints silk text height; warning
    @(55.0000 mm, 139.1000 mm): Reference field of R1
[silk_overlap]: Silkscreen clearance
    Rule: board setup constraints silk; warning
    @(70.0000 mm, 120.0000 mm): Reference field of C14
    @(67.0600 mm, 119.9000 mm): Segment of J7 on f.silkscreen
[silk_overlap]: Silkscreen clearance
    Rule: board setup constraints silk; warning
    @(70.0000 mm, 120.0000 mm): Reference field of C14
    @(69.9400 mm, 119.9000 mm): Segment of J7 on f.silkscreen
[silk_overlap]: Silkscreen clearance
    Rule: board setup constraints silk; warning
    @(121.6000 mm, 149.7667 mm): Reference field of U9
    @(122.0000 mm, 150.5500 mm): Reference field of J2
[silk_overlap]: Silkscreen clearance
    Rule: board setup constraints silk; warning
    @(122.0000 mm, 150.5500 mm): Reference field of J2
    @(122.9900 mm, 150.4050 mm): Polygon of U9 on f.silkscreen
[silk_overlap]: Silkscreen clearance
    Rule: board setup constraints silk; warning
    @(70.0000 mm, 120.0000 mm): Reference field of C14
    @(71.5000 mm, 130.0000 mm): Segment of J7 on f.silkscreen
[silk_over_copper]: Silkscreen clipped by solder mask
    Local override; warning
    @(166.0000 mm, 158.0000 mm): Reference field of C36
    @(164.6500 mm, 158.0000 mm): Pad 1 [/REGULATORS/BRIDGE_1V1] of C36 on F.Cu
[silk_over_copper]: Silkscreen clipped by solder mask
    Local override; warning
    @(166.0000 mm, 158.0000 mm): Reference field of C36
    @(167.3500 mm, 158.0000 mm): Pad 2 [POWER_GND] of C36 on F.Cu
[silk_over_copper]: Silkscreen clipped by solder mask
    Local override; warning
    @(158.0000 mm, 150.0000 mm): Reference field of C27
    @(156.6500 mm, 150.0000 mm): Pad 1 [/REGULATORS/BRIDGE_1V1] of C27 on F.Cu
[silk_over_copper]: Silkscreen clipped by solder mask
    Local override; warning
    @(158.0000 mm, 150.0000 mm): Reference field of C27
    @(159.3500 mm, 150.0000 mm): Pad 2 [POWER_GND] of C27 on F.Cu
[silk_over_copper]: Silkscreen clipped by solder mask
    Local override; warning
    @(158.0000 mm, 158.0000 mm): Reference field of C35
    @(156.6500 mm, 158.0000 mm): Pad 1 [/REGULATORS/BRIDGE_1V1] of C35 on F.Cu
[silk_over_copper]: Silkscreen clipped by solder mask
    Local override; warning
    @(158.0000 mm, 158.0000 mm): Reference field of C35
    @(159.3500 mm, 158.0000 mm): Pad 2 [POWER_GND] of C35 on F.Cu
[silk_over_copper]: Silkscreen clipped by solder mask
    Local override; warning
    @(86.0000 mm, 170.0000 mm): Reference field of C25
    @(84.9000 mm, 170.0000 mm): Pad 1 [12V_PROTECTED] of C25 on F.Cu
[silk_over_copper]: Silkscreen clipped by solder mask
    Local override; warning
    @(86.0000 mm, 170.0000 mm): Reference field of C25
    @(87.1000 mm, 170.0000 mm): Pad 2 [POWER_GND] of C25 on F.Cu
[silk_over_copper]: Silkscreen clipped by solder mask
    Local override; warning
    @(70.0000 mm, 170.0000 mm): Reference field of C23
    @(68.9000 mm, 170.0000 mm): Pad 1 [12V_PROTECTED] of C23 on F.Cu
[silk_over_copper]: Silkscreen clipped by solder mask
    Local override; warning
    @(70.0000 mm, 170.0000 mm): Reference field of C23
    @(71.1000 mm, 170.0000 mm): Pad 2 [POWER_GND] of C23 on F.Cu
[silk_over_copper]: Silkscreen clipped by solder mask
    Local override; warning
    @(70.0000 mm, 120.0000 mm): Reference field of C14
    @(68.9000 mm, 120.0000 mm): Pad 1 [12V_PROTECTED] of C14 on F.Cu
[silk_over_copper]: Silkscreen clipped by solder mask
    Local override; warning
    @(70.0000 mm, 120.0000 mm): Reference field of C14
    @(71.1000 mm, 120.0000 mm): Pad 2 [POWER_GND] of C14 on F.Cu
[silk_over_copper]: Silkscreen clipped by solder mask
    Local override; warning
    @(78.0000 mm, 120.0000 mm): Reference field of C15
    @(76.9000 mm, 120.0000 mm): Pad 1 [12V_PROTECTED] of C15 on F.Cu
[silk_over_copper]: Silkscreen clipped by solder mask
    Local override; warning
    @(78.0000 mm, 120.0000 mm): Reference field of C15
    @(79.1000 mm, 120.0000 mm): Pad 2 [POWER_GND] of C15 on F.Cu
[silk_over_copper]: Silkscreen clipped by solder mask
    Local override; warning
    @(94.0000 mm, 120.0000 mm): Reference field of C17
    @(92.6500 mm, 120.0000 mm): Pad 1 [/REGULATORS/BRIDGE_3V3] of C17 on F.Cu
[silk_over_copper]: Silkscreen clipped by solder mask
    Local override; warning
    @(94.0000 mm, 120.0000 mm): Reference field of C17
    @(95.3500 mm, 120.0000 mm): Pad 2 [POWER_GND] of C17 on F.Cu
[silk_over_copper]: Silkscreen clipped by solder mask
    Local override; warning
    @(110.0000 mm, 120.0000 mm): Reference field of C19
    @(108.6500 mm, 120.0000 mm): Pad 1 [/REGULATORS/BRIDGE_3V3] of C19 on F.Cu
[silk_over_copper]: Silkscreen clipped by solder mask
    Local override; warning
    @(110.0000 mm, 120.0000 mm): Reference field of C19
    @(111.3500 mm, 120.0000 mm): Pad 2 [POWER_GND] of C19 on F.Cu
[silk_over_copper]: Silkscreen clipped by solder mask
    Local override; warning
    @(150.0000 mm, 150.0000 mm): Reference field of C26
    @(151.3500 mm, 150.0000 mm): Pad 2 [POWER_GND] of C26 on F.Cu
[silk_over_copper]: Silkscreen clipped by solder mask
    Local override; warning
    @(150.0000 mm, 150.0000 mm): Reference field of C26
    @(148.6500 mm, 150.0000 mm): Pad 1 [/REGULATORS/BRIDGE_1V1] of C26 on F.Cu
[silk_over_copper]: Silkscreen clipped by solder mask
    Local override; warning
    @(150.0000 mm, 158.0000 mm): Reference field of C34
    @(148.6500 mm, 158.0000 mm): Pad 1 [/REGULATORS/BRIDGE_1V1] of C34 on F.Cu
[silk_over_copper]: Silkscreen clipped by solder mask
    Local override; warning
    @(150.0000 mm, 158.0000 mm): Reference field of C34
    @(151.3500 mm, 158.0000 mm): Pad 2 [POWER_GND] of C34 on F.Cu
[silk_over_copper]: Silkscreen clipped by solder mask
    Local override; warning
    @(114.0500 mm, 151.3250 mm): Rectangle of J2 on f.silkscreen
    @(130.2000 mm, 162.0000 mm): NPTH pad of J2
[silk_over_copper]: Silkscreen clipped by solder mask
    Local override; warning
    @(114.0500 mm, 151.3250 mm): Rectangle of J2 on f.silkscreen
    @(130.2000 mm, 172.7500 mm): NPTH pad of J2
[silk_over_copper]: Silkscreen clipped by solder mask
    Local override; warning
    @(114.0500 mm, 151.3250 mm): Rectangle of J2 on f.silkscreen
    @(129.8750 mm, 158.9500 mm): PTH pad 20 [/ETHERNET/GBE_SHIELD] of J2
[silk_over_copper]: Silkscreen clipped by solder mask
    Local override; warning
    @(114.0500 mm, 151.3250 mm): Rectangle of J2 on f.silkscreen
    @(113.8000 mm, 172.7500 mm): NPTH pad of J2
[silk_over_copper]: Silkscreen clipped by solder mask
    Local override; warning
    @(114.0500 mm, 151.3250 mm): Rectangle of J2 on f.silkscreen
    @(113.8000 mm, 162.0000 mm): NPTH pad of J2
[silk_over_copper]: Silkscreen clipped by solder mask
    Local override; warning
    @(114.0500 mm, 151.3250 mm): Rectangle of J2 on f.silkscreen
    @(114.1250 mm, 158.9500 mm): PTH pad 19 [/ETHERNET/GBE_SHIELD] of J2
[silk_over_copper]: Silkscreen clipped by solder mask
    Local override; warning
    @(166.0000 mm, 150.0000 mm): Reference field of C28
    @(164.6500 mm, 150.0000 mm): Pad 1 [/REGULATORS/BRIDGE_1V1] of C28 on F.Cu
[silk_over_copper]: Silkscreen clipped by solder mask
    Local override; warning
    @(166.0000 mm, 150.0000 mm): Reference field of C28
    @(167.3500 mm, 150.0000 mm): Pad 2 [POWER_GND] of C28 on F.Cu
[silk_over_copper]: Silkscreen clipped by solder mask
    Local override; warning
    @(174.0000 mm, 150.0000 mm): Reference field of C29
    @(172.6500 mm, 150.0000 mm): Pad 1 [/REGULATORS/BRIDGE_1V1] of C29 on F.Cu
[silk_over_copper]: Silkscreen clipped by solder mask
    Local override; warning
    @(174.0000 mm, 150.0000 mm): Reference field of C29
    @(175.3500 mm, 150.0000 mm): Pad 2 [POWER_GND] of C29 on F.Cu
[silk_over_copper]: Silkscreen clipped by solder mask
    Local override; warning
    @(182.0000 mm, 150.0000 mm): Reference field of C30
    @(180.6500 mm, 150.0000 mm): Pad 1 [/REGULATORS/BRIDGE_1V1] of C30 on F.Cu
[silk_over_copper]: Silkscreen clipped by solder mask
    Local override; warning
    @(174.0000 mm, 158.0000 mm): Reference field of C37
    @(175.3500 mm, 158.0000 mm): Pad 2 [POWER_GND] of C37 on F.Cu
[silk_over_copper]: Silkscreen clipped by solder mask
    Local override; warning
    @(174.0000 mm, 158.0000 mm): Reference field of C37
    @(172.6500 mm, 158.0000 mm): Pad 1 [/REGULATORS/BRIDGE_1V1] of C37 on F.Cu
[silk_over_copper]: Silkscreen clipped by solder mask
    Local override; warning
    @(182.0000 mm, 158.0000 mm): Reference field of C38
    @(180.6500 mm, 158.0000 mm): Pad 1 [/REGULATORS/BRIDGE_1V1] of C38 on F.Cu
[silk_over_copper]: Silkscreen clipped by solder mask
    Local override; warning
    @(198.0000 mm, 150.0000 mm): Reference field of C32
    @(196.6500 mm, 150.0000 mm): Pad 1 [/REGULATORS/BRIDGE_1V1] of C32 on F.Cu
[silk_over_copper]: Silkscreen clipped by solder mask
    Local override; warning
    @(198.0000 mm, 150.0000 mm): Reference field of C32
    @(199.3500 mm, 150.0000 mm): Pad 2 [POWER_GND] of C32 on F.Cu
[silk_over_copper]: Silkscreen clipped by solder mask
    Local override; warning
    @(190.0000 mm, 150.0000 mm): Reference field of C31
    @(188.6500 mm, 150.0000 mm): Pad 1 [/REGULATORS/BRIDGE_1V1] of C31 on F.Cu
[silk_over_copper]: Silkscreen clipped by solder mask
    Local override; warning
    @(190.0000 mm, 150.0000 mm): Reference field of C31
    @(191.3500 mm, 150.0000 mm): Pad 2 [POWER_GND] of C31 on F.Cu
[silk_over_copper]: Silkscreen clipped by solder mask
    Local override; warning
    @(182.0000 mm, 150.0000 mm): Reference field of C30
    @(183.3500 mm, 150.0000 mm): Pad 2 [POWER_GND] of C30 on F.Cu
[silk_over_copper]: Silkscreen clipped by solder mask
    Local override; warning
    @(206.0000 mm, 150.0000 mm): Reference field of C33
    @(204.6500 mm, 150.0000 mm): Pad 1 [/REGULATORS/BRIDGE_1V1] of C33 on F.Cu
[silk_over_copper]: Silkscreen clipped by solder mask
    Local override; warning
    @(206.0000 mm, 150.0000 mm): Reference field of C33
    @(207.3500 mm, 150.0000 mm): Pad 2 [POWER_GND] of C33 on F.Cu
[silk_over_copper]: Silkscreen clipped by solder mask
    Local override; warning
    @(182.0000 mm, 158.0000 mm): Reference field of C38
    @(183.3500 mm, 158.0000 mm): Pad 2 [POWER_GND] of C38 on F.Cu
[silk_over_copper]: Silkscreen clipped by solder mask
    Local override; warning
    @(206.0000 mm, 158.0000 mm): Reference field of C41
    @(207.3500 mm, 158.0000 mm): Pad 2 [POWER_GND] of C41 on F.Cu
[silk_over_copper]: Silkscreen clipped by solder mask
    Local override; warning
    @(198.0000 mm, 158.0000 mm): Reference field of C40
    @(199.3500 mm, 158.0000 mm): Pad 2 [POWER_GND] of C40 on F.Cu
[silk_over_copper]: Silkscreen clipped by solder mask
    Local override; warning
    @(206.0000 mm, 158.0000 mm): Reference field of C41
    @(204.6500 mm, 158.0000 mm): Pad 1 [/REGULATORS/BRIDGE_1V1] of C41 on F.Cu
[silk_over_copper]: Silkscreen clipped by solder mask
    Local override; warning
    @(198.0000 mm, 158.0000 mm): Reference field of C40
    @(196.6500 mm, 158.0000 mm): Pad 1 [/REGULATORS/BRIDGE_1V1] of C40 on F.Cu
[silk_over_copper]: Silkscreen clipped by solder mask
    Local override; warning
    @(190.0000 mm, 158.0000 mm): Reference field of C39
    @(191.3500 mm, 158.0000 mm): Pad 2 [POWER_GND] of C39 on F.Cu
[silk_over_copper]: Silkscreen clipped by solder mask
    Local override; warning
    @(190.0000 mm, 158.0000 mm): Reference field of C39
    @(188.6500 mm, 158.0000 mm): Pad 1 [/REGULATORS/BRIDGE_1V1] of C39 on F.Cu
[silk_over_copper]: Silkscreen clipped by solder mask
    Local override; warning
    @(94.0000 mm, 70.0000 mm): Reference field of C8
    @(92.6500 mm, 70.0000 mm): Pad 1 [/REGULATORS/CM5_5V] of C8 on F.Cu
[silk_over_copper]: Silkscreen clipped by solder mask
    Local override; warning
    @(94.0000 mm, 70.0000 mm): Reference field of C8
    @(95.3500 mm, 70.0000 mm): Pad 2 [POWER_GND] of C8 on F.Cu
[silk_over_copper]: Silkscreen clipped by solder mask
    Local override; warning
    @(78.0000 mm, 70.0000 mm): Reference field of C6
    @(76.9000 mm, 70.0000 mm): Pad 1 [12V_PROTECTED] of C6 on F.Cu
[silk_over_copper]: Silkscreen clipped by solder mask
    Local override; warning
    @(78.0000 mm, 70.0000 mm): Reference field of C6
    @(79.1000 mm, 70.0000 mm): Pad 2 [POWER_GND] of C6 on F.Cu
[silk_over_copper]: Silkscreen clipped by solder mask
    Local override; warning
    @(70.0000 mm, 70.0000 mm): Reference field of C5
    @(71.1000 mm, 70.0000 mm): Pad 2 [POWER_GND] of C5 on F.Cu
[silk_over_copper]: Silkscreen clipped by solder mask
    Local override; warning
    @(70.0000 mm, 131.1000 mm): Reference field of R11
    @(68.0000 mm, 130.0000 mm): NPTH pad of J7
[silk_over_copper]: Silkscreen clipped by solder mask
    Local override; warning
    @(86.0000 mm, 120.0000 mm): Reference field of C16
    @(84.6500 mm, 120.0000 mm): Pad 1 [/REGULATORS/BRIDGE_3V3] of C16 on F.Cu
[silk_over_copper]: Silkscreen clipped by solder mask
    Local override; warning
    @(86.0000 mm, 120.0000 mm): Reference field of C16
    @(87.3500 mm, 120.0000 mm): Pad 2 [POWER_GND] of C16 on F.Cu
[silk_over_copper]: Silkscreen clipped by solder mask
    Local override; warning
    @(71.5000 mm, 130.0000 mm): Segment of J7 on f.silkscreen
    @(71.1000 mm, 120.0000 mm): Pad 2 [POWER_GND] of C14 on F.Cu
[silk_over_copper]: Silkscreen clipped by solder mask
    Local override; warning
    @(67.0600 mm, 119.9000 mm): Segment of J7 on f.silkscreen
    @(68.9000 mm, 120.0000 mm): Pad 1 [12V_PROTECTED] of C14 on F.Cu
[silk_over_copper]: Silkscreen clipped by solder mask
    Local override; warning
    @(68.0000 mm, 130.0000 mm): Arc of J7 on f.silkscreen
    @(70.5000 mm, 132.0000 mm): Pad 2 [/REGULATORS/FB_BRIDGE_3V3] of R11 on F.Cu
[silk_over_copper]: Silkscreen clipped by solder mask
    Local override; warning
    @(86.0000 mm, 70.0000 mm): Reference field of C7
    @(84.6500 mm, 70.0000 mm): Pad 1 [/REGULATORS/CM5_5V] of C7 on F.Cu
[silk_over_copper]: Silkscreen clipped by solder mask
    Local override; warning
    @(86.0000 mm, 70.0000 mm): Reference field of C7
    @(87.3500 mm, 70.0000 mm): Pad 2 [POWER_GND] of C7 on F.Cu
[silk_over_copper]: Silkscreen clipped by solder mask
    Local override; warning
    @(68.0000 mm, 78.5000 mm): Segment of J7 on f.silkscreen
    @(52.0000 mm, 78.3750 mm): Pad 19 [POWER_GND] of U3 on F.Cu
[silk_over_copper]: Silkscreen clipped by solder mask
    Local override; warning
    @(70.0000 mm, 70.0000 mm): Reference field of C5
    @(68.9000 mm, 70.0000 mm): Pad 1 [12V_PROTECTED] of C5 on F.Cu
[silk_over_copper]: Silkscreen clipped by solder mask
    Local override; warning
    @(11.0000 mm, 16.7000 mm): Rectangle of J5 on f.silkscreen
    @(12.0000 mm, 17.7000 mm): NPTH pad of J5
[silk_over_copper]: Silkscreen clipped by solder mask
    Local override; warning
    @(11.0000 mm, 16.7000 mm): Rectangle of J5 on f.silkscreen
    @(12.0000 mm, 25.0000 mm): PTH pad 1 [/POWER_INPUT/12V_IN_A] of J5
[silk_over_copper]: Silkscreen clipped by solder mask
    Local override; warning
    @(11.0000 mm, 16.7000 mm): Rectangle of J5 on f.silkscreen
    @(12.0000 mm, 30.5000 mm): PTH pad 2 [POWER_GND] of J5
[silk_over_copper]: Silkscreen clipped by solder mask
    Local override; warning
    @(11.0000 mm, 36.7000 mm): Rectangle of J6 on f.silkscreen
    @(12.0000 mm, 37.7000 mm): NPTH pad of J6
[silk_over_copper]: Silkscreen clipped by solder mask
    Local override; warning
    @(11.0000 mm, 36.7000 mm): Rectangle of J6 on f.silkscreen
    @(12.0000 mm, 45.0000 mm): PTH pad 1 [/POWER_INPUT/12V_IN_B] of J6
[silk_over_copper]: Silkscreen clipped by solder mask
    Local override; warning
    @(11.0000 mm, 36.7000 mm): Rectangle of J6 on f.silkscreen
    @(12.0000 mm, 50.5000 mm): PTH pad 2 [POWER_GND] of J6

** Found 453 unconnected pads **
[unconnected_items]: Missing connection between items
    Local override; error
    @(109.5000 mm, 170.0000 mm): Pad 1 [/REGULATORS/RT_BRIDGE_1V1] of R21 on F.Cu
    @(237.2500 mm, 105.2500 mm): Pad 12 [/REGULATORS/RT_BRIDGE_1V1] of U5 on F.Cu
[unconnected_items]: Missing connection between items
    Local override; error
    @(12.0000 mm, 30.5000 mm): PTH pad 2 [POWER_GND] of J5
    @(12.0000 mm, 50.5000 mm): PTH pad 2 [POWER_GND] of J6
[unconnected_items]: Missing connection between items
    Local override; error
    @(12.0000 mm, 50.5000 mm): PTH pad 2 [POWER_GND] of J6
    @(21.4500 mm, 73.5500 mm): Pad 2 [POWER_GND] of U1 on F.Cu
[unconnected_items]: Missing connection between items
    Local override; error
    @(21.4500 mm, 93.5500 mm): Pad 2 [POWER_GND] of U2 on F.Cu
    @(21.4500 mm, 73.5500 mm): Pad 2 [POWER_GND] of U1 on F.Cu
[unconnected_items]: Missing connection between items
    Local override; error
    @(49.7500 mm, 78.7500 mm): Pad 6 [POWER_GND] of U3 on F.Cu
    @(21.4500 mm, 73.5500 mm): Pad 2 [POWER_GND] of U1 on F.Cu
[unconnected_items]: Missing connection between items
    Local override; error
    @(52.0000 mm, 77.6250 mm): Pad 18 [POWER_GND] of U3 on F.Cu
    @(52.0000 mm, 78.3750 mm): Pad 19 [POWER_GND] of U3 on F.Cu
[unconnected_items]: Missing connection between items
    Local override; error
    @(52.0000 mm, 77.6250 mm): Pad 18 [POWER_GND] of U3 on F.Cu
    @(52.0000 mm, 76.8750 mm): Pad 17 [POWER_GND] of U3 on F.Cu
[unconnected_items]: Missing connection between items
    Local override; error
    @(52.0000 mm, 78.3750 mm): Pad 19 [POWER_GND] of U3 on F.Cu
    @(52.0000 mm, 79.1250 mm): Pad 20 [POWER_GND] of U3 on F.Cu
[unconnected_items]: Missing connection between items
    Local override; error
    @(52.0000 mm, 78.3750 mm): Pad 19 [POWER_GND] of U3 on F.Cu
    @(49.7500 mm, 78.7500 mm): Pad 6 [POWER_GND] of U3 on F.Cu
[unconnected_items]: Missing connection between items
    Local override; error
    @(52.0000 mm, 78.3750 mm): Pad 19 [POWER_GND] of U3 on F.Cu
    @(54.2500 mm, 78.7500 mm): Pad 11 [POWER_GND] of U3 on F.Cu
[unconnected_items]: Missing connection between items
    Local override; error
    @(54.2500 mm, 78.7500 mm): Pad 11 [POWER_GND] of U3 on F.Cu
    @(71.1000 mm, 70.0000 mm): Pad 2 [POWER_GND] of C5 on F.Cu
[unconnected_items]: Missing connection between items
    Local override; error
    @(71.1000 mm, 70.0000 mm): Pad 2 [POWER_GND] of C5 on F.Cu
    @(79.1000 mm, 70.0000 mm): Pad 2 [POWER_GND] of C6 on F.Cu
[unconnected_items]: Missing connection between items
    Local override; error
    @(71.1000 mm, 170.0000 mm): Pad 2 [POWER_GND] of C23 on F.Cu
    @(78.9500 mm, 170.0000 mm): Pad 2 [POWER_GND] of C24 on F.Cu
[unconnected_items]: Missing connection between items
    Local override; error
    @(78.9500 mm, 170.0000 mm): Pad 2 [POWER_GND] of C24 on F.Cu
    @(87.1000 mm, 170.0000 mm): Pad 2 [POWER_GND] of C25 on F.Cu
[unconnected_items]: Missing connection between items
    Local override; error
    @(78.9500 mm, 170.0000 mm): Pad 2 [POWER_GND] of C24 on F.Cu
    @(78.5000 mm, 132.0000 mm): Pad 2 [POWER_GND] of R12 on F.Cu
[unconnected_items]: Missing connection between items
    Local override; error
    @(79.1000 mm, 70.0000 mm): Pad 2 [POWER_GND] of C6 on F.Cu
    @(78.5000 mm, 82.0000 mm): Pad 2 [POWER_GND] of R4 on F.Cu
[unconnected_items]: Missing connection between items
    Local override; error
    @(79.1000 mm, 120.0000 mm): Pad 2 [POWER_GND] of C15 on F.Cu
    @(71.1000 mm, 120.0000 mm): Pad 2 [POWER_GND] of C14 on F.Cu
[unconnected_items]: Missing connection between items
    Local override; error
    @(79.1000 mm, 120.0000 mm): Pad 2 [POWER_GND] of C15 on F.Cu
    @(78.5000 mm, 132.0000 mm): Pad 2 [POWER_GND] of R12 on F.Cu
[unconnected_items]: Missing connection between items
    Local override; error
    @(86.5000 mm, 82.0000 mm): Pad 2 [POWER_GND] of R5 on F.Cu
    @(78.5000 mm, 82.0000 mm): Pad 2 [POWER_GND] of R4 on F.Cu
[unconnected_items]: Missing connection between items
    Local override; error
    @(86.5000 mm, 132.0000 mm): Pad 2 [POWER_GND] of R13 on F.Cu
    @(78.5000 mm, 132.0000 mm): Pad 2 [POWER_GND] of R12 on F.Cu
[unconnected_items]: Missing connection between items
    Local override; error
    @(87.1000 mm, 170.0000 mm): Pad 2 [POWER_GND] of C25 on F.Cu
    @(102.5000 mm, 170.0000 mm): Pad 2 [POWER_GND] of R20 on F.Cu
[unconnected_items]: Missing connection between items
    Local override; error
    @(87.3500 mm, 70.0000 mm): Pad 2 [POWER_GND] of C7 on F.Cu
    @(79.1000 mm, 70.0000 mm): Pad 2 [POWER_GND] of C6 on F.Cu
[unconnected_items]: Missing connection between items
    Local override; error
    @(87.3500 mm, 120.0000 mm): Pad 2 [POWER_GND] of C16 on F.Cu
    @(79.1000 mm, 120.0000 mm): Pad 2 [POWER_GND] of C15 on F.Cu
[unconnected_items]: Missing connection between items
    Local override; error
    @(95.3500 mm, 70.0000 mm): Pad 2 [POWER_GND] of C8 on F.Cu
    @(87.3500 mm, 70.0000 mm): Pad 2 [POWER_GND] of C7 on F.Cu
[unconnected_items]: Missing connection between items
    Local override; error
    @(95.3500 mm, 120.0000 mm): Pad 2 [POWER_GND] of C17 on F.Cu
    @(87.3500 mm, 120.0000 mm): Pad 2 [POWER_GND] of C16 on F.Cu
[unconnected_items]: Missing connection between items
    Local override; error
    @(102.5000 mm, 170.0000 mm): Pad 2 [POWER_GND] of R20 on F.Cu
    @(110.5000 mm, 170.0000 mm): Pad 2 [POWER_GND] of R21 on F.Cu
[unconnected_items]: Missing connection between items
    Local override; error
    @(111.3500 mm, 120.0000 mm): Pad 2 [POWER_GND] of C19 on F.Cu
    @(95.3500 mm, 120.0000 mm): Pad 2 [POWER_GND] of C17 on F.Cu
[unconnected_items]: Missing connection between items
    Local override; error
    @(112.0000 mm, 72.0000 mm): Pad 2 [POWER_GND] of D2 on F.Cu
    @(95.3500 mm, 70.0000 mm): Pad 2 [POWER_GND] of C8 on F.Cu
[unconnected_items]: Missing connection between items
    Local override; error
    @(112.0000 mm, 72.0000 mm): Pad 2 [POWER_GND] of D2 on F.Cu
    @(112.0000 mm, 32.0000 mm): Pad 2 [POWER_GND] of D1 on F.Cu
[unconnected_items]: Missing connection between items
    Local override; error
    @(126.5050 mm, 84.2850 mm): Pad A39 [POWER_GND] of J1 on F.Cu
    @(126.5050 mm, 85.5550 mm): Pad B39 [POWER_GND] of J1 on F.Cu
[unconnected_items]: Missing connection between items
    Local override; error
    @(126.5050 mm, 84.2850 mm): Pad A39 [POWER_GND] of J1 on F.Cu
    @(112.0000 mm, 72.0000 mm): Pad 2 [POWER_GND] of D2 on F.Cu
[unconnected_items]: Missing connection between items
    Local override; error
    @(126.5050 mm, 85.5550 mm): Pad B39 [POWER_GND] of J1 on F.Cu
    @(126.5050 mm, 86.8250 mm): Pad C39 [POWER_GND] of J1 on F.Cu
[unconnected_items]: Missing connection between items
    Local override; error
    @(126.5050 mm, 88.0950 mm): Pad D39 [POWER_GND] of J1 on F.Cu
    @(126.5050 mm, 86.8250 mm): Pad C39 [POWER_GND] of J1 on F.Cu
[unconnected_items]: Missing connection between items
    Local override; error
    @(126.5050 mm, 89.3650 mm): Pad E39 [POWER_GND] of J1 on F.Cu
    @(126.5050 mm, 88.0950 mm): Pad D39 [POWER_GND] of J1 on F.Cu
[unconnected_items]: Missing connection between items
    Local override; error
    @(126.5050 mm, 90.6350 mm): Pad F39 [POWER_GND] of J1 on F.Cu
    @(126.5050 mm, 89.3650 mm): Pad E39 [POWER_GND] of J1 on F.Cu
[unconnected_items]: Missing connection between items
    Local override; error
    @(126.5050 mm, 90.6350 mm): Pad F39 [POWER_GND] of J1 on F.Cu
    @(126.5050 mm, 91.9050 mm): Pad G39 [POWER_GND] of J1 on F.Cu
[unconnected_items]: Missing connection between items
    Local override; error
    @(126.5050 mm, 93.1750 mm): Pad H39 [POWER_GND] of J1 on F.Cu
    @(126.5050 mm, 91.9050 mm): Pad G39 [POWER_GND] of J1 on F.Cu
[unconnected_items]: Missing connection between items
    Local override; error
    @(126.5050 mm, 94.4450 mm): Pad J39 [POWER_GND] of J1 on F.Cu
    @(126.5050 mm, 93.1750 mm): Pad H39 [POWER_GND] of J1 on F.Cu
[unconnected_items]: Missing connection between items
    Local override; error
    @(126.5050 mm, 95.7150 mm): Pad K39 [POWER_GND] of J1 on F.Cu
    @(126.5050 mm, 94.4450 mm): Pad J39 [POWER_GND] of J1 on F.Cu
[unconnected_items]: Missing connection between items
    Local override; error
    @(126.5050 mm, 95.7150 mm): Pad K39 [POWER_GND] of J1 on F.Cu
    @(111.3500 mm, 120.0000 mm): Pad 2 [POWER_GND] of C19 on F.Cu
[unconnected_items]: Missing connection between items
    Local override; error
    @(130.3150 mm, 85.5550 mm): Pad B36 [POWER_GND] of J1 on F.Cu
    @(130.3150 mm, 84.2850 mm): Pad A36 [POWER_GND] of J1 on F.Cu
[unconnected_items]: Missing connection between items
    Local override; error
    @(130.3150 mm, 86.8250 mm): Pad C36 [POWER_GND] of J1 on F.Cu
    @(130.3150 mm, 88.0950 mm): Pad D36 [POWER_GND] of J1 on F.Cu
[unconnected_items]: Missing connection between items
    Local override; error
    @(130.3150 mm, 86.8250 mm): Pad C36 [POWER_GND] of J1 on F.Cu
    @(130.3150 mm, 85.5550 mm): Pad B36 [POWER_GND] of J1 on F.Cu
[unconnected_items]: Missing connection between items
    Local override; error
    @(130.3150 mm, 86.8250 mm): Pad C36 [POWER_GND] of J1 on F.Cu
    @(134.1250 mm, 86.8250 mm): Pad C33 [POWER_GND] of J1 on F.Cu
[unconnected_items]: Missing connection between items
    Local override; error
    @(130.3150 mm, 89.3650 mm): Pad E36 [POWER_GND] of J1 on F.Cu
    @(130.3150 mm, 88.0950 mm): Pad D36 [POWER_GND] of J1 on F.Cu
[unconnected_items]: Missing connection between items
    Local override; error
    @(130.3150 mm, 90.6350 mm): Pad F36 [POWER_GND] of J1 on F.Cu
    @(130.3150 mm, 89.3650 mm): Pad E36 [POWER_GND] of J1 on F.Cu
[unconnected_items]: Missing connection between items
    Local override; error
    @(130.3150 mm, 91.9050 mm): Pad G36 [POWER_GND] of J1 on F.Cu
    @(130.3150 mm, 90.6350 mm): Pad F36 [POWER_GND] of J1 on F.Cu
[unconnected_items]: Missing connection between items
    Local override; error
    @(130.3150 mm, 93.1750 mm): Pad H36 [POWER_GND] of J1 on F.Cu
    @(130.3150 mm, 91.9050 mm): Pad G36 [POWER_GND] of J1 on F.Cu
[unconnected_items]: Missing connection between items
    Local override; error
    @(130.3150 mm, 94.4450 mm): Pad J36 [POWER_GND] of J1 on F.Cu
    @(130.3150 mm, 93.1750 mm): Pad H36 [POWER_GND] of J1 on F.Cu
[unconnected_items]: Missing connection between items
    Local override; error
    @(130.3150 mm, 94.4450 mm): Pad J36 [POWER_GND] of J1 on F.Cu
    @(130.3150 mm, 95.7150 mm): Pad K36 [POWER_GND] of J1 on F.Cu
[unconnected_items]: Missing connection between items
    Local override; error
    @(130.3150 mm, 95.7150 mm): Pad K36 [POWER_GND] of J1 on F.Cu
    @(126.5050 mm, 95.7150 mm): Pad K39 [POWER_GND] of J1 on F.Cu
[unconnected_items]: Missing connection between items
    Local override; error
    @(134.1250 mm, 85.5550 mm): Pad B33 [POWER_GND] of J1 on F.Cu
    @(134.1250 mm, 84.2850 mm): Pad A33 [POWER_GND] of J1 on F.Cu
[unconnected_items]: Missing connection between items
    Local override; error
    @(134.1250 mm, 86.8250 mm): Pad C33 [POWER_GND] of J1 on F.Cu
    @(134.1250 mm, 85.5550 mm): Pad B33 [POWER_GND] of J1 on F.Cu
[unconnected_items]: Missing connection between items
    Local override; error
    @(134.1250 mm, 86.8250 mm): Pad C33 [POWER_GND] of J1 on F.Cu
    @(134.1250 mm, 88.0950 mm): Pad D33 [POWER_GND] of J1 on F.Cu
[unconnected_items]: Missing connection between items
    Local override; error
    @(134.1250 mm, 89.3650 mm): Pad E33 [POWER_GND] of J1 on F.Cu
    @(134.1250 mm, 88.0950 mm): Pad D33 [POWER_GND] of J1 on F.Cu
[unconnected_items]: Missing connection between items
    Local override; error
    @(134.1250 mm, 90.6350 mm): Pad F33 [POWER_GND] of J1 on F.Cu
    @(134.1250 mm, 89.3650 mm): Pad E33 [POWER_GND] of J1 on F.Cu
[unconnected_items]: Missing connection between items
    Local override; error
    @(134.1250 mm, 91.9050 mm): Pad G33 [POWER_GND] of J1 on F.Cu
    @(134.1250 mm, 90.6350 mm): Pad F33 [POWER_GND] of J1 on F.Cu
[unconnected_items]: Missing connection between items
    Local override; error
    @(134.1250 mm, 93.1750 mm): Pad H33 [POWER_GND] of J1 on F.Cu
    @(134.1250 mm, 91.9050 mm): Pad G33 [POWER_GND] of J1 on F.Cu
[unconnected_items]: Missing connection between items
    Local override; error
    @(134.1250 mm, 94.4450 mm): Pad J33 [POWER_GND] of J1 on F.Cu
    @(134.1250 mm, 93.1750 mm): Pad H33 [POWER_GND] of J1 on F.Cu
[unconnected_items]: Missing connection between items
    Local override; error
    @(134.1250 mm, 95.7150 mm): Pad K33 [POWER_GND] of J1 on F.Cu
    @(134.1250 mm, 94.4450 mm): Pad J33 [POWER_GND] of J1 on F.Cu
[unconnected_items]: Missing connection between items
    Local override; error
    @(137.9350 mm, 84.2850 mm): Pad A30 [POWER_GND] of J1 on F.Cu
    @(137.9350 mm, 85.5550 mm): Pad B30 [POWER_GND] of J1 on F.Cu
[unconnected_items]: Missing connection between items
    Local override; error
    @(137.9350 mm, 84.2850 mm): Pad A30 [POWER_GND] of J1 on F.Cu
    @(134.1250 mm, 84.2850 mm): Pad A33 [POWER_GND] of J1 on F.Cu
[unconnected_items]: Missing connection between items
    Local override; error
    @(137.9350 mm, 86.8250 mm): Pad C30 [POWER_GND] of J1 on F.Cu
    @(137.9350 mm, 85.5550 mm): Pad B30 [POWER_GND] of J1 on F.Cu
[unconnected_items]: Missing connection between items
    Local override; error
    @(137.9350 mm, 88.0950 mm): Pad D30 [POWER_GND] of J1 on F.Cu
    @(137.9350 mm, 86.8250 mm): Pad C30 [POWER_GND] of J1 on F.Cu
[unconnected_items]: Missing connection between items
    Local override; error
    @(137.9350 mm, 89.3650 mm): Pad E30 [POWER_GND] of J1 on F.Cu
    @(137.9350 mm, 88.0950 mm): Pad D30 [POWER_GND] of J1 on F.Cu
[unconnected_items]: Missing connection between items
    Local override; error
    @(137.9350 mm, 90.6350 mm): Pad F30 [POWER_GND] of J1 on F.Cu
    @(137.9350 mm, 89.3650 mm): Pad E30 [POWER_GND] of J1 on F.Cu
[unconnected_items]: Missing connection between items
    Local override; error
    @(137.9350 mm, 91.9050 mm): Pad G30 [POWER_GND] of J1 on F.Cu
    @(137.9350 mm, 90.6350 mm): Pad F30 [POWER_GND] of J1 on F.Cu
[unconnected_items]: Missing connection between items
    Local override; error
    @(137.9350 mm, 93.1750 mm): Pad H30 [POWER_GND] of J1 on F.Cu
    @(137.9350 mm, 91.9050 mm): Pad G30 [POWER_GND] of J1 on F.Cu
[unconnected_items]: Missing connection between items
    Local override; error
    @(137.9350 mm, 93.1750 mm): Pad H30 [POWER_GND] of J1 on F.Cu
    @(137.9350 mm, 94.4450 mm): Pad J30 [POWER_GND] of J1 on F.Cu
[unconnected_items]: Missing connection between items
    Local override; error
    @(137.9350 mm, 94.4450 mm): Pad J30 [POWER_GND] of J1 on F.Cu
    @(137.9350 mm, 95.7150 mm): Pad K30 [POWER_GND] of J1 on F.Cu
[unconnected_items]: Missing connection between items
    Local override; error
    @(141.7450 mm, 84.2850 mm): Pad A27 [POWER_GND] of J1 on F.Cu
    @(137.9350 mm, 84.2850 mm): Pad A30 [POWER_GND] of J1 on F.Cu
[unconnected_items]: Missing connection between items
    Local override; error
    @(141.7450 mm, 85.5550 mm): Pad B27 [POWER_GND] of J1 on F.Cu
    @(141.7450 mm, 84.2850 mm): Pad A27 [POWER_GND] of J1 on F.Cu
[unconnected_items]: Missing connection between items
    Local override; error
    @(141.7450 mm, 86.8250 mm): Pad C27 [POWER_GND] of J1 on F.Cu
    @(141.7450 mm, 85.5550 mm): Pad B27 [POWER_GND] of J1 on F.Cu
[unconnected_items]: Missing connection between items
    Local override; error
    @(141.7450 mm, 88.0950 mm): Pad D27 [POWER_GND] of J1 on F.Cu
    @(141.7450 mm, 86.8250 mm): Pad C27 [POWER_GND] of J1 on F.Cu
[unconnected_items]: Missing connection between items
    Local override; error
    @(141.7450 mm, 89.3650 mm): Pad E27 [POWER_GND] of J1 on F.Cu
    @(141.7450 mm, 88.0950 mm): Pad D27 [POWER_GND] of J1 on F.Cu
[unconnected_items]: Missing connection between items
    Local override; error
    @(141.7450 mm, 90.6350 mm): Pad F27 [POWER_GND] of J1 on F.Cu
    @(141.7450 mm, 89.3650 mm): Pad E27 [POWER_GND] of J1 on F.Cu
[unconnected_items]: Missing connection between items
    Local override; error
    @(141.7450 mm, 90.6350 mm): Pad F27 [POWER_GND] of J1 on F.Cu
    @(141.7450 mm, 91.9050 mm): Pad G27 [POWER_GND] of J1 on F.Cu
[unconnected_items]: Missing connection between items
    Local override; error
    @(141.7450 mm, 91.9050 mm): Pad G27 [POWER_GND] of J1 on F.Cu
    @(141.7450 mm, 93.1750 mm): Pad H27 [POWER_GND] of J1 on F.Cu
[unconnected_items]: Missing connection between items
    Local override; error
    @(141.7450 mm, 93.1750 mm): Pad H27 [POWER_GND] of J1 on F.Cu
    @(141.7450 mm, 94.4450 mm): Pad J27 [POWER_GND] of J1 on F.Cu
[unconnected_items]: Missing connection between items
    Local override; error
    @(141.7450 mm, 93.1750 mm): Pad H27 [POWER_GND] of J1 on F.Cu
    @(145.5550 mm, 93.1750 mm): Pad H24 [POWER_GND] of J1 on F.Cu
[unconnected_items]: Missing connection between items
    Local override; error
    @(141.7450 mm, 94.4450 mm): Pad J27 [POWER_GND] of J1 on F.Cu
    @(141.7450 mm, 95.7150 mm): Pad K27 [POWER_GND] of J1 on F.Cu
[unconnected_items]: Missing connection between items
    Local override; error
    @(145.5550 mm, 84.2850 mm): Pad A24 [POWER_GND] of J1 on F.Cu
    @(145.5550 mm, 85.5550 mm): Pad B24 [POWER_GND] of J1 on F.Cu
[unconnected_items]: Missing connection between items
    Local override; error
    @(145.5550 mm, 84.2850 mm): Pad A24 [POWER_GND] of J1 on F.Cu
    @(149.3650 mm, 84.2850 mm): Pad A21 [POWER_GND] of J1 on F.Cu
[unconnected_items]: Missing connection between items
    Local override; error
    @(145.5550 mm, 85.5550 mm): Pad B24 [POWER_GND] of J1 on F.Cu
    @(145.5550 mm, 86.8250 mm): Pad C24 [POWER_GND] of J1 on F.Cu
[unconnected_items]: Missing connection between items
    Local override; error
    @(145.5550 mm, 86.8250 mm): Pad C24 [POWER_GND] of J1 on F.Cu
    @(145.5550 mm, 88.0950 mm): Pad D24 [POWER_GND] of J1 on F.Cu
[unconnected_items]: Missing connection between items
    Local override; error
    @(145.5550 mm, 88.0950 mm): Pad D24 [POWER_GND] of J1 on F.Cu
    @(145.5550 mm, 89.3650 mm): Pad E24 [POWER_GND] of J1 on F.Cu
[unconnected_items]: Missing connection between items
    Local override; error
    @(145.5550 mm, 89.3650 mm): Pad E24 [POWER_GND] of J1 on F.Cu
    @(145.5550 mm, 90.6350 mm): Pad F24 [POWER_GND] of J1 on F.Cu
[unconnected_items]: Missing connection between items
    Local override; error
    @(145.5550 mm, 90.6350 mm): Pad F24 [POWER_GND] of J1 on F.Cu
    @(145.5550 mm, 91.9050 mm): Pad G24 [POWER_GND] of J1 on F.Cu
[unconnected_items]: Missing connection between items
    Local override; error
    @(145.5550 mm, 91.9050 mm): Pad G24 [POWER_GND] of J1 on F.Cu
    @(145.5550 mm, 93.1750 mm): Pad H24 [POWER_GND] of J1 on F.Cu
[unconnected_items]: Missing connection between items
    Local override; error
    @(145.5550 mm, 93.1750 mm): Pad H24 [POWER_GND] of J1 on F.Cu
    @(145.5550 mm, 94.4450 mm): Pad J24 [POWER_GND] of J1 on F.Cu
[unconnected_items]: Missing connection between items
    Local override; error
    @(145.5550 mm, 94.4450 mm): Pad J24 [POWER_GND] of J1 on F.Cu
    @(145.5550 mm, 95.7150 mm): Pad K24 [POWER_GND] of J1 on F.Cu
[unconnected_items]: Missing connection between items
    Local override; error
    @(149.3650 mm, 84.2850 mm): Pad A21 [POWER_GND] of J1 on F.Cu
    @(149.3650 mm, 85.5550 mm): Pad B21 [POWER_GND] of J1 on F.Cu
[unconnected_items]: Missing connection between items
    Local override; error
    @(149.3650 mm, 85.5550 mm): Pad B21 [POWER_GND] of J1 on F.Cu
    @(149.3650 mm, 86.8250 mm): Pad C21 [POWER_GND] of J1 on F.Cu
[unconnected_items]: Missing connection between items
    Local override; error
    @(149.3650 mm, 86.8250 mm): Pad C21 [POWER_GND] of J1 on F.Cu
    @(149.3650 mm, 88.0950 mm): Pad D21 [POWER_GND] of J1 on F.Cu
[unconnected_items]: Missing connection between items
    Local override; error
    @(149.3650 mm, 89.3650 mm): Pad E21 [POWER_GND] of J1 on F.Cu
    @(149.3650 mm, 88.0950 mm): Pad D21 [POWER_GND] of J1 on F.Cu
[unconnected_items]: Missing connection between items
    Local override; error
    @(149.3650 mm, 90.6350 mm): Pad F21 [POWER_GND] of J1 on F.Cu
    @(149.3650 mm, 91.9050 mm): Pad G21 [POWER_GND] of J1 on F.Cu
[unconnected_items]: Missing connection between items
    Local override; error
    @(149.3650 mm, 90.6350 mm): Pad F21 [POWER_GND] of J1 on F.Cu
    @(149.3650 mm, 89.3650 mm): Pad E21 [POWER_GND] of J1 on F.Cu
[unconnected_items]: Missing connection between items
    Local override; error
    @(149.3650 mm, 91.9050 mm): Pad G21 [POWER_GND] of J1 on F.Cu
    @(149.3650 mm, 93.1750 mm): Pad H21 [POWER_GND] of J1 on F.Cu
[unconnected_items]: Missing connection between items
    Local override; error
    @(149.3650 mm, 93.1750 mm): Pad H21 [POWER_GND] of J1 on F.Cu
    @(149.3650 mm, 94.4450 mm): Pad J21 [POWER_GND] of J1 on F.Cu
[unconnected_items]: Missing connection between items
    Local override; error
    @(149.3650 mm, 94.4450 mm): Pad J21 [POWER_GND] of J1 on F.Cu
    @(149.3650 mm, 95.7150 mm): Pad K21 [POWER_GND] of J1 on F.Cu
[unconnected_items]: Missing connection between items
    Local override; error
    @(151.3500 mm, 150.0000 mm): Pad 2 [POWER_GND] of C26 on F.Cu
    @(151.3500 mm, 158.0000 mm): Pad 2 [POWER_GND] of C34 on F.Cu
[unconnected_items]: Missing connection between items
    Local override; error
    @(151.3500 mm, 158.0000 mm): Pad 2 [POWER_GND] of C34 on F.Cu
    @(110.5000 mm, 170.0000 mm): Pad 2 [POWER_GND] of R21 on F.Cu
[unconnected_items]: Missing connection between items
    Local override; error
    @(159.3500 mm, 150.0000 mm): Pad 2 [POWER_GND] of C27 on F.Cu
    @(159.3500 mm, 158.0000 mm): Pad 2 [POWER_GND] of C35 on F.Cu
[unconnected_items]: Missing connection between items
    Local override; error
    @(159.3500 mm, 158.0000 mm): Pad 2 [POWER_GND] of C35 on F.Cu
    @(151.3500 mm, 158.0000 mm): Pad 2 [POWER_GND] of C34 on F.Cu
[unconnected_items]: Missing connection between items
    Local override; error
    @(167.3500 mm, 158.0000 mm): Pad 2 [POWER_GND] of C36 on F.Cu
    @(159.3500 mm, 158.0000 mm): Pad 2 [POWER_GND] of C35 on F.Cu
[unconnected_items]: Missing connection between items
    Local override; error
    @(167.3500 mm, 158.0000 mm): Pad 2 [POWER_GND] of C36 on F.Cu
    @(167.3500 mm, 150.0000 mm): Pad 2 [POWER_GND] of C28 on F.Cu
[unconnected_items]: Missing connection between items
    Local override; error
    @(175.3500 mm, 150.0000 mm): Pad 2 [POWER_GND] of C29 on F.Cu
    @(175.3500 mm, 158.0000 mm): Pad 2 [POWER_GND] of C37 on F.Cu
[unconnected_items]: Missing connection between items
    Local override; error
    @(175.3500 mm, 150.0000 mm): Pad 2 [POWER_GND] of C29 on F.Cu
    @(167.3500 mm, 150.0000 mm): Pad 2 [POWER_GND] of C28 on F.Cu
[unconnected_items]: Missing connection between items
    Local override; error
    @(183.3500 mm, 150.0000 mm): Pad 2 [POWER_GND] of C30 on F.Cu
    @(191.3500 mm, 150.0000 mm): Pad 2 [POWER_GND] of C31 on F.Cu
[unconnected_items]: Missing connection between items
    Local override; error
    @(183.3500 mm, 150.0000 mm): Pad 2 [POWER_GND] of C30 on F.Cu
    @(175.3500 mm, 150.0000 mm): Pad 2 [POWER_GND] of C29 on F.Cu
[unconnected_items]: Missing connection between items
    Local override; error
    @(183.3500 mm, 158.0000 mm): Pad 2 [POWER_GND] of C38 on F.Cu
    @(191.3500 mm, 158.0000 mm): Pad 2 [POWER_GND] of C39 on F.Cu
[unconnected_items]: Missing connection between items
    Local override; error
    @(191.3500 mm, 150.0000 mm): Pad 2 [POWER_GND] of C31 on F.Cu
    @(191.3500 mm, 158.0000 mm): Pad 2 [POWER_GND] of C39 on F.Cu
[unconnected_items]: Missing connection between items
    Local override; error
    @(199.3500 mm, 150.0000 mm): Pad 2 [POWER_GND] of C32 on F.Cu
    @(191.3500 mm, 150.0000 mm): Pad 2 [POWER_GND] of C31 on F.Cu
[unconnected_items]: Missing connection between items
    Local override; error
    @(199.3500 mm, 150.0000 mm): Pad 2 [POWER_GND] of C32 on F.Cu
    @(207.3500 mm, 150.0000 mm): Pad 2 [POWER_GND] of C33 on F.Cu
[unconnected_items]: Missing connection between items
    Local override; error
    @(199.3500 mm, 158.0000 mm): Pad 2 [POWER_GND] of C40 on F.Cu
    @(199.3500 mm, 150.0000 mm): Pad 2 [POWER_GND] of C32 on F.Cu
[unconnected_items]: Missing connection between items
    Local override; error
    @(199.3500 mm, 158.0000 mm): Pad 2 [POWER_GND] of C40 on F.Cu
    @(207.3500 mm, 158.0000 mm): Pad 2 [POWER_GND] of C41 on F.Cu
[unconnected_items]: Missing connection between items
    Local override; error
    @(207.3500 mm, 150.0000 mm): Pad 2 [POWER_GND] of C33 on F.Cu
    @(222.7500 mm, 105.7500 mm): Pad 6 [POWER_GND] of U4 on F.Cu
[unconnected_items]: Missing connection between items
    Local override; error
    @(225.0000 mm, 104.6250 mm): Pad 18 [POWER_GND] of U4 on F.Cu
    @(225.0000 mm, 105.3750 mm): Pad 19 [POWER_GND] of U4 on F.Cu
[unconnected_items]: Missing connection between items
    Local override; error
    @(225.0000 mm, 104.6250 mm): Pad 18 [POWER_GND] of U4 on F.Cu
    @(225.0000 mm, 103.8750 mm): Pad 17 [POWER_GND] of U4 on F.Cu
[unconnected_items]: Missing connection between items
    Local override; error
    @(225.0000 mm, 105.3750 mm): Pad 19 [POWER_GND] of U4 on F.Cu
    @(225.0000 mm, 106.1250 mm): Pad 20 [POWER_GND] of U4 on F.Cu
[unconnected_items]: Missing connection between items
    Local override; error
    @(225.0000 mm, 105.3750 mm): Pad 19 [POWER_GND] of U4 on F.Cu
    @(222.7500 mm, 105.7500 mm): Pad 6 [POWER_GND] of U4 on F.Cu
[unconnected_items]: Missing connection between items
    Local override; error
    @(225.0000 mm, 105.3750 mm): Pad 19 [POWER_GND] of U4 on F.Cu
    @(227.2500 mm, 105.7500 mm): Pad 11 [POWER_GND] of U4 on F.Cu
[unconnected_items]: Missing connection between items
    Local override; error
    @(227.2500 mm, 105.7500 mm): Pad 11 [POWER_GND] of U4 on F.Cu
    @(232.7500 mm, 105.7500 mm): Pad 6 [POWER_GND] of U5 on F.Cu
[unconnected_items]: Missing connection between items
    Local override; error
    @(235.0000 mm, 104.6250 mm): Pad 18 [POWER_GND] of U5 on F.Cu
    @(235.0000 mm, 103.8750 mm): Pad 17 [POWER_GND] of U5 on F.Cu
[unconnected_items]: Missing connection between items
    Local override; error
    @(235.0000 mm, 105.3750 mm): Pad 19 [POWER_GND] of U5 on F.Cu
    @(235.0000 mm, 104.6250 mm): Pad 18 [POWER_GND] of U5 on F.Cu
[unconnected_items]: Missing connection between items
    Local override; error
    @(235.0000 mm, 105.3750 mm): Pad 19 [POWER_GND] of U5 on F.Cu
    @(232.7500 mm, 105.7500 mm): Pad 6 [POWER_GND] of U5 on F.Cu
[unconnected_items]: Missing connection between items
    Local override; error
    @(235.0000 mm, 106.1250 mm): Pad 20 [POWER_GND] of U5 on F.Cu
    @(235.0000 mm, 105.3750 mm): Pad 19 [POWER_GND] of U5 on F.Cu
[unconnected_items]: Missing connection between items
    Local override; error
    @(237.2500 mm, 105.7500 mm): Pad 11 [POWER_GND] of U5 on F.Cu
    @(235.0000 mm, 105.3750 mm): Pad 19 [POWER_GND] of U5 on F.Cu
[unconnected_items]: Missing connection between items
    Local override; error
    @(70.5000 mm, 132.0000 mm): Pad 2 [/REGULATORS/FB_BRIDGE_3V3] of R11 on F.Cu
    @(77.5000 mm, 132.0000 mm): Pad 1 [/REGULATORS/FB_BRIDGE_3V3] of R12 on F.Cu
[unconnected_items]: Missing connection between items
    Local override; error
    @(77.5000 mm, 132.0000 mm): Pad 1 [/REGULATORS/FB_BRIDGE_3V3] of R12 on F.Cu
    @(101.0500 mm, 120.0000 mm): Pad 1 [/REGULATORS/FB_BRIDGE_3V3] of C18 on F.Cu
[unconnected_items]: Missing connection between items
    Local override; error
    @(227.2500 mm, 106.2500 mm): Pad 10 [/REGULATORS/FB_BRIDGE_3V3] of U4 on F.Cu
    @(101.0500 mm, 120.0000 mm): Pad 1 [/REGULATORS/FB_BRIDGE_3V3] of C18 on F.Cu
[unconnected_items]: Missing connection between items
    Local override; error
    @(21.4500 mm, 76.4500 mm): Pad 3 [/POWER_INPUT/12V_IN_A] of U1 on F.Cu
    @(48.6000 mm, 41.2500 mm): PTH pad 2 [/POWER_INPUT/12V_IN_A] of F1
[unconnected_items]: Missing connection between items
    Local override; error
    @(48.6000 mm, 38.7500 mm): PTH pad 1 [/POWER_INPUT/12V_IN_A] of F1
    @(48.6000 mm, 41.2500 mm): PTH pad 2 [/POWER_INPUT/12V_IN_A] of F1
[unconnected_items]: Missing connection between items
    Local override; error
    @(48.6000 mm, 38.7500 mm): PTH pad 1 [/POWER_INPUT/12V_IN_A] of F1
    @(12.0000 mm, 25.0000 mm): PTH pad 1 [/POWER_INPUT/12V_IN_A] of J5
[unconnected_items]: Missing connection between items
    Local override; error
    @(52.1000 mm, 38.7500 mm): PTH pad 3 [/POWER_INPUT/12V_IN_A] of F1
    @(48.6000 mm, 38.7500 mm): PTH pad 1 [/POWER_INPUT/12V_IN_A] of F1
[unconnected_items]: Missing connection between items
    Local override; error
    @(52.1000 mm, 41.2500 mm): PTH pad 4 [/POWER_INPUT/12V_IN_A] of F1
    @(52.1000 mm, 38.7500 mm): PTH pad 3 [/POWER_INPUT/12V_IN_A] of F1
[unconnected_items]: Missing connection between items
    Local override; error
    @(110.8000 mm, 55.0000 mm): Pad 2 [/POWER_INPUT/12V_IN_A] of C3 on F.Cu
    @(52.1000 mm, 41.2500 mm): PTH pad 4 [/POWER_INPUT/12V_IN_A] of F1
[unconnected_items]: Missing connection between items
    Local override; error
    @(20.4500 mm, 76.4500 mm): Pad 6 [/POWER_INPUT/FUSED_12V_A] of U1 on F.Cu
    @(57.9000 mm, 41.2500 mm): PTH pad 6 [/POWER_INPUT/FUSED_12V_A] of F1
[unconnected_items]: Missing connection between items
    Local override; error
    @(57.9000 mm, 41.2500 mm): PTH pad 6 [/POWER_INPUT/FUSED_12V_A] of F1
    @(57.9000 mm, 38.7500 mm): PTH pad 5 [/POWER_INPUT/FUSED_12V_A] of F1
[unconnected_items]: Missing connection between items
    Local override; error
    @(61.4000 mm, 38.7500 mm): PTH pad 7 [/POWER_INPUT/FUSED_12V_A] of F1
    @(61.4000 mm, 41.2500 mm): PTH pad 8 [/POWER_INPUT/FUSED_12V_A] of F1
[unconnected_items]: Missing connection between items
    Local override; error
    @(61.4000 mm, 38.7500 mm): PTH pad 7 [/POWER_INPUT/FUSED_12V_A] of F1
    @(108.0000 mm, 32.0000 mm): Pad 1 [/POWER_INPUT/FUSED_12V_A] of D1 on F.Cu
[unconnected_items]: Missing connection between items
    Local override; error
    @(61.4000 mm, 41.2500 mm): PTH pad 8 [/POWER_INPUT/FUSED_12V_A] of F1
    @(57.9000 mm, 41.2500 mm): PTH pad 6 [/POWER_INPUT/FUSED_12V_A] of F1
[unconnected_items]: Missing connection between items
    Local override; error
    @(212.4600 mm, 30.0000 mm): PTH pad 1 [/POWER_INPUT/FUSED_12V_A] of Q1
    @(108.0000 mm, 32.0000 mm): Pad 1 [/POWER_INPUT/FUSED_12V_A] of D1 on F.Cu
[unconnected_items]: Missing connection between items
    Local override; error
    @(93.5000 mm, 170.0000 mm): Pad 1 [/REGULATORS/BRIDGE_1V1] of R19 on F.Cu
    @(117.5000 mm, 170.0000 mm): Pad 1 [/REGULATORS/BRIDGE_1V1] of R22 on F.Cu
[unconnected_items]: Missing connection between items
    Local override; error
    @(148.6500 mm, 150.0000 mm): Pad 1 [/REGULATORS/BRIDGE_1V1] of C26 on F.Cu
    @(148.6500 mm, 158.0000 mm): Pad 1 [/REGULATORS/BRIDGE_1V1] of C34 on F.Cu
[unconnected_items]: Missing connection between items
    Local override; error
    @(148.6500 mm, 158.0000 mm): Pad 1 [/REGULATORS/BRIDGE_1V1] of C34 on F.Cu
    @(156.6500 mm, 158.0000 mm): Pad 1 [/REGULATORS/BRIDGE_1V1] of C35 on F.Cu
[unconnected_items]: Missing connection between items
    Local override; error
    @(148.6500 mm, 158.0000 mm): Pad 1 [/REGULATORS/BRIDGE_1V1] of C34 on F.Cu
    @(117.5000 mm, 170.0000 mm): Pad 1 [/REGULATORS/BRIDGE_1V1] of R22 on F.Cu
[unconnected_items]: Missing connection between items
    Local override; error
    @(156.6500 mm, 150.0000 mm): Pad 1 [/REGULATORS/BRIDGE_1V1] of C27 on F.Cu
    @(156.6500 mm, 158.0000 mm): Pad 1 [/REGULATORS/BRIDGE_1V1] of C35 on F.Cu
[unconnected_items]: Missing connection between items
    Local override; error
    @(156.6500 mm, 158.0000 mm): Pad 1 [/REGULATORS/BRIDGE_1V1] of C35 on F.Cu
    @(164.6500 mm, 158.0000 mm): Pad 1 [/REGULATORS/BRIDGE_1V1] of C36 on F.Cu
[unconnected_items]: Missing connection between items
    Local override; error
    @(164.6500 mm, 150.0000 mm): Pad 1 [/REGULATORS/BRIDGE_1V1] of C28 on F.Cu
    @(164.6500 mm, 158.0000 mm): Pad 1 [/REGULATORS/BRIDGE_1V1] of C36 on F.Cu
[unconnected_items]: Missing connection between items
    Local override; error
    @(164.6500 mm, 158.0000 mm): Pad 1 [/REGULATORS/BRIDGE_1V1] of C36 on F.Cu
    @(172.6500 mm, 158.0000 mm): Pad 1 [/REGULATORS/BRIDGE_1V1] of C37 on F.Cu
[unconnected_items]: Missing connection between items
    Local override; error
    @(172.6500 mm, 150.0000 mm): Pad 1 [/REGULATORS/BRIDGE_1V1] of C29 on F.Cu
    @(172.6500 mm, 158.0000 mm): Pad 1 [/REGULATORS/BRIDGE_1V1] of C37 on F.Cu
[unconnected_items]: Missing connection between items
    Local override; error
    @(172.6500 mm, 158.0000 mm): Pad 1 [/REGULATORS/BRIDGE_1V1] of C37 on F.Cu
    @(180.6500 mm, 158.0000 mm): Pad 1 [/REGULATORS/BRIDGE_1V1] of C38 on F.Cu
[unconnected_items]: Missing connection between items
    Local override; error
    @(180.6500 mm, 158.0000 mm): Pad 1 [/REGULATORS/BRIDGE_1V1] of C38 on F.Cu
    @(180.6500 mm, 150.0000 mm): Pad 1 [/REGULATORS/BRIDGE_1V1] of C30 on F.Cu
[unconnected_items]: Missing connection between items
    Local override; error
    @(188.6500 mm, 150.0000 mm): Pad 1 [/REGULATORS/BRIDGE_1V1] of C31 on F.Cu
    @(180.6500 mm, 150.0000 mm): Pad 1 [/REGULATORS/BRIDGE_1V1] of C30 on F.Cu
[unconnected_items]: Missing connection between items
    Local override; error
    @(188.6500 mm, 150.0000 mm): Pad 1 [/REGULATORS/BRIDGE_1V1] of C31 on F.Cu
    @(196.6500 mm, 150.0000 mm): Pad 1 [/REGULATORS/BRIDGE_1V1] of C32 on F.Cu
[unconnected_items]: Missing connection between items
    Local override; error
    @(196.6500 mm, 150.0000 mm): Pad 1 [/REGULATORS/BRIDGE_1V1] of C32 on F.Cu
    @(204.6500 mm, 150.0000 mm): Pad 1 [/REGULATORS/BRIDGE_1V1] of C33 on F.Cu
[unconnected_items]: Missing connection between items
    Local override; error
    @(196.6500 mm, 158.0000 mm): Pad 1 [/REGULATORS/BRIDGE_1V1] of C40 on F.Cu
    @(188.6500 mm, 158.0000 mm): Pad 1 [/REGULATORS/BRIDGE_1V1] of C39 on F.Cu
[unconnected_items]: Missing connection between items
    Local override; error
    @(204.6500 mm, 150.0000 mm): Pad 1 [/REGULATORS/BRIDGE_1V1] of C33 on F.Cu
    @(204.6500 mm, 158.0000 mm): Pad 1 [/REGULATORS/BRIDGE_1V1] of C41 on F.Cu
[unconnected_items]: Missing connection between items
    Local override; error
    @(204.6500 mm, 158.0000 mm): Pad 1 [/REGULATORS/BRIDGE_1V1] of C41 on F.Cu
    @(196.6500 mm, 158.0000 mm): Pad 1 [/REGULATORS/BRIDGE_1V1] of C40 on F.Cu
[unconnected_items]: Missing connection between items
    Local override; error
    @(232.7500 mm, 107.0000 mm): Pad 8 [/REGULATORS/BRIDGE_1V1] of U5 on F.Cu
    @(204.6500 mm, 150.0000 mm): Pad 1 [/REGULATORS/BRIDGE_1V1] of C33 on F.Cu
[unconnected_items]: Missing connection between items
    Local override; error
    @(237.2500 mm, 107.0000 mm): Pad 9 [/REGULATORS/BRIDGE_1V1] of U5 on F.Cu
    @(232.7500 mm, 107.0000 mm): Pad 8 [/REGULATORS/BRIDGE_1V1] of U5 on F.Cu
[unconnected_items]: Missing connection between items
    Local override; error
    @(18.5500 mm, 76.4500 mm): Pad 4 [12V_PROTECTED] of U1 on F.Cu
    @(18.5500 mm, 96.4500 mm): Pad 4 [12V_PROTECTED] of U2 on F.Cu
[unconnected_items]: Missing connection between items
    Local override; error
    @(18.5500 mm, 76.4500 mm): Pad 4 [12V_PROTECTED] of U1 on F.Cu
    @(49.7500 mm, 76.0000 mm): Pad 1 [12V_PROTECTED] of U3 on F.Cu
[unconnected_items]: Missing connection between items
    Local override; error
    @(49.7500 mm, 76.0000 mm): Pad 1 [12V_PROTECTED] of U3 on F.Cu
    @(49.7500 mm, 78.2500 mm): Pad 5 [12V_PROTECTED] of U3 on F.Cu
[unconnected_items]: Missing connection between items
    Local override; error
    @(54.2500 mm, 76.0000 mm): Pad 16 [12V_PROTECTED] of U3 on F.Cu
    @(54.2500 mm, 77.2500 mm): Pad 14 [12V_PROTECTED] of U3 on F.Cu
[unconnected_items]: Missing connection between items
    Local override; error
    @(54.2500 mm, 76.0000 mm): Pad 16 [12V_PROTECTED] of U3 on F.Cu
    @(49.7500 mm, 76.0000 mm): Pad 1 [12V_PROTECTED] of U3 on F.Cu
[unconnected_items]: Missing connection between items
    Local override; error
    @(54.2500 mm, 76.0000 mm): Pad 16 [12V_PROTECTED] of U3 on F.Cu
    @(68.9000 mm, 70.0000 mm): Pad 1 [12V_PROTECTED] of C5 on F.Cu
[unconnected_items]: Missing connection between items
    Local override; error
    @(54.2500 mm, 77.2500 mm): Pad 14 [12V_PROTECTED] of U3 on F.Cu
    @(68.9000 mm, 120.0000 mm): Pad 1 [12V_PROTECTED] of C14 on F.Cu
[unconnected_items]: Missing connection between items
    Local override; error
    @(68.9000 mm, 70.0000 mm): Pad 1 [12V_PROTECTED] of C5 on F.Cu
    @(76.9000 mm, 70.0000 mm): Pad 1 [12V_PROTECTED] of C6 on F.Cu
[unconnected_items]: Missing connection between items
    Local override; error
    @(68.9000 mm, 120.0000 mm): Pad 1 [12V_PROTECTED] of C14 on F.Cu
    @(76.9000 mm, 120.0000 mm): Pad 1 [12V_PROTECTED] of C15 on F.Cu
[unconnected_items]: Missing connection between items
    Local override; error
    @(68.9000 mm, 170.0000 mm): Pad 1 [12V_PROTECTED] of C23 on F.Cu
    @(77.0500 mm, 170.0000 mm): Pad 1 [12V_PROTECTED] of C24 on F.Cu
[unconnected_items]: Missing connection between items
    Local override; error
    @(68.9000 mm, 170.0000 mm): Pad 1 [12V_PROTECTED] of C23 on F.Cu
    @(68.9000 mm, 120.0000 mm): Pad 1 [12V_PROTECTED] of C14 on F.Cu
[unconnected_items]: Missing connection between items
    Local override; error
    @(76.9000 mm, 70.0000 mm): Pad 1 [12V_PROTECTED] of C6 on F.Cu
    @(125.2350 mm, 84.2850 mm): Pad A40 [12V_PROTECTED] of J1 on F.Cu
[unconnected_items]: Missing connection between items
    Local override; error
    @(77.0500 mm, 170.0000 mm): Pad 1 [12V_PROTECTED] of C24 on F.Cu
    @(84.9000 mm, 170.0000 mm): Pad 1 [12V_PROTECTED] of C25 on F.Cu
[unconnected_items]: Missing connection between items
    Local override; error
    @(125.2350 mm, 85.5550 mm): Pad B40 [12V_PROTECTED] of J1 on F.Cu
    @(125.2350 mm, 84.2850 mm): Pad A40 [12V_PROTECTED] of J1 on F.Cu
[unconnected_items]: Missing connection between items
    Local override; error
    @(125.2350 mm, 86.8250 mm): Pad C40 [12V_PROTECTED] of J1 on F.Cu
    @(125.2350 mm, 85.5550 mm): Pad B40 [12V_PROTECTED] of J1 on F.Cu
[unconnected_items]: Missing connection between items
    Local override; error
    @(125.2350 mm, 88.0950 mm): Pad D40 [12V_PROTECTED] of J1 on F.Cu
    @(125.2350 mm, 86.8250 mm): Pad C40 [12V_PROTECTED] of J1 on F.Cu
[unconnected_items]: Missing connection between items
    Local override; error
    @(125.2350 mm, 89.3650 mm): Pad E40 [12V_PROTECTED] of J1 on F.Cu
    @(125.2350 mm, 88.0950 mm): Pad D40 [12V_PROTECTED] of J1 on F.Cu
[unconnected_items]: Missing connection between items
    Local override; error
    @(125.2350 mm, 90.6350 mm): Pad F40 [12V_PROTECTED] of J1 on F.Cu
    @(125.2350 mm, 89.3650 mm): Pad E40 [12V_PROTECTED] of J1 on F.Cu
[unconnected_items]: Missing connection between items
    Local override; error
    @(125.2350 mm, 91.9050 mm): Pad G40 [12V_PROTECTED] of J1 on F.Cu
    @(125.2350 mm, 90.6350 mm): Pad F40 [12V_PROTECTED] of J1 on F.Cu
[unconnected_items]: Missing connection between items
    Local override; error
    @(125.2350 mm, 93.1750 mm): Pad H40 [12V_PROTECTED] of J1 on F.Cu
    @(125.2350 mm, 91.9050 mm): Pad G40 [12V_PROTECTED] of J1 on F.Cu
[unconnected_items]: Missing connection between items
    Local override; error
    @(125.2350 mm, 94.4450 mm): Pad J40 [12V_PROTECTED] of J1 on F.Cu
    @(125.2350 mm, 93.1750 mm): Pad H40 [12V_PROTECTED] of J1 on F.Cu
[unconnected_items]: Missing connection between items
    Local override; error
    @(125.2350 mm, 95.7150 mm): Pad K40 [12V_PROTECTED] of J1 on F.Cu
    @(125.2350 mm, 94.4450 mm): Pad J40 [12V_PROTECTED] of J1 on F.Cu
[unconnected_items]: Missing connection between items
    Local override; error
    @(127.7750 mm, 84.2850 mm): Pad A38 [12V_PROTECTED] of J1 on F.Cu
    @(129.0450 mm, 84.2850 mm): Pad A37 [12V_PROTECTED] of J1 on F.Cu
[unconnected_items]: Missing connection between items
    Local override; error
    @(127.7750 mm, 84.2850 mm): Pad A38 [12V_PROTECTED] of J1 on F.Cu
    @(127.7750 mm, 85.5550 mm): Pad B38 [12V_PROTECTED] of J1 on F.Cu
[unconnected_items]: Missing connection between items
    Local override; error
    @(127.7750 mm, 86.8250 mm): Pad C38 [12V_PROTECTED] of J1 on F.Cu
    @(127.7750 mm, 85.5550 mm): Pad B38 [12V_PROTECTED] of J1 on F.Cu
[unconnected_items]: Missing connection between items
    Local override; error
    @(127.7750 mm, 88.0950 mm): Pad D38 [12V_PROTECTED] of J1 on F.Cu
    @(127.7750 mm, 89.3650 mm): Pad E38 [12V_PROTECTED] of J1 on F.Cu
[unconnected_items]: Missing connection between items
    Local override; error
    @(127.7750 mm, 89.3650 mm): Pad E38 [12V_PROTECTED] of J1 on F.Cu
    @(127.7750 mm, 90.6350 mm): Pad F38 [12V_PROTECTED] of J1 on F.Cu
[unconnected_items]: Missing connection between items
    Local override; error
    @(127.7750 mm, 91.9050 mm): Pad G38 [12V_PROTECTED] of J1 on F.Cu
    @(129.0450 mm, 91.9050 mm): Pad G37 [12V_PROTECTED] of J1 on F.Cu
[unconnected_items]: Missing connection between items
    Local override; error
    @(127.7750 mm, 93.1750 mm): Pad H38 [12V_PROTECTED] of J1 on F.Cu
    @(127.7750 mm, 94.4450 mm): Pad J38 [12V_PROTECTED] of J1 on F.Cu
[unconnected_items]: Missing connection between items
    Local override; error
    @(127.7750 mm, 94.4450 mm): Pad J38 [12V_PROTECTED] of J1 on F.Cu
    @(127.7750 mm, 95.7150 mm): Pad K38 [12V_PROTECTED] of J1 on F.Cu
[unconnected_items]: Missing connection between items
    Local override; error
    @(127.7750 mm, 95.7150 mm): Pad K38 [12V_PROTECTED] of J1 on F.Cu
    @(125.2350 mm, 95.7150 mm): Pad K40 [12V_PROTECTED] of J1 on F.Cu
[unconnected_items]: Missing connection between items
    Local override; error
    @(129.0450 mm, 86.8250 mm): Pad C37 [12V_PROTECTED] of J1 on F.Cu
    @(129.0450 mm, 88.0950 mm): Pad D37 [12V_PROTECTED] of J1 on F.Cu
[unconnected_items]: Missing connection between items
    Local override; error
    @(129.0450 mm, 86.8250 mm): Pad C37 [12V_PROTECTED] of J1 on F.Cu
    @(127.7750 mm, 86.8250 mm): Pad C38 [12V_PROTECTED] of J1 on F.Cu
[unconnected_items]: Missing connection between items
    Local override; error
    @(129.0450 mm, 86.8250 mm): Pad C37 [12V_PROTECTED] of J1 on F.Cu
    @(129.0450 mm, 85.5550 mm): Pad B37 [12V_PROTECTED] of J1 on F.Cu
[unconnected_items]: Missing connection between items
    Local override; error
    @(129.0450 mm, 88.0950 mm): Pad D37 [12V_PROTECTED] of J1 on F.Cu
    @(129.0450 mm, 89.3650 mm): Pad E37 [12V_PROTECTED] of J1 on F.Cu
[unconnected_items]: Missing connection between items
    Local override; error
    @(129.0450 mm, 88.0950 mm): Pad D37 [12V_PROTECTED] of J1 on F.Cu
    @(131.5850 mm, 88.0950 mm): Pad D35 [12V_PROTECTED] of J1 on F.Cu
[unconnected_items]: Missing connection between items
    Local override; error
    @(129.0450 mm, 89.3650 mm): Pad E37 [12V_PROTECTED] of J1 on F.Cu
    @(127.7750 mm, 89.3650 mm): Pad E38 [12V_PROTECTED] of J1 on F.Cu
[unconnected_items]: Missing connection between items
    Local override; error
    @(129.0450 mm, 90.6350 mm): Pad F37 [12V_PROTECTED] of J1 on F.Cu
    @(127.7750 mm, 90.6350 mm): Pad F38 [12V_PROTECTED] of J1 on F.Cu
[unconnected_items]: Missing connection between items
    Local override; error
    @(129.0450 mm, 91.9050 mm): Pad G37 [12V_PROTECTED] of J1 on F.Cu
    @(129.0450 mm, 90.6350 mm): Pad F37 [12V_PROTECTED] of J1 on F.Cu
[unconnected_items]: Missing connection between items
    Local override; error
    @(129.0450 mm, 91.9050 mm): Pad G37 [12V_PROTECTED] of J1 on F.Cu
    @(129.0450 mm, 93.1750 mm): Pad H37 [12V_PROTECTED] of J1 on F.Cu
[unconnected_items]: Missing connection between items
    Local override; error
    @(129.0450 mm, 94.4450 mm): Pad J37 [12V_PROTECTED] of J1 on F.Cu
    @(127.7750 mm, 94.4450 mm): Pad J38 [12V_PROTECTED] of J1 on F.Cu
[unconnected_items]: Missing connection between items
    Local override; error
    @(129.0450 mm, 94.4450 mm): Pad J37 [12V_PROTECTED] of J1 on F.Cu
    @(129.0450 mm, 93.1750 mm): Pad H37 [12V_PROTECTED] of J1 on F.Cu
[unconnected_items]: Missing connection between items
    Local override; error
    @(129.0450 mm, 95.7150 mm): Pad K37 [12V_PROTECTED] of J1 on F.Cu
    @(127.7750 mm, 95.7150 mm): Pad K38 [12V_PROTECTED] of J1 on F.Cu
[unconnected_items]: Missing connection between items
    Local override; error
    @(131.5850 mm, 84.2850 mm): Pad A35 [12V_PROTECTED] of J1 on F.Cu
    @(132.8550 mm, 84.2850 mm): Pad A34 [12V_PROTECTED] of J1 on F.Cu
[unconnected_items]: Missing connection between items
    Local override; error
    @(131.5850 mm, 84.2850 mm): Pad A35 [12V_PROTECTED] of J1 on F.Cu
    @(131.5850 mm, 85.5550 mm): Pad B35 [12V_PROTECTED] of J1 on F.Cu
[unconnected_items]: Missing connection between items
    Local override; error
    @(131.5850 mm, 86.8250 mm): Pad C35 [12V_PROTECTED] of J1 on F.Cu
    @(131.5850 mm, 85.5550 mm): Pad B35 [12V_PROTECTED] of J1 on F.Cu
[unconnected_items]: Missing connection between items
    Local override; error
    @(131.5850 mm, 88.0950 mm): Pad D35 [12V_PROTECTED] of J1 on F.Cu
    @(131.5850 mm, 86.8250 mm): Pad C35 [12V_PROTECTED] of J1 on F.Cu
[unconnected_items]: Missing connection between items
    Local override; error
    @(131.5850 mm, 90.6350 mm): Pad F35 [12V_PROTECTED] of J1 on F.Cu
    @(131.5850 mm, 91.9050 mm): Pad G35 [12V_PROTECTED] of J1 on F.Cu
[unconnected_items]: Missing connection between items
    Local override; error
    @(131.5850 mm, 90.6350 mm): Pad F35 [12V_PROTECTED] of J1 on F.Cu
    @(131.5850 mm, 89.3650 mm): Pad E35 [12V_PROTECTED] of J1 on F.Cu
[unconnected_items]: Missing connection between items
    Local override; error
    @(131.5850 mm, 91.9050 mm): Pad G35 [12V_PROTECTED] of J1 on F.Cu
    @(131.5850 mm, 93.1750 mm): Pad H35 [12V_PROTECTED] of J1 on F.Cu
[unconnected_items]: Missing connection between items
    Local override; error
    @(131.5850 mm, 91.9050 mm): Pad G35 [12V_PROTECTED] of J1 on F.Cu
    @(132.8550 mm, 91.9050 mm): Pad G34 [12V_PROTECTED] of J1 on F.Cu
[unconnected_items]: Missing connection between items
    Local override; error
    @(131.5850 mm, 93.1750 mm): Pad H35 [12V_PROTECTED] of J1 on F.Cu
    @(131.5850 mm, 94.4450 mm): Pad J35 [12V_PROTECTED] of J1 on F.Cu
[unconnected_items]: Missing connection between items
    Local override; error
    @(131.5850 mm, 94.4450 mm): Pad J35 [12V_PROTECTED] of J1 on F.Cu
    @(131.5850 mm, 95.7150 mm): Pad K35 [12V_PROTECTED] of J1 on F.Cu
[unconnected_items]: Missing connection between items
    Local override; error
    @(131.5850 mm, 94.4450 mm): Pad J35 [12V_PROTECTED] of J1 on F.Cu
    @(132.8550 mm, 94.4450 mm): Pad J34 [12V_PROTECTED] of J1 on F.Cu
[unconnected_items]: Missing connection between items
    Local override; error
    @(132.8550 mm, 84.2850 mm): Pad A34 [12V_PROTECTED] of J1 on F.Cu
    @(132.8550 mm, 85.5550 mm): Pad B34 [12V_PROTECTED] of J1 on F.Cu
[unconnected_items]: Missing connection between items
    Local override; error
    @(132.8550 mm, 88.0950 mm): Pad D34 [12V_PROTECTED] of J1 on F.Cu
    @(131.5850 mm, 88.0950 mm): Pad D35 [12V_PROTECTED] of J1 on F.Cu
[unconnected_items]: Missing connection between items
    Local override; error
    @(132.8550 mm, 88.0950 mm): Pad D34 [12V_PROTECTED] of J1 on F.Cu
    @(132.8550 mm, 86.8250 mm): Pad C34 [12V_PROTECTED] of J1 on F.Cu
[unconnected_items]: Missing connection between items
    Local override; error
    @(132.8550 mm, 89.3650 mm): Pad E34 [12V_PROTECTED] of J1 on F.Cu
    @(132.8550 mm, 88.0950 mm): Pad D34 [12V_PROTECTED] of J1 on F.Cu
[unconnected_items]: Missing connection between items
    Local override; error
    @(132.8550 mm, 90.6350 mm): Pad F34 [12V_PROTECTED] of J1 on F.Cu
    @(132.8550 mm, 89.3650 mm): Pad E34 [12V_PROTECTED] of J1 on F.Cu
[unconnected_items]: Missing connection between items
    Local override; error
    @(132.8550 mm, 91.9050 mm): Pad G34 [12V_PROTECTED] of J1 on F.Cu
    @(132.8550 mm, 90.6350 mm): Pad F34 [12V_PROTECTED] of J1 on F.Cu
[unconnected_items]: Missing connection between items
    Local override; error
    @(132.8550 mm, 94.4450 mm): Pad J34 [12V_PROTECTED] of J1 on F.Cu
    @(132.8550 mm, 93.1750 mm): Pad H34 [12V_PROTECTED] of J1 on F.Cu
[unconnected_items]: Missing connection between items
    Local override; error
    @(132.8550 mm, 95.7150 mm): Pad K34 [12V_PROTECTED] of J1 on F.Cu
    @(131.5850 mm, 95.7150 mm): Pad K35 [12V_PROTECTED] of J1 on F.Cu
[unconnected_items]: Missing connection between items
    Local override; error
    @(135.3950 mm, 84.2850 mm): Pad A32 [12V_PROTECTED] of J1 on F.Cu
    @(136.6650 mm, 84.2850 mm): Pad A31 [12V_PROTECTED] of J1 on F.Cu
[unconnected_items]: Missing connection between items
    Local override; error
    @(135.3950 mm, 85.5550 mm): Pad B32 [12V_PROTECTED] of J1 on F.Cu
    @(136.6650 mm, 85.5550 mm): Pad B31 [12V_PROTECTED] of J1 on F.Cu
[unconnected_items]: Missing connection between items
    Local override; error
    @(135.3950 mm, 85.5550 mm): Pad B32 [12V_PROTECTED] of J1 on F.Cu
    @(135.3950 mm, 84.2850 mm): Pad A32 [12V_PROTECTED] of J1 on F.Cu
[unconnected_items]: Missing connection between items
    Local override; error
    @(135.3950 mm, 89.3650 mm): Pad E32 [12V_PROTECTED] of J1 on F.Cu
    @(135.3950 mm, 90.6350 mm): Pad F32 [12V_PROTECTED] of J1 on F.Cu
[unconnected_items]: Missing connection between items
    Local override; error
    @(135.3950 mm, 89.3650 mm): Pad E32 [12V_PROTECTED] of J1 on F.Cu
    @(135.3950 mm, 88.0950 mm): Pad D32 [12V_PROTECTED] of J1 on F.Cu
[unconnected_items]: Missing connection between items
    Local override; error
    @(135.3950 mm, 90.6350 mm): Pad F32 [12V_PROTECTED] of J1 on F.Cu
    @(135.3950 mm, 91.9050 mm): Pad G32 [12V_PROTECTED] of J1 on F.Cu
[unconnected_items]: Missing connection between items
    Local override; error
    @(135.3950 mm, 90.6350 mm): Pad F32 [12V_PROTECTED] of J1 on F.Cu
    @(136.6650 mm, 90.6350 mm): Pad F31 [12V_PROTECTED] of J1 on F.Cu
[unconnected_items]: Missing connection between items
    Local override; error
    @(135.3950 mm, 91.9050 mm): Pad G32 [12V_PROTECTED] of J1 on F.Cu
    @(135.3950 mm, 93.1750 mm): Pad H32 [12V_PROTECTED] of J1 on F.Cu
[unconnected_items]: Missing connection between items
    Local override; error
    @(135.3950 mm, 91.9050 mm): Pad G32 [12V_PROTECTED] of J1 on F.Cu
    @(136.6650 mm, 91.9050 mm): Pad G31 [12V_PROTECTED] of J1 on F.Cu
[unconnected_items]: Missing connection between items
    Local override; error
    @(135.3950 mm, 93.1750 mm): Pad H32 [12V_PROTECTED] of J1 on F.Cu
    @(135.3950 mm, 94.4450 mm): Pad J32 [12V_PROTECTED] of J1 on F.Cu
[unconnected_items]: Missing connection between items
    Local override; error
    @(135.3950 mm, 93.1750 mm): Pad H32 [12V_PROTECTED] of J1 on F.Cu
    @(136.6650 mm, 93.1750 mm): Pad H31 [12V_PROTECTED] of J1 on F.Cu
[unconnected_items]: Missing connection between items
    Local override; error
    @(135.3950 mm, 94.4450 mm): Pad J32 [12V_PROTECTED] of J1 on F.Cu
    @(135.3950 mm, 95.7150 mm): Pad K32 [12V_PROTECTED] of J1 on F.Cu
[unconnected_items]: Missing connection between items
    Local override; error
    @(135.3950 mm, 95.7150 mm): Pad K32 [12V_PROTECTED] of J1 on F.Cu
    @(132.8550 mm, 95.7150 mm): Pad K34 [12V_PROTECTED] of J1 on F.Cu
[unconnected_items]: Missing connection between items
    Local override; error
    @(136.6650 mm, 85.5550 mm): Pad B31 [12V_PROTECTED] of J1 on F.Cu
    @(136.6650 mm, 86.8250 mm): Pad C31 [12V_PROTECTED] of J1 on F.Cu
[unconnected_items]: Missing connection between items
    Local override; error
    @(136.6650 mm, 86.8250 mm): Pad C31 [12V_PROTECTED] of J1 on F.Cu
    @(135.3950 mm, 86.8250 mm): Pad C32 [12V_PROTECTED] of J1 on F.Cu
[unconnected_items]: Missing connection between items
    Local override; error
    @(136.6650 mm, 88.0950 mm): Pad D31 [12V_PROTECTED] of J1 on F.Cu
    @(136.6650 mm, 89.3650 mm): Pad E31 [12V_PROTECTED] of J1 on F.Cu
[unconnected_items]: Missing connection between items
    Local override; error
    @(136.6650 mm, 88.0950 mm): Pad D31 [12V_PROTECTED] of J1 on F.Cu
    @(136.6650 mm, 86.8250 mm): Pad C31 [12V_PROTECTED] of J1 on F.Cu
[unconnected_items]: Missing connection between items
    Local override; error
    @(136.6650 mm, 89.3650 mm): Pad E31 [12V_PROTECTED] of J1 on F.Cu
    @(136.6650 mm, 90.6350 mm): Pad F31 [12V_PROTECTED] of J1 on F.Cu
[unconnected_items]: Missing connection between items
    Local override; error
    @(136.6650 mm, 94.4450 mm): Pad J31 [12V_PROTECTED] of J1 on F.Cu
    @(135.3950 mm, 94.4450 mm): Pad J32 [12V_PROTECTED] of J1 on F.Cu
[unconnected_items]: Missing connection between items
    Local override; error
    @(136.6650 mm, 95.7150 mm): Pad K31 [12V_PROTECTED] of J1 on F.Cu
    @(135.3950 mm, 95.7150 mm): Pad K32 [12V_PROTECTED] of J1 on F.Cu
[unconnected_items]: Missing connection between items
    Local override; error
    @(139.2050 mm, 84.2850 mm): Pad A29 [12V_PROTECTED] of J1 on F.Cu
    @(140.4750 mm, 84.2850 mm): Pad A28 [12V_PROTECTED] of J1 on F.Cu
[unconnected_items]: Missing connection between items
    Local override; error
    @(139.2050 mm, 84.2850 mm): Pad A29 [12V_PROTECTED] of J1 on F.Cu
    @(139.2050 mm, 85.5550 mm): Pad B29 [12V_PROTECTED] of J1 on F.Cu
[unconnected_items]: Missing connection between items
    Local override; error
    @(139.2050 mm, 86.8250 mm): Pad C29 [12V_PROTECTED] of J1 on F.Cu
    @(139.2050 mm, 85.5550 mm): Pad B29 [12V_PROTECTED] of J1 on F.Cu
[unconnected_items]: Missing connection between items
    Local override; error
    @(139.2050 mm, 86.8250 mm): Pad C29 [12V_PROTECTED] of J1 on F.Cu
    @(140.4750 mm, 86.8250 mm): Pad C28 [12V_PROTECTED] of J1 on F.Cu
[unconnected_items]: Missing connection between items
    Local override; error
    @(139.2050 mm, 89.3650 mm): Pad E29 [12V_PROTECTED] of J1 on F.Cu
    @(139.2050 mm, 90.6350 mm): Pad F29 [12V_PROTECTED] of J1 on F.Cu
[unconnected_items]: Missing connection between items
    Local override; error
    @(139.2050 mm, 90.6350 mm): Pad F29 [12V_PROTECTED] of J1 on F.Cu
    @(140.4750 mm, 90.6350 mm): Pad F28 [12V_PROTECTED] of J1 on F.Cu
[unconnected_items]: Missing connection between items
    Local override; error
    @(139.2050 mm, 95.7150 mm): Pad K29 [12V_PROTECTED] of J1 on F.Cu
    @(136.6650 mm, 95.7150 mm): Pad K31 [12V_PROTECTED] of J1 on F.Cu
[unconnected_items]: Missing connection between items
    Local override; error
    @(140.4750 mm, 85.5550 mm): Pad B28 [12V_PROTECTED] of J1 on F.Cu
    @(140.4750 mm, 84.2850 mm): Pad A28 [12V_PROTECTED] of J1 on F.Cu
[unconnected_items]: Missing connection between items
    Local override; error
    @(140.4750 mm, 88.0950 mm): Pad D28 [12V_PROTECTED] of J1 on F.Cu
    @(140.4750 mm, 86.8250 mm): Pad C28 [12V_PROTECTED] of J1 on F.Cu
[unconnected_items]: Missing connection between items
    Local override; error
    @(140.4750 mm, 88.0950 mm): Pad D28 [12V_PROTECTED] of J1 on F.Cu
    @(140.4750 mm, 89.3650 mm): Pad E28 [12V_PROTECTED] of J1 on F.Cu
[unconnected_items]: Missing connection between items
    Local override; error
    @(140.4750 mm, 88.0950 mm): Pad D28 [12V_PROTECTED] of J1 on F.Cu
    @(139.2050 mm, 88.0950 mm): Pad D29 [12V_PROTECTED] of J1 on F.Cu
[unconnected_items]: Missing connection between items
    Local override; error
    @(140.4750 mm, 89.3650 mm): Pad E28 [12V_PROTECTED] of J1 on F.Cu
    @(140.4750 mm, 90.6350 mm): Pad F28 [12V_PROTECTED] of J1 on F.Cu
[unconnected_items]: Missing connection between items
    Local override; error
    @(140.4750 mm, 90.6350 mm): Pad F28 [12V_PROTECTED] of J1 on F.Cu
    @(140.4750 mm, 91.9050 mm): Pad G28 [12V_PROTECTED] of J1 on F.Cu
[unconnected_items]: Missing connection between items
    Local override; error
    @(140.4750 mm, 91.9050 mm): Pad G28 [12V_PROTECTED] of J1 on F.Cu
    @(140.4750 mm, 93.1750 mm): Pad H28 [12V_PROTECTED] of J1 on F.Cu
[unconnected_items]: Missing connection between items
    Local override; error
    @(140.4750 mm, 91.9050 mm): Pad G28 [12V_PROTECTED] of J1 on F.Cu
    @(139.2050 mm, 91.9050 mm): Pad G29 [12V_PROTECTED] of J1 on F.Cu
[unconnected_items]: Missing connection between items
    Local override; error
    @(140.4750 mm, 91.9050 mm): Pad G28 [12V_PROTECTED] of J1 on F.Cu
    @(143.0150 mm, 91.9050 mm): Pad G26 [12V_PROTECTED] of J1 on F.Cu
[unconnected_items]: Missing connection between items
    Local override; error
    @(140.4750 mm, 93.1750 mm): Pad H28 [12V_PROTECTED] of J1 on F.Cu
    @(140.4750 mm, 94.4450 mm): Pad J28 [12V_PROTECTED] of J1 on F.Cu
[unconnected_items]: Missing connection between items
    Local override; error
    @(140.4750 mm, 93.1750 mm): Pad H28 [12V_PROTECTED] of J1 on F.Cu
    @(139.2050 mm, 93.1750 mm): Pad H29 [12V_PROTECTED] of J1 on F.Cu
[unconnected_items]: Missing connection between items
    Local override; error
    @(140.4750 mm, 94.4450 mm): Pad J28 [12V_PROTECTED] of J1 on F.Cu
    @(140.4750 mm, 95.7150 mm): Pad K28 [12V_PROTECTED] of J1 on F.Cu
[unconnected_items]: Missing connection between items
    Local override; error
    @(140.4750 mm, 94.4450 mm): Pad J28 [12V_PROTECTED] of J1 on F.Cu
    @(139.2050 mm, 94.4450 mm): Pad J29 [12V_PROTECTED] of J1 on F.Cu
[unconnected_items]: Missing connection between items
    Local override; error
    @(140.4750 mm, 95.7150 mm): Pad K28 [12V_PROTECTED] of J1 on F.Cu
    @(139.2050 mm, 95.7150 mm): Pad K29 [12V_PROTECTED] of J1 on F.Cu
[unconnected_items]: Missing connection between items
    Local override; error
    @(143.0150 mm, 84.2850 mm): Pad A26 [12V_PROTECTED] of J1 on F.Cu
    @(144.2850 mm, 84.2850 mm): Pad A25 [12V_PROTECTED] of J1 on F.Cu
[unconnected_items]: Missing connection between items
    Local override; error
    @(143.0150 mm, 85.5550 mm): Pad B26 [12V_PROTECTED] of J1 on F.Cu
    @(143.0150 mm, 84.2850 mm): Pad A26 [12V_PROTECTED] of J1 on F.Cu
[unconnected_items]: Missing connection between items
    Local override; error
    @(143.0150 mm, 86.8250 mm): Pad C26 [12V_PROTECTED] of J1 on F.Cu
    @(143.0150 mm, 88.0950 mm): Pad D26 [12V_PROTECTED] of J1 on F.Cu
[unconnected_items]: Missing connection between items
    Local override; error
    @(143.0150 mm, 88.0950 mm): Pad D26 [12V_PROTECTED] of J1 on F.Cu
    @(143.0150 mm, 89.3650 mm): Pad E26 [12V_PROTECTED] of J1 on F.Cu
[unconnected_items]: Missing connection between items
    Local override; error
    @(143.0150 mm, 89.3650 mm): Pad E26 [12V_PROTECTED] of J1 on F.Cu
    @(144.2850 mm, 89.3650 mm): Pad E25 [12V_PROTECTED] of J1 on F.Cu
[unconnected_items]: Missing connection between items
    Local override; error
    @(143.0150 mm, 94.4450 mm): Pad J26 [12V_PROTECTED] of J1 on F.Cu
    @(143.0150 mm, 95.7150 mm): Pad K26 [12V_PROTECTED] of J1 on F.Cu
[unconnected_items]: Missing connection between items
    Local override; error
    @(144.2850 mm, 85.5550 mm): Pad B25 [12V_PROTECTED] of J1 on F.Cu
    @(144.2850 mm, 86.8250 mm): Pad C25 [12V_PROTECTED] of J1 on F.Cu
[unconnected_items]: Missing connection between items
    Local override; error
    @(144.2850 mm, 85.5550 mm): Pad B25 [12V_PROTECTED] of J1 on F.Cu
    @(143.0150 mm, 85.5550 mm): Pad B26 [12V_PROTECTED] of J1 on F.Cu
[unconnected_items]: Missing connection between items
    Local override; error
    @(144.2850 mm, 86.8250 mm): Pad C25 [12V_PROTECTED] of J1 on F.Cu
    @(144.2850 mm, 88.0950 mm): Pad D25 [12V_PROTECTED] of J1 on F.Cu
[unconnected_items]: Missing connection between items
    Local override; error
    @(144.2850 mm, 86.8250 mm): Pad C25 [12V_PROTECTED] of J1 on F.Cu
    @(146.8250 mm, 86.8250 mm): Pad C23 [12V_PROTECTED] of J1 on F.Cu
[unconnected_items]: Missing connection between items
    Local override; error
    @(144.2850 mm, 88.0950 mm): Pad D25 [12V_PROTECTED] of J1 on F.Cu
    @(144.2850 mm, 89.3650 mm): Pad E25 [12V_PROTECTED] of J1 on F.Cu
[unconnected_items]: Missing connection between items
    Local override; error
    @(144.2850 mm, 89.3650 mm): Pad E25 [12V_PROTECTED] of J1 on F.Cu
    @(144.2850 mm, 90.6350 mm): Pad F25 [12V_PROTECTED] of J1 on F.Cu
[unconnected_items]: Missing connection between items
    Local override; error
    @(144.2850 mm, 90.6350 mm): Pad F25 [12V_PROTECTED] of J1 on F.Cu
    @(144.2850 mm, 91.9050 mm): Pad G25 [12V_PROTECTED] of J1 on F.Cu
[unconnected_items]: Missing connection between items
    Local override; error
    @(144.2850 mm, 90.6350 mm): Pad F25 [12V_PROTECTED] of J1 on F.Cu
    @(143.0150 mm, 90.6350 mm): Pad F26 [12V_PROTECTED] of J1 on F.Cu
[unconnected_items]: Missing connection between items
    Local override; error
    @(144.2850 mm, 91.9050 mm): Pad G25 [12V_PROTECTED] of J1 on F.Cu
    @(144.2850 mm, 93.1750 mm): Pad H25 [12V_PROTECTED] of J1 on F.Cu
[unconnected_items]: Missing connection between items
    Local override; error
    @(144.2850 mm, 91.9050 mm): Pad G25 [12V_PROTECTED] of J1 on F.Cu
    @(143.0150 mm, 91.9050 mm): Pad G26 [12V_PROTECTED] of J1 on F.Cu
[unconnected_items]: Missing connection between items
    Local override; error
    @(144.2850 mm, 93.1750 mm): Pad H25 [12V_PROTECTED] of J1 on F.Cu
    @(144.2850 mm, 94.4450 mm): Pad J25 [12V_PROTECTED] of J1 on F.Cu
[unconnected_items]: Missing connection between items
    Local override; error
    @(144.2850 mm, 93.1750 mm): Pad H25 [12V_PROTECTED] of J1 on F.Cu
    @(143.0150 mm, 93.1750 mm): Pad H26 [12V_PROTECTED] of J1 on F.Cu
[unconnected_items]: Missing connection between items
    Local override; error
    @(144.2850 mm, 94.4450 mm): Pad J25 [12V_PROTECTED] of J1 on F.Cu
    @(144.2850 mm, 95.7150 mm): Pad K25 [12V_PROTECTED] of J1 on F.Cu
[unconnected_items]: Missing connection between items
    Local override; error
    @(144.2850 mm, 95.7150 mm): Pad K25 [12V_PROTECTED] of J1 on F.Cu
    @(143.0150 mm, 95.7150 mm): Pad K26 [12V_PROTECTED] of J1 on F.Cu
[unconnected_items]: Missing connection between items
    Local override; error
    @(146.8250 mm, 84.2850 mm): Pad A23 [12V_PROTECTED] of J1 on F.Cu
    @(146.8250 mm, 85.5550 mm): Pad B23 [12V_PROTECTED] of J1 on F.Cu
[unconnected_items]: Missing connection between items
    Local override; error
    @(146.8250 mm, 85.5550 mm): Pad B23 [12V_PROTECTED] of J1 on F.Cu
    @(148.0950 mm, 85.5550 mm): Pad B22 [12V_PROTECTED] of J1 on F.Cu
[unconnected_items]: Missing connection between items
    Local override; error
    @(148.0950 mm, 84.2850 mm): Pad A22 [12V_PROTECTED] of J1 on F.Cu
    @(148.0950 mm, 85.5550 mm): Pad B22 [12V_PROTECTED] of J1 on F.Cu
[unconnected_items]: Missing connection between items
    Local override; error
    @(148.0950 mm, 85.5550 mm): Pad B22 [12V_PROTECTED] of J1 on F.Cu
    @(148.0950 mm, 86.8250 mm): Pad C22 [12V_PROTECTED] of J1 on F.Cu
[unconnected_items]: Missing connection between items
    Local override; error
    @(148.0950 mm, 86.8250 mm): Pad C22 [12V_PROTECTED] of J1 on F.Cu
    @(146.8250 mm, 86.8250 mm): Pad C23 [12V_PROTECTED] of J1 on F.Cu
[unconnected_items]: Missing connection between items
    Local override; error
    @(148.0950 mm, 88.0950 mm): Pad D22 [12V_PROTECTED] of J1 on F.Cu
    @(146.8250 mm, 88.0950 mm): Pad D23 [12V_PROTECTED] of J1 on F.Cu
[unconnected_items]: Missing connection between items
    Local override; error
    @(148.0950 mm, 88.0950 mm): Pad D22 [12V_PROTECTED] of J1 on F.Cu
    @(148.0950 mm, 86.8250 mm): Pad C22 [12V_PROTECTED] of J1 on F.Cu
[unconnected_items]: Missing connection between items
    Local override; error
    @(148.0950 mm, 89.3650 mm): Pad E22 [12V_PROTECTED] of J1 on F.Cu
    @(148.0950 mm, 88.0950 mm): Pad D22 [12V_PROTECTED] of J1 on F.Cu
[unconnected_items]: Missing connection between items
    Local override; error
    @(148.0950 mm, 89.3650 mm): Pad E22 [12V_PROTECTED] of J1 on F.Cu
    @(146.8250 mm, 89.3650 mm): Pad E23 [12V_PROTECTED] of J1 on F.Cu
[unconnected_items]: Missing connection between items
    Local override; error
    @(148.0950 mm, 90.6350 mm): Pad F22 [12V_PROTECTED] of J1 on F.Cu
    @(148.0950 mm, 89.3650 mm): Pad E22 [12V_PROTECTED] of J1 on F.Cu
[unconnected_items]: Missing connection between items
    Local override; error
    @(148.0950 mm, 90.6350 mm): Pad F22 [12V_PROTECTED] of J1 on F.Cu
    @(146.8250 mm, 90.6350 mm): Pad F23 [12V_PROTECTED] of J1 on F.Cu
[unconnected_items]: Missing connection between items
    Local override; error
    @(148.0950 mm, 91.9050 mm): Pad G22 [12V_PROTECTED] of J1 on F.Cu
    @(148.0950 mm, 90.6350 mm): Pad F22 [12V_PROTECTED] of J1 on F.Cu
[unconnected_items]: Missing connection between items
    Local override; error
    @(148.0950 mm, 91.9050 mm): Pad G22 [12V_PROTECTED] of J1 on F.Cu
    @(146.8250 mm, 91.9050 mm): Pad G23 [12V_PROTECTED] of J1 on F.Cu
[unconnected_items]: Missing connection between items
    Local override; error
    @(148.0950 mm, 91.9050 mm): Pad G22 [12V_PROTECTED] of J1 on F.Cu
    @(148.0950 mm, 93.1750 mm): Pad H22 [12V_PROTECTED] of J1 on F.Cu
[unconnected_items]: Missing connection between items
    Local override; error
    @(148.0950 mm, 93.1750 mm): Pad H22 [12V_PROTECTED] of J1 on F.Cu
    @(148.0950 mm, 94.4450 mm): Pad J22 [12V_PROTECTED] of J1 on F.Cu
[unconnected_items]: Missing connection between items
    Local override; error
    @(148.0950 mm, 93.1750 mm): Pad H22 [12V_PROTECTED] of J1 on F.Cu
    @(146.8250 mm, 93.1750 mm): Pad H23 [12V_PROTECTED] of J1 on F.Cu
[unconnected_items]: Missing connection between items
    Local override; error
    @(148.0950 mm, 94.4450 mm): Pad J22 [12V_PROTECTED] of J1 on F.Cu
    @(148.0950 mm, 95.7150 mm): Pad K22 [12V_PROTECTED] of J1 on F.Cu
[unconnected_items]: Missing connection between items
    Local override; error
    @(148.0950 mm, 94.4450 mm): Pad J22 [12V_PROTECTED] of J1 on F.Cu
    @(146.8250 mm, 94.4450 mm): Pad J23 [12V_PROTECTED] of J1 on F.Cu
[unconnected_items]: Missing connection between items
    Local override; error
    @(148.0950 mm, 95.7150 mm): Pad K22 [12V_PROTECTED] of J1 on F.Cu
    @(146.8250 mm, 95.7150 mm): Pad K23 [12V_PROTECTED] of J1 on F.Cu
[unconnected_items]: Missing connection between items
    Local override; error
    @(215.0000 mm, 30.0000 mm): PTH pad 2 [12V_PROTECTED] of Q1
    @(222.7500 mm, 103.0000 mm): Pad 1 [12V_PROTECTED] of U4 on F.Cu
[unconnected_items]: Missing connection between items
    Local override; error
    @(215.0000 mm, 150.0000 mm): PTH pad 2 [12V_PROTECTED] of Q2
    @(222.7500 mm, 105.2500 mm): Pad 5 [12V_PROTECTED] of U4 on F.Cu
[unconnected_items]: Missing connection between items
    Local override; error
    @(222.7500 mm, 103.0000 mm): Pad 1 [12V_PROTECTED] of U4 on F.Cu
    @(148.0950 mm, 95.7150 mm): Pad K22 [12V_PROTECTED] of J1 on F.Cu
[unconnected_items]: Missing connection between items
    Local override; error
    @(222.7500 mm, 105.2500 mm): Pad 5 [12V_PROTECTED] of U4 on F.Cu
    @(222.7500 mm, 103.0000 mm): Pad 1 [12V_PROTECTED] of U4 on F.Cu
[unconnected_items]: Missing connection between items
    Local override; error
    @(227.2500 mm, 103.0000 mm): Pad 16 [12V_PROTECTED] of U4 on F.Cu
    @(222.7500 mm, 103.0000 mm): Pad 1 [12V_PROTECTED] of U4 on F.Cu
[unconnected_items]: Missing connection between items
    Local override; error
    @(227.2500 mm, 104.2500 mm): Pad 14 [12V_PROTECTED] of U4 on F.Cu
    @(227.2500 mm, 103.0000 mm): Pad 16 [12V_PROTECTED] of U4 on F.Cu
[unconnected_items]: Missing connection between items
    Local override; error
    @(232.7500 mm, 103.0000 mm): Pad 1 [12V_PROTECTED] of U5 on F.Cu
    @(227.2500 mm, 103.0000 mm): Pad 16 [12V_PROTECTED] of U4 on F.Cu
[unconnected_items]: Missing connection between items
    Local override; error
    @(232.7500 mm, 105.2500 mm): Pad 5 [12V_PROTECTED] of U5 on F.Cu
    @(232.7500 mm, 103.0000 mm): Pad 1 [12V_PROTECTED] of U5 on F.Cu
[unconnected_items]: Missing connection between items
    Local override; error
    @(237.2500 mm, 103.0000 mm): Pad 16 [12V_PROTECTED] of U5 on F.Cu
    @(232.7500 mm, 103.0000 mm): Pad 1 [12V_PROTECTED] of U5 on F.Cu
[unconnected_items]: Missing connection between items
    Local override; error
    @(237.2500 mm, 104.2500 mm): Pad 14 [12V_PROTECTED] of U5 on F.Cu
    @(237.2500 mm, 103.0000 mm): Pad 16 [12V_PROTECTED] of U5 on F.Cu
[unconnected_items]: Missing connection between items
    Local override; error
    @(94.5000 mm, 170.0000 mm): Pad 2 [/REGULATORS/FB_BRIDGE_1V1] of R19 on F.Cu
    @(101.5000 mm, 170.0000 mm): Pad 1 [/REGULATORS/FB_BRIDGE_1V1] of R20 on F.Cu
[unconnected_items]: Missing connection between items
    Local override; error
    @(101.5000 mm, 170.0000 mm): Pad 1 [/REGULATORS/FB_BRIDGE_1V1] of R20 on F.Cu
    @(237.2500 mm, 106.2500 mm): Pad 10 [/REGULATORS/FB_BRIDGE_1V1] of U5 on F.Cu
[unconnected_items]: Missing connection between items
    Local override; error
    @(118.5000 mm, 170.0000 mm): Pad 2 [/REGULATORS/PG_BRIDGE_1V1] of R22 on F.Cu
    @(237.2500 mm, 104.7500 mm): Pad 13 [/REGULATORS/PG_BRIDGE_1V1] of U5 on F.Cu
[unconnected_items]: Missing connection between items
    Local override; error
    @(54.2500 mm, 76.7500 mm): Pad 15 [/REGULATORS/NC] of U3 on F.Cu
    @(227.2500 mm, 103.7500 mm): Pad 15 [/REGULATORS/NC] of U4 on F.Cu
[unconnected_items]: Missing connection between items
    Local override; error
    @(227.2500 mm, 103.7500 mm): Pad 15 [/REGULATORS/NC] of U4 on F.Cu
    @(237.2500 mm, 103.7500 mm): Pad 15 [/REGULATORS/NC] of U5 on F.Cu
[unconnected_items]: Missing connection between items
    Local override; error
    @(84.6500 mm, 120.0000 mm): Pad 1 [/REGULATORS/BRIDGE_3V3] of C16 on F.Cu
    @(69.5000 mm, 132.0000 mm): Pad 1 [/REGULATORS/BRIDGE_3V3] of R11 on F.Cu
[unconnected_items]: Missing connection between items
    Local override; error
    @(92.6500 mm, 120.0000 mm): Pad 1 [/REGULATORS/BRIDGE_3V3] of C17 on F.Cu
    @(84.6500 mm, 120.0000 mm): Pad 1 [/REGULATORS/BRIDGE_3V3] of C16 on F.Cu
[unconnected_items]: Missing connection between items
    Local override; error
    @(93.5000 mm, 132.0000 mm): Pad 1 [/REGULATORS/BRIDGE_3V3] of R14 on F.Cu
    @(92.6500 mm, 120.0000 mm): Pad 1 [/REGULATORS/BRIDGE_3V3] of C17 on F.Cu
[unconnected_items]: Missing connection between items
    Local override; error
    @(102.9500 mm, 120.0000 mm): Pad 2 [/REGULATORS/BRIDGE_3V3] of C18 on F.Cu
    @(108.6500 mm, 120.0000 mm): Pad 1 [/REGULATORS/BRIDGE_3V3] of C19 on F.Cu
[unconnected_items]: Missing connection between items
    Local override; error
    @(102.9500 mm, 120.0000 mm): Pad 2 [/REGULATORS/BRIDGE_3V3] of C18 on F.Cu
    @(92.6500 mm, 120.0000 mm): Pad 1 [/REGULATORS/BRIDGE_3V3] of C17 on F.Cu
[unconnected_items]: Missing connection between items
    Local override; error
    @(108.6500 mm, 120.0000 mm): Pad 1 [/REGULATORS/BRIDGE_3V3] of C19 on F.Cu
    @(222.7500 mm, 107.0000 mm): Pad 8 [/REGULATORS/BRIDGE_3V3] of U4 on F.Cu
[unconnected_items]: Missing connection between items
    Local override; error
    @(227.2500 mm, 107.0000 mm): Pad 9 [/REGULATORS/BRIDGE_3V3] of U4 on F.Cu
    @(222.7500 mm, 107.0000 mm): Pad 8 [/REGULATORS/BRIDGE_3V3] of U4 on F.Cu
[unconnected_items]: Missing connection between items
    Local override; error
    @(18.5500 mm, 73.5500 mm): Pad 1 [/POWER_INPUT/VCAP_A] of U1 on F.Cu
    @(109.2000 mm, 55.0000 mm): Pad 1 [/POWER_INPUT/VCAP_A] of C3 on F.Cu
[unconnected_items]: Missing connection between items
    Local override; error
    @(19.5000 mm, 76.4500 mm): Pad 5 [/POWER_INPUT/GATE_A] of U1 on F.Cu
    @(217.5400 mm, 30.0000 mm): PTH pad 3 [/POWER_INPUT/GATE_A] of Q1
[unconnected_items]: Missing connection between items
    Local override; error
    @(49.7500 mm, 80.0000 mm): Pad 8 [/REGULATORS/CM5_5V] of U3 on F.Cu
    @(54.2500 mm, 80.0000 mm): Pad 9 [/REGULATORS/CM5_5V] of U3 on F.Cu
[unconnected_items]: Missing connection between items
    Local override; error
    @(54.2500 mm, 80.0000 mm): Pad 9 [/REGULATORS/CM5_5V] of U3 on F.Cu
    @(69.5000 mm, 82.0000 mm): Pad 1 [/REGULATORS/CM5_5V] of R3 on F.Cu
[unconnected_items]: Missing connection between items
    Local override; error
    @(69.5000 mm, 82.0000 mm): Pad 1 [/REGULATORS/CM5_5V] of R3 on F.Cu
    @(84.6500 mm, 70.0000 mm): Pad 1 [/REGULATORS/CM5_5V] of C7 on F.Cu
[unconnected_items]: Missing connection between items
    Local override; error
    @(92.6500 mm, 70.0000 mm): Pad 1 [/REGULATORS/CM5_5V] of C8 on F.Cu
    @(84.6500 mm, 70.0000 mm): Pad 1 [/REGULATORS/CM5_5V] of C7 on F.Cu
[unconnected_items]: Missing connection between items
    Local override; error
    @(92.6500 mm, 70.0000 mm): Pad 1 [/REGULATORS/CM5_5V] of C8 on F.Cu
    @(93.5000 mm, 82.0000 mm): Pad 1 [/REGULATORS/CM5_5V] of R6 on F.Cu
[unconnected_items]: Missing connection between items
    Local override; error
    @(102.9500 mm, 70.0000 mm): Pad 2 [/REGULATORS/CM5_5V] of C9 on F.Cu
    @(92.6500 mm, 70.0000 mm): Pad 1 [/REGULATORS/CM5_5V] of C8 on F.Cu
[unconnected_items]: Missing connection between items
    Local override; error
    @(54.2500 mm, 79.2500 mm): Pad 10 [/REGULATORS/FB_CM5_5V] of U3 on F.Cu
    @(70.5000 mm, 82.0000 mm): Pad 2 [/REGULATORS/FB_CM5_5V] of R3 on F.Cu
[unconnected_items]: Missing connection between items
    Local override; error
    @(70.5000 mm, 82.0000 mm): Pad 2 [/REGULATORS/FB_CM5_5V] of R3 on F.Cu
    @(77.5000 mm, 82.0000 mm): Pad 1 [/REGULATORS/FB_CM5_5V] of R4 on F.Cu
[unconnected_items]: Missing connection between items
    Local override; error
    @(77.5000 mm, 82.0000 mm): Pad 1 [/REGULATORS/FB_CM5_5V] of R4 on F.Cu
    @(101.0500 mm, 70.0000 mm): Pad 1 [/REGULATORS/FB_CM5_5V] of C9 on F.Cu
[unconnected_items]: Missing connection between items
    Local override; error
    @(54.2500 mm, 78.2500 mm): Pad 12 [/REGULATORS/RT_CM5_5V] of U3 on F.Cu
    @(85.5000 mm, 82.0000 mm): Pad 1 [/REGULATORS/RT_CM5_5V] of R5 on F.Cu
[unconnected_items]: Missing connection between items
    Local override; error
    @(245.5000 mm, 102.0000 mm): Pad 4 [/STORAGE/BRIDGE_3V3] of U7 on F.Cu
    @(250.7500 mm, 154.7250 mm): Pad 1 [/STORAGE/BRIDGE_3V3] of J3 on F.Cu
[unconnected_items]: Missing connection between items
    Local override; error
    @(245.5000 mm, 102.5000 mm): Pad 5 [/STORAGE/BRIDGE_SATA_RX_N] of U7 on F.Cu
    @(245.5000 mm, 103.0000 mm): Pad 6 [/STORAGE/BRIDGE_SATA_RX_N] of U7 on F.Cu
[unconnected_items]: Missing connection between items
    Local override; error
    @(245.5000 mm, 103.0000 mm): Pad 6 [/STORAGE/BRIDGE_SATA_RX_N] of U7 on F.Cu
    @(245.5000 mm, 103.5000 mm): Pad 7 [/STORAGE/BRIDGE_SATA_RX_N] of U7 on F.Cu
[unconnected_items]: Missing connection between items
    Local override; error
    @(245.5000 mm, 103.5000 mm): Pad 7 [/STORAGE/BRIDGE_SATA_RX_N] of U7 on F.Cu
    @(245.5000 mm, 104.0000 mm): Pad 8 [/STORAGE/BRIDGE_SATA_RX_N] of U7 on F.Cu
[unconnected_items]: Missing connection between items
    Local override; error
    @(245.5000 mm, 104.0000 mm): Pad 8 [/STORAGE/BRIDGE_SATA_RX_N] of U7 on F.Cu
    @(245.5000 mm, 104.5000 mm): Pad 9 [/STORAGE/BRIDGE_SATA_RX_N] of U7 on F.Cu
[unconnected_items]: Missing connection between items
    Local override; error
    @(251.0000 mm, 162.2750 mm): Pad 2 [/STORAGE/BRIDGE_SATA_RX_N] of J3 on F.Cu
    @(251.5000 mm, 162.2750 mm): Pad 4 [/STORAGE/BRIDGE_SATA_RX_N] of J3 on F.Cu
[unconnected_items]: Missing connection between items
    Local override; error
    @(251.2500 mm, 154.7250 mm): Pad 3 [/STORAGE/BRIDGE_SATA_RX_N] of J3 on F.Cu
    @(251.0000 mm, 162.2750 mm): Pad 2 [/STORAGE/BRIDGE_SATA_RX_N] of J3 on F.Cu
[unconnected_items]: Missing connection between items
    Local override; error
    @(251.2500 mm, 154.7250 mm): Pad 3 [/STORAGE/BRIDGE_SATA_RX_N] of J3 on F.Cu
    @(245.5000 mm, 104.5000 mm): Pad 9 [/STORAGE/BRIDGE_SATA_RX_N] of U7 on F.Cu
[unconnected_items]: Missing connection between items
    Local override; error
    @(251.5000 mm, 162.2750 mm): Pad 4 [/STORAGE/BRIDGE_SATA_RX_N] of J3 on F.Cu
    @(252.0000 mm, 162.2750 mm): Pad 6 [/STORAGE/BRIDGE_SATA_RX_N] of J3 on F.Cu
[unconnected_items]: Missing connection between items
    Local override; error
    @(251.7500 mm, 154.7250 mm): Pad 5 [/STORAGE/BRIDGE_SATA_RX_N] of J3 on F.Cu
    @(251.2500 mm, 154.7250 mm): Pad 3 [/STORAGE/BRIDGE_SATA_RX_N] of J3 on F.Cu
[unconnected_items]: Missing connection between items
    Local override; error
    @(23.7500 mm, 143.0000 mm): Pad A4 [/SERVICE/SERVICE_GND] of J4 on F.Cu
    @(23.2500 mm, 143.0000 mm): Pad A1 [/SERVICE/SERVICE_GND] of J4 on F.Cu
[unconnected_items]: Missing connection between items
    Local override; error
    @(23.7500 mm, 147.0000 mm): Pad B9 [/SERVICE/SERVICE_GND] of J4 on F.Cu
    @(23.2500 mm, 147.0000 mm): Pad B12 [/SERVICE/SERVICE_GND] of J4 on F.Cu
[unconnected_items]: Missing connection between items
    Local override; error
    @(23.7500 mm, 147.0000 mm): Pad B9 [/SERVICE/SERVICE_GND] of J4 on F.Cu
    @(24.7500 mm, 147.0000 mm): Pad B7 [/SERVICE/SERVICE_GND] of J4 on F.Cu
[unconnected_items]: Missing connection between items
    Local override; error
    @(24.2500 mm, 143.0000 mm): Pad A5 [/SERVICE/SERVICE_GND] of J4 on F.Cu
    @(23.7500 mm, 143.0000 mm): Pad A4 [/SERVICE/SERVICE_GND] of J4 on F.Cu
[unconnected_items]: Missing connection between items
    Local override; error
    @(24.7500 mm, 143.0000 mm): Pad A6 [/SERVICE/SERVICE_GND] of J4 on F.Cu
    @(25.2500 mm, 143.0000 mm): Pad A7 [/SERVICE/SERVICE_GND] of J4 on F.Cu
[unconnected_items]: Missing connection between items
    Local override; error
    @(24.7500 mm, 143.0000 mm): Pad A6 [/SERVICE/SERVICE_GND] of J4 on F.Cu
    @(24.2500 mm, 143.0000 mm): Pad A5 [/SERVICE/SERVICE_GND] of J4 on F.Cu
[unconnected_items]: Missing connection between items
    Local override; error
    @(24.7500 mm, 147.0000 mm): Pad B7 [/SERVICE/SERVICE_GND] of J4 on F.Cu
    @(25.2500 mm, 147.0000 mm): Pad B6 [/SERVICE/SERVICE_GND] of J4 on F.Cu
[unconnected_items]: Missing connection between items
    Local override; error
    @(25.2500 mm, 147.0000 mm): Pad B6 [/SERVICE/SERVICE_GND] of J4 on F.Cu
    @(25.7500 mm, 147.0000 mm): Pad B5 [/SERVICE/SERVICE_GND] of J4 on F.Cu
[unconnected_items]: Missing connection between items
    Local override; error
    @(26.2500 mm, 143.0000 mm): Pad A9 [/SERVICE/SERVICE_GND] of J4 on F.Cu
    @(26.7500 mm, 143.0000 mm): Pad A12 [/SERVICE/SERVICE_GND] of J4 on F.Cu
[unconnected_items]: Missing connection between items
    Local override; error
    @(26.2500 mm, 143.0000 mm): Pad A9 [/SERVICE/SERVICE_GND] of J4 on F.Cu
    @(25.2500 mm, 143.0000 mm): Pad A7 [/SERVICE/SERVICE_GND] of J4 on F.Cu
[unconnected_items]: Missing connection between items
    Local override; error
    @(26.2500 mm, 143.0000 mm): Pad A9 [/SERVICE/SERVICE_GND] of J4 on F.Cu
    @(26.2500 mm, 147.0000 mm): Pad B4 [/SERVICE/SERVICE_GND] of J4 on F.Cu
[unconnected_items]: Missing connection between items
    Local override; error
    @(26.2500 mm, 147.0000 mm): Pad B4 [/SERVICE/SERVICE_GND] of J4 on F.Cu
    @(26.7500 mm, 147.0000 mm): Pad B1 [/SERVICE/SERVICE_GND] of J4 on F.Cu
[unconnected_items]: Missing connection between items
    Local override; error
    @(26.2500 mm, 147.0000 mm): Pad B4 [/SERVICE/SERVICE_GND] of J4 on F.Cu
    @(25.7500 mm, 147.0000 mm): Pad B5 [/SERVICE/SERVICE_GND] of J4 on F.Cu
[unconnected_items]: Missing connection between items
    Local override; error
    @(41.6500 mm, 145.4250 mm): Pad 1 [/SERVICE/SERVICE_GND] of U8 on F.Cu
    @(42.3500 mm, 145.4250 mm): Pad 2 [/SERVICE/SERVICE_GND] of U8 on F.Cu
[unconnected_items]: Missing connection between items
    Local override; error
    @(41.6500 mm, 145.4250 mm): Pad 1 [/SERVICE/SERVICE_GND] of U8 on F.Cu
    @(26.7500 mm, 147.0000 mm): Pad B1 [/SERVICE/SERVICE_GND] of J4 on F.Cu
[unconnected_items]: Missing connection between items
    Local override; error
    @(42.3500 mm, 145.4250 mm): Pad 2 [/SERVICE/SERVICE_GND] of U8 on F.Cu
    @(42.0000 mm, 144.5750 mm): Pad 3 [/SERVICE/SERVICE_GND] of U8 on F.Cu
[unconnected_items]: Missing connection between items
    Local override; error
    @(42.3500 mm, 145.4250 mm): Pad 2 [/SERVICE/SERVICE_GND] of U8 on F.Cu
    @(54.5000 mm, 150.0000 mm): Pad 1 [/SERVICE/SERVICE_GND] of R2 on F.Cu
[unconnected_items]: Missing connection between items
    Local override; error
    @(54.5000 mm, 150.0000 mm): Pad 1 [/SERVICE/SERVICE_GND] of R2 on F.Cu
    @(55.5000 mm, 150.0000 mm): Pad 2 [/SERVICE/SERVICE_GND] of R2 on F.Cu
[unconnected_items]: Missing connection between items
    Local override; error
    @(54.5000 mm, 150.0000 mm): Pad 1 [/SERVICE/SERVICE_GND] of R2 on F.Cu
    @(54.5000 mm, 140.0000 mm): Pad 1 [/SERVICE/SERVICE_GND] of R1 on F.Cu
[unconnected_items]: Missing connection between items
    Local override; error
    @(55.5000 mm, 140.0000 mm): Pad 2 [/SERVICE/SERVICE_GND] of R1 on F.Cu
    @(54.5000 mm, 140.0000 mm): Pad 1 [/SERVICE/SERVICE_GND] of R1 on F.Cu
[unconnected_items]: Missing connection between items
    Local override; error
    @(18.5500 mm, 93.5500 mm): Pad 1 [/POWER_INPUT/VCAP_B] of U2 on F.Cu
    @(109.2000 mm, 95.0000 mm): Pad 1 [/POWER_INPUT/VCAP_B] of C4 on F.Cu
[unconnected_items]: Missing connection between items
    Local override; error
    @(12.0000 mm, 45.0000 mm): PTH pad 1 [/POWER_INPUT/12V_IN_B] of J6
    @(21.4500 mm, 96.4500 mm): Pad 3 [/POWER_INPUT/12V_IN_B] of U2 on F.Cu
[unconnected_items]: Missing connection between items
    Local override; error
    @(21.4500 mm, 96.4500 mm): Pad 3 [/POWER_INPUT/12V_IN_B] of U2 on F.Cu
    @(43.6000 mm, 118.7500 mm): PTH pad 1 [/POWER_INPUT/12V_IN_B] of F2
[unconnected_items]: Missing connection between items
    Local override; error
    @(43.6000 mm, 118.7500 mm): PTH pad 1 [/POWER_INPUT/12V_IN_B] of F2
    @(47.1000 mm, 118.7500 mm): PTH pad 3 [/POWER_INPUT/12V_IN_B] of F2
[unconnected_items]: Missing connection between items
    Local override; error
    @(43.6000 mm, 121.2500 mm): PTH pad 2 [/POWER_INPUT/12V_IN_B] of F2
    @(43.6000 mm, 118.7500 mm): PTH pad 1 [/POWER_INPUT/12V_IN_B] of F2
[unconnected_items]: Missing connection between items
    Local override; error
    @(47.1000 mm, 118.7500 mm): PTH pad 3 [/POWER_INPUT/12V_IN_B] of F2
    @(110.8000 mm, 95.0000 mm): Pad 2 [/POWER_INPUT/12V_IN_B] of C4 on F.Cu
[unconnected_items]: Missing connection between items
    Local override; error
    @(47.1000 mm, 121.2500 mm): PTH pad 4 [/POWER_INPUT/12V_IN_B] of F2
    @(47.1000 mm, 118.7500 mm): PTH pad 3 [/POWER_INPUT/12V_IN_B] of F2
[unconnected_items]: Missing connection between items
    Local override; error
    @(54.2500 mm, 77.7500 mm): Pad 13 [/REGULATORS/PG_CM5_5V] of U3 on F.Cu
    @(94.5000 mm, 82.0000 mm): Pad 2 [/REGULATORS/PG_CM5_5V] of R6 on F.Cu
[unconnected_items]: Missing connection between items
    Local override; error
    @(52.9000 mm, 118.7500 mm): PTH pad 5 [/POWER_INPUT/FUSED_12V_B] of F2
    @(52.9000 mm, 121.2500 mm): PTH pad 6 [/POWER_INPUT/FUSED_12V_B] of F2
[unconnected_items]: Missing connection between items
    Local override; error
    @(52.9000 mm, 118.7500 mm): PTH pad 5 [/POWER_INPUT/FUSED_12V_B] of F2
    @(20.4500 mm, 96.4500 mm): Pad 6 [/POWER_INPUT/FUSED_12V_B] of U2 on F.Cu
[unconnected_items]: Missing connection between items
    Local override; error
    @(56.4000 mm, 118.7500 mm): PTH pad 7 [/POWER_INPUT/FUSED_12V_B] of F2
    @(108.0000 mm, 72.0000 mm): Pad 1 [/POWER_INPUT/FUSED_12V_B] of D2 on F.Cu
[unconnected_items]: Missing connection between items
    Local override; error
    @(56.4000 mm, 121.2500 mm): PTH pad 8 [/POWER_INPUT/FUSED_12V_B] of F2
    @(56.4000 mm, 118.7500 mm): PTH pad 7 [/POWER_INPUT/FUSED_12V_B] of F2
[unconnected_items]: Missing connection between items
    Local override; error
    @(56.4000 mm, 121.2500 mm): PTH pad 8 [/POWER_INPUT/FUSED_12V_B] of F2
    @(52.9000 mm, 121.2500 mm): PTH pad 6 [/POWER_INPUT/FUSED_12V_B] of F2
[unconnected_items]: Missing connection between items
    Local override; error
    @(212.4600 mm, 150.0000 mm): PTH pad 1 [/POWER_INPUT/FUSED_12V_B] of Q2
    @(108.0000 mm, 72.0000 mm): Pad 1 [/POWER_INPUT/FUSED_12V_B] of D2 on F.Cu
[unconnected_items]: Missing connection between items
    Local override; error
    @(118.4000 mm, 149.4000 mm): Pad 8 [/ETHERNET/ETH_GND] of U6 on F.Cu
    @(118.4000 mm, 150.1700 mm): Pad 3 [/ETHERNET/ETH_GND] of U6 on F.Cu
[unconnected_items]: Missing connection between items
    Local override; error
    @(124.4000 mm, 149.4000 mm): Pad 8 [/ETHERNET/ETH_GND] of U9 on F.Cu
    @(118.4000 mm, 149.4000 mm): Pad 8 [/ETHERNET/ETH_GND] of U6 on F.Cu
[unconnected_items]: Missing connection between items
    Local override; error
    @(124.4000 mm, 150.1700 mm): Pad 3 [/ETHERNET/ETH_GND] of U9 on F.Cu
    @(124.4000 mm, 149.4000 mm): Pad 8 [/ETHERNET/ETH_GND] of U9 on F.Cu
[unconnected_items]: Missing connection between items
    Local override; error
    @(94.5000 mm, 132.0000 mm): Pad 2 [/REGULATORS/PG_BRIDGE_3V3] of R14 on F.Cu
    @(227.2500 mm, 104.7500 mm): Pad 13 [/REGULATORS/PG_BRIDGE_3V3] of U4 on F.Cu
[unconnected_items]: Missing connection between items
    Local override; error
    @(70.0400 mm, 101.5000 mm): Pad 116 [/CORE_CM5/CM5_PER0_P] of J7 on F.Cu
    @(173.4950 mm, 84.2850 mm): Pad A2 [/CORE_CM5/CM5_PER0_P] of J1 on F.Cu
[unconnected_items]: Missing connection between items
    Local override; error
    @(70.0400 mm, 101.9000 mm): Pad 118 [/CORE_CM5/CM5_PER0_N] of J7 on F.Cu
    @(172.2250 mm, 84.2850 mm): Pad A3 [/CORE_CM5/CM5_PER0_N] of J1 on F.Cu
[unconnected_items]: Missing connection between items
    Local override; error
    @(70.0400 mm, 100.3000 mm): Pad 110 [/CORE_CM5/CM5_REFCLK_P] of J7 on F.Cu
    @(167.1450 mm, 89.3650 mm): Pad E7 [/CORE_CM5/CM5_REFCLK_P] of J1 on F.Cu
[unconnected_items]: Missing connection between items
    Local override; error
    @(66.9600 mm, 100.3000 mm): Pad 109 [/CORE_CM5/CM5_PERST] of J7 on F.Cu
    @(153.1750 mm, 89.3650 mm): Pad E18 [/CORE_CM5/CM5_PERST] of J1 on F.Cu
[unconnected_items]: Missing connection between items
    Local override; error
    @(70.0400 mm, 100.7000 mm): Pad 112 [/CORE_CM5/CM5_REFCLK_N] of J7 on F.Cu
    @(167.1450 mm, 90.6350 mm): Pad F7 [/CORE_CM5/CM5_REFCLK_N] of J1 on F.Cu
[unconnected_items]: Missing connection between items
    Local override; error
    @(174.7650 mm, 91.9050 mm): Pad G1 [/V100_PCIE/V100_PET0_P] of J1 on F.Cu
    @(235.9500 mm, 54.0000 mm): Pad 2 [/V100_PCIE/V100_PET0_P] of C1 on F.Cu
[unconnected_items]: Missing connection between items
    Local override; error
    @(173.4950 mm, 91.9050 mm): Pad G2 [/V100_PCIE/V100_PET0_N] of J1 on F.Cu
    @(245.9500 mm, 54.0000 mm): Pad 2 [/V100_PCIE/V100_PET0_N] of C2 on F.Cu
[unconnected_items]: Missing connection between items
    Local override; error
    @(85.5000 mm, 132.0000 mm): Pad 1 [/REGULATORS/RT_BRIDGE_3V3] of R13 on F.Cu
    @(227.2500 mm, 105.2500 mm): Pad 12 [/REGULATORS/RT_BRIDGE_3V3] of U4 on F.Cu
[unconnected_items]: Missing connection between items
    Local override; error
    @(114.1250 mm, 158.9500 mm): PTH pad 19 [/ETHERNET/GBE_SHIELD] of J2
    @(129.8750 mm, 158.9500 mm): PTH pad 20 [/ETHERNET/GBE_SHIELD] of J2
[unconnected_items]: Missing connection between items
    Local override; error
    @(70.0400 mm, 102.7000 mm): Pad 122 [/CORE_CM5/CM5_PET0_P] of J7 on F.Cu
    @(234.0500 mm, 54.0000 mm): Pad 1 [/CORE_CM5/CM5_PET0_P] of C1 on F.Cu
[unconnected_items]: Missing connection between items
    Local override; error
    @(70.0400 mm, 103.1000 mm): Pad 124 [/CORE_CM5/CM5_PET0_N] of J7 on F.Cu
    @(244.0500 mm, 54.0000 mm): Pad 1 [/CORE_CM5/CM5_PET0_N] of C2 on F.Cu
[unconnected_items]: Missing connection between items
    Local override; error
    @(19.5000 mm, 96.4500 mm): Pad 5 [/POWER_INPUT/GATE_B] of U2 on F.Cu
    @(217.5400 mm, 150.0000 mm): PTH pad 3 [/POWER_INPUT/GATE_B] of Q2
[unconnected_items]: Missing connection between items
    Local override; error
    @(32.9600 mm, 98.7000 mm): Pad 1 [/CORE_CM5/POWER_GND] of J7 on F.Cu
    @(32.9600 mm, 99.9000 mm): Pad 7 [/CORE_CM5/POWER_GND] of J7 on F.Cu
[unconnected_items]: Missing connection between items
    Local override; error
    @(32.9600 mm, 99.9000 mm): Pad 7 [/CORE_CM5/POWER_GND] of J7 on F.Cu
    @(32.9600 mm, 101.1000 mm): Pad 13 [/CORE_CM5/POWER_GND] of J7 on F.Cu
[unconnected_items]: Missing connection between items
    Local override; error
    @(32.9600 mm, 101.1000 mm): Pad 13 [/CORE_CM5/POWER_GND] of J7 on F.Cu
    @(32.9600 mm, 103.1000 mm): Pad 23 [/CORE_CM5/POWER_GND] of J7 on F.Cu
[unconnected_items]: Missing connection between items
    Local override; error
    @(32.9600 mm, 103.1000 mm): Pad 23 [/CORE_CM5/POWER_GND] of J7 on F.Cu
    @(32.9600 mm, 105.1000 mm): Pad 33 [/CORE_CM5/POWER_GND] of J7 on F.Cu
[unconnected_items]: Missing connection between items
    Local override; error
    @(32.9600 mm, 105.1000 mm): Pad 33 [/CORE_CM5/POWER_GND] of J7 on F.Cu
    @(32.9600 mm, 107.1000 mm): Pad 43 [/CORE_CM5/POWER_GND] of J7 on F.Cu
[unconnected_items]: Missing connection between items
    Local override; error
    @(32.9600 mm, 107.1000 mm): Pad 43 [/CORE_CM5/POWER_GND] of J7 on F.Cu
    @(32.9600 mm, 109.1000 mm): Pad 53 [/CORE_CM5/POWER_GND] of J7 on F.Cu
[unconnected_items]: Missing connection between items
    Local override; error
    @(32.9600 mm, 109.1000 mm): Pad 53 [/CORE_CM5/POWER_GND] of J7 on F.Cu
    @(32.9600 mm, 110.3000 mm): Pad 59 [/CORE_CM5/POWER_GND] of J7 on F.Cu
[unconnected_items]: Missing connection between items
    Local override; error
    @(32.9600 mm, 110.3000 mm): Pad 59 [/CORE_CM5/POWER_GND] of J7 on F.Cu
    @(32.9600 mm, 111.5000 mm): Pad 65 [/CORE_CM5/POWER_GND] of J7 on F.Cu
[unconnected_items]: Missing connection between items
    Local override; error
    @(32.9600 mm, 111.5000 mm): Pad 65 [/CORE_CM5/POWER_GND] of J7 on F.Cu
    @(32.9600 mm, 112.7000 mm): Pad 71 [/CORE_CM5/POWER_GND] of J7 on F.Cu
[unconnected_items]: Missing connection between items
    Local override; error
    @(36.0400 mm, 99.9000 mm): Pad 8 [/CORE_CM5/POWER_GND] of J7 on F.Cu
    @(36.0400 mm, 98.7000 mm): Pad 2 [/CORE_CM5/POWER_GND] of J7 on F.Cu
[unconnected_items]: Missing connection between items
    Local override; error
    @(36.0400 mm, 101.1000 mm): Pad 14 [/CORE_CM5/POWER_GND] of J7 on F.Cu
    @(36.0400 mm, 99.9000 mm): Pad 8 [/CORE_CM5/POWER_GND] of J7 on F.Cu
[unconnected_items]: Missing connection between items
    Local override; error
    @(36.0400 mm, 101.1000 mm): Pad 14 [/CORE_CM5/POWER_GND] of J7 on F.Cu
    @(36.0400 mm, 102.7000 mm): Pad 22 [/CORE_CM5/POWER_GND] of J7 on F.Cu
[unconnected_items]: Missing connection between items
    Local override; error
    @(36.0400 mm, 102.7000 mm): Pad 22 [/CORE_CM5/POWER_GND] of J7 on F.Cu
    @(36.0400 mm, 104.7000 mm): Pad 32 [/CORE_CM5/POWER_GND] of J7 on F.Cu
[unconnected_items]: Missing connection between items
    Local override; error
    @(36.0400 mm, 104.7000 mm): Pad 32 [/CORE_CM5/POWER_GND] of J7 on F.Cu
    @(36.0400 mm, 106.7000 mm): Pad 42 [/CORE_CM5/POWER_GND] of J7 on F.Cu
[unconnected_items]: Missing connection between items
    Local override; error
    @(36.0400 mm, 106.7000 mm): Pad 42 [/CORE_CM5/POWER_GND] of J7 on F.Cu
    @(36.0400 mm, 108.7000 mm): Pad 52 [/CORE_CM5/POWER_GND] of J7 on F.Cu
[unconnected_items]: Missing connection between items
    Local override; error
    @(36.0400 mm, 110.3000 mm): Pad 60 [/CORE_CM5/POWER_GND] of J7 on F.Cu
    @(36.0400 mm, 111.5000 mm): Pad 66 [/CORE_CM5/POWER_GND] of J7 on F.Cu
[unconnected_items]: Missing connection between items
    Local override; error
    @(36.0400 mm, 110.3000 mm): Pad 60 [/CORE_CM5/POWER_GND] of J7 on F.Cu
    @(36.0400 mm, 108.7000 mm): Pad 52 [/CORE_CM5/POWER_GND] of J7 on F.Cu
[unconnected_items]: Missing connection between items
    Local override; error
    @(36.0400 mm, 111.5000 mm): Pad 66 [/CORE_CM5/POWER_GND] of J7 on F.Cu
    @(36.0400 mm, 113.1000 mm): Pad 74 [/CORE_CM5/POWER_GND] of J7 on F.Cu
[unconnected_items]: Missing connection between items
    Local override; error
    @(36.0400 mm, 111.5000 mm): Pad 66 [/CORE_CM5/POWER_GND] of J7 on F.Cu
    @(32.9600 mm, 111.5000 mm): Pad 65 [/CORE_CM5/POWER_GND] of J7 on F.Cu
[unconnected_items]: Missing connection between items
    Local override; error
    @(36.0400 mm, 117.9000 mm): Pad 98 [/CORE_CM5/POWER_GND] of J7 on F.Cu
    @(36.0400 mm, 113.1000 mm): Pad 74 [/CORE_CM5/POWER_GND] of J7 on F.Cu
[unconnected_items]: Missing connection between items
    Local override; error
    @(66.9600 mm, 101.1000 mm): Pad 113 [/CORE_CM5/POWER_GND] of J7 on F.Cu
    @(66.9600 mm, 99.9000 mm): Pad 107 [/CORE_CM5/POWER_GND] of J7 on F.Cu
[unconnected_items]: Missing connection between items
    Local override; error
    @(66.9600 mm, 102.3000 mm): Pad 119 [/CORE_CM5/POWER_GND] of J7 on F.Cu
    @(66.9600 mm, 101.1000 mm): Pad 113 [/CORE_CM5/POWER_GND] of J7 on F.Cu
[unconnected_items]: Missing connection between items
    Local override; error
    @(66.9600 mm, 103.5000 mm): Pad 125 [/CORE_CM5/POWER_GND] of J7 on F.Cu
    @(66.9600 mm, 102.3000 mm): Pad 119 [/CORE_CM5/POWER_GND] of J7 on F.Cu
[unconnected_items]: Missing connection between items
    Local override; error
    @(66.9600 mm, 104.7000 mm): Pad 131 [/CORE_CM5/POWER_GND] of J7 on F.Cu
    @(66.9600 mm, 103.5000 mm): Pad 125 [/CORE_CM5/POWER_GND] of J7 on F.Cu
[unconnected_items]: Missing connection between items
    Local override; error
    @(66.9600 mm, 104.7000 mm): Pad 131 [/CORE_CM5/POWER_GND] of J7 on F.Cu
    @(66.9600 mm, 105.9000 mm): Pad 137 [/CORE_CM5/POWER_GND] of J7 on F.Cu
[unconnected_items]: Missing connection between items
    Local override; error
    @(66.9600 mm, 104.7000 mm): Pad 131 [/CORE_CM5/POWER_GND] of J7 on F.Cu
    @(36.0400 mm, 104.7000 mm): Pad 32 [/CORE_CM5/POWER_GND] of J7 on F.Cu
[unconnected_items]: Missing connection between items
    Local override; error
    @(66.9600 mm, 105.9000 mm): Pad 137 [/CORE_CM5/POWER_GND] of J7 on F.Cu
    @(70.0400 mm, 105.9000 mm): Pad 138 [/CORE_CM5/POWER_GND] of J7 on F.Cu
[unconnected_items]: Missing connection between items
    Local override; error
    @(66.9600 mm, 110.7000 mm): Pad 161 [/CORE_CM5/POWER_GND] of J7 on F.Cu
    @(66.9600 mm, 109.5000 mm): Pad 155 [/CORE_CM5/POWER_GND] of J7 on F.Cu
[unconnected_items]: Missing connection between items
    Local override; error
    @(66.9600 mm, 110.7000 mm): Pad 161 [/CORE_CM5/POWER_GND] of J7 on F.Cu
    @(66.9600 mm, 111.9000 mm): Pad 167 [/CORE_CM5/POWER_GND] of J7 on F.Cu
[unconnected_items]: Missing connection between items
    Local override; error
    @(66.9600 mm, 111.9000 mm): Pad 167 [/CORE_CM5/POWER_GND] of J7 on F.Cu
    @(66.9600 mm, 113.1000 mm): Pad 173 [/CORE_CM5/POWER_GND] of J7 on F.Cu
[unconnected_items]: Missing connection between items
    Local override; error
    @(66.9600 mm, 113.1000 mm): Pad 173 [/CORE_CM5/POWER_GND] of J7 on F.Cu
    @(66.9600 mm, 114.3000 mm): Pad 179 [/CORE_CM5/POWER_GND] of J7 on F.Cu
[unconnected_items]: Missing connection between items
    Local override; error
    @(66.9600 mm, 115.5000 mm): Pad 185 [/CORE_CM5/POWER_GND] of J7 on F.Cu
    @(66.9600 mm, 114.3000 mm): Pad 179 [/CORE_CM5/POWER_GND] of J7 on F.Cu
[unconnected_items]: Missing connection between items
    Local override; error
    @(66.9600 mm, 116.7000 mm): Pad 191 [/CORE_CM5/POWER_GND] of J7 on F.Cu
    @(66.9600 mm, 115.5000 mm): Pad 185 [/CORE_CM5/POWER_GND] of J7 on F.Cu
[unconnected_items]: Missing connection between items
    Local override; error
    @(66.9600 mm, 117.9000 mm): Pad 197 [/CORE_CM5/POWER_GND] of J7 on F.Cu
    @(66.9600 mm, 116.7000 mm): Pad 191 [/CORE_CM5/POWER_GND] of J7 on F.Cu
[unconnected_items]: Missing connection between items
    Local override; error
    @(70.0400 mm, 101.1000 mm): Pad 114 [/CORE_CM5/POWER_GND] of J7 on F.Cu
    @(70.0400 mm, 99.9000 mm): Pad 108 [/CORE_CM5/POWER_GND] of J7 on F.Cu
[unconnected_items]: Missing connection between items
    Local override; error
    @(70.0400 mm, 102.3000 mm): Pad 120 [/CORE_CM5/POWER_GND] of J7 on F.Cu
    @(70.0400 mm, 101.1000 mm): Pad 114 [/CORE_CM5/POWER_GND] of J7 on F.Cu
[unconnected_items]: Missing connection between items
    Local override; error
    @(70.0400 mm, 103.5000 mm): Pad 126 [/CORE_CM5/POWER_GND] of J7 on F.Cu
    @(70.0400 mm, 102.3000 mm): Pad 120 [/CORE_CM5/POWER_GND] of J7 on F.Cu
[unconnected_items]: Missing connection between items
    Local override; error
    @(70.0400 mm, 104.7000 mm): Pad 132 [/CORE_CM5/POWER_GND] of J7 on F.Cu
    @(70.0400 mm, 103.5000 mm): Pad 126 [/CORE_CM5/POWER_GND] of J7 on F.Cu
[unconnected_items]: Missing connection between items
    Local override; error
    @(70.0400 mm, 105.9000 mm): Pad 138 [/CORE_CM5/POWER_GND] of J7 on F.Cu
    @(70.0400 mm, 104.7000 mm): Pad 132 [/CORE_CM5/POWER_GND] of J7 on F.Cu
[unconnected_items]: Missing connection between items
    Local override; error
    @(70.0400 mm, 107.1000 mm): Pad 144 [/CORE_CM5/POWER_GND] of J7 on F.Cu
    @(70.0400 mm, 105.9000 mm): Pad 138 [/CORE_CM5/POWER_GND] of J7 on F.Cu
[unconnected_items]: Missing connection between items
    Local override; error
    @(70.0400 mm, 108.3000 mm): Pad 150 [/CORE_CM5/POWER_GND] of J7 on F.Cu
    @(70.0400 mm, 107.1000 mm): Pad 144 [/CORE_CM5/POWER_GND] of J7 on F.Cu
[unconnected_items]: Missing connection between items
    Local override; error
    @(70.0400 mm, 109.5000 mm): Pad 156 [/CORE_CM5/POWER_GND] of J7 on F.Cu
    @(70.0400 mm, 108.3000 mm): Pad 150 [/CORE_CM5/POWER_GND] of J7 on F.Cu
[unconnected_items]: Missing connection between items
    Local override; error
    @(70.0400 mm, 110.7000 mm): Pad 162 [/CORE_CM5/POWER_GND] of J7 on F.Cu
    @(70.0400 mm, 109.5000 mm): Pad 156 [/CORE_CM5/POWER_GND] of J7 on F.Cu
[unconnected_items]: Missing connection between items
    Local override; error
    @(70.0400 mm, 111.9000 mm): Pad 168 [/CORE_CM5/POWER_GND] of J7 on F.Cu
    @(70.0400 mm, 110.7000 mm): Pad 162 [/CORE_CM5/POWER_GND] of J7 on F.Cu
[unconnected_items]: Missing connection between items
    Local override; error
    @(70.0400 mm, 113.1000 mm): Pad 174 [/CORE_CM5/POWER_GND] of J7 on F.Cu
    @(70.0400 mm, 111.9000 mm): Pad 168 [/CORE_CM5/POWER_GND] of J7 on F.Cu
[unconnected_items]: Missing connection between items
    Local override; error
    @(70.0400 mm, 114.3000 mm): Pad 180 [/CORE_CM5/POWER_GND] of J7 on F.Cu
    @(70.0400 mm, 113.1000 mm): Pad 174 [/CORE_CM5/POWER_GND] of J7 on F.Cu
[unconnected_items]: Missing connection between items
    Local override; error
    @(70.0400 mm, 115.5000 mm): Pad 186 [/CORE_CM5/POWER_GND] of J7 on F.Cu
    @(70.0400 mm, 114.3000 mm): Pad 180 [/CORE_CM5/POWER_GND] of J7 on F.Cu
[unconnected_items]: Missing connection between items
    Local override; error
    @(70.0400 mm, 116.7000 mm): Pad 192 [/CORE_CM5/POWER_GND] of J7 on F.Cu
    @(70.0400 mm, 115.5000 mm): Pad 186 [/CORE_CM5/POWER_GND] of J7 on F.Cu
[unconnected_items]: Missing connection between items
    Local override; error
    @(70.0400 mm, 116.7000 mm): Pad 192 [/CORE_CM5/POWER_GND] of J7 on F.Cu
    @(66.9600 mm, 116.7000 mm): Pad 191 [/CORE_CM5/POWER_GND] of J7 on F.Cu
[unconnected_items]: Missing connection between items
    Local override; error
    @(70.0400 mm, 117.9000 mm): Pad 198 [/CORE_CM5/POWER_GND] of J7 on F.Cu
    @(70.0400 mm, 116.7000 mm): Pad 192 [/CORE_CM5/POWER_GND] of J7 on F.Cu
[unconnected_items]: Missing connection between items
    Local override; error
    @(32.9600 mm, 113.9000 mm): Pad 77 [/CORE_CM5/CM5_5V] of J7 on F.Cu
    @(32.9600 mm, 114.3000 mm): Pad 79 [/CORE_CM5/CM5_5V] of J7 on F.Cu
[unconnected_items]: Missing connection between items
    Local override; error
    @(32.9600 mm, 114.3000 mm): Pad 79 [/CORE_CM5/CM5_5V] of J7 on F.Cu
    @(32.9600 mm, 114.7000 mm): Pad 81 [/CORE_CM5/CM5_5V] of J7 on F.Cu
[unconnected_items]: Missing connection between items
    Local override; error
    @(32.9600 mm, 114.7000 mm): Pad 81 [/CORE_CM5/CM5_5V] of J7 on F.Cu
    @(32.9600 mm, 115.1000 mm): Pad 83 [/CORE_CM5/CM5_5V] of J7 on F.Cu
[unconnected_items]: Missing connection between items
    Local override; error
    @(32.9600 mm, 115.1000 mm): Pad 83 [/CORE_CM5/CM5_5V] of J7 on F.Cu
    @(32.9600 mm, 115.5000 mm): Pad 85 [/CORE_CM5/CM5_5V] of J7 on F.Cu
[unconnected_items]: Missing connection between items
    Local override; error
    @(32.9600 mm, 115.5000 mm): Pad 85 [/CORE_CM5/CM5_5V] of J7 on F.Cu
    @(32.9600 mm, 115.9000 mm): Pad 87 [/CORE_CM5/CM5_5V] of J7 on F.Cu

** Found 0 Footprint errors **

** Ignored checks **
    - Footprint has no courtyard defined
    - Track endpoint not centered on via
    - Tuning profile track geometries
    - Footprint doesn't match symbol's footprint filters
    - Footprint component type doesn't match footprint pads

** End of Report **
