ERC report (2026-09-11T10:31:40, Encoding UTF8)
Report includes: Errors, Warnings

***** Sheet /
[endpoint_off_grid]: Symbol pin or wire end off connection grid
    ; warning
    @(80.00 mm, 100.00 mm): Symbol J1 [SXM2_74221_101LF]
[same_local_global_label]: Local and global labels have same name
    ; warning
    @(25.00 mm, 47.00 mm): Global Label 'CM5_PER0_P'
    @(209.22 mm, 56.82 mm): Label 'CM5_PER0_P'
[endpoint_off_grid]: Symbol pin or wire end off connection grid
    ; warning
    @(25.00 mm, 50.00 mm): Horizontal Wire, length 10.00 mm
[same_local_global_label]: Local and global labels have same name
    ; warning
    @(25.00 mm, 50.00 mm): Global Label 'CM5_PER0_N'
    @(209.22 mm, 59.36 mm): Label 'CM5_PER0_N'
[endpoint_off_grid]: Symbol pin or wire end off connection grid
    ; warning
    @(25.00 mm, 53.00 mm): Horizontal Wire, length 10.00 mm
[same_local_global_label]: Local and global labels have same name
    ; warning
    @(25.00 mm, 53.00 mm): Global Label 'CM5_PET0_P'
    @(209.22 mm, 64.44 mm): Label 'CM5_PET0_P'
[endpoint_off_grid]: Symbol pin or wire end off connection grid
    ; warning
    @(25.00 mm, 56.00 mm): Horizontal Wire, length 10.00 mm
[same_local_global_label]: Local and global labels have same name
    ; warning
    @(25.00 mm, 56.00 mm): Global Label 'CM5_PET0_N'
    @(209.22 mm, 66.98 mm): Label 'CM5_PET0_N'
[endpoint_off_grid]: Symbol pin or wire end off connection grid
    ; warning
    @(25.00 mm, 59.00 mm): Horizontal Wire, length 10.00 mm
[same_local_global_label]: Local and global labels have same name
    ; warning
    @(25.00 mm, 59.00 mm): Global Label 'CM5_REFCLK_P'
    @(209.22 mm, 49.20 mm): Label 'CM5_REFCLK_P'
[endpoint_off_grid]: Symbol pin or wire end off connection grid
    ; warning
    @(25.00 mm, 62.00 mm): Horizontal Wire, length 10.00 mm
[same_local_global_label]: Local and global labels have same name
    ; warning
    @(25.00 mm, 62.00 mm): Global Label 'CM5_REFCLK_N'
    @(209.22 mm, 51.74 mm): Label 'CM5_REFCLK_N'
[endpoint_off_grid]: Symbol pin or wire end off connection grid
    ; warning
    @(25.00 mm, 65.00 mm): Horizontal Wire, length 10.00 mm
[same_local_global_label]: Local and global labels have same name
    ; warning
    @(25.00 mm, 65.00 mm): Global Label 'CM5_PERST'
    @(270.18 mm, 49.20 mm): Label 'CM5_PERST'
[endpoint_off_grid]: Symbol pin or wire end off connection grid
    ; warning
    @(25.00 mm, 68.00 mm): Horizontal Wire, length 10.00 mm
[endpoint_off_grid]: Symbol pin or wire end off connection grid
    ; warning
    @(25.00 mm, 71.00 mm): Horizontal Wire, length 10.00 mm
[endpoint_off_grid]: Symbol pin or wire end off connection grid
    ; warning
    @(25.00 mm, 74.00 mm): Horizontal Wire, length 10.00 mm
[same_local_global_label]: Local and global labels have same name
    ; warning
    @(25.00 mm, 74.00 mm): Global Label 'SERVICE_USB2_DP'
    @(260.18 mm, 44.12 mm): Label 'SERVICE_USB2_DP'
[endpoint_off_grid]: Symbol pin or wire end off connection grid
    ; warning
    @(25.00 mm, 77.00 mm): Horizontal Wire, length 10.00 mm
[same_local_global_label]: Local and global labels have same name
    ; warning
    @(25.00 mm, 77.00 mm): Global Label 'SERVICE_USB2_DM'
    @(260.18 mm, 41.58 mm): Label 'SERVICE_USB2_DM'
[endpoint_off_grid]: Symbol pin or wire end off connection grid
    ; warning
    @(25.00 mm, 80.00 mm): Horizontal Wire, length 10.00 mm
[isolated_pin_label]: Label connected to only one pin
    ; warning
    @(25.00 mm, 80.00 mm): Global Label 'CM5_POWER'
[endpoint_off_grid]: Symbol pin or wire end off connection grid
    ; warning
    @(25.00 mm, 83.00 mm): Horizontal Wire, length 10.00 mm
[same_local_global_label]: Local and global labels have same name
    ; warning
    @(25.00 mm, 83.00 mm): Global Label 'CM5_5V'
    @(127.94 mm, 140.64 mm): Label 'CM5_5V'
[endpoint_off_grid]: Symbol pin or wire end off connection grid
    ; warning
    @(25.00 mm, 84.00 mm): Horizontal Wire, length 10.00 mm
[endpoint_off_grid]: Symbol pin or wire end off connection grid
    ; warning
    @(25.00 mm, 87.00 mm): Horizontal Wire, length 10.00 mm
[endpoint_off_grid]: Symbol pin or wire end off connection grid
    ; warning
    @(25.00 mm, 147.00 mm): Horizontal Wire, length 10.00 mm
[endpoint_off_grid]: Symbol pin or wire end off connection grid
    ; warning
    @(25.00 mm, 153.00 mm): Horizontal Wire, length 10.00 mm
[same_local_global_label]: Local and global labels have same name
    ; warning
    @(25.00 mm, 153.00 mm): Global Label 'GBE_SHIELD'
    @(70.00 mm, 118.75 mm): Label 'GBE_SHIELD'
[endpoint_off_grid]: Symbol pin or wire end off connection grid
    ; warning
    @(25.00 mm, 156.00 mm): Horizontal Wire, length 10.00 mm
[same_local_global_label]: Local and global labels have same name
    ; warning
    @(25.00 mm, 156.00 mm): Global Label 'ETH_POWER'
    @(70.00 mm, 108.75 mm): Label 'ETH_POWER'
[endpoint_off_grid]: Symbol pin or wire end off connection grid
    ; warning
    @(60.00 mm, 47.00 mm): Horizontal Wire, length 10.00 mm
[endpoint_off_grid]: Symbol pin or wire end off connection grid
    ; warning
    @(60.00 mm, 50.00 mm): Horizontal Wire, length 10.00 mm
[endpoint_off_grid]: Symbol pin or wire end off connection grid
    ; warning
    @(60.00 mm, 53.00 mm): Horizontal Wire, length 10.00 mm
[endpoint_off_grid]: Symbol pin or wire end off connection grid
    ; warning
    @(60.00 mm, 56.00 mm): Horizontal Wire, length 10.00 mm
[endpoint_off_grid]: Symbol pin or wire end off connection grid
    ; warning
    @(60.00 mm, 59.00 mm): Horizontal Wire, length 10.00 mm
[endpoint_off_grid]: Symbol pin or wire end off connection grid
    ; warning
    @(60.00 mm, 62.00 mm): Horizontal Wire, length 10.00 mm
[endpoint_off_grid]: Symbol pin or wire end off connection grid
    ; warning
    @(60.00 mm, 65.00 mm): Horizontal Wire, length 10.00 mm
[endpoint_off_grid]: Symbol pin or wire end off connection grid
    ; warning
    @(60.00 mm, 68.00 mm): Horizontal Wire, length 10.00 mm
[isolated_pin_label]: Label connected to only one pin
    ; warning
    @(60.00 mm, 68.00 mm): Global Label 'V100_PER0_P'
[endpoint_off_grid]: Symbol pin or wire end off connection grid
    ; warning
    @(60.00 mm, 71.00 mm): Horizontal Wire, length 10.00 mm
[isolated_pin_label]: Label connected to only one pin
    ; warning
    @(60.00 mm, 71.00 mm): Global Label 'V100_PER0_N'
[endpoint_off_grid]: Symbol pin or wire end off connection grid
    ; warning
    @(60.00 mm, 74.00 mm): Horizontal Wire, length 10.00 mm
[same_local_global_label]: Local and global labels have same name
    ; warning
    @(60.00 mm, 74.00 mm): Global Label 'V100_PET0_P'
    @(50.00 mm, 125.00 mm): Label 'V100_PET0_P'
[endpoint_off_grid]: Symbol pin or wire end off connection grid
    ; warning
    @(60.00 mm, 77.00 mm): Horizontal Wire, length 10.00 mm
[same_local_global_label]: Local and global labels have same name
    ; warning
    @(60.00 mm, 77.00 mm): Global Label 'V100_PET0_N'
    @(50.00 mm, 135.00 mm): Label 'V100_PET0_N'
[endpoint_off_grid]: Symbol pin or wire end off connection grid
    ; warning
    @(60.00 mm, 80.00 mm): Horizontal Wire, length 10.00 mm
[isolated_pin_label]: Label connected to only one pin
    ; warning
    @(60.00 mm, 80.00 mm): Global Label 'V100_REFCLK_P'
[endpoint_off_grid]: Symbol pin or wire end off connection grid
    ; warning
    @(60.00 mm, 83.00 mm): Horizontal Wire, length 10.00 mm
[isolated_pin_label]: Label connected to only one pin
    ; warning
    @(60.00 mm, 83.00 mm): Global Label 'V100_REFCLK_N'
[endpoint_off_grid]: Symbol pin or wire end off connection grid
    ; warning
    @(60.00 mm, 86.00 mm): Horizontal Wire, length 10.00 mm
[isolated_pin_label]: Label connected to only one pin
    ; warning
    @(60.00 mm, 86.00 mm): Global Label 'V100_PERST'
[endpoint_off_grid]: Symbol pin or wire end off connection grid
    ; warning
    @(60.00 mm, 147.00 mm): Horizontal Wire, length 10.00 mm
[endpoint_off_grid]: Symbol pin or wire end off connection grid
    ; warning
    @(60.00 mm, 150.00 mm): Horizontal Wire, length 10.00 mm
[isolated_pin_label]: Label connected to only one pin
    ; warning
    @(60.00 mm, 150.00 mm): Global Label 'BRIDGE_SATA'
[endpoint_off_grid]: Symbol pin or wire end off connection grid
    ; warning
    @(60.00 mm, 153.00 mm): Horizontal Wire, length 10.00 mm
[isolated_pin_label]: Label connected to only one pin
    ; warning
    @(60.00 mm, 153.00 mm): Global Label 'M2_SATA'
[endpoint_off_grid]: Symbol pin or wire end off connection grid
    ; warning
    @(60.00 mm, 156.00 mm): Horizontal Wire, length 10.00 mm
[endpoint_off_grid]: Symbol pin or wire end off connection grid
    ; warning
    @(60.00 mm, 159.00 mm): Horizontal Wire, length 10.00 mm
[same_local_global_label]: Local and global labels have same name
    ; warning
    @(60.00 mm, 159.00 mm): Global Label 'BRIDGE_CFG'
    @(70.00 mm, 108.75 mm): Label 'BRIDGE_CFG'
[endpoint_off_grid]: Symbol pin or wire end off connection grid
    ; warning
    @(60.00 mm, 161.00 mm): Horizontal Wire, length 10.00 mm
[same_local_global_label]: Local and global labels have same name
    ; warning
    @(60.00 mm, 161.00 mm): Global Label 'BRIDGE_3V3'
    @(70.00 mm, 157.00 mm): Label 'BRIDGE_3V3'
[endpoint_off_grid]: Symbol pin or wire end off connection grid
    ; warning
    @(60.00 mm, 164.00 mm): Horizontal Wire, length 10.00 mm
[same_local_global_label]: Local and global labels have same name
    ; warning
    @(60.00 mm, 164.00 mm): Global Label 'BRIDGE_1V1'
    @(70.00 mm, 207.00 mm): Label 'BRIDGE_1V1'
[endpoint_off_grid]: Symbol pin or wire end off connection grid
    ; warning
    @(95.00 mm, 47.00 mm): Horizontal Wire, length 10.00 mm
[isolated_pin_label]: Label connected to only one pin
    ; warning
    @(95.00 mm, 47.00 mm): Global Label 'V100_POWER_12V'
[endpoint_off_grid]: Symbol pin or wire end off connection grid
    ; warning
    @(95.00 mm, 50.00 mm): Horizontal Wire, length 10.00 mm
[isolated_pin_label]: Label connected to only one pin
    ; warning
    @(95.00 mm, 50.00 mm): Global Label 'V100_GND'
[endpoint_off_grid]: Symbol pin or wire end off connection grid
    ; warning
    @(95.00 mm, 53.00 mm): Horizontal Wire, length 10.00 mm
[isolated_pin_label]: Label connected to only one pin
    ; warning
    @(95.00 mm, 53.00 mm): Global Label 'V100_THERMAL'
[endpoint_off_grid]: Symbol pin or wire end off connection grid
    ; warning
    @(95.00 mm, 147.00 mm): Horizontal Wire, length 10.00 mm
[endpoint_off_grid]: Symbol pin or wire end off connection grid
    ; warning
    @(95.00 mm, 150.00 mm): Horizontal Wire, length 10.00 mm
[endpoint_off_grid]: Symbol pin or wire end off connection grid
    ; warning
    @(95.00 mm, 153.00 mm): Horizontal Wire, length 10.00 mm
[same_local_global_label]: Local and global labels have same name
    ; warning
    @(95.00 mm, 153.00 mm): Global Label 'SERVICE_VBUS_SENSE'
    @(50.00 mm, 96.25 mm): Label 'SERVICE_VBUS_SENSE'
[endpoint_off_grid]: Symbol pin or wire end off connection grid
    ; warning
    @(95.00 mm, 156.00 mm): Horizontal Wire, length 10.00 mm
[isolated_pin_label]: Label connected to only one pin
    ; warning
    @(95.00 mm, 156.00 mm): Global Label 'SERVICE_RD'
[endpoint_off_grid]: Symbol pin or wire end off connection grid
    ; warning
    @(95.00 mm, 159.00 mm): Horizontal Wire, length 10.00 mm
[same_local_global_label]: Local and global labels have same name
    ; warning
    @(95.00 mm, 159.00 mm): Global Label 'SERVICE_GND'
    @(90.00 mm, 108.75 mm): Label 'SERVICE_GND'
[endpoint_off_grid]: Symbol pin or wire end off connection grid
    ; warning
    @(130.00 mm, 47.00 mm): Horizontal Wire, length 10.00 mm
[same_local_global_label]: Local and global labels have same name
    ; warning
    @(130.00 mm, 47.00 mm): Global Label '12V_IN_A'
    @(70.00 mm, 99.50 mm): Label '12V_IN_A'
[endpoint_off_grid]: Symbol pin or wire end off connection grid
    ; warning
    @(130.00 mm, 50.00 mm): Horizontal Wire, length 10.00 mm
[same_local_global_label]: Local and global labels have same name
    ; warning
    @(130.00 mm, 50.00 mm): Global Label '12V_IN_B'
    @(70.00 mm, 81.25 mm): Label '12V_IN_B'
[endpoint_off_grid]: Symbol pin or wire end off connection grid
    ; warning
    @(130.00 mm, 53.00 mm): Horizontal Wire, length 10.00 mm
[same_local_global_label]: Local and global labels have same name
    ; warning
    @(130.00 mm, 53.00 mm): Global Label '12V_PROTECTED'
    @(70.00 mm, 93.50 mm): Label '12V_PROTECTED'
[endpoint_off_grid]: Symbol pin or wire end off connection grid
    ; warning
    @(130.00 mm, 56.00 mm): Horizontal Wire, length 10.00 mm
[endpoint_off_grid]: Symbol pin or wire end off connection grid
    ; warning
    @(130.00 mm, 147.00 mm): Horizontal Wire, length 10.00 mm
[isolated_pin_label]: Label connected to only one pin
    ; warning
    @(130.00 mm, 147.00 mm): Global Label 'COOLING_12V'
[endpoint_off_grid]: Symbol pin or wire end off connection grid
    ; warning
    @(130.00 mm, 150.00 mm): Horizontal Wire, length 10.00 mm
[isolated_pin_label]: Label connected to only one pin
    ; warning
    @(130.00 mm, 150.00 mm): Global Label 'COOLING_PWM'
[endpoint_off_grid]: Symbol pin or wire end off connection grid
    ; warning
    @(130.00 mm, 153.00 mm): Horizontal Wire, length 10.00 mm
[isolated_pin_label]: Label connected to only one pin
    ; warning
    @(130.00 mm, 153.00 mm): Global Label 'COOLING_TACH'
[endpoint_off_grid]: Symbol pin or wire end off connection grid
    ; warning
    @(130.00 mm, 156.00 mm): Horizontal Wire, length 10.00 mm
[isolated_pin_label]: Label connected to only one pin
    ; warning
    @(130.00 mm, 156.00 mm): Global Label 'THERMAL_ALERT'
[endpoint_off_grid]: Symbol pin or wire end off connection grid
    ; warning
    @(165.00 mm, 47.00 mm): Horizontal Wire, length 10.00 mm
[endpoint_off_grid]: Symbol pin or wire end off connection grid
    ; warning
    @(165.00 mm, 50.00 mm): Horizontal Wire, length 10.00 mm
[endpoint_off_grid]: Symbol pin or wire end off connection grid
    ; warning
    @(165.00 mm, 53.00 mm): Horizontal Wire, length 10.00 mm
[same_local_global_label]: Local and global labels have same name
    ; warning
    @(165.00 mm, 53.00 mm): Global Label 'STORAGE_3V3'
    @(120.00 mm, 175.795 mm): Label 'STORAGE_3V3'
[endpoint_off_grid]: Symbol pin or wire end off connection grid
    ; warning
    @(165.00 mm, 56.00 mm): Horizontal Wire, length 10.00 mm
[isolated_pin_label]: Label connected to only one pin
    ; warning
    @(165.00 mm, 56.00 mm): Global Label 'BRIDGE_1V1_3V3'
[endpoint_off_grid]: Symbol pin or wire end off connection grid
    ; warning
    @(165.00 mm, 59.00 mm): Horizontal Wire, length 10.00 mm
[endpoint_off_grid]: Symbol pin or wire end off connection grid
    ; warning
    @(165.00 mm, 62.00 mm): Horizontal Wire, length 10.00 mm
[endpoint_off_grid]: Symbol pin or wire end off connection grid
    ; warning
    @(165.00 mm, 147.00 mm): Horizontal Wire, length 10.00 mm
[isolated_pin_label]: Label connected to only one pin
    ; warning
    @(165.00 mm, 147.00 mm): Global Label 'UART'
[endpoint_off_grid]: Symbol pin or wire end off connection grid
    ; warning
    @(165.00 mm, 150.00 mm): Horizontal Wire, length 10.00 mm
[isolated_pin_label]: Label connected to only one pin
    ; warning
    @(165.00 mm, 150.00 mm): Global Label 'RECOVERY'
[endpoint_off_grid]: Symbol pin or wire end off connection grid
    ; warning
    @(165.00 mm, 153.00 mm): Horizontal Wire, length 10.00 mm
[endpoint_off_grid]: Symbol pin or wire end off connection grid
    ; warning
    @(165.00 mm, 156.00 mm): Horizontal Wire, length 10.00 mm
[isolated_pin_label]: Label connected to only one pin
    ; warning
    @(165.00 mm, 156.00 mm): Global Label 'DEBUG_GND'
[endpoint_off_grid]: Symbol pin or wire end off connection grid
    ; warning
    @(5.00 mm, 10.00 mm): Horizontal Wire, length 14.92 mm
[endpoint_off_grid]: Symbol pin or wire end off connection grid
    ; warning
    @(5.00 mm, 13.00 mm): Horizontal Wire, length 14.92 mm
[endpoint_off_grid]: Symbol pin or wire end off connection grid
    ; warning
    @(5.00 mm, 16.00 mm): Horizontal Wire, length 14.92 mm
[endpoint_off_grid]: Symbol pin or wire end off connection grid
    ; warning
    @(5.00 mm, 19.00 mm): Horizontal Wire, length 14.92 mm
[endpoint_off_grid]: Symbol pin or wire end off connection grid
    ; warning
    @(5.00 mm, 22.00 mm): Horizontal Wire, length 14.92 mm
[endpoint_off_grid]: Symbol pin or wire end off connection grid
    ; warning
    @(5.00 mm, 25.00 mm): Horizontal Wire, length 14.92 mm
[endpoint_off_grid]: Symbol pin or wire end off connection grid
    ; warning
    @(5.00 mm, 28.00 mm): Horizontal Wire, length 14.92 mm
[endpoint_off_grid]: Symbol pin or wire end off connection grid
    ; warning
    @(5.00 mm, 31.00 mm): Horizontal Wire, length 14.92 mm
[endpoint_off_grid]: Symbol pin or wire end off connection grid
    ; warning
    @(5.00 mm, 34.00 mm): Horizontal Wire, length 14.92 mm
[endpoint_off_grid]: Symbol pin or wire end off connection grid
    ; warning
    @(5.00 mm, 37.00 mm): Horizontal Wire, length 14.92 mm
[endpoint_off_grid]: Symbol pin or wire end off connection grid
    ; warning
    @(5.00 mm, 40.00 mm): Horizontal Wire, length 14.92 mm
[endpoint_off_grid]: Symbol pin or wire end off connection grid
    ; warning
    @(5.00 mm, 43.00 mm): Horizontal Wire, length 14.92 mm
[isolated_pin_label]: Label connected to only one pin
    ; warning
    @(5.00 mm, 43.00 mm): Hierarchical Label 'CM5_POWER'
[endpoint_off_grid]: Symbol pin or wire end off connection grid
    ; warning
    @(5.00 mm, 46.00 mm): Horizontal Wire, length 14.92 mm
[endpoint_off_grid]: Symbol pin or wire end off connection grid
    ; warning
    @(5.00 mm, 49.00 mm): Horizontal Wire, length 14.92 mm
[endpoint_off_grid]: Symbol pin or wire end off connection grid
    ; warning
    @(5.00 mm, 52.00 mm): Horizontal Wire, length 14.92 mm
[endpoint_off_grid]: Symbol pin or wire end off connection grid
    ; warning
    @(19.92 mm, 10.00 mm): Symbol X1 Pin 1 [CM5_PER0_P, Passive, Line]
[unconnected_wire_endpoint]: Unconnected wire endpoint
    ; warning
    @(5.00 mm, 46.00 mm): Horizontal Wire, length 14.92 mm
[unconnected_wire_endpoint]: Unconnected wire endpoint
    ; warning
    @(5.00 mm, 49.00 mm): Horizontal Wire, length 14.92 mm
[unconnected_wire_endpoint]: Unconnected wire endpoint
    ; warning
    @(5.00 mm, 52.00 mm): Horizontal Wire, length 14.92 mm
[endpoint_off_grid]: Symbol pin or wire end off connection grid
    ; warning
    @(127.94 mm, 44.12 mm): Symbol J7 Pin 1 [GND, Power input, Line]
[endpoint_off_grid]: Symbol pin or wire end off connection grid
    ; warning
    @(127.94 mm, 61.90 mm): Horizontal Wire, length 2.06 mm
[endpoint_off_grid]: Symbol pin or wire end off connection grid
    ; warning
    @(127.94 mm, 64.44 mm): Horizontal Wire, length 2.06 mm
[endpoint_off_grid]: Symbol pin or wire end off connection grid
    ; warning
    @(127.94 mm, 140.64 mm): Symbol #FLG01 Pin 1 [Power output, Line]
[lib_symbol_mismatch]: Symbol 'PWR_FLAG' doesn't match copy in library 'power'
    ; warning
    @(127.94 mm, 140.64 mm): Symbol #FLG01 [PWR_FLAG]
[endpoint_off_grid]: Symbol pin or wire end off connection grid
    ; warning
    @(270.18 mm, 39.04 mm): Symbol J7 Pin 101 [USB_OTG_ID, Input, Line]
[endpoint_off_grid]: Symbol pin or wire end off connection grid
    ; warning
    @(270.18 mm, 41.58 mm): Horizontal Wire, length 10.00 mm
[endpoint_off_grid]: Symbol pin or wire end off connection grid
    ; warning
    @(270.18 mm, 44.12 mm): Horizontal Wire, length 10.00 mm
[endpoint_off_grid]: Symbol pin or wire end off connection grid
    ; warning
    @(5.00 mm, 10.00 mm): Horizontal Wire, length 14.92 mm
[endpoint_off_grid]: Symbol pin or wire end off connection grid
    ; warning
    @(5.00 mm, 16.00 mm): Horizontal Wire, length 14.92 mm
[endpoint_off_grid]: Symbol pin or wire end off connection grid
    ; warning
    @(5.00 mm, 19.00 mm): Horizontal Wire, length 14.92 mm
[endpoint_off_grid]: Symbol pin or wire end off connection grid
    ; warning
    @(19.92 mm, 10.00 mm): Symbol X6 Pin 1 [CM5_GBE, Passive, Line]
[lib_symbol_mismatch]: Symbol 'ETHERNET_Contract' doesn't match copy in library 'PiSXMeRevAClean'
    ; warning
    @(25.00 mm, 10.00 mm): Symbol X6 [ETHERNET_Contract]
[endpoint_off_grid]: Symbol pin or wire end off connection grid
    ; warning
    @(70.00 mm, 78.75 mm): Symbol J2 Pin 1 [TRD0+, Passive, Line]
[endpoint_off_grid]: Symbol pin or wire end off connection grid
    ; warning
    @(70.00 mm, 128.75 mm): Symbol U6 Pin 1 [IO1_A, Passive, Line]
[endpoint_off_grid]: Symbol pin or wire end off connection grid
    ; warning
    @(70.00 mm, 168.75 mm): Symbol U9 Pin 1 [IO1_A, Passive, Line]
[endpoint_off_grid]: Symbol pin or wire end off connection grid
    ; warning
    @(108.00 mm, 46.19 mm): Symbol C48 Pin 1 [Passive, Line]
[endpoint_off_grid]: Symbol pin or wire end off connection grid
    ; warning
    @(108.00 mm, 56.19 mm): Symbol R26 Pin 1 [Passive, Line]
[endpoint_off_grid]: Symbol pin or wire end off connection grid
    ; warning
    @(108.00 mm, 71.19 mm): Symbol C52 Pin 1 [Passive, Line]
[endpoint_off_grid]: Symbol pin or wire end off connection grid
    ; warning
    @(116.00 mm, 46.19 mm): Symbol C49 Pin 1 [Passive, Line]
[endpoint_off_grid]: Symbol pin or wire end off connection grid
    ; warning
    @(116.00 mm, 56.19 mm): Symbol R27 Pin 1 [Passive, Line]
[endpoint_off_grid]: Symbol pin or wire end off connection grid
    ; warning
    @(124.00 mm, 46.19 mm): Symbol C50 Pin 1 [Passive, Line]
[endpoint_off_grid]: Symbol pin or wire end off connection grid
    ; warning
    @(124.00 mm, 56.19 mm): Symbol R28 Pin 1 [Passive, Line]
[endpoint_off_grid]: Symbol pin or wire end off connection grid
    ; warning
    @(132.00 mm, 46.19 mm): Symbol C51 Pin 1 [Passive, Line]
[endpoint_off_grid]: Symbol pin or wire end off connection grid
    ; warning
    @(132.00 mm, 56.19 mm): Symbol R29 Pin 1 [Passive, Line]
[endpoint_off_grid]: Symbol pin or wire end off connection grid
    ; warning
    @(145.00 mm, 46.19 mm): Symbol R30 Pin 1 [Passive, Line]
[endpoint_off_grid]: Symbol pin or wire end off connection grid
    ; warning
    @(155.00 mm, 46.19 mm): Symbol R31 Pin 1 [Passive, Line]
[endpoint_off_grid]: Symbol pin or wire end off connection grid
    ; warning
    @(5.00 mm, 10.00 mm): Horizontal Wire, length 14.92 mm
[endpoint_off_grid]: Symbol pin or wire end off connection grid
    ; warning
    @(5.00 mm, 13.00 mm): Horizontal Wire, length 14.92 mm
[endpoint_off_grid]: Symbol pin or wire end off connection grid
    ; warning
    @(5.00 mm, 16.00 mm): Horizontal Wire, length 14.92 mm
[endpoint_off_grid]: Symbol pin or wire end off connection grid
    ; warning
    @(5.00 mm, 19.00 mm): Horizontal Wire, length 14.92 mm
[endpoint_off_grid]: Symbol pin or wire end off connection grid
    ; warning
    @(5.00 mm, 22.00 mm): Horizontal Wire, length 14.92 mm
[endpoint_off_grid]: Symbol pin or wire end off connection grid
    ; warning
    @(5.00 mm, 25.00 mm): Horizontal Wire, length 14.92 mm
[endpoint_off_grid]: Symbol pin or wire end off connection grid
    ; warning
    @(5.00 mm, 28.00 mm): Horizontal Wire, length 14.92 mm
[endpoint_off_grid]: Symbol pin or wire end off connection grid
    ; warning
    @(5.00 mm, 31.00 mm): Horizontal Wire, length 14.92 mm
[isolated_pin_label]: Label connected to only one pin
    ; warning
    @(5.00 mm, 31.00 mm): Hierarchical Label 'V100_PER0_P'
[endpoint_off_grid]: Symbol pin or wire end off connection grid
    ; warning
    @(5.00 mm, 34.00 mm): Horizontal Wire, length 14.92 mm
[isolated_pin_label]: Label connected to only one pin
    ; warning
    @(5.00 mm, 34.00 mm): Hierarchical Label 'V100_PER0_N'
[endpoint_off_grid]: Symbol pin or wire end off connection grid
    ; warning
    @(5.00 mm, 37.00 mm): Horizontal Wire, length 14.92 mm
[endpoint_off_grid]: Symbol pin or wire end off connection grid
    ; warning
    @(5.00 mm, 40.00 mm): Horizontal Wire, length 14.92 mm
[endpoint_off_grid]: Symbol pin or wire end off connection grid
    ; warning
    @(5.00 mm, 43.00 mm): Horizontal Wire, length 14.92 mm
[isolated_pin_label]: Label connected to only one pin
    ; warning
    @(5.00 mm, 43.00 mm): Hierarchical Label 'V100_REFCLK_P'
[endpoint_off_grid]: Symbol pin or wire end off connection grid
    ; warning
    @(5.00 mm, 46.00 mm): Horizontal Wire, length 14.92 mm
[isolated_pin_label]: Label connected to only one pin
    ; warning
    @(5.00 mm, 46.00 mm): Hierarchical Label 'V100_REFCLK_N'
[endpoint_off_grid]: Symbol pin or wire end off connection grid
    ; warning
    @(5.00 mm, 49.00 mm): Horizontal Wire, length 14.92 mm
[isolated_pin_label]: Label connected to only one pin
    ; warning
    @(5.00 mm, 49.00 mm): Hierarchical Label 'V100_PERST'
[endpoint_off_grid]: Symbol pin or wire end off connection grid
    ; warning
    @(19.92 mm, 10.00 mm): Symbol X2 Pin 1 [CM5_PER0_P, Passive, Line]
[endpoint_off_grid]: Symbol pin or wire end off connection grid
    ; warning
    @(20.00 mm, 125.00 mm): Symbol C1 Pin 1 [1, Passive, Line]
[endpoint_off_grid]: Symbol pin or wire end off connection grid
    ; warning
    @(20.00 mm, 135.00 mm): Symbol C2 Pin 1 [1, Passive, Line]
[endpoint_off_grid]: Symbol pin or wire end off connection grid
    ; warning
    @(100.32 mm, 89.84 mm): Symbol J1 Pin A2 [PER0_P, Passive, Line]
[endpoint_off_grid]: Symbol pin or wire end off connection grid
    ; warning
    @(5.00 mm, 10.00 mm): Horizontal Wire, length 14.92 mm
[endpoint_off_grid]: Symbol pin or wire end off connection grid
    ; warning
    @(5.00 mm, 13.00 mm): Horizontal Wire, length 14.92 mm
[isolated_pin_label]: Label connected to only one pin
    ; warning
    @(5.00 mm, 13.00 mm): Hierarchical Label 'BRIDGE_SATA'
[endpoint_off_grid]: Symbol pin or wire end off connection grid
    ; warning
    @(5.00 mm, 16.00 mm): Horizontal Wire, length 14.92 mm
[isolated_pin_label]: Label connected to only one pin
    ; warning
    @(5.00 mm, 16.00 mm): Hierarchical Label 'M2_SATA'
[endpoint_off_grid]: Symbol pin or wire end off connection grid
    ; warning
    @(5.00 mm, 19.00 mm): Horizontal Wire, length 14.92 mm
[endpoint_off_grid]: Symbol pin or wire end off connection grid
    ; warning
    @(5.00 mm, 22.00 mm): Horizontal Wire, length 14.92 mm
[endpoint_off_grid]: Symbol pin or wire end off connection grid
    ; warning
    @(5.00 mm, 101.25 mm): Horizontal Wire, length 65.00 mm
[endpoint_off_grid]: Symbol pin or wire end off connection grid
    ; warning
    @(5.00 mm, 103.75 mm): Horizontal Wire, length 65.00 mm
[endpoint_off_grid]: Symbol pin or wire end off connection grid
    ; warning
    @(19.92 mm, 10.00 mm): Symbol X7 Pin 1 [CM5_USB3, Passive, Line]
[lib_symbol_issues]: Symbol 'JMS583_QFN64' not found in symbol library 'PiSXMeRevAClean'
    ; warning
    @(50.00 mm, 165.00 mm): Symbol U11 [JMS583_QFN64]
[endpoint_off_grid]: Symbol pin or wire end off connection grid
    ; warning
    @(70.00 mm, 81.25 mm): Symbol U7 Pin 46 [USB3_TX_P, Passive, Line]
[isolated_pin_label]: Label connected to only one pin
    ; warning
    @(70.00 mm, 106.25 mm): Label 'BRIDGE_RESET'
[isolated_pin_label]: Label connected to only one pin
    ; warning
    @(70.00 mm, 132.615 mm): Label 'NC_58'
[isolated_pin_label]: Label connected to only one pin
    ; warning
    @(70.00 mm, 132.615 mm): Label 'NC_58'
[isolated_pin_label]: Label connected to only one pin
    ; warning
    @(70.00 mm, 132.615 mm): Label 'JMS_GPIO11_NC'
[isolated_pin_label]: Label connected to only one pin
    ; warning
    @(70.00 mm, 132.615 mm): Label 'JMS_GPIO11_NC'
[isolated_pin_label]: Label connected to only one pin
    ; warning
    @(70.00 mm, 133.885 mm): Label 'NC_57'
[isolated_pin_label]: Label connected to only one pin
    ; warning
    @(70.00 mm, 133.885 mm): Label 'NC_57'
[isolated_pin_label]: Label connected to only one pin
    ; warning
    @(70.00 mm, 133.885 mm): Label 'JMS_GPIO12_NC'
[isolated_pin_label]: Label connected to only one pin
    ; warning
    @(70.00 mm, 133.885 mm): Label 'JMS_GPIO12_NC'
[isolated_pin_label]: Label connected to only one pin
    ; warning
    @(70.00 mm, 136.425 mm): Label 'PCIE_CLKREQ_N'
[isolated_pin_label]: Label connected to only one pin
    ; warning
    @(70.00 mm, 136.425 mm): Label 'PCIE_CLKREQ_N'
[isolated_pin_label]: Label connected to only one pin
    ; warning
    @(70.00 mm, 136.425 mm): Label 'PCIE_CLKREQ_N'
[isolated_pin_label]: Label connected to only one pin
    ; warning
    @(70.00 mm, 136.425 mm): Label 'PCIE_CLKREQ_N'
[isolated_pin_label]: Label connected to only one pin
    ; warning
    @(70.00 mm, 137.695 mm): Label 'PCIE_RESET_N'
[isolated_pin_label]: Label connected to only one pin
    ; warning
    @(70.00 mm, 137.695 mm): Label 'PCIE_RESET_N'
[isolated_pin_label]: Label connected to only one pin
    ; warning
    @(70.00 mm, 137.695 mm): Label 'PCIE_RESET_N'
[isolated_pin_label]: Label connected to only one pin
    ; warning
    @(70.00 mm, 137.695 mm): Label 'PCIE_RESET_N'
[isolated_pin_label]: Label connected to only one pin
    ; warning
    @(70.00 mm, 145.315 mm): Label 'REFCLK_P'
[isolated_pin_label]: Label connected to only one pin
    ; warning
    @(70.00 mm, 145.315 mm): Label 'REFCLK_P'
[isolated_pin_label]: Label connected to only one pin
    ; warning
    @(70.00 mm, 145.315 mm): Label 'REFCLK_P'
[isolated_pin_label]: Label connected to only one pin
    ; warning
    @(70.00 mm, 145.315 mm): Label 'REFCLK_P'
[isolated_pin_label]: Label connected to only one pin
    ; warning
    @(70.00 mm, 146.585 mm): Label 'REFCLK_N'
[isolated_pin_label]: Label connected to only one pin
    ; warning
    @(70.00 mm, 146.585 mm): Label 'REFCLK_N'
[isolated_pin_label]: Label connected to only one pin
    ; warning
    @(70.00 mm, 146.585 mm): Label 'REFCLK_N'
[isolated_pin_label]: Label connected to only one pin
    ; warning
    @(70.00 mm, 146.585 mm): Label 'REFCLK_N'
[isolated_pin_label]: Label connected to only one pin
    ; warning
    @(70.00 mm, 152.935 mm): Label 'PCIE_RXP0'
[isolated_pin_label]: Label connected to only one pin
    ; warning
    @(70.00 mm, 152.935 mm): Label 'PCIE_RXP0'
[isolated_pin_label]: Label connected to only one pin
    ; warning
    @(70.00 mm, 152.935 mm): Label 'PCIE_RXP0'
[isolated_pin_label]: Label connected to only one pin
    ; warning
    @(70.00 mm, 152.935 mm): Label 'PCIE_RXP0'
[isolated_pin_label]: Label connected to only one pin
    ; warning
    @(70.00 mm, 154.205 mm): Label 'PCIE_RXN0'
[isolated_pin_label]: Label connected to only one pin
    ; warning
    @(70.00 mm, 154.205 mm): Label 'PCIE_RXN0'
[isolated_pin_label]: Label connected to only one pin
    ; warning
    @(70.00 mm, 154.205 mm): Label 'PCIE_RXN0'
[isolated_pin_label]: Label connected to only one pin
    ; warning
    @(70.00 mm, 154.205 mm): Label 'PCIE_RXN0'
[isolated_pin_label]: Label connected to only one pin
    ; warning
    @(70.00 mm, 161.825 mm): Label 'PCIE_RXP1'
[isolated_pin_label]: Label connected to only one pin
    ; warning
    @(70.00 mm, 161.825 mm): Label 'PCIE_RXP1'
[isolated_pin_label]: Label connected to only one pin
    ; warning
    @(70.00 mm, 161.825 mm): Label 'PCIE_RXP1'
[isolated_pin_label]: Label connected to only one pin
    ; warning
    @(70.00 mm, 161.825 mm): Label 'PCIE_RXP1'
[isolated_pin_label]: Label connected to only one pin
    ; warning
    @(70.00 mm, 163.095 mm): Label 'PCIE_RXN1'
[isolated_pin_label]: Label connected to only one pin
    ; warning
    @(70.00 mm, 163.095 mm): Label 'PCIE_RXN1'
[isolated_pin_label]: Label connected to only one pin
    ; warning
    @(70.00 mm, 163.095 mm): Label 'PCIE_RXN1'
[isolated_pin_label]: Label connected to only one pin
    ; warning
    @(70.00 mm, 163.095 mm): Label 'PCIE_RXN1'
[isolated_pin_label]: Label connected to only one pin
    ; warning
    @(70.00 mm, 169.445 mm): Label 'USB_RXP2'
[isolated_pin_label]: Label connected to only one pin
    ; warning
    @(70.00 mm, 169.445 mm): Label 'USB_RXP2'
[isolated_pin_label]: Label connected to only one pin
    ; warning
    @(70.00 mm, 169.445 mm): Label 'USB_RXP2'
[isolated_pin_label]: Label connected to only one pin
    ; warning
    @(70.00 mm, 169.445 mm): Label 'USB_RXP2'
[isolated_pin_label]: Label connected to only one pin
    ; warning
    @(70.00 mm, 170.715 mm): Label 'USB_RXN2'
[isolated_pin_label]: Label connected to only one pin
    ; warning
    @(70.00 mm, 170.715 mm): Label 'USB_RXN2'
[isolated_pin_label]: Label connected to only one pin
    ; warning
    @(70.00 mm, 170.715 mm): Label 'USB_RXN2'
[isolated_pin_label]: Label connected to only one pin
    ; warning
    @(70.00 mm, 170.715 mm): Label 'USB_RXN2'
[isolated_pin_label]: Label connected to only one pin
    ; warning
    @(70.00 mm, 188.495 mm): Label 'NC_14'
[isolated_pin_label]: Label connected to only one pin
    ; warning
    @(70.00 mm, 188.495 mm): Label 'NC_14'
[isolated_pin_label]: Label connected to only one pin
    ; warning
    @(70.00 mm, 188.495 mm): Label 'JMS_GPIO9_NC'
[isolated_pin_label]: Label connected to only one pin
    ; warning
    @(70.00 mm, 188.495 mm): Label 'JMS_GPIO9_NC'
[isolated_pin_label]: Label connected to only one pin
    ; warning
    @(70.00 mm, 189.765 mm): Label 'NC_13'
[isolated_pin_label]: Label connected to only one pin
    ; warning
    @(70.00 mm, 189.765 mm): Label 'NC_13'
[isolated_pin_label]: Label connected to only one pin
    ; warning
    @(70.00 mm, 189.765 mm): Label 'JMS_GPIO8_NC'
[isolated_pin_label]: Label connected to only one pin
    ; warning
    @(70.00 mm, 189.765 mm): Label 'JMS_GPIO8_NC'
[isolated_pin_label]: Label connected to only one pin
    ; warning
    @(70.00 mm, 191.035 mm): Label 'JMS_GPIO7_NC'
[isolated_pin_label]: Label connected to only one pin
    ; warning
    @(70.00 mm, 194.845 mm): Label 'NC_9'
[isolated_pin_label]: Label connected to only one pin
    ; warning
    @(70.00 mm, 194.845 mm): Label 'NC_9'
[isolated_pin_label]: Label connected to only one pin
    ; warning
    @(70.00 mm, 194.845 mm): Label 'JMS_GPIO5_NC'
[isolated_pin_label]: Label connected to only one pin
    ; warning
    @(70.00 mm, 194.845 mm): Label 'JMS_GPIO5_NC'
[isolated_pin_label]: Label connected to only one pin
    ; warning
    @(70.00 mm, 197.385 mm): Label 'NC_7'
[isolated_pin_label]: Label connected to only one pin
    ; warning
    @(70.00 mm, 197.385 mm): Label 'JMS_SPI_CS_N_DNP'
[isolated_pin_label]: Label connected to only one pin
    ; warning
    @(70.00 mm, 197.385 mm): Label 'JMS_SPI_CS_N_DNP'
[isolated_pin_label]: Label connected to only one pin
    ; warning
    @(70.00 mm, 197.385 mm): Label 'JMS_SPI_CS_N_DNP'
[endpoint_off_grid]: Symbol pin or wire end off connection grid
    ; warning
    @(70.00 mm, 205.005 mm): Symbol U11 Pin 1 [JMS_VDDREG_5V, Passive, Line]
[endpoint_off_grid]: Symbol pin or wire end off connection grid
    ; warning
    @(100.00 mm, 121.25 mm): Symbol C30 Pin 1 [SATA_IN, Passive, Line]
[lib_symbol_issues]: Symbol 'HD3SS6126_RUA0042A' not found in symbol library 'PiSXMeRevAClean'
    ; warning
    @(100.00 mm, 165.00 mm): Symbol U12 [HD3SS6126_RUA0042A]
[endpoint_off_grid]: Symbol pin or wire end off connection grid
    ; warning
    @(112.00 mm, 121.25 mm): Symbol C31 Pin 1 [SATA_IN, Passive, Line]
[isolated_pin_label]: Label connected to only one pin
    ; warning
    @(120.00 mm, 144.045 mm): Label 'NC_38'
[isolated_pin_label]: Label connected to only one pin
    ; warning
    @(120.00 mm, 145.315 mm): Label 'NC_37'
[isolated_pin_label]: Label connected to only one pin
    ; warning
    @(120.00 mm, 147.855 mm): Label 'NC_35'
[isolated_pin_label]: Label connected to only one pin
    ; warning
    @(120.00 mm, 155.475 mm): Label 'TUSB_SSTXP'
[isolated_pin_label]: Label connected to only one pin
    ; warning
    @(120.00 mm, 156.745 mm): Label 'TUSB_SSTXN'
[isolated_pin_label]: Label connected to only one pin
    ; warning
    @(120.00 mm, 158.015 mm): Label 'TUSB_SSRXP'
[isolated_pin_label]: Label connected to only one pin
    ; warning
    @(120.00 mm, 159.285 mm): Label 'TUSB_SSRXN'
[endpoint_off_grid]: Symbol pin or wire end off connection grid
    ; warning
    @(120.00 mm, 176.25 mm): Symbol R24 Pin 1 [XI, Passive, Line]
[isolated_pin_label]: Label connected to only one pin
    ; warning
    @(120.00 mm, 184.685 mm): Label 'USB_OE_N'
[endpoint_off_grid]: Symbol pin or wire end off connection grid
    ; warning
    @(120.00 mm, 191.035 mm): Symbol U12 Pin 1 [JMS_VDDREG_5V, Passive, Line]
[endpoint_off_grid]: Symbol pin or wire end off connection grid
    ; warning
    @(120.00 mm, 191.25 mm): Symbol R32 Pin 1 [XI, Passive, Line]
[endpoint_off_grid]: Symbol pin or wire end off connection grid
    ; warning
    @(124.00 mm, 121.25 mm): Symbol C32 Pin 1 [SATA_IN, Passive, Line]
[endpoint_off_grid]: Symbol pin or wire end off connection grid
    ; warning
    @(136.00 mm, 121.25 mm): Symbol C33 Pin 1 [SATA_IN, Passive, Line]
[lib_symbol_issues]: Symbol 'HD3SS3412_RUA0042A' not found in symbol library 'PiSXMeRevAClean'
    ; warning
    @(150.00 mm, 165.00 mm): Symbol U13 [HD3SS3412_RUA0042A]
[endpoint_off_grid]: Symbol pin or wire end off connection grid
    ; warning
    @(155.00 mm, 191.25 mm): Symbol R33 Pin 1 [XI, Passive, Line]
[endpoint_off_grid]: Symbol pin or wire end off connection grid
    ; warning
    @(170.00 mm, 133.75 mm): Symbol Y1 Pin 1 [XI, Passive, Line]
[endpoint_off_grid]: Symbol pin or wire end off connection grid
    ; warning
    @(170.00 mm, 141.25 mm): Symbol R23 Pin 1 [XI, Passive, Line]
[isolated_pin_label]: Label connected to only one pin
    ; warning
    @(170.00 mm, 151.665 mm): Label 'JMS_PCIE_RXP0'
[isolated_pin_label]: Label connected to only one pin
    ; warning
    @(170.00 mm, 152.935 mm): Label 'JMS_PCIE_RXN0'
[isolated_pin_label]: Label connected to only one pin
    ; warning
    @(170.00 mm, 155.475 mm): Label 'NC_29'
[isolated_pin_label]: Label connected to only one pin
    ; warning
    @(170.00 mm, 158.015 mm): Label 'NC_27'
[isolated_pin_label]: Label connected to only one pin
    ; warning
    @(170.00 mm, 163.095 mm): Label 'JMS_PCIE_RXP1'
[isolated_pin_label]: Label connected to only one pin
    ; warning
    @(170.00 mm, 164.365 mm): Label 'JMS_PCIE_RXN1'
[endpoint_off_grid]: Symbol pin or wire end off connection grid
    ; warning
    @(170.00 mm, 191.035 mm): Symbol U13 Pin 1 [POWER_GND, Passive, Line]
[endpoint_off_grid]: Symbol pin or wire end off connection grid
    ; warning
    @(200.00 mm, 131.25 mm): Symbol C42 Pin 1 [CLOCK, Passive, Line]
[endpoint_off_grid]: Symbol pin or wire end off connection grid
    ; warning
    @(200.00 mm, 141.25 mm): Symbol C43 Pin 1 [CLOCK, Passive, Line]
[lib_symbol_issues]: Symbol 'TE_1-2199230-4_MKEY' not found in symbol library 'PiSXMeRevAClean'
    ; warning
    @(220.00 mm, 165.00 mm): Symbol J3 [TE_1-2199230-4_MKEY]
[isolated_pin_label]: Label connected to only one pin
    ; warning
    @(240.00 mm, 118.01 mm): Label 'M2_CONFIG2'
[isolated_pin_label]: Label connected to only one pin
    ; warning
    @(240.00 mm, 118.01 mm): Label 'M2_CONFIG2'
[isolated_pin_label]: Label connected to only one pin
    ; warning
    @(240.00 mm, 118.01 mm): Label 'M2_CONFIG2'
[isolated_pin_label]: Label connected to only one pin
    ; warning
    @(240.00 mm, 126.90 mm): Label 'M2_SUSCLK'
[isolated_pin_label]: Label connected to only one pin
    ; warning
    @(240.00 mm, 126.90 mm): Label 'M2_SUSCLK'
[isolated_pin_label]: Label connected to only one pin
    ; warning
    @(240.00 mm, 126.90 mm): Label 'M2_SUSCLK'
[isolated_pin_label]: Label connected to only one pin
    ; warning
    @(240.00 mm, 128.17 mm): Label 'NC_67'
[isolated_pin_label]: Label connected to only one pin
    ; warning
    @(240.00 mm, 128.17 mm): Label 'NC_67'
[isolated_pin_label]: Label connected to only one pin
    ; warning
    @(240.00 mm, 128.17 mm): Label 'NC_67'
[isolated_pin_label]: Label connected to only one pin
    ; warning
    @(240.00 mm, 129.44 mm): Label 'NC_66'
[isolated_pin_label]: Label connected to only one pin
    ; warning
    @(240.00 mm, 129.44 mm): Label 'NC_66'
[isolated_pin_label]: Label connected to only one pin
    ; warning
    @(240.00 mm, 129.44 mm): Label 'NC_66'
[isolated_pin_label]: Label connected to only one pin
    ; warning
    @(240.00 mm, 130.71 mm): Label 'NC_65'
[isolated_pin_label]: Label connected to only one pin
    ; warning
    @(240.00 mm, 130.71 mm): Label 'NC_65'
[isolated_pin_label]: Label connected to only one pin
    ; warning
    @(240.00 mm, 130.71 mm): Label 'NC_65'
[isolated_pin_label]: Label connected to only one pin
    ; warning
    @(240.00 mm, 131.98 mm): Label 'NC_64'
[isolated_pin_label]: Label connected to only one pin
    ; warning
    @(240.00 mm, 131.98 mm): Label 'NC_64'
[isolated_pin_label]: Label connected to only one pin
    ; warning
    @(240.00 mm, 131.98 mm): Label 'NC_64'
[isolated_pin_label]: Label connected to only one pin
    ; warning
    @(240.00 mm, 133.25 mm): Label 'NC_63'
[isolated_pin_label]: Label connected to only one pin
    ; warning
    @(240.00 mm, 133.25 mm): Label 'NC_63'
[isolated_pin_label]: Label connected to only one pin
    ; warning
    @(240.00 mm, 133.25 mm): Label 'NC_63'
[isolated_pin_label]: Label connected to only one pin
    ; warning
    @(240.00 mm, 137.06 mm): Label 'NC_60'
[isolated_pin_label]: Label connected to only one pin
    ; warning
    @(240.00 mm, 137.06 mm): Label 'NC_60'
[isolated_pin_label]: Label connected to only one pin
    ; warning
    @(240.00 mm, 137.06 mm): Label 'NC_60'
[isolated_pin_label]: Label connected to only one pin
    ; warning
    @(240.00 mm, 139.60 mm): Label 'M2_MFG2'
[isolated_pin_label]: Label connected to only one pin
    ; warning
    @(240.00 mm, 139.60 mm): Label 'M2_MFG2'
[isolated_pin_label]: Label connected to only one pin
    ; warning
    @(240.00 mm, 139.60 mm): Label 'M2_MFG2'
[isolated_pin_label]: Label connected to only one pin
    ; warning
    @(240.00 mm, 142.14 mm): Label 'M2_MFG1'
[isolated_pin_label]: Label connected to only one pin
    ; warning
    @(240.00 mm, 142.14 mm): Label 'M2_MFG1'
[isolated_pin_label]: Label connected to only one pin
    ; warning
    @(240.00 mm, 142.14 mm): Label 'M2_MFG1'
[isolated_pin_label]: Label connected to only one pin
    ; warning
    @(240.00 mm, 143.41 mm): Label 'M2_REFCLK_P'
[isolated_pin_label]: Label connected to only one pin
    ; warning
    @(240.00 mm, 143.41 mm): Label 'M2_REFCLK_P'
[isolated_pin_label]: Label connected to only one pin
    ; warning
    @(240.00 mm, 143.41 mm): Label 'M2_REFCLK_P'
[isolated_pin_label]: Label connected to only one pin
    ; warning
    @(240.00 mm, 144.68 mm): Label 'M2_PEWake_N'
[isolated_pin_label]: Label connected to only one pin
    ; warning
    @(240.00 mm, 144.68 mm): Label 'M2_PEWake_N'
[isolated_pin_label]: Label connected to only one pin
    ; warning
    @(240.00 mm, 144.68 mm): Label 'M2_PEWake_N'
[isolated_pin_label]: Label connected to only one pin
    ; warning
    @(240.00 mm, 145.95 mm): Label 'M2_REFCLK_N'
[isolated_pin_label]: Label connected to only one pin
    ; warning
    @(240.00 mm, 145.95 mm): Label 'M2_REFCLK_N'
[isolated_pin_label]: Label connected to only one pin
    ; warning
    @(240.00 mm, 145.95 mm): Label 'M2_REFCLK_N'
[isolated_pin_label]: Label connected to only one pin
    ; warning
    @(240.00 mm, 147.22 mm): Label 'M2_CLKREQ_N'
[isolated_pin_label]: Label connected to only one pin
    ; warning
    @(240.00 mm, 147.22 mm): Label 'M2_CLKREQ_N'
[isolated_pin_label]: Label connected to only one pin
    ; warning
    @(240.00 mm, 147.22 mm): Label 'M2_CLKREQ_N'
[isolated_pin_label]: Label connected to only one pin
    ; warning
    @(240.00 mm, 149.76 mm): Label 'M2_PERST_N'
[isolated_pin_label]: Label connected to only one pin
    ; warning
    @(240.00 mm, 149.76 mm): Label 'M2_PERST_N'
[isolated_pin_label]: Label connected to only one pin
    ; warning
    @(240.00 mm, 149.76 mm): Label 'M2_PERST_N'
[isolated_pin_label]: Label connected to only one pin
    ; warning
    @(240.00 mm, 152.30 mm): Label 'NC_48'
[isolated_pin_label]: Label connected to only one pin
    ; warning
    @(240.00 mm, 152.30 mm): Label 'NC_48'
[isolated_pin_label]: Label connected to only one pin
    ; warning
    @(240.00 mm, 152.30 mm): Label 'NC_48'
[isolated_pin_label]: Label connected to only one pin
    ; warning
    @(240.00 mm, 157.38 mm): Label 'NC_44'
[isolated_pin_label]: Label connected to only one pin
    ; warning
    @(240.00 mm, 157.38 mm): Label 'NC_44'
[isolated_pin_label]: Label connected to only one pin
    ; warning
    @(240.00 mm, 157.38 mm): Label 'NC_44'
[isolated_pin_label]: Label connected to only one pin
    ; warning
    @(240.00 mm, 165.00 mm): Label 'M2_DEVSLP'
[isolated_pin_label]: Label connected to only one pin
    ; warning
    @(240.00 mm, 165.00 mm): Label 'M2_DEVSLP'
[isolated_pin_label]: Label connected to only one pin
    ; warning
    @(240.00 mm, 165.00 mm): Label 'M2_DEVSLP'
[isolated_pin_label]: Label connected to only one pin
    ; warning
    @(240.00 mm, 166.27 mm): Label 'M2_PCIE_TXP1'
[isolated_pin_label]: Label connected to only one pin
    ; warning
    @(240.00 mm, 166.27 mm): Label 'M2_PCIE_TXP1'
[isolated_pin_label]: Label connected to only one pin
    ; warning
    @(240.00 mm, 166.27 mm): Label 'M2_PCIE_TXP1'
[isolated_pin_label]: Label connected to only one pin
    ; warning
    @(240.00 mm, 168.81 mm): Label 'M2_PCIE_TXN1'
[isolated_pin_label]: Label connected to only one pin
    ; warning
    @(240.00 mm, 168.81 mm): Label 'M2_PCIE_TXN1'
[isolated_pin_label]: Label connected to only one pin
    ; warning
    @(240.00 mm, 168.81 mm): Label 'M2_PCIE_TXN1'
[isolated_pin_label]: Label connected to only one pin
    ; warning
    @(240.00 mm, 170.08 mm): Label 'NC_34'
[isolated_pin_label]: Label connected to only one pin
    ; warning
    @(240.00 mm, 170.08 mm): Label 'NC_34'
[isolated_pin_label]: Label connected to only one pin
    ; warning
    @(240.00 mm, 170.08 mm): Label 'NC_34'
[isolated_pin_label]: Label connected to only one pin
    ; warning
    @(240.00 mm, 173.89 mm): Label 'M2_PCIE_RXP1'
[isolated_pin_label]: Label connected to only one pin
    ; warning
    @(240.00 mm, 173.89 mm): Label 'M2_PCIE_RXP1'
[isolated_pin_label]: Label connected to only one pin
    ; warning
    @(240.00 mm, 173.89 mm): Label 'M2_PCIE_RXP1'
[isolated_pin_label]: Label connected to only one pin
    ; warning
    @(240.00 mm, 176.43 mm): Label 'M2_PCIE_RXN1'
[isolated_pin_label]: Label connected to only one pin
    ; warning
    @(240.00 mm, 176.43 mm): Label 'M2_PCIE_RXN1'
[isolated_pin_label]: Label connected to only one pin
    ; warning
    @(240.00 mm, 176.43 mm): Label 'M2_PCIE_RXN1'
[isolated_pin_label]: Label connected to only one pin
    ; warning
    @(240.00 mm, 182.78 mm): Label 'NC_24'
[isolated_pin_label]: Label connected to only one pin
    ; warning
    @(240.00 mm, 182.78 mm): Label 'NC_24'
[isolated_pin_label]: Label connected to only one pin
    ; warning
    @(240.00 mm, 182.78 mm): Label 'NC_24'
[isolated_pin_label]: Label connected to only one pin
    ; warning
    @(240.00 mm, 185.32 mm): Label 'NC_22'
[isolated_pin_label]: Label connected to only one pin
    ; warning
    @(240.00 mm, 185.32 mm): Label 'NC_22'
[isolated_pin_label]: Label connected to only one pin
    ; warning
    @(240.00 mm, 185.32 mm): Label 'NC_22'
[isolated_pin_label]: Label connected to only one pin
    ; warning
    @(240.00 mm, 186.59 mm): Label 'M2_CONFIG0'
[isolated_pin_label]: Label connected to only one pin
    ; warning
    @(240.00 mm, 186.59 mm): Label 'M2_CONFIG0'
[isolated_pin_label]: Label connected to only one pin
    ; warning
    @(240.00 mm, 186.59 mm): Label 'M2_CONFIG0'
[isolated_pin_label]: Label connected to only one pin
    ; warning
    @(240.00 mm, 189.13 mm): Label 'M2_PCIE_RXP2'
[isolated_pin_label]: Label connected to only one pin
    ; warning
    @(240.00 mm, 189.13 mm): Label 'M2_PCIE_RXP2'
[isolated_pin_label]: Label connected to only one pin
    ; warning
    @(240.00 mm, 189.13 mm): Label 'M2_PCIE_RXP2'
[isolated_pin_label]: Label connected to only one pin
    ; warning
    @(240.00 mm, 191.67 mm): Label 'M2_PCIE_RXN2'
[isolated_pin_label]: Label connected to only one pin
    ; warning
    @(240.00 mm, 191.67 mm): Label 'M2_PCIE_RXN2'
[isolated_pin_label]: Label connected to only one pin
    ; warning
    @(240.00 mm, 191.67 mm): Label 'M2_PCIE_RXN2'
[isolated_pin_label]: Label connected to only one pin
    ; warning
    @(240.00 mm, 200.56 mm): Label 'M2_DAS_DSS'
[isolated_pin_label]: Label connected to only one pin
    ; warning
    @(240.00 mm, 200.56 mm): Label 'M2_DAS_DSS'
[isolated_pin_label]: Label connected to only one pin
    ; warning
    @(240.00 mm, 200.56 mm): Label 'M2_DAS_DSS'
[isolated_pin_label]: Label connected to only one pin
    ; warning
    @(240.00 mm, 204.37 mm): Label 'M2_PCIE_RXP3'
[isolated_pin_label]: Label connected to only one pin
    ; warning
    @(240.00 mm, 204.37 mm): Label 'M2_PCIE_RXP3'
[isolated_pin_label]: Label connected to only one pin
    ; warning
    @(240.00 mm, 204.37 mm): Label 'M2_PCIE_RXP3'
[isolated_pin_label]: Label connected to only one pin
    ; warning
    @(240.00 mm, 206.91 mm): Label 'M2_PCIE_RXN3'
[isolated_pin_label]: Label connected to only one pin
    ; warning
    @(240.00 mm, 206.91 mm): Label 'M2_PCIE_RXN3'
[isolated_pin_label]: Label connected to only one pin
    ; warning
    @(240.00 mm, 206.91 mm): Label 'M2_PCIE_RXN3'
[endpoint_off_grid]: Symbol pin or wire end off connection grid
    ; warning
    @(240.00 mm, 211.99 mm): Symbol J3 Pin 1 [M2_CONFIG3, Passive, Line]
[isolated_pin_label]: Label connected to only one pin
    ; warning
    @(240.00 mm, 211.99 mm): Label 'M2_CONFIG3'
[isolated_pin_label]: Label connected to only one pin
    ; warning
    @(240.00 mm, 211.99 mm): Label 'M2_CONFIG3'
[isolated_pin_label]: Label connected to only one pin
    ; warning
    @(240.00 mm, 211.99 mm): Label 'M2_CONFIG3'
[lib_symbol_issues]: Symbol 'STORAGE_MODE_BUFFER' not found in symbol library 'PiSXMeRevAClean'
    ; warning
    @(280.00 mm, 165.00 mm): Symbol U14 [STORAGE_MODE_BUFFER]
[endpoint_off_grid]: Symbol pin or wire end off connection grid
    ; warning
    @(300.00 mm, 167.54 mm): Symbol U14 Pin 1 [NC_1, Passive, Line]
[footprint_link_issues]: The current configuration does not include the footprint library ''
    ; warning
    @(300.00 mm, 185.00 mm): Symbol R80 [STORAGE_PASSIVE_2]
[lib_symbol_issues]: Symbol 'STORAGE_PASSIVE_2' not found in symbol library 'PiSXMeRevAClean'
    ; warning
    @(300.00 mm, 185.00 mm): Symbol R80 [STORAGE_PASSIVE_2]
[footprint_link_issues]: The current configuration does not include the footprint library ''
    ; warning
    @(300.00 mm, 191.00 mm): Symbol C81 [STORAGE_PASSIVE_2]
[lib_symbol_issues]: Symbol 'STORAGE_PASSIVE_2' not found in symbol library 'PiSXMeRevAClean'
    ; warning
    @(300.00 mm, 191.00 mm): Symbol C81 [STORAGE_PASSIVE_2]
[footprint_link_issues]: The current configuration does not include the footprint library ''
    ; warning
    @(300.00 mm, 197.00 mm): Symbol R81 [STORAGE_PASSIVE_2]
[lib_symbol_issues]: Symbol 'STORAGE_PASSIVE_2' not found in symbol library 'PiSXMeRevAClean'
    ; warning
    @(300.00 mm, 197.00 mm): Symbol R81 [STORAGE_PASSIVE_2]
[footprint_link_issues]: The current configuration does not include the footprint library ''
    ; warning
    @(300.00 mm, 203.00 mm): Symbol C86 [STORAGE_PASSIVE_2]
[lib_symbol_issues]: Symbol 'STORAGE_PASSIVE_2' not found in symbol library 'PiSXMeRevAClean'
    ; warning
    @(300.00 mm, 203.00 mm): Symbol C86 [STORAGE_PASSIVE_2]
[footprint_link_issues]: The current configuration does not include the footprint library ''
    ; warning
    @(300.00 mm, 209.00 mm): Symbol C90 [STORAGE_PASSIVE_2]
[lib_symbol_issues]: Symbol 'STORAGE_PASSIVE_2' not found in symbol library 'PiSXMeRevAClean'
    ; warning
    @(300.00 mm, 209.00 mm): Symbol C90 [STORAGE_PASSIVE_2]
[footprint_link_issues]: The current configuration does not include the footprint library ''
    ; warning
    @(308.00 mm, 185.00 mm): Symbol L10 [STORAGE_PASSIVE_2]
[lib_symbol_issues]: Symbol 'STORAGE_PASSIVE_2' not found in symbol library 'PiSXMeRevAClean'
    ; warning
    @(308.00 mm, 185.00 mm): Symbol L10 [STORAGE_PASSIVE_2]
[footprint_link_issues]: The current configuration does not include the footprint library ''
    ; warning
    @(308.00 mm, 191.00 mm): Symbol C82 [STORAGE_PASSIVE_2]
[lib_symbol_issues]: Symbol 'STORAGE_PASSIVE_2' not found in symbol library 'PiSXMeRevAClean'
    ; warning
    @(308.00 mm, 191.00 mm): Symbol C82 [STORAGE_PASSIVE_2]
[footprint_link_issues]: The current configuration does not include the footprint library ''
    ; warning
    @(308.00 mm, 197.00 mm): Symbol C85 [STORAGE_PASSIVE_2]
[lib_symbol_issues]: Symbol 'STORAGE_PASSIVE_2' not found in symbol library 'PiSXMeRevAClean'
    ; warning
    @(308.00 mm, 197.00 mm): Symbol C85 [STORAGE_PASSIVE_2]
[footprint_link_issues]: The current configuration does not include the footprint library ''
    ; warning
    @(308.00 mm, 203.00 mm): Symbol C87 [STORAGE_PASSIVE_2]
[lib_symbol_issues]: Symbol 'STORAGE_PASSIVE_2' not found in symbol library 'PiSXMeRevAClean'
    ; warning
    @(308.00 mm, 203.00 mm): Symbol C87 [STORAGE_PASSIVE_2]
[footprint_link_issues]: The current configuration does not include the footprint library ''
    ; warning
    @(308.00 mm, 209.00 mm): Symbol C91 [STORAGE_PASSIVE_2]
[lib_symbol_issues]: Symbol 'STORAGE_PASSIVE_2' not found in symbol library 'PiSXMeRevAClean'
    ; warning
    @(308.00 mm, 209.00 mm): Symbol C91 [STORAGE_PASSIVE_2]
[footprint_link_issues]: The current configuration does not include the footprint library ''
    ; warning
    @(316.00 mm, 185.00 mm): Symbol Y10 [STORAGE_CRYSTAL_4]
[lib_symbol_issues]: Symbol 'STORAGE_CRYSTAL_4' not found in symbol library 'PiSXMeRevAClean'
    ; warning
    @(316.00 mm, 185.00 mm): Symbol Y10 [STORAGE_CRYSTAL_4]
[footprint_link_issues]: The current configuration does not include the footprint library ''
    ; warning
    @(316.00 mm, 191.00 mm): Symbol C83 [STORAGE_PASSIVE_2]
[lib_symbol_issues]: Symbol 'STORAGE_PASSIVE_2' not found in symbol library 'PiSXMeRevAClean'
    ; warning
    @(316.00 mm, 191.00 mm): Symbol C83 [STORAGE_PASSIVE_2]
[footprint_link_issues]: The current configuration does not include the footprint library ''
    ; warning
    @(316.00 mm, 197.00 mm): Symbol R82 [STORAGE_PASSIVE_2]
[lib_symbol_issues]: Symbol 'STORAGE_PASSIVE_2' not found in symbol library 'PiSXMeRevAClean'
    ; warning
    @(316.00 mm, 197.00 mm): Symbol R82 [STORAGE_PASSIVE_2]
[footprint_link_issues]: The current configuration does not include the footprint library ''
    ; warning
    @(316.00 mm, 203.00 mm): Symbol C88 [STORAGE_PASSIVE_2]
[lib_symbol_issues]: Symbol 'STORAGE_PASSIVE_2' not found in symbol library 'PiSXMeRevAClean'
    ; warning
    @(316.00 mm, 203.00 mm): Symbol C88 [STORAGE_PASSIVE_2]
[footprint_link_issues]: The current configuration does not include the footprint library ''
    ; warning
    @(316.00 mm, 209.00 mm): Symbol C92 [STORAGE_PASSIVE_2]
[lib_symbol_issues]: Symbol 'STORAGE_PASSIVE_2' not found in symbol library 'PiSXMeRevAClean'
    ; warning
    @(316.00 mm, 209.00 mm): Symbol C92 [STORAGE_PASSIVE_2]
[endpoint_off_grid]: Symbol pin or wire end off connection grid
    ; warning
    @(320.00 mm, 185.635 mm): Symbol R80 Pin 1 [P1, Passive, Line]
[endpoint_off_grid]: Symbol pin or wire end off connection grid
    ; warning
    @(320.00 mm, 191.635 mm): Symbol C81 Pin 1 [P1, Passive, Line]
[endpoint_off_grid]: Symbol pin or wire end off connection grid
    ; warning
    @(320.00 mm, 197.635 mm): Symbol R81 Pin 1 [P1, Passive, Line]
[endpoint_off_grid]: Symbol pin or wire end off connection grid
    ; warning
    @(320.00 mm, 203.635 mm): Symbol C86 Pin 1 [P1, Passive, Line]
[endpoint_off_grid]: Symbol pin or wire end off connection grid
    ; warning
    @(320.00 mm, 209.635 mm): Symbol C90 Pin 1 [P1, Passive, Line]
[footprint_link_issues]: The current configuration does not include the footprint library ''
    ; warning
    @(324.00 mm, 185.00 mm): Symbol C80 [STORAGE_PASSIVE_2]
[lib_symbol_issues]: Symbol 'STORAGE_PASSIVE_2' not found in symbol library 'PiSXMeRevAClean'
    ; warning
    @(324.00 mm, 185.00 mm): Symbol C80 [STORAGE_PASSIVE_2]
[footprint_link_issues]: The current configuration does not include the footprint library ''
    ; warning
    @(324.00 mm, 191.00 mm): Symbol C84 [STORAGE_PASSIVE_2]
[lib_symbol_issues]: Symbol 'STORAGE_PASSIVE_2' not found in symbol library 'PiSXMeRevAClean'
    ; warning
    @(324.00 mm, 191.00 mm): Symbol C84 [STORAGE_PASSIVE_2]
[footprint_link_issues]: The current configuration does not include the footprint library ''
    ; warning
    @(324.00 mm, 197.00 mm): Symbol R83 [STORAGE_PASSIVE_2]
[lib_symbol_issues]: Symbol 'STORAGE_PASSIVE_2' not found in symbol library 'PiSXMeRevAClean'
    ; warning
    @(324.00 mm, 197.00 mm): Symbol R83 [STORAGE_PASSIVE_2]
[footprint_link_issues]: The current configuration does not include the footprint library ''
    ; warning
    @(324.00 mm, 203.00 mm): Symbol C89 [STORAGE_PASSIVE_2]
[lib_symbol_issues]: Symbol 'STORAGE_PASSIVE_2' not found in symbol library 'PiSXMeRevAClean'
    ; warning
    @(324.00 mm, 203.00 mm): Symbol C89 [STORAGE_PASSIVE_2]
[footprint_link_issues]: The current configuration does not include the footprint library ''
    ; warning
    @(324.00 mm, 209.00 mm): Symbol C93 [STORAGE_PASSIVE_2]
[lib_symbol_issues]: Symbol 'STORAGE_PASSIVE_2' not found in symbol library 'PiSXMeRevAClean'
    ; warning
    @(324.00 mm, 209.00 mm): Symbol C93 [STORAGE_PASSIVE_2]
[endpoint_off_grid]: Symbol pin or wire end off connection grid
    ; warning
    @(328.00 mm, 185.635 mm): Symbol L10 Pin 1 [P1, Passive, Line]
[endpoint_off_grid]: Symbol pin or wire end off connection grid
    ; warning
    @(328.00 mm, 191.635 mm): Symbol C82 Pin 1 [P1, Passive, Line]
[endpoint_off_grid]: Symbol pin or wire end off connection grid
    ; warning
    @(328.00 mm, 197.635 mm): Symbol C85 Pin 1 [P1, Passive, Line]
[endpoint_off_grid]: Symbol pin or wire end off connection grid
    ; warning
    @(328.00 mm, 203.635 mm): Symbol C87 Pin 1 [P1, Passive, Line]
[endpoint_off_grid]: Symbol pin or wire end off connection grid
    ; warning
    @(328.00 mm, 209.635 mm): Symbol C91 Pin 1 [P1, Passive, Line]
[lib_symbol_issues]: Symbol 'STORAGE_MODE_OVERRIDE' not found in symbol library 'PiSXMeRevAClean'
    ; warning
    @(330.00 mm, 165.00 mm): Symbol J8 [STORAGE_MODE_OVERRIDE]
[endpoint_off_grid]: Symbol pin or wire end off connection grid
    ; warning
    @(336.00 mm, 186.905 mm): Symbol Y10 Pin 1 [P1, Passive, Line]
[endpoint_off_grid]: Symbol pin or wire end off connection grid
    ; warning
    @(336.00 mm, 191.635 mm): Symbol C83 Pin 1 [P1, Passive, Line]
[endpoint_off_grid]: Symbol pin or wire end off connection grid
    ; warning
    @(336.00 mm, 197.635 mm): Symbol R82 Pin 1 [P1, Passive, Line]
[isolated_pin_label]: Label connected to only one pin
    ; warning
    @(336.00 mm, 202.365 mm): Label 'JMS_USB3_TXP2'
[endpoint_off_grid]: Symbol pin or wire end off connection grid
    ; warning
    @(336.00 mm, 203.635 mm): Symbol C88 Pin 1 [P1, Passive, Line]
[endpoint_off_grid]: Symbol pin or wire end off connection grid
    ; warning
    @(336.00 mm, 209.635 mm): Symbol C92 Pin 1 [P1, Passive, Line]
[endpoint_off_grid]: Symbol pin or wire end off connection grid
    ; warning
    @(344.00 mm, 185.635 mm): Symbol C80 Pin 1 [P1, Passive, Line]
[endpoint_off_grid]: Symbol pin or wire end off connection grid
    ; warning
    @(344.00 mm, 191.635 mm): Symbol C84 Pin 1 [P1, Passive, Line]
[endpoint_off_grid]: Symbol pin or wire end off connection grid
    ; warning
    @(344.00 mm, 197.635 mm): Symbol R83 Pin 1 [P1, Passive, Line]
[isolated_pin_label]: Label connected to only one pin
    ; warning
    @(344.00 mm, 202.365 mm): Label 'JMS_USB3_TXN2'
[endpoint_off_grid]: Symbol pin or wire end off connection grid
    ; warning
    @(344.00 mm, 203.635 mm): Symbol C89 Pin 1 [P1, Passive, Line]
[endpoint_off_grid]: Symbol pin or wire end off connection grid
    ; warning
    @(344.00 mm, 209.635 mm): Symbol C93 Pin 1 [P1, Passive, Line]
[isolated_pin_label]: Label connected to only one pin
    ; warning
    @(350.00 mm, 164.365 mm): Label 'FORCE_NVME'
[endpoint_off_grid]: Symbol pin or wire end off connection grid
    ; warning
    @(350.00 mm, 166.905 mm): Symbol J8 Pin 1 [FORCE_SATA, Passive, Line]
[isolated_pin_label]: Label connected to only one pin
    ; warning
    @(350.00 mm, 166.905 mm): Label 'FORCE_SATA'
[endpoint_off_grid]: Symbol pin or wire end off connection grid
    ; warning
    @(5.00 mm, 10.00 mm): Horizontal Wire, length 14.92 mm
[isolated_pin_label]: Label connected to only one pin
    ; warning
    @(5.00 mm, 10.00 mm): Hierarchical Label 'V100_POWER_12V'
[endpoint_off_grid]: Symbol pin or wire end off connection grid
    ; warning
    @(5.00 mm, 13.00 mm): Horizontal Wire, length 14.92 mm
[isolated_pin_label]: Label connected to only one pin
    ; warning
    @(5.00 mm, 13.00 mm): Hierarchical Label 'V100_GND'
[endpoint_off_grid]: Symbol pin or wire end off connection grid
    ; warning
    @(5.00 mm, 16.00 mm): Horizontal Wire, length 14.92 mm
[isolated_pin_label]: Label connected to only one pin
    ; warning
    @(5.00 mm, 16.00 mm): Hierarchical Label 'V100_THERMAL'
[endpoint_off_grid]: Symbol pin or wire end off connection grid
    ; warning
    @(19.92 mm, 10.00 mm): Symbol X3 Pin 1 [V100_POWER_12V, Passive, Line]
[endpoint_off_grid]: Symbol pin or wire end off connection grid
    ; warning
    @(5.00 mm, 10.00 mm): Horizontal Wire, length 14.92 mm
[endpoint_off_grid]: Symbol pin or wire end off connection grid
    ; warning
    @(5.00 mm, 13.00 mm): Horizontal Wire, length 14.92 mm
[endpoint_off_grid]: Symbol pin or wire end off connection grid
    ; warning
    @(5.00 mm, 16.00 mm): Horizontal Wire, length 14.92 mm
[endpoint_off_grid]: Symbol pin or wire end off connection grid
    ; warning
    @(5.00 mm, 19.00 mm): Horizontal Wire, length 14.92 mm
[isolated_pin_label]: Label connected to only one pin
    ; warning
    @(5.00 mm, 19.00 mm): Hierarchical Label 'SERVICE_RD'
[endpoint_off_grid]: Symbol pin or wire end off connection grid
    ; warning
    @(5.00 mm, 22.00 mm): Horizontal Wire, length 14.92 mm
[endpoint_off_grid]: Symbol pin or wire end off connection grid
    ; warning
    @(19.92 mm, 10.00 mm): Symbol X8 Pin 1 [SERVICE_USB2_DP, Passive, Line]
[endpoint_off_grid]: Symbol pin or wire end off connection grid
    ; warning
    @(50.00 mm, 101.25 mm): Symbol J4 Pin 1 [USB2_DP, Passive, Line]
[endpoint_off_grid]: Symbol pin or wire end off connection grid
    ; warning
    @(70.00 mm, 111.25 mm): Symbol R1 Pin 1 [CC, Passive, Line]
[endpoint_off_grid]: Symbol pin or wire end off connection grid
    ; warning
    @(90.00 mm, 97.50 mm): Symbol U8 Pin 1 [USB2_DP, Passive, Line]
[endpoint_off_grid]: Symbol pin or wire end off connection grid
    ; warning
    @(90.00 mm, 111.25 mm): Symbol R2 Pin 1 [CC, Passive, Line]
[endpoint_off_grid]: Symbol pin or wire end off connection grid
    ; warning
    @(5.00 mm, 10.00 mm): Horizontal Wire, length 14.92 mm
[endpoint_off_grid]: Symbol pin or wire end off connection grid
    ; warning
    @(5.00 mm, 13.00 mm): Horizontal Wire, length 14.92 mm
[endpoint_off_grid]: Symbol pin or wire end off connection grid
    ; warning
    @(5.00 mm, 16.00 mm): Horizontal Wire, length 14.92 mm
[endpoint_off_grid]: Symbol pin or wire end off connection grid
    ; warning
    @(5.00 mm, 19.00 mm): Horizontal Wire, length 14.92 mm
[endpoint_off_grid]: Symbol pin or wire end off connection grid
    ; warning
    @(19.92 mm, 10.00 mm): Symbol X4 Pin 1 [12V_IN_A, Passive, Line]
[endpoint_off_grid]: Symbol pin or wire end off connection grid
    ; warning
    @(50.00 mm, 107.00 mm): Symbol U1 Hidden pin 1 [VCAP, Power output, Line]
[endpoint_off_grid]: Symbol pin or wire end off connection grid
    ; warning
    @(50.00 mm, 157.00 mm): Symbol U2 Hidden pin 1 [VCAP, Power output, Line]
[endpoint_off_grid]: Symbol pin or wire end off connection grid
    ; warning
    @(67.00 mm, 41.25 mm): Symbol J5 Pin 1 [12V, Passive, Line]
[endpoint_off_grid]: Symbol pin or wire end off connection grid
    ; warning
    @(67.00 mm, 81.25 mm): Symbol J6 Pin 1 [12V, Passive, Line]
[endpoint_off_grid]: Symbol pin or wire end off connection grid
    ; warning
    @(70.00 mm, 38.75 mm): Horizontal Wire, length 3.00 mm
[endpoint_off_grid]: Symbol pin or wire end off connection grid
    ; warning
    @(70.00 mm, 38.75 mm): Horizontal Wire, length 3.00 mm
[endpoint_off_grid]: Symbol pin or wire end off connection grid
    ; warning
    @(70.00 mm, 41.25 mm): Horizontal Wire, length 3.00 mm
[endpoint_off_grid]: Symbol pin or wire end off connection grid
    ; warning
    @(70.00 mm, 41.25 mm): Horizontal Wire, length 3.00 mm
[endpoint_off_grid]: Symbol pin or wire end off connection grid
    ; warning
    @(70.00 mm, 78.75 mm): Horizontal Wire, length 3.00 mm
[endpoint_off_grid]: Symbol pin or wire end off connection grid
    ; warning
    @(70.00 mm, 78.75 mm): Horizontal Wire, length 3.00 mm
[endpoint_off_grid]: Symbol pin or wire end off connection grid
    ; warning
    @(70.00 mm, 81.25 mm): Horizontal Wire, length 3.00 mm
[endpoint_off_grid]: Symbol pin or wire end off connection grid
    ; warning
    @(70.00 mm, 81.25 mm): Horizontal Wire, length 3.00 mm
[endpoint_off_grid]: Symbol pin or wire end off connection grid
    ; warning
    @(70.00 mm, 96.50 mm): Symbol #FLG02 Pin 1 [Power output, Line]
[lib_symbol_mismatch]: Symbol 'PWR_FLAG' doesn't match copy in library 'power'
    ; warning
    @(70.00 mm, 96.50 mm): Symbol #FLG02 [PWR_FLAG]
[endpoint_off_grid]: Symbol pin or wire end off connection grid
    ; warning
    @(78.00 mm, 40.00 mm): Symbol F1 Pin 1 [RAW, Passive, Line]
[endpoint_off_grid]: Symbol pin or wire end off connection grid
    ; warning
    @(78.00 mm, 80.00 mm): Symbol F2 Pin 1 [RAW, Passive, Line]
[endpoint_off_grid]: Symbol pin or wire end off connection grid
    ; warning
    @(115.00 mm, 71.19 mm): Symbol C5 Pin 1 [Passive, Line]
[endpoint_off_grid]: Symbol pin or wire end off connection grid
    ; warning
    @(240.00 mm, 210.72 mm): Global Label 'STORAGE_3V3'
[endpoint_off_grid]: Symbol pin or wire end off connection grid
    ; warning
    @(98.00 mm, 80.00 mm): Symbol D2 Pin 1 [A, Passive, Line]
[endpoint_off_grid]: Symbol pin or wire end off connection grid
    ; warning
    @(98.00 mm, 95.00 mm): Symbol C4 Pin 1 [VCAP, Passive, Line]
[endpoint_off_grid]: Symbol pin or wire end off connection grid
    ; warning
    @(110.00 mm, 40.00 mm): Symbol Q1 Pin 1 [SOURCE, Passive, Line]
[endpoint_off_grid]: Symbol pin or wire end off connection grid
    ; warning
    @(70.00 mm, 205.005 mm): Label 'JMS_VDDREG_5V'
[endpoint_off_grid]: Symbol pin or wire end off connection grid
    ; warning
    @(5.00 mm, 10.00 mm): Horizontal Wire, length 14.92 mm
[isolated_pin_label]: Label connected to only one pin
    ; warning
    @(5.00 mm, 10.00 mm): Hierarchical Label 'COOLING_12V'
[endpoint_off_grid]: Symbol pin or wire end off connection grid
    ; warning
    @(5.00 mm, 13.00 mm): Horizontal Wire, length 14.92 mm
[isolated_pin_label]: Label connected to only one pin
    ; warning
    @(5.00 mm, 13.00 mm): Hierarchical Label 'COOLING_PWM'
[endpoint_off_grid]: Symbol pin or wire end off connection grid
    ; warning
    @(5.00 mm, 16.00 mm): Horizontal Wire, length 14.92 mm
[isolated_pin_label]: Label connected to only one pin
    ; warning
    @(5.00 mm, 16.00 mm): Hierarchical Label 'COOLING_TACH'
[endpoint_off_grid]: Symbol pin or wire end off connection grid
    ; warning
    @(5.00 mm, 19.00 mm): Horizontal Wire, length 14.92 mm
[isolated_pin_label]: Label connected to only one pin
    ; warning
    @(5.00 mm, 19.00 mm): Hierarchical Label 'THERMAL_ALERT'
[endpoint_off_grid]: Symbol pin or wire end off connection grid
    ; warning
    @(19.92 mm, 10.00 mm): Symbol X9 Pin 1 [COOLING_12V, Passive, Line]
[endpoint_off_grid]: Symbol pin or wire end off connection grid
    ; warning
    @(5.00 mm, 10.00 mm): Horizontal Wire, length 14.92 mm
[endpoint_off_grid]: Symbol pin or wire end off connection grid
    ; warning
    @(5.00 mm, 13.00 mm): Horizontal Wire, length 14.92 mm
[endpoint_off_grid]: Symbol pin or wire end off connection grid
    ; warning
    @(5.00 mm, 16.00 mm): Horizontal Wire, length 14.92 mm
[endpoint_off_grid]: Symbol pin or wire end off connection grid
    ; warning
    @(5.00 mm, 19.00 mm): Horizontal Wire, length 14.92 mm
[isolated_pin_label]: Label connected to only one pin
    ; warning
    @(5.00 mm, 19.00 mm): Hierarchical Label 'BRIDGE_1V1_3V3'
[endpoint_off_grid]: Symbol pin or wire end off connection grid
    ; warning
    @(5.00 mm, 157.00 mm): Horizontal Wire, length 65.00 mm
[endpoint_off_grid]: Symbol pin or wire end off connection grid
    ; warning
    @(5.00 mm, 207.00 mm): Horizontal Wire, length 65.00 mm
[endpoint_off_grid]: Symbol pin or wire end off connection grid
    ; warning
    @(19.92 mm, 10.00 mm): Symbol X5 Pin 1 [12V_PROTECTED, Passive, Line]
[unconnected_wire_endpoint]: Unconnected wire endpoint
    ; warning
    @(70.00 mm, 77.00 mm): Horizontal Wire, length 5.00 mm
[unconnected_wire_endpoint]: Unconnected wire endpoint
    ; warning
    @(70.00 mm, 79.00 mm): Horizontal Wire, length 5.00 mm
[unconnected_wire_endpoint]: Unconnected wire endpoint
    ; warning
    @(70.00 mm, 81.00 mm): Horizontal Wire, length 5.00 mm
[unconnected_wire_endpoint]: Unconnected wire endpoint
    ; warning
    @(70.00 mm, 83.00 mm): Horizontal Wire, length 5.00 mm
[unconnected_wire_endpoint]: Unconnected wire endpoint
    ; warning
    @(70.00 mm, 85.00 mm): Horizontal Wire, length 5.00 mm
[unconnected_wire_endpoint]: Unconnected wire endpoint
    ; warning
    @(70.00 mm, 87.00 mm): Horizontal Wire, length 5.00 mm
[unconnected_wire_endpoint]: Unconnected wire endpoint
    ; warning
    @(70.00 mm, 89.00 mm): Horizontal Wire, length 5.00 mm
[unconnected_wire_endpoint]: Unconnected wire endpoint
    ; warning
    @(70.00 mm, 91.00 mm): Horizontal Wire, length 5.00 mm
[unconnected_wire_endpoint]: Unconnected wire endpoint
    ; warning
    @(70.00 mm, 93.00 mm): Horizontal Wire, length 5.00 mm
[unconnected_wire_endpoint]: Unconnected wire endpoint
    ; warning
    @(70.00 mm, 95.00 mm): Horizontal Wire, length 5.00 mm
[unconnected_wire_endpoint]: Unconnected wire endpoint
    ; warning
    @(70.00 mm, 97.00 mm): Horizontal Wire, length 5.00 mm
[unconnected_wire_endpoint]: Unconnected wire endpoint
    ; warning
    @(70.00 mm, 99.00 mm): Horizontal Wire, length 5.00 mm
[unconnected_wire_endpoint]: Unconnected wire endpoint
    ; warning
    @(70.00 mm, 101.00 mm): Horizontal Wire, length 5.00 mm
[unconnected_wire_endpoint]: Unconnected wire endpoint
    ; warning
    @(70.00 mm, 103.00 mm): Horizontal Wire, length 5.00 mm
[unconnected_wire_endpoint]: Unconnected wire endpoint
    ; warning
    @(70.00 mm, 105.00 mm): Horizontal Wire, length 5.00 mm
[unconnected_wire_endpoint]: Unconnected wire endpoint
    ; warning
    @(70.00 mm, 107.00 mm): Horizontal Wire, length 5.00 mm
[unconnected_wire_endpoint]: Unconnected wire endpoint
    ; warning
    @(70.00 mm, 109.00 mm): Horizontal Wire, length 5.00 mm
[unconnected_wire_endpoint]: Unconnected wire endpoint
    ; warning
    @(70.00 mm, 111.00 mm): Horizontal Wire, length 5.00 mm
[unconnected_wire_endpoint]: Unconnected wire endpoint
    ; warning
    @(70.00 mm, 113.00 mm): Horizontal Wire, length 5.00 mm
[unconnected_wire_endpoint]: Unconnected wire endpoint
    ; warning
    @(70.00 mm, 115.00 mm): Horizontal Wire, length 5.00 mm
[unconnected_wire_endpoint]: Unconnected wire endpoint
    ; warning
    @(70.00 mm, 127.00 mm): Horizontal Wire, length 5.00 mm
[unconnected_wire_endpoint]: Unconnected wire endpoint
    ; warning
    @(70.00 mm, 129.00 mm): Horizontal Wire, length 5.00 mm
[unconnected_wire_endpoint]: Unconnected wire endpoint
    ; warning
    @(70.00 mm, 131.00 mm): Horizontal Wire, length 5.00 mm
[unconnected_wire_endpoint]: Unconnected wire endpoint
    ; warning
    @(70.00 mm, 133.00 mm): Horizontal Wire, length 5.00 mm
[unconnected_wire_endpoint]: Unconnected wire endpoint
    ; warning
    @(70.00 mm, 135.00 mm): Horizontal Wire, length 5.00 mm
[unconnected_wire_endpoint]: Unconnected wire endpoint
    ; warning
    @(70.00 mm, 137.00 mm): Horizontal Wire, length 5.00 mm
[unconnected_wire_endpoint]: Unconnected wire endpoint
    ; warning
    @(70.00 mm, 139.00 mm): Horizontal Wire, length 5.00 mm
[unconnected_wire_endpoint]: Unconnected wire endpoint
    ; warning
    @(70.00 mm, 141.00 mm): Horizontal Wire, length 5.00 mm
[unconnected_wire_endpoint]: Unconnected wire endpoint
    ; warning
    @(70.00 mm, 143.00 mm): Horizontal Wire, length 5.00 mm
[unconnected_wire_endpoint]: Unconnected wire endpoint
    ; warning
    @(70.00 mm, 145.00 mm): Horizontal Wire, length 5.00 mm
[unconnected_wire_endpoint]: Unconnected wire endpoint
    ; warning
    @(70.00 mm, 147.00 mm): Horizontal Wire, length 5.00 mm
[unconnected_wire_endpoint]: Unconnected wire endpoint
    ; warning
    @(70.00 mm, 149.00 mm): Horizontal Wire, length 5.00 mm
[unconnected_wire_endpoint]: Unconnected wire endpoint
    ; warning
    @(70.00 mm, 151.00 mm): Horizontal Wire, length 5.00 mm
[unconnected_wire_endpoint]: Unconnected wire endpoint
    ; warning
    @(70.00 mm, 153.00 mm): Horizontal Wire, length 5.00 mm
[unconnected_wire_endpoint]: Unconnected wire endpoint
    ; warning
    @(70.00 mm, 155.00 mm): Horizontal Wire, length 5.00 mm
[unconnected_wire_endpoint]: Unconnected wire endpoint
    ; warning
    @(70.00 mm, 157.00 mm): Horizontal Wire, length 5.00 mm
[unconnected_wire_endpoint]: Unconnected wire endpoint
    ; warning
    @(70.00 mm, 159.00 mm): Horizontal Wire, length 5.00 mm
[unconnected_wire_endpoint]: Unconnected wire endpoint
    ; warning
    @(70.00 mm, 161.00 mm): Horizontal Wire, length 5.00 mm
[unconnected_wire_endpoint]: Unconnected wire endpoint
    ; warning
    @(70.00 mm, 163.00 mm): Horizontal Wire, length 5.00 mm
[unconnected_wire_endpoint]: Unconnected wire endpoint
    ; warning
    @(70.00 mm, 165.00 mm): Horizontal Wire, length 5.00 mm
[unconnected_wire_endpoint]: Unconnected wire endpoint
    ; warning
    @(70.00 mm, 177.00 mm): Horizontal Wire, length 5.00 mm
[unconnected_wire_endpoint]: Unconnected wire endpoint
    ; warning
    @(70.00 mm, 179.00 mm): Horizontal Wire, length 5.00 mm
[unconnected_wire_endpoint]: Unconnected wire endpoint
    ; warning
    @(70.00 mm, 181.00 mm): Horizontal Wire, length 5.00 mm
[unconnected_wire_endpoint]: Unconnected wire endpoint
    ; warning
    @(70.00 mm, 183.00 mm): Horizontal Wire, length 5.00 mm
[unconnected_wire_endpoint]: Unconnected wire endpoint
    ; warning
    @(70.00 mm, 185.00 mm): Horizontal Wire, length 5.00 mm
[unconnected_wire_endpoint]: Unconnected wire endpoint
    ; warning
    @(70.00 mm, 187.00 mm): Horizontal Wire, length 5.00 mm
[unconnected_wire_endpoint]: Unconnected wire endpoint
    ; warning
    @(70.00 mm, 189.00 mm): Horizontal Wire, length 5.00 mm
[unconnected_wire_endpoint]: Unconnected wire endpoint
    ; warning
    @(70.00 mm, 191.00 mm): Horizontal Wire, length 5.00 mm
[unconnected_wire_endpoint]: Unconnected wire endpoint
    ; warning
    @(70.00 mm, 193.00 mm): Horizontal Wire, length 5.00 mm
[unconnected_wire_endpoint]: Unconnected wire endpoint
    ; warning
    @(70.00 mm, 195.00 mm): Horizontal Wire, length 5.00 mm
[unconnected_wire_endpoint]: Unconnected wire endpoint
    ; warning
    @(70.00 mm, 197.00 mm): Horizontal Wire, length 5.00 mm
[unconnected_wire_endpoint]: Unconnected wire endpoint
    ; warning
    @(70.00 mm, 199.00 mm): Horizontal Wire, length 5.00 mm
[unconnected_wire_endpoint]: Unconnected wire endpoint
    ; warning
    @(70.00 mm, 201.00 mm): Horizontal Wire, length 5.00 mm
[unconnected_wire_endpoint]: Unconnected wire endpoint
    ; warning
    @(70.00 mm, 203.00 mm): Horizontal Wire, length 5.00 mm
[unconnected_wire_endpoint]: Unconnected wire endpoint
    ; warning
    @(70.00 mm, 205.00 mm): Horizontal Wire, length 5.00 mm
[unconnected_wire_endpoint]: Unconnected wire endpoint
    ; warning
    @(70.00 mm, 207.00 mm): Horizontal Wire, length 5.00 mm
[unconnected_wire_endpoint]: Unconnected wire endpoint
    ; warning
    @(70.00 mm, 209.00 mm): Horizontal Wire, length 5.00 mm
[unconnected_wire_endpoint]: Unconnected wire endpoint
    ; warning
    @(70.00 mm, 211.00 mm): Horizontal Wire, length 5.00 mm
[unconnected_wire_endpoint]: Unconnected wire endpoint
    ; warning
    @(70.00 mm, 213.00 mm): Horizontal Wire, length 5.00 mm
[unconnected_wire_endpoint]: Unconnected wire endpoint
    ; warning
    @(70.00 mm, 215.00 mm): Horizontal Wire, length 5.00 mm
[endpoint_off_grid]: Symbol pin or wire end off connection grid
    ; warning
    @(70.00 mm, 77.00 mm): Horizontal Wire, length 5.00 mm
[endpoint_off_grid]: Symbol pin or wire end off connection grid
    ; warning
    @(70.00 mm, 79.00 mm): Horizontal Wire, length 5.00 mm
[endpoint_off_grid]: Symbol pin or wire end off connection grid
    ; warning
    @(70.00 mm, 81.00 mm): Horizontal Wire, length 5.00 mm
[endpoint_off_grid]: Symbol pin or wire end off connection grid
    ; warning
    @(70.00 mm, 83.00 mm): Horizontal Wire, length 5.00 mm
[endpoint_off_grid]: Symbol pin or wire end off connection grid
    ; warning
    @(70.00 mm, 85.00 mm): Horizontal Wire, length 5.00 mm
[endpoint_off_grid]: Symbol pin or wire end off connection grid
    ; warning
    @(70.00 mm, 87.00 mm): Horizontal Wire, length 5.00 mm
[endpoint_off_grid]: Symbol pin or wire end off connection grid
    ; warning
    @(70.00 mm, 89.00 mm): Horizontal Wire, length 5.00 mm
[endpoint_off_grid]: Symbol pin or wire end off connection grid
    ; warning
    @(70.00 mm, 91.00 mm): Horizontal Wire, length 5.00 mm
[endpoint_off_grid]: Symbol pin or wire end off connection grid
    ; warning
    @(70.00 mm, 93.00 mm): Horizontal Wire, length 5.00 mm
[endpoint_off_grid]: Symbol pin or wire end off connection grid
    ; warning
    @(70.00 mm, 95.00 mm): Horizontal Wire, length 5.00 mm
[endpoint_off_grid]: Symbol pin or wire end off connection grid
    ; warning
    @(70.00 mm, 97.00 mm): Horizontal Wire, length 5.00 mm
[endpoint_off_grid]: Symbol pin or wire end off connection grid
    ; warning
    @(70.00 mm, 99.00 mm): Horizontal Wire, length 5.00 mm
[endpoint_off_grid]: Symbol pin or wire end off connection grid
    ; warning
    @(70.00 mm, 101.00 mm): Horizontal Wire, length 5.00 mm
[endpoint_off_grid]: Symbol pin or wire end off connection grid
    ; warning
    @(70.00 mm, 103.00 mm): Horizontal Wire, length 5.00 mm
[isolated_pin_label]: Label connected to only one pin
    ; warning
    @(70.00 mm, 103.00 mm): Label 'VCC_U3_INTERNAL'
[endpoint_off_grid]: Symbol pin or wire end off connection grid
    ; warning
    @(70.00 mm, 105.00 mm): Horizontal Wire, length 5.00 mm
[endpoint_off_grid]: Symbol pin or wire end off connection grid
    ; warning
    @(70.00 mm, 107.00 mm): Horizontal Wire, length 5.00 mm
[endpoint_off_grid]: Symbol pin or wire end off connection grid
    ; warning
    @(70.00 mm, 109.00 mm): Horizontal Wire, length 5.00 mm
[isolated_pin_label]: Label connected to only one pin
    ; warning
    @(70.00 mm, 109.00 mm): Label 'RBOOT_CM5_5V'
[endpoint_off_grid]: Symbol pin or wire end off connection grid
    ; warning
    @(70.00 mm, 111.00 mm): Horizontal Wire, length 5.00 mm
[isolated_pin_label]: Label connected to only one pin
    ; warning
    @(70.00 mm, 111.00 mm): Label 'CBOOT_CM5_5V'
[endpoint_off_grid]: Symbol pin or wire end off connection grid
    ; warning
    @(70.00 mm, 113.00 mm): Horizontal Wire, length 5.00 mm
[isolated_pin_label]: Label connected to only one pin
    ; warning
    @(70.00 mm, 113.00 mm): Label 'SW_CM5_5V'
[endpoint_off_grid]: Symbol pin or wire end off connection grid
    ; warning
    @(70.00 mm, 115.00 mm): Symbol U3 Pin 1 [VIN1, Passive, Line]
[endpoint_off_grid]: Symbol pin or wire end off connection grid
    ; warning
    @(70.00 mm, 115.00 mm): Horizontal Wire, length 5.00 mm
[endpoint_off_grid]: Symbol pin or wire end off connection grid
    ; warning
    @(70.00 mm, 127.00 mm): Horizontal Wire, length 5.00 mm
[endpoint_off_grid]: Symbol pin or wire end off connection grid
    ; warning
    @(70.00 mm, 129.00 mm): Horizontal Wire, length 5.00 mm
[endpoint_off_grid]: Symbol pin or wire end off connection grid
    ; warning
    @(70.00 mm, 131.00 mm): Horizontal Wire, length 5.00 mm
[endpoint_off_grid]: Symbol pin or wire end off connection grid
    ; warning
    @(70.00 mm, 133.00 mm): Horizontal Wire, length 5.00 mm
[endpoint_off_grid]: Symbol pin or wire end off connection grid
    ; warning
    @(70.00 mm, 135.00 mm): Horizontal Wire, length 5.00 mm
[endpoint_off_grid]: Symbol pin or wire end off connection grid
    ; warning
    @(70.00 mm, 137.00 mm): Horizontal Wire, length 5.00 mm
[endpoint_off_grid]: Symbol pin or wire end off connection grid
    ; warning
    @(70.00 mm, 139.00 mm): Horizontal Wire, length 5.00 mm
[endpoint_off_grid]: Symbol pin or wire end off connection grid
    ; warning
    @(70.00 mm, 141.00 mm): Horizontal Wire, length 5.00 mm
[endpoint_off_grid]: Symbol pin or wire end off connection grid
    ; warning
    @(70.00 mm, 143.00 mm): Horizontal Wire, length 5.00 mm
[endpoint_off_grid]: Symbol pin or wire end off connection grid
    ; warning
    @(70.00 mm, 145.00 mm): Horizontal Wire, length 5.00 mm
[endpoint_off_grid]: Symbol pin or wire end off connection grid
    ; warning
    @(70.00 mm, 147.00 mm): Horizontal Wire, length 5.00 mm
[endpoint_off_grid]: Symbol pin or wire end off connection grid
    ; warning
    @(70.00 mm, 149.00 mm): Horizontal Wire, length 5.00 mm
[endpoint_off_grid]: Symbol pin or wire end off connection grid
    ; warning
    @(70.00 mm, 151.00 mm): Horizontal Wire, length 5.00 mm
[endpoint_off_grid]: Symbol pin or wire end off connection grid
    ; warning
    @(70.00 mm, 153.00 mm): Horizontal Wire, length 5.00 mm
[isolated_pin_label]: Label connected to only one pin
    ; warning
    @(70.00 mm, 153.00 mm): Label 'VCC_U4_INTERNAL'
[endpoint_off_grid]: Symbol pin or wire end off connection grid
    ; warning
    @(70.00 mm, 155.00 mm): Horizontal Wire, length 5.00 mm
[endpoint_off_grid]: Symbol pin or wire end off connection grid
    ; warning
    @(70.00 mm, 157.00 mm): Horizontal Wire, length 5.00 mm
[endpoint_off_grid]: Symbol pin or wire end off connection grid
    ; warning
    @(70.00 mm, 159.00 mm): Horizontal Wire, length 5.00 mm
[isolated_pin_label]: Label connected to only one pin
    ; warning
    @(70.00 mm, 159.00 mm): Label 'RBOOT_BRIDGE_3V3'
[endpoint_off_grid]: Symbol pin or wire end off connection grid
    ; warning
    @(70.00 mm, 161.00 mm): Horizontal Wire, length 5.00 mm
[isolated_pin_label]: Label connected to only one pin
    ; warning
    @(70.00 mm, 161.00 mm): Label 'CBOOT_BRIDGE_3V3'
[endpoint_off_grid]: Symbol pin or wire end off connection grid
    ; warning
    @(70.00 mm, 163.00 mm): Horizontal Wire, length 5.00 mm
[isolated_pin_label]: Label connected to only one pin
    ; warning
    @(70.00 mm, 163.00 mm): Label 'SW_BRIDGE_3V3'
[endpoint_off_grid]: Symbol pin or wire end off connection grid
    ; warning
    @(70.00 mm, 165.00 mm): Symbol U4 Pin 1 [VIN1, Passive, Line]
[endpoint_off_grid]: Symbol pin or wire end off connection grid
    ; warning
    @(70.00 mm, 165.00 mm): Horizontal Wire, length 5.00 mm
[endpoint_off_grid]: Symbol pin or wire end off connection grid
    ; warning
    @(70.00 mm, 177.00 mm): Horizontal Wire, length 5.00 mm
[endpoint_off_grid]: Symbol pin or wire end off connection grid
    ; warning
    @(70.00 mm, 179.00 mm): Horizontal Wire, length 5.00 mm
[endpoint_off_grid]: Symbol pin or wire end off connection grid
    ; warning
    @(70.00 mm, 181.00 mm): Horizontal Wire, length 5.00 mm
[endpoint_off_grid]: Symbol pin or wire end off connection grid
    ; warning
    @(70.00 mm, 183.00 mm): Horizontal Wire, length 5.00 mm
[endpoint_off_grid]: Symbol pin or wire end off connection grid
    ; warning
    @(70.00 mm, 185.00 mm): Horizontal Wire, length 5.00 mm
[endpoint_off_grid]: Symbol pin or wire end off connection grid
    ; warning
    @(70.00 mm, 187.00 mm): Horizontal Wire, length 5.00 mm
[endpoint_off_grid]: Symbol pin or wire end off connection grid
    ; warning
    @(70.00 mm, 189.00 mm): Horizontal Wire, length 5.00 mm
[endpoint_off_grid]: Symbol pin or wire end off connection grid
    ; warning
    @(70.00 mm, 191.00 mm): Horizontal Wire, length 5.00 mm
[endpoint_off_grid]: Symbol pin or wire end off connection grid
    ; warning
    @(70.00 mm, 193.00 mm): Horizontal Wire, length 5.00 mm
[endpoint_off_grid]: Symbol pin or wire end off connection grid
    ; warning
    @(70.00 mm, 195.00 mm): Horizontal Wire, length 5.00 mm
[endpoint_off_grid]: Symbol pin or wire end off connection grid
    ; warning
    @(70.00 mm, 197.00 mm): Horizontal Wire, length 5.00 mm
[endpoint_off_grid]: Symbol pin or wire end off connection grid
    ; warning
    @(70.00 mm, 199.00 mm): Horizontal Wire, length 5.00 mm
[endpoint_off_grid]: Symbol pin or wire end off connection grid
    ; warning
    @(70.00 mm, 201.00 mm): Horizontal Wire, length 5.00 mm
[endpoint_off_grid]: Symbol pin or wire end off connection grid
    ; warning
    @(70.00 mm, 203.00 mm): Horizontal Wire, length 5.00 mm
[isolated_pin_label]: Label connected to only one pin
    ; warning
    @(70.00 mm, 203.00 mm): Label 'VCC_U5_INTERNAL'
[endpoint_off_grid]: Symbol pin or wire end off connection grid
    ; warning
    @(70.00 mm, 205.00 mm): Horizontal Wire, length 5.00 mm
[endpoint_off_grid]: Symbol pin or wire end off connection grid
    ; warning
    @(70.00 mm, 207.00 mm): Horizontal Wire, length 5.00 mm
[endpoint_off_grid]: Symbol pin or wire end off connection grid
    ; warning
    @(70.00 mm, 209.00 mm): Horizontal Wire, length 5.00 mm
[isolated_pin_label]: Label connected to only one pin
    ; warning
    @(70.00 mm, 209.00 mm): Label 'RBOOT_BRIDGE_1V1'
[endpoint_off_grid]: Symbol pin or wire end off connection grid
    ; warning
    @(70.00 mm, 211.00 mm): Horizontal Wire, length 5.00 mm
[isolated_pin_label]: Label connected to only one pin
    ; warning
    @(70.00 mm, 211.00 mm): Label 'CBOOT_BRIDGE_1V1'
[endpoint_off_grid]: Symbol pin or wire end off connection grid
    ; warning
    @(70.00 mm, 213.00 mm): Horizontal Wire, length 5.00 mm
[isolated_pin_label]: Label connected to only one pin
    ; warning
    @(70.00 mm, 213.00 mm): Label 'SW_BRIDGE_1V1'
[endpoint_off_grid]: Symbol pin or wire end off connection grid
    ; warning
    @(70.00 mm, 215.00 mm): Symbol U5 Pin 1 [VIN1, Passive, Line]
[endpoint_off_grid]: Symbol pin or wire end off connection grid
    ; warning
    @(70.00 mm, 215.00 mm): Horizontal Wire, length 5.00 mm
[unconnected_wire_endpoint]: Unconnected wire endpoint
    ; warning
    @(115.00 mm, 71.19 mm): Horizontal Wire, length 1.00 mm
[unconnected_wire_endpoint]: Unconnected wire endpoint
    ; warning
    @(115.00 mm, 81.19 mm): Horizontal Wire, length 1.00 mm
[unconnected_wire_endpoint]: Unconnected wire endpoint
    ; warning
    @(115.00 mm, 106.19 mm): Horizontal Wire, length 1.00 mm
[unconnected_wire_endpoint]: Unconnected wire endpoint
    ; warning
    @(115.00 mm, 116.19 mm): Horizontal Wire, length 1.00 mm
[unconnected_wire_endpoint]: Unconnected wire endpoint
    ; warning
    @(115.00 mm, 176.19 mm): Horizontal Wire, length 1.00 mm
[endpoint_off_grid]: Symbol pin or wire end off connection grid
    ; warning
    @(115.00 mm, 71.19 mm): Symbol C5 Pin 1 [Passive, Line]
[endpoint_off_grid]: Symbol pin or wire end off connection grid
    ; warning
    @(115.00 mm, 71.19 mm): Horizontal Wire, length 1.00 mm
[endpoint_off_grid]: Symbol pin or wire end off connection grid
    ; warning
    @(115.00 mm, 78.81 mm): Horizontal Wire, length 1.00 mm
[endpoint_off_grid]: Symbol pin or wire end off connection grid
    ; warning
    @(115.00 mm, 81.19 mm): Symbol R3 Pin 1 [Passive, Line]
[endpoint_off_grid]: Symbol pin or wire end off connection grid
    ; warning
    @(115.00 mm, 81.19 mm): Horizontal Wire, length 1.00 mm
[endpoint_off_grid]: Symbol pin or wire end off connection grid
    ; warning
    @(115.00 mm, 88.81 mm): Horizontal Wire, length 1.00 mm
[endpoint_off_grid]: Symbol pin or wire end off connection grid
    ; warning
    @(115.00 mm, 106.19 mm): Symbol C14 Pin 1 [Passive, Line]
[endpoint_off_grid]: Symbol pin or wire end off connection grid
    ; warning
    @(115.00 mm, 106.19 mm): Horizontal Wire, length 1.00 mm
[endpoint_off_grid]: Symbol pin or wire end off connection grid
    ; warning
    @(115.00 mm, 113.81 mm): Horizontal Wire, length 1.00 mm
[endpoint_off_grid]: Symbol pin or wire end off connection grid
    ; warning
    @(115.00 mm, 116.19 mm): Symbol R11 Pin 1 [Passive, Line]
[endpoint_off_grid]: Symbol pin or wire end off connection grid
    ; warning
    @(115.00 mm, 116.19 mm): Horizontal Wire, length 1.00 mm
[endpoint_off_grid]: Symbol pin or wire end off connection grid
    ; warning
    @(115.00 mm, 123.81 mm): Horizontal Wire, length 1.00 mm
[endpoint_off_grid]: Symbol pin or wire end off connection grid
    ; warning
    @(115.00 mm, 176.19 mm): Symbol C23 Pin 1 [Passive, Line]
[endpoint_off_grid]: Symbol pin or wire end off connection grid
    ; warning
    @(115.00 mm, 176.19 mm): Horizontal Wire, length 1.00 mm
[endpoint_off_grid]: Symbol pin or wire end off connection grid
    ; warning
    @(115.00 mm, 183.81 mm): Horizontal Wire, length 1.00 mm
[unconnected_wire_endpoint]: Unconnected wire endpoint
    ; warning
    @(115.00 mm, 78.81 mm): Horizontal Wire, length 1.00 mm
[unconnected_wire_endpoint]: Unconnected wire endpoint
    ; warning
    @(115.00 mm, 88.81 mm): Horizontal Wire, length 1.00 mm
[unconnected_wire_endpoint]: Unconnected wire endpoint
    ; warning
    @(115.00 mm, 113.81 mm): Horizontal Wire, length 1.00 mm
[unconnected_wire_endpoint]: Unconnected wire endpoint
    ; warning
    @(115.00 mm, 123.81 mm): Horizontal Wire, length 1.00 mm
[unconnected_wire_endpoint]: Unconnected wire endpoint
    ; warning
    @(115.00 mm, 183.81 mm): Horizontal Wire, length 1.00 mm
[unconnected_wire_endpoint]: Unconnected wire endpoint
    ; warning
    @(132.00 mm, 71.19 mm): Horizontal Wire, length 1.00 mm
[unconnected_wire_endpoint]: Unconnected wire endpoint
    ; warning
    @(132.00 mm, 81.19 mm): Horizontal Wire, length 1.00 mm
[unconnected_wire_endpoint]: Unconnected wire endpoint
    ; warning
    @(132.00 mm, 106.19 mm): Horizontal Wire, length 1.00 mm
[unconnected_wire_endpoint]: Unconnected wire endpoint
    ; warning
    @(132.00 mm, 116.19 mm): Horizontal Wire, length 1.00 mm
[unconnected_wire_endpoint]: Unconnected wire endpoint
    ; warning
    @(132.00 mm, 176.19 mm): Horizontal Wire, length 1.00 mm
[endpoint_off_grid]: Symbol pin or wire end off connection grid
    ; warning
    @(132.00 mm, 71.19 mm): Symbol C6 Pin 1 [Passive, Line]
[endpoint_off_grid]: Symbol pin or wire end off connection grid
    ; warning
    @(132.00 mm, 71.19 mm): Horizontal Wire, length 1.00 mm
[endpoint_off_grid]: Symbol pin or wire end off connection grid
    ; warning
    @(132.00 mm, 78.81 mm): Horizontal Wire, length 1.00 mm
[endpoint_off_grid]: Symbol pin or wire end off connection grid
    ; warning
    @(132.00 mm, 81.19 mm): Symbol R4 Pin 1 [Passive, Line]
[endpoint_off_grid]: Symbol pin or wire end off connection grid
    ; warning
    @(132.00 mm, 81.19 mm): Horizontal Wire, length 1.00 mm
[endpoint_off_grid]: Symbol pin or wire end off connection grid
    ; warning
    @(132.00 mm, 88.81 mm): Horizontal Wire, length 1.00 mm
[endpoint_off_grid]: Symbol pin or wire end off connection grid
    ; warning
    @(132.00 mm, 106.19 mm): Symbol C15 Pin 1 [Passive, Line]
[endpoint_off_grid]: Symbol pin or wire end off connection grid
    ; warning
    @(132.00 mm, 106.19 mm): Horizontal Wire, length 1.00 mm
[endpoint_off_grid]: Symbol pin or wire end off connection grid
    ; warning
    @(132.00 mm, 113.81 mm): Horizontal Wire, length 1.00 mm
[endpoint_off_grid]: Symbol pin or wire end off connection grid
    ; warning
    @(132.00 mm, 116.19 mm): Symbol R12 Pin 1 [Passive, Line]
[endpoint_off_grid]: Symbol pin or wire end off connection grid
    ; warning
    @(132.00 mm, 116.19 mm): Horizontal Wire, length 1.00 mm
[endpoint_off_grid]: Symbol pin or wire end off connection grid
    ; warning
    @(132.00 mm, 123.81 mm): Horizontal Wire, length 1.00 mm
[endpoint_off_grid]: Symbol pin or wire end off connection grid
    ; warning
    @(132.00 mm, 176.19 mm): Symbol C24 Pin 1 [Passive, Line]
[endpoint_off_grid]: Symbol pin or wire end off connection grid
    ; warning
    @(132.00 mm, 176.19 mm): Horizontal Wire, length 1.00 mm
[endpoint_off_grid]: Symbol pin or wire end off connection grid
    ; warning
    @(132.00 mm, 183.81 mm): Horizontal Wire, length 1.00 mm
[unconnected_wire_endpoint]: Unconnected wire endpoint
    ; warning
    @(132.00 mm, 78.81 mm): Horizontal Wire, length 1.00 mm
[unconnected_wire_endpoint]: Unconnected wire endpoint
    ; warning
    @(132.00 mm, 88.81 mm): Horizontal Wire, length 1.00 mm
[unconnected_wire_endpoint]: Unconnected wire endpoint
    ; warning
    @(132.00 mm, 113.81 mm): Horizontal Wire, length 1.00 mm
[unconnected_wire_endpoint]: Unconnected wire endpoint
    ; warning
    @(132.00 mm, 123.81 mm): Horizontal Wire, length 1.00 mm
[unconnected_wire_endpoint]: Unconnected wire endpoint
    ; warning
    @(132.00 mm, 183.81 mm): Horizontal Wire, length 1.00 mm
[unconnected_wire_endpoint]: Unconnected wire endpoint
    ; warning
    @(149.00 mm, 71.19 mm): Horizontal Wire, length 1.00 mm
[unconnected_wire_endpoint]: Unconnected wire endpoint
    ; warning
    @(149.00 mm, 81.19 mm): Horizontal Wire, length 1.00 mm
[unconnected_wire_endpoint]: Unconnected wire endpoint
    ; warning
    @(149.00 mm, 106.19 mm): Horizontal Wire, length 1.00 mm
[unconnected_wire_endpoint]: Unconnected wire endpoint
    ; warning
    @(149.00 mm, 116.19 mm): Horizontal Wire, length 1.00 mm
[unconnected_wire_endpoint]: Unconnected wire endpoint
    ; warning
    @(149.00 mm, 176.19 mm): Horizontal Wire, length 1.00 mm
[endpoint_off_grid]: Symbol pin or wire end off connection grid
    ; warning
    @(149.00 mm, 71.19 mm): Symbol C7 Pin 1 [Passive, Line]
[endpoint_off_grid]: Symbol pin or wire end off connection grid
    ; warning
    @(149.00 mm, 71.19 mm): Horizontal Wire, length 1.00 mm
[endpoint_off_grid]: Symbol pin or wire end off connection grid
    ; warning
    @(149.00 mm, 78.81 mm): Horizontal Wire, length 1.00 mm
[endpoint_off_grid]: Symbol pin or wire end off connection grid
    ; warning
    @(149.00 mm, 81.19 mm): Symbol R5 Pin 1 [Passive, Line]
[endpoint_off_grid]: Symbol pin or wire end off connection grid
    ; warning
    @(149.00 mm, 81.19 mm): Horizontal Wire, length 1.00 mm
[endpoint_off_grid]: Symbol pin or wire end off connection grid
    ; warning
    @(149.00 mm, 88.81 mm): Horizontal Wire, length 1.00 mm
[endpoint_off_grid]: Symbol pin or wire end off connection grid
    ; warning
    @(149.00 mm, 106.19 mm): Symbol C16 Pin 1 [Passive, Line]
[endpoint_off_grid]: Symbol pin or wire end off connection grid
    ; warning
    @(149.00 mm, 106.19 mm): Horizontal Wire, length 1.00 mm
[endpoint_off_grid]: Symbol pin or wire end off connection grid
    ; warning
    @(149.00 mm, 113.81 mm): Horizontal Wire, length 1.00 mm
[endpoint_off_grid]: Symbol pin or wire end off connection grid
    ; warning
    @(149.00 mm, 116.19 mm): Symbol R13 Pin 1 [Passive, Line]
[endpoint_off_grid]: Symbol pin or wire end off connection grid
    ; warning
    @(149.00 mm, 116.19 mm): Horizontal Wire, length 1.00 mm
[endpoint_off_grid]: Symbol pin or wire end off connection grid
    ; warning
    @(149.00 mm, 123.81 mm): Horizontal Wire, length 1.00 mm
[endpoint_off_grid]: Symbol pin or wire end off connection grid
    ; warning
    @(149.00 mm, 176.19 mm): Symbol C25 Pin 1 [Passive, Line]
[endpoint_off_grid]: Symbol pin or wire end off connection grid
    ; warning
    @(149.00 mm, 176.19 mm): Horizontal Wire, length 1.00 mm
[endpoint_off_grid]: Symbol pin or wire end off connection grid
    ; warning
    @(149.00 mm, 183.81 mm): Horizontal Wire, length 1.00 mm
[unconnected_wire_endpoint]: Unconnected wire endpoint
    ; warning
    @(149.00 mm, 78.81 mm): Horizontal Wire, length 1.00 mm
[unconnected_wire_endpoint]: Unconnected wire endpoint
    ; warning
    @(149.00 mm, 88.81 mm): Horizontal Wire, length 1.00 mm
[unconnected_wire_endpoint]: Unconnected wire endpoint
    ; warning
    @(149.00 mm, 113.81 mm): Horizontal Wire, length 1.00 mm
[unconnected_wire_endpoint]: Unconnected wire endpoint
    ; warning
    @(149.00 mm, 123.81 mm): Horizontal Wire, length 1.00 mm
[unconnected_wire_endpoint]: Unconnected wire endpoint
    ; warning
    @(149.00 mm, 183.81 mm): Horizontal Wire, length 1.00 mm
[unconnected_wire_endpoint]: Unconnected wire endpoint
    ; warning
    @(166.00 mm, 71.19 mm): Horizontal Wire, length 1.00 mm
[unconnected_wire_endpoint]: Unconnected wire endpoint
    ; warning
    @(166.00 mm, 81.19 mm): Horizontal Wire, length 1.00 mm
[unconnected_wire_endpoint]: Unconnected wire endpoint
    ; warning
    @(166.00 mm, 106.19 mm): Horizontal Wire, length 1.00 mm
[unconnected_wire_endpoint]: Unconnected wire endpoint
    ; warning
    @(166.00 mm, 116.19 mm): Horizontal Wire, length 1.00 mm
[unconnected_wire_endpoint]: Unconnected wire endpoint
    ; warning
    @(166.00 mm, 176.19 mm): Horizontal Wire, length 1.00 mm
[endpoint_off_grid]: Symbol pin or wire end off connection grid
    ; warning
    @(166.00 mm, 71.19 mm): Symbol C8 Pin 1 [Passive, Line]
[endpoint_off_grid]: Symbol pin or wire end off connection grid
    ; warning
    @(166.00 mm, 71.19 mm): Horizontal Wire, length 1.00 mm
[endpoint_off_grid]: Symbol pin or wire end off connection grid
    ; warning
    @(166.00 mm, 78.81 mm): Horizontal Wire, length 1.00 mm
[endpoint_off_grid]: Symbol pin or wire end off connection grid
    ; warning
    @(166.00 mm, 81.19 mm): Symbol R6 Pin 1 [Passive, Line]
[endpoint_off_grid]: Symbol pin or wire end off connection grid
    ; warning
    @(166.00 mm, 81.19 mm): Horizontal Wire, length 1.00 mm
[endpoint_off_grid]: Symbol pin or wire end off connection grid
    ; warning
    @(166.00 mm, 88.81 mm): Horizontal Wire, length 1.00 mm
[endpoint_off_grid]: Symbol pin or wire end off connection grid
    ; warning
    @(166.00 mm, 106.19 mm): Symbol C17 Pin 1 [Passive, Line]
[endpoint_off_grid]: Symbol pin or wire end off connection grid
    ; warning
    @(166.00 mm, 106.19 mm): Horizontal Wire, length 1.00 mm
[endpoint_off_grid]: Symbol pin or wire end off connection grid
    ; warning
    @(166.00 mm, 113.81 mm): Horizontal Wire, length 1.00 mm
[endpoint_off_grid]: Symbol pin or wire end off connection grid
    ; warning
    @(166.00 mm, 116.19 mm): Symbol R14 Pin 1 [Passive, Line]
[endpoint_off_grid]: Symbol pin or wire end off connection grid
    ; warning
    @(166.00 mm, 116.19 mm): Horizontal Wire, length 1.00 mm
[endpoint_off_grid]: Symbol pin or wire end off connection grid
    ; warning
    @(166.00 mm, 123.81 mm): Horizontal Wire, length 1.00 mm
[endpoint_off_grid]: Symbol pin or wire end off connection grid
    ; warning
    @(166.00 mm, 176.19 mm): Symbol R19 Pin 1 [Passive, Line]
[endpoint_off_grid]: Symbol pin or wire end off connection grid
    ; warning
    @(166.00 mm, 176.19 mm): Horizontal Wire, length 1.00 mm
[endpoint_off_grid]: Symbol pin or wire end off connection grid
    ; warning
    @(166.00 mm, 183.81 mm): Horizontal Wire, length 1.00 mm
[unconnected_wire_endpoint]: Unconnected wire endpoint
    ; warning
    @(166.00 mm, 78.81 mm): Horizontal Wire, length 1.00 mm
[unconnected_wire_endpoint]: Unconnected wire endpoint
    ; warning
    @(166.00 mm, 88.81 mm): Horizontal Wire, length 1.00 mm
[unconnected_wire_endpoint]: Unconnected wire endpoint
    ; warning
    @(166.00 mm, 113.81 mm): Horizontal Wire, length 1.00 mm
[unconnected_wire_endpoint]: Unconnected wire endpoint
    ; warning
    @(166.00 mm, 123.81 mm): Horizontal Wire, length 1.00 mm
[unconnected_wire_endpoint]: Unconnected wire endpoint
    ; warning
    @(166.00 mm, 183.81 mm): Horizontal Wire, length 1.00 mm
[unconnected_wire_endpoint]: Unconnected wire endpoint
    ; warning
    @(183.00 mm, 71.19 mm): Horizontal Wire, length 1.00 mm
[unconnected_wire_endpoint]: Unconnected wire endpoint
    ; warning
    @(183.00 mm, 106.19 mm): Horizontal Wire, length 1.00 mm
[unconnected_wire_endpoint]: Unconnected wire endpoint
    ; warning
    @(183.00 mm, 176.19 mm): Horizontal Wire, length 1.00 mm
[endpoint_off_grid]: Symbol pin or wire end off connection grid
    ; warning
    @(183.00 mm, 71.19 mm): Symbol C9 Pin 1 [Passive, Line]
[endpoint_off_grid]: Symbol pin or wire end off connection grid
    ; warning
    @(183.00 mm, 71.19 mm): Horizontal Wire, length 1.00 mm
[endpoint_off_grid]: Symbol pin or wire end off connection grid
    ; warning
    @(183.00 mm, 78.81 mm): Horizontal Wire, length 1.00 mm
[endpoint_off_grid]: Symbol pin or wire end off connection grid
    ; warning
    @(183.00 mm, 106.19 mm): Symbol C18 Pin 1 [Passive, Line]
[endpoint_off_grid]: Symbol pin or wire end off connection grid
    ; warning
    @(183.00 mm, 106.19 mm): Horizontal Wire, length 1.00 mm
[endpoint_off_grid]: Symbol pin or wire end off connection grid
    ; warning
    @(183.00 mm, 113.81 mm): Horizontal Wire, length 1.00 mm
[endpoint_off_grid]: Symbol pin or wire end off connection grid
    ; warning
    @(183.00 mm, 176.19 mm): Symbol R20 Pin 1 [Passive, Line]
[endpoint_off_grid]: Symbol pin or wire end off connection grid
    ; warning
    @(183.00 mm, 176.19 mm): Horizontal Wire, length 1.00 mm
[endpoint_off_grid]: Symbol pin or wire end off connection grid
    ; warning
    @(183.00 mm, 183.81 mm): Horizontal Wire, length 1.00 mm
[unconnected_wire_endpoint]: Unconnected wire endpoint
    ; warning
    @(183.00 mm, 78.81 mm): Horizontal Wire, length 1.00 mm
[unconnected_wire_endpoint]: Unconnected wire endpoint
    ; warning
    @(183.00 mm, 113.81 mm): Horizontal Wire, length 1.00 mm
[unconnected_wire_endpoint]: Unconnected wire endpoint
    ; warning
    @(183.00 mm, 183.81 mm): Horizontal Wire, length 1.00 mm
[unconnected_wire_endpoint]: Unconnected wire endpoint
    ; warning
    @(200.00 mm, 81.19 mm): Horizontal Wire, length 1.00 mm
[unconnected_wire_endpoint]: Unconnected wire endpoint
    ; warning
    @(200.00 mm, 176.19 mm): Horizontal Wire, length 1.00 mm
[endpoint_off_grid]: Symbol pin or wire end off connection grid
    ; warning
    @(200.00 mm, 81.19 mm): Symbol C19 Pin 1 [Passive, Line]
[endpoint_off_grid]: Symbol pin or wire end off connection grid
    ; warning
    @(200.00 mm, 81.19 mm): Horizontal Wire, length 1.00 mm
[endpoint_off_grid]: Symbol pin or wire end off connection grid
    ; warning
    @(200.00 mm, 88.81 mm): Horizontal Wire, length 1.00 mm
[endpoint_off_grid]: Symbol pin or wire end off connection grid
    ; warning
    @(200.00 mm, 176.19 mm): Symbol R21 Pin 1 [Passive, Line]
[endpoint_off_grid]: Symbol pin or wire end off connection grid
    ; warning
    @(200.00 mm, 176.19 mm): Horizontal Wire, length 1.00 mm
[endpoint_off_grid]: Symbol pin or wire end off connection grid
    ; warning
    @(200.00 mm, 183.81 mm): Horizontal Wire, length 1.00 mm
[unconnected_wire_endpoint]: Unconnected wire endpoint
    ; warning
    @(200.00 mm, 88.81 mm): Horizontal Wire, length 1.00 mm
[unconnected_wire_endpoint]: Unconnected wire endpoint
    ; warning
    @(200.00 mm, 183.81 mm): Horizontal Wire, length 1.00 mm
[unconnected_wire_endpoint]: Unconnected wire endpoint
    ; warning
    @(217.00 mm, 176.19 mm): Horizontal Wire, length 1.00 mm
[endpoint_off_grid]: Symbol pin or wire end off connection grid
    ; warning
    @(217.00 mm, 176.19 mm): Symbol R22 Pin 1 [Passive, Line]
[endpoint_off_grid]: Symbol pin or wire end off connection grid
    ; warning
    @(217.00 mm, 176.19 mm): Horizontal Wire, length 1.00 mm
[endpoint_off_grid]: Symbol pin or wire end off connection grid
    ; warning
    @(217.00 mm, 183.81 mm): Horizontal Wire, length 1.00 mm
[unconnected_wire_endpoint]: Unconnected wire endpoint
    ; warning
    @(217.00 mm, 183.81 mm): Horizontal Wire, length 1.00 mm
[unconnected_wire_endpoint]: Unconnected wire endpoint
    ; warning
    @(234.00 mm, 176.19 mm): Horizontal Wire, length 1.00 mm
[endpoint_off_grid]: Symbol pin or wire end off connection grid
    ; warning
    @(234.00 mm, 176.19 mm): Symbol C26 Pin 1 [Passive, Line]
[endpoint_off_grid]: Symbol pin or wire end off connection grid
    ; warning
    @(234.00 mm, 176.19 mm): Horizontal Wire, length 1.00 mm
[endpoint_off_grid]: Symbol pin or wire end off connection grid
    ; warning
    @(234.00 mm, 183.81 mm): Horizontal Wire, length 1.00 mm
[unconnected_wire_endpoint]: Unconnected wire endpoint
    ; warning
    @(234.00 mm, 183.81 mm): Horizontal Wire, length 1.00 mm
[unconnected_wire_endpoint]: Unconnected wire endpoint
    ; warning
    @(251.00 mm, 176.19 mm): Horizontal Wire, length 1.00 mm
[endpoint_off_grid]: Symbol pin or wire end off connection grid
    ; warning
    @(251.00 mm, 176.19 mm): Symbol C27 Pin 1 [Passive, Line]
[endpoint_off_grid]: Symbol pin or wire end off connection grid
    ; warning
    @(251.00 mm, 176.19 mm): Horizontal Wire, length 1.00 mm
[endpoint_off_grid]: Symbol pin or wire end off connection grid
    ; warning
    @(251.00 mm, 183.81 mm): Horizontal Wire, length 1.00 mm
[unconnected_wire_endpoint]: Unconnected wire endpoint
    ; warning
    @(251.00 mm, 183.81 mm): Horizontal Wire, length 1.00 mm
[unconnected_wire_endpoint]: Unconnected wire endpoint
    ; warning
    @(268.00 mm, 176.19 mm): Horizontal Wire, length 1.00 mm
[endpoint_off_grid]: Symbol pin or wire end off connection grid
    ; warning
    @(268.00 mm, 176.19 mm): Symbol C28 Pin 1 [Passive, Line]
[endpoint_off_grid]: Symbol pin or wire end off connection grid
    ; warning
    @(268.00 mm, 176.19 mm): Horizontal Wire, length 1.00 mm
[endpoint_off_grid]: Symbol pin or wire end off connection grid
    ; warning
    @(268.00 mm, 183.81 mm): Horizontal Wire, length 1.00 mm
[unconnected_wire_endpoint]: Unconnected wire endpoint
    ; warning
    @(268.00 mm, 183.81 mm): Horizontal Wire, length 1.00 mm
[unconnected_wire_endpoint]: Unconnected wire endpoint
    ; warning
    @(285.00 mm, 176.19 mm): Horizontal Wire, length 1.00 mm
[endpoint_off_grid]: Symbol pin or wire end off connection grid
    ; warning
    @(285.00 mm, 176.19 mm): Symbol C29 Pin 1 [Passive, Line]
[endpoint_off_grid]: Symbol pin or wire end off connection grid
    ; warning
    @(285.00 mm, 176.19 mm): Horizontal Wire, length 1.00 mm
[endpoint_off_grid]: Symbol pin or wire end off connection grid
    ; warning
    @(285.00 mm, 183.81 mm): Horizontal Wire, length 1.00 mm
[unconnected_wire_endpoint]: Unconnected wire endpoint
    ; warning
    @(285.00 mm, 183.81 mm): Horizontal Wire, length 1.00 mm
[unconnected_wire_endpoint]: Unconnected wire endpoint
    ; warning
    @(302.00 mm, 176.19 mm): Horizontal Wire, length 1.00 mm
[endpoint_off_grid]: Symbol pin or wire end off connection grid
    ; warning
    @(302.00 mm, 176.19 mm): Symbol C44 Pin 1 [Passive, Line]
[endpoint_off_grid]: Symbol pin or wire end off connection grid
    ; warning
    @(302.00 mm, 176.19 mm): Horizontal Wire, length 1.00 mm
[endpoint_off_grid]: Symbol pin or wire end off connection grid
    ; warning
    @(302.00 mm, 183.81 mm): Horizontal Wire, length 1.00 mm
[unconnected_wire_endpoint]: Unconnected wire endpoint
    ; warning
    @(302.00 mm, 183.81 mm): Horizontal Wire, length 1.00 mm
[unconnected_wire_endpoint]: Unconnected wire endpoint
    ; warning
    @(319.00 mm, 176.19 mm): Horizontal Wire, length 1.00 mm
[endpoint_off_grid]: Symbol pin or wire end off connection grid
    ; warning
    @(319.00 mm, 176.19 mm): Symbol C45 Pin 1 [Passive, Line]
[endpoint_off_grid]: Symbol pin or wire end off connection grid
    ; warning
    @(319.00 mm, 176.19 mm): Horizontal Wire, length 1.00 mm
[endpoint_off_grid]: Symbol pin or wire end off connection grid
    ; warning
    @(319.00 mm, 183.81 mm): Horizontal Wire, length 1.00 mm
[unconnected_wire_endpoint]: Unconnected wire endpoint
    ; warning
    @(319.00 mm, 183.81 mm): Horizontal Wire, length 1.00 mm
[unconnected_wire_endpoint]: Unconnected wire endpoint
    ; warning
    @(336.00 mm, 176.19 mm): Horizontal Wire, length 1.00 mm
[endpoint_off_grid]: Symbol pin or wire end off connection grid
    ; warning
    @(336.00 mm, 176.19 mm): Symbol C46 Pin 1 [Passive, Line]
[endpoint_off_grid]: Symbol pin or wire end off connection grid
    ; warning
    @(336.00 mm, 176.19 mm): Horizontal Wire, length 1.00 mm
[endpoint_off_grid]: Symbol pin or wire end off connection grid
    ; warning
    @(336.00 mm, 183.81 mm): Horizontal Wire, length 1.00 mm
[unconnected_wire_endpoint]: Unconnected wire endpoint
    ; warning
    @(336.00 mm, 183.81 mm): Horizontal Wire, length 1.00 mm
[unconnected_wire_endpoint]: Unconnected wire endpoint
    ; warning
    @(353.00 mm, 176.19 mm): Horizontal Wire, length 1.00 mm
[endpoint_off_grid]: Symbol pin or wire end off connection grid
    ; warning
    @(353.00 mm, 176.19 mm): Symbol C47 Pin 1 [Passive, Line]
[endpoint_off_grid]: Symbol pin or wire end off connection grid
    ; warning
    @(353.00 mm, 176.19 mm): Horizontal Wire, length 1.00 mm
[endpoint_off_grid]: Symbol pin or wire end off connection grid
    ; warning
    @(353.00 mm, 183.81 mm): Horizontal Wire, length 1.00 mm
[unconnected_wire_endpoint]: Unconnected wire endpoint
    ; warning
    @(353.00 mm, 183.81 mm): Horizontal Wire, length 1.00 mm
[unconnected_wire_endpoint]: Unconnected wire endpoint
    ; warning
    @(370.00 mm, 176.19 mm): Horizontal Wire, length 1.00 mm
[endpoint_off_grid]: Symbol pin or wire end off connection grid
    ; warning
    @(370.00 mm, 176.19 mm): Symbol C34 Pin 1 [Passive, Line]
[endpoint_off_grid]: Symbol pin or wire end off connection grid
    ; warning
    @(370.00 mm, 176.19 mm): Horizontal Wire, length 1.00 mm
[endpoint_off_grid]: Symbol pin or wire end off connection grid
    ; warning
    @(370.00 mm, 183.81 mm): Horizontal Wire, length 1.00 mm
[unconnected_wire_endpoint]: Unconnected wire endpoint
    ; warning
    @(370.00 mm, 183.81 mm): Horizontal Wire, length 1.00 mm
[unconnected_wire_endpoint]: Unconnected wire endpoint
    ; warning
    @(387.00 mm, 176.19 mm): Horizontal Wire, length 1.00 mm
[endpoint_off_grid]: Symbol pin or wire end off connection grid
    ; warning
    @(387.00 mm, 176.19 mm): Symbol C35 Pin 1 [Passive, Line]
[endpoint_off_grid]: Symbol pin or wire end off connection grid
    ; warning
    @(387.00 mm, 176.19 mm): Horizontal Wire, length 1.00 mm
[endpoint_off_grid]: Symbol pin or wire end off connection grid
    ; warning
    @(387.00 mm, 183.81 mm): Horizontal Wire, length 1.00 mm
[unconnected_wire_endpoint]: Unconnected wire endpoint
    ; warning
    @(387.00 mm, 183.81 mm): Horizontal Wire, length 1.00 mm
[unconnected_wire_endpoint]: Unconnected wire endpoint
    ; warning
    @(404.00 mm, 176.19 mm): Horizontal Wire, length 1.00 mm
[endpoint_off_grid]: Symbol pin or wire end off connection grid
    ; warning
    @(404.00 mm, 176.19 mm): Symbol C36 Pin 1 [Passive, Line]
[endpoint_off_grid]: Symbol pin or wire end off connection grid
    ; warning
    @(404.00 mm, 176.19 mm): Horizontal Wire, length 1.00 mm
[endpoint_off_grid]: Symbol pin or wire end off connection grid
    ; warning
    @(404.00 mm, 183.81 mm): Horizontal Wire, length 1.00 mm
[unconnected_wire_endpoint]: Unconnected wire endpoint
    ; warning
    @(404.00 mm, 183.81 mm): Horizontal Wire, length 1.00 mm
[unconnected_wire_endpoint]: Unconnected wire endpoint
    ; warning
    @(421.00 mm, 176.19 mm): Horizontal Wire, length 1.00 mm
[endpoint_off_grid]: Symbol pin or wire end off connection grid
    ; warning
    @(421.00 mm, 176.19 mm): Symbol C37 Pin 1 [Passive, Line]
[endpoint_off_grid]: Symbol pin or wire end off connection grid
    ; warning
    @(421.00 mm, 176.19 mm): Horizontal Wire, length 1.00 mm
[endpoint_off_grid]: Symbol pin or wire end off connection grid
    ; warning
    @(421.00 mm, 183.81 mm): Horizontal Wire, length 1.00 mm
[unconnected_wire_endpoint]: Unconnected wire endpoint
    ; warning
    @(421.00 mm, 183.81 mm): Horizontal Wire, length 1.00 mm
[unconnected_wire_endpoint]: Unconnected wire endpoint
    ; warning
    @(438.00 mm, 176.19 mm): Horizontal Wire, length 1.00 mm
[endpoint_off_grid]: Symbol pin or wire end off connection grid
    ; warning
    @(438.00 mm, 176.19 mm): Symbol C38 Pin 1 [Passive, Line]
[endpoint_off_grid]: Symbol pin or wire end off connection grid
    ; warning
    @(438.00 mm, 176.19 mm): Horizontal Wire, length 1.00 mm
[endpoint_off_grid]: Symbol pin or wire end off connection grid
    ; warning
    @(438.00 mm, 183.81 mm): Horizontal Wire, length 1.00 mm
[unconnected_wire_endpoint]: Unconnected wire endpoint
    ; warning
    @(438.00 mm, 183.81 mm): Horizontal Wire, length 1.00 mm
[unconnected_wire_endpoint]: Unconnected wire endpoint
    ; warning
    @(455.00 mm, 176.19 mm): Horizontal Wire, length 1.00 mm
[endpoint_off_grid]: Symbol pin or wire end off connection grid
    ; warning
    @(455.00 mm, 176.19 mm): Symbol C39 Pin 1 [Passive, Line]
[endpoint_off_grid]: Symbol pin or wire end off connection grid
    ; warning
    @(455.00 mm, 176.19 mm): Horizontal Wire, length 1.00 mm
[endpoint_off_grid]: Symbol pin or wire end off connection grid
    ; warning
    @(455.00 mm, 183.81 mm): Horizontal Wire, length 1.00 mm
[unconnected_wire_endpoint]: Unconnected wire endpoint
    ; warning
    @(455.00 mm, 183.81 mm): Horizontal Wire, length 1.00 mm
[unconnected_wire_endpoint]: Unconnected wire endpoint
    ; warning
    @(472.00 mm, 176.19 mm): Horizontal Wire, length 1.00 mm
[endpoint_off_grid]: Symbol pin or wire end off connection grid
    ; warning
    @(472.00 mm, 176.19 mm): Symbol C40 Pin 1 [Passive, Line]
[endpoint_off_grid]: Symbol pin or wire end off connection grid
    ; warning
    @(472.00 mm, 176.19 mm): Horizontal Wire, length 1.00 mm
[endpoint_off_grid]: Symbol pin or wire end off connection grid
    ; warning
    @(472.00 mm, 183.81 mm): Horizontal Wire, length 1.00 mm
[unconnected_wire_endpoint]: Unconnected wire endpoint
    ; warning
    @(472.00 mm, 183.81 mm): Horizontal Wire, length 1.00 mm
[unconnected_wire_endpoint]: Unconnected wire endpoint
    ; warning
    @(489.00 mm, 176.19 mm): Horizontal Wire, length 1.00 mm
[endpoint_off_grid]: Symbol pin or wire end off connection grid
    ; warning
    @(489.00 mm, 176.19 mm): Symbol C41 Pin 1 [Passive, Line]
[endpoint_off_grid]: Symbol pin or wire end off connection grid
    ; warning
    @(489.00 mm, 176.19 mm): Horizontal Wire, length 1.00 mm
[endpoint_off_grid]: Symbol pin or wire end off connection grid
    ; warning
    @(489.00 mm, 183.81 mm): Horizontal Wire, length 1.00 mm
[unconnected_wire_endpoint]: Unconnected wire endpoint
    ; warning
    @(489.00 mm, 183.81 mm): Horizontal Wire, length 1.00 mm
[endpoint_off_grid]: Symbol pin or wire end off connection grid
    ; warning
    @(5.00 mm, 10.00 mm): Horizontal Wire, length 14.92 mm
[isolated_pin_label]: Label connected to only one pin
    ; warning
    @(5.00 mm, 10.00 mm): Hierarchical Label 'UART'
[endpoint_off_grid]: Symbol pin or wire end off connection grid
    ; warning
    @(5.00 mm, 13.00 mm): Horizontal Wire, length 14.92 mm
[isolated_pin_label]: Label connected to only one pin
    ; warning
    @(5.00 mm, 13.00 mm): Hierarchical Label 'RECOVERY'
[endpoint_off_grid]: Symbol pin or wire end off connection grid
    ; warning
    @(5.00 mm, 16.00 mm): Horizontal Wire, length 14.92 mm
[endpoint_off_grid]: Symbol pin or wire end off connection grid
    ; warning
    @(5.00 mm, 19.00 mm): Horizontal Wire, length 14.92 mm
[isolated_pin_label]: Label connected to only one pin
    ; warning
    @(5.00 mm, 19.00 mm): Hierarchical Label 'DEBUG_GND'
[endpoint_off_grid]: Symbol pin or wire end off connection grid
    ; warning
    @(19.92 mm, 10.00 mm): Symbol X10 Pin 1 [UART, Passive, Line]

***** Sheet /V100_PCIE/

***** Sheet /V100_POWER/

***** Sheet /POWER_INPUT/

***** Sheet /REGULATORS/

***** Sheet /ETHERNET/

***** Sheet /STORAGE/
[multiple_net_names]: Both JMS_CC1_NC and NC_62 are attached to the same items; JMS_CC1_NC will be used in the netlist
    ; warning
    @(70.00 mm, 127.535 mm): Label 'JMS_CC1_NC'
    @(70.00 mm, 127.535 mm): Label 'NC_62'
[multiple_net_names]: Both JMS_CC2_NC and NC_61 are attached to the same items; JMS_CC2_NC will be used in the netlist
    ; warning
    @(70.00 mm, 128.805 mm): Label 'JMS_CC2_NC'
    @(70.00 mm, 128.805 mm): Label 'NC_61'
[multiple_net_names]: Both POWER_GND and TME are attached to the same items; POWER_GND will be used in the netlist
    ; warning
    @(70.00 mm, 155.00 mm): Global Label 'POWER_GND'
    @(70.00 mm, 130.075 mm): Label 'TME'
[multiple_net_names]: Both JMS_GPIO10_NC and NC_59 are attached to the same items; JMS_GPIO10_NC will be used in the netlist
    ; warning
    @(70.00 mm, 131.345 mm): Label 'JMS_GPIO10_NC'
    @(70.00 mm, 131.345 mm): Label 'NC_59'
[multiple_net_names]: Both JMS_GPIO11_NC and NC_58 are attached to the same items; JMS_GPIO11_NC will be used in the netlist
    ; warning
    @(70.00 mm, 132.615 mm): Label 'JMS_GPIO11_NC'
    @(70.00 mm, 132.615 mm): Label 'NC_58'
[multiple_net_names]: Both JMS_GPIO12_NC and NC_57 are attached to the same items; JMS_GPIO12_NC will be used in the netlist
    ; warning
    @(70.00 mm, 133.885 mm): Label 'JMS_GPIO12_NC'
    @(70.00 mm, 133.885 mm): Label 'NC_57'
[multiple_net_names]: Both JMS_XAVDDH and NC_52 are attached to the same items; JMS_XAVDDH will be used in the netlist
    ; warning
    @(70.00 mm, 140.235 mm): Label 'JMS_XAVDDH'
    @(70.00 mm, 140.235 mm): Label 'NC_52'
[same_local_global_label]: Local and global labels have same name
    ; warning
    @(70.00 mm, 142.50 mm): Global Label 'BRIDGE_USB_DM'
    @(120.00 mm, 151.665 mm): Label 'BRIDGE_USB_DM'
[same_local_global_label]: Local and global labels have same name
    ; warning
    @(70.00 mm, 145.00 mm): Global Label 'BRIDGE_USB_DP'
    @(120.00 mm, 152.935 mm): Label 'BRIDGE_USB_DP'
[multiple_net_names]: Both JMS_AVDDL and NC_20 are attached to the same items; JMS_AVDDL will be used in the netlist
    ; warning
    @(70.00 mm, 174.525 mm): Label 'JMS_AVDDL'
    @(70.00 mm, 180.875 mm): Label 'NC_20'
[multiple_net_names]: Both JMS_AVDD33 and NC_19 are attached to the same items; JMS_AVDD33 will be used in the netlist
    ; warning
    @(70.00 mm, 182.145 mm): Label 'JMS_AVDD33'
    @(70.00 mm, 182.145 mm): Label 'NC_19'
[multiple_net_names]: Both JMS_RESET_N and NC_15 are attached to the same items; JMS_RESET_N will be used in the netlist
    ; warning
    @(70.00 mm, 187.225 mm): Label 'JMS_RESET_N'
    @(70.00 mm, 187.225 mm): Label 'NC_15'
[multiple_net_names]: Both JMS_GPIO9_NC and NC_14 are attached to the same items; JMS_GPIO9_NC will be used in the netlist
    ; warning
    @(70.00 mm, 188.495 mm): Label 'JMS_GPIO9_NC'
    @(70.00 mm, 188.495 mm): Label 'NC_14'
[multiple_net_names]: Both JMS_GPIO8_NC and NC_13 are attached to the same items; JMS_GPIO8_NC will be used in the netlist
    ; warning
    @(70.00 mm, 189.765 mm): Label 'JMS_GPIO8_NC'
    @(70.00 mm, 189.765 mm): Label 'NC_13'
[multiple_net_names]: Both JMS_VBUS_SENSE and NC_10 are attached to the same items; JMS_VBUS_SENSE will be used in the netlist
    ; warning
    @(70.00 mm, 193.575 mm): Label 'JMS_VBUS_SENSE'
    @(70.00 mm, 193.575 mm): Label 'NC_10'
[multiple_net_names]: Both JMS_GPIO5_NC and NC_9 are attached to the same items; JMS_GPIO5_NC will be used in the netlist
    ; warning
    @(70.00 mm, 194.845 mm): Label 'JMS_GPIO5_NC'
    @(70.00 mm, 194.845 mm): Label 'NC_9'
[multiple_net_names]: Both JMS_GPIO4_NC and NC_8 are attached to the same items; JMS_GPIO4_NC will be used in the netlist
    ; warning
    @(70.00 mm, 196.115 mm): Label 'JMS_GPIO4_NC'
    @(70.00 mm, 196.115 mm): Label 'NC_8'
[multiple_net_names]: Both JMS_SPI_CS_N_DNP and NC_7 are attached to the same items; JMS_SPI_CS_N_DNP will be used in the netlist
    ; warning
    @(70.00 mm, 197.385 mm): Label 'JMS_SPI_CS_N_DNP'
    @(70.00 mm, 197.385 mm): Label 'NC_7'
[multiple_net_names]: Both JMS_VCCO and NC_6 are attached to the same items; JMS_VCCO will be used in the netlist
    ; warning
    @(70.00 mm, 135.155 mm): Label 'JMS_VCCO'
    @(70.00 mm, 198.655 mm): Label 'NC_6'
[multiple_net_names]: Both JMS_SPI_SI_DNP and NC_5 are attached to the same items; JMS_SPI_SI_DNP will be used in the netlist
    ; warning
    @(70.00 mm, 199.925 mm): Label 'JMS_SPI_SI_DNP'
    @(70.00 mm, 199.925 mm): Label 'NC_5'
[multiple_net_names]: Both JMS_SPI_SCK_DNP and NC_4 are attached to the same items; JMS_SPI_SCK_DNP will be used in the netlist
    ; warning
    @(70.00 mm, 201.195 mm): Label 'JMS_SPI_SCK_DNP'
    @(70.00 mm, 201.195 mm): Label 'NC_4'
[multiple_net_names]: Both JMS_SPI_SO_DNP and NC_3 are attached to the same items; JMS_SPI_SO_DNP will be used in the netlist
    ; warning
    @(70.00 mm, 202.465 mm): Label 'JMS_SPI_SO_DNP'
    @(70.00 mm, 202.465 mm): Label 'NC_3'
[multiple_net_names]: Both JMS_VCCK and NC_2 are attached to the same items; JMS_VCCK will be used in the netlist
    ; warning
    @(70.00 mm, 203.735 mm): Label 'JMS_VCCK'
    @(70.00 mm, 203.735 mm): Label 'NC_2'
[multiple_net_names]: Both JMS_VDDREG_5V and NC_1 are attached to the same items; JMS_VDDREG_5V will be used in the netlist
    ; warning
    @(70.00 mm, 205.005 mm): Label 'JMS_VDDREG_5V'
    @(70.00 mm, 205.005 mm): Label 'NC_1'
[multiple_net_names]: Both AUTO_PEDET and M2_CONFIG1 are attached to the same items; AUTO_PEDET will be used in the netlist
    ; warning
    @(240.00 mm, 125.63 mm): Label 'AUTO_PEDET'
    @(240.00 mm, 125.63 mm): Label 'M2_CONFIG1'
[multiple_net_names]: Both STORAGE_3V3 and M2_3V3 are attached to the same items; STORAGE_3V3 will be used in the netlist
    ; warning
    @(240.00 mm, 210.72 mm): Global Label 'STORAGE_3V3'
    @(240.00 mm, 210.72 mm): Label 'M2_3V3'

***** Sheet /SERVICE/

***** Sheet /COOLING/

***** Sheet /DEBUG/

***** Sheet /CORE_CM5/
[no_connect_dangling]: Unconnected "no connection" flag
    ; warning
    @(66.98 mm, 31.42 mm): No Connect
[no_connect_dangling]: Unconnected "no connection" flag
    ; warning
    @(66.98 mm, 36.50 mm): No Connect
[no_connect_dangling]: Unconnected "no connection" flag
    ; warning
    @(66.98 mm, 39.04 mm): No Connect
[no_connect_dangling]: Unconnected "no connection" flag
    ; warning
    @(66.98 mm, 41.58 mm): No Connect
[no_connect_connected]: A pin with a "no connection" flag is connected
    ; warning
    @(66.98 mm, 46.66 mm): Symbol J7 Pin 4 [Ethernet_Pair1_P, Passive, Line]
    @(66.98 mm, 46.66 mm): No Connect
[no_connect_connected]: A pin with a "no connection" flag is connected
    ; warning
    @(66.98 mm, 49.20 mm): Symbol J7 Pin 6 [Ethernet_Pair1_N, Passive, Line]
    @(66.98 mm, 49.20 mm): No Connect
[no_connect_connected]: A pin with a "no connection" flag is connected
    ; warning
    @(66.98 mm, 54.28 mm): Symbol J7 Pin 10 [Ethernet_Pair0_N, Passive, Line]
    @(66.98 mm, 54.28 mm): No Connect
[no_connect_connected]: A pin with a "no connection" flag is connected
    ; warning
    @(66.98 mm, 56.82 mm): Symbol J7 Pin 12 [Ethernet_Pair0_P, Passive, Line]
    @(66.98 mm, 56.82 mm): No Connect
[no_connect_dangling]: Unconnected "no connection" flag
    ; warning
    @(127.94 mm, 31.42 mm): No Connect
[no_connect_dangling]: Unconnected "no connection" flag
    ; warning
    @(127.94 mm, 33.96 mm): No Connect
[no_connect_dangling]: Unconnected "no connection" flag
    ; warning
    @(127.94 mm, 36.50 mm): No Connect
[no_connect_dangling]: Unconnected "no connection" flag
    ; warning
    @(127.94 mm, 39.04 mm): No Connect
[no_connect_dangling]: Unconnected "no connection" flag
    ; warning
    @(127.94 mm, 41.58 mm): No Connect
[same_local_global_label]: Local and global labels have same name
    ; warning
    @(127.94 mm, 44.12 mm): Global Label 'POWER_GND'
    @(70.00 mm, 105.00 mm): Label 'POWER_GND'
[no_connect_dangling]: Unconnected "no connection" flag
    ; warning
    @(209.22 mm, 36.50 mm): No Connect
[no_connect_connected]: A pin with a "no connection" flag is connected
    ; warning
    @(209.22 mm, 72.06 mm): Symbol J7 Pin 128 [USB3-0-RX_N, Input, Line]
    @(209.22 mm, 72.06 mm): No Connect
[same_local_global_label]: Local and global labels have same name
    ; warning
    @(209.22 mm, 72.06 mm): Global Label 'CM5_USB3_RX_N'
    @(120.00 mm, 171.985 mm): Label 'CM5_USB3_RX_N'
[no_connect_connected]: A pin with a "no connection" flag is connected
    ; warning
    @(209.22 mm, 74.60 mm): Symbol J7 Pin 130 [USB3-0-RX_P, Input, Line]
    @(209.22 mm, 74.60 mm): No Connect
[same_local_global_label]: Local and global labels have same name
    ; warning
    @(209.22 mm, 74.60 mm): Global Label 'CM5_USB3_RX_P'
    @(120.00 mm, 173.255 mm): Label 'CM5_USB3_RX_P'
[no_connect_connected]: A pin with a "no connection" flag is connected
    ; warning
    @(209.22 mm, 87.30 mm): Symbol J7 Pin 140 [USB3-0-TX_N, Output, Line]
    @(209.22 mm, 87.30 mm): No Connect
[same_local_global_label]: Local and global labels have same name
    ; warning
    @(209.22 mm, 87.30 mm): Global Label 'CM5_USB3_TX_N'
    @(120.00 mm, 177.065 mm): Label 'CM5_USB3_TX_N'
[no_connect_connected]: A pin with a "no connection" flag is connected
    ; warning
    @(209.22 mm, 89.84 mm): Symbol J7 Pin 142 [USB3-0-TX_P, Output, Line]
    @(209.22 mm, 89.84 mm): No Connect
[same_local_global_label]: Local and global labels have same name
    ; warning
    @(209.22 mm, 89.84 mm): Global Label 'CM5_USB3_TX_P'
    @(120.00 mm, 178.335 mm): Label 'CM5_USB3_TX_P'
[no_connect_connected]: A pin with a "no connection" flag is connected
    ; warning
    @(209.22 mm, 160.96 mm): Symbol J7 Pin 198 [GND, Power input, Line]
    @(66.98 mm, 51.74 mm): No Connect
[no_connect_dangling]: Unconnected "no connection" flag
    ; warning
    @(270.18 mm, 36.50 mm): No Connect

 ** ERC messages: 918  Errors 0  Warnings 918

 ** Ignored checks:
    - Global label only appears once in the schematic
    - Four connection points are joined together
    - SPICE model issue
    - Assigned footprint doesn't match footprint filters
