** Drc report for PHASE24_RTL9210B_CONTROL_RIGHTFIELD_V109.kicad_pcb **
** Created on 2026-09-07T12:07:14 **
** Report includes: Errors, Warnings **

** Found 410 DRC violations **
[shorting_items]: Items shorting two nets (nets RTL_3V3 and CLKREQ_N)
    Local override; error
    @(110.0000 mm, 68.5000 mm): Track [RTL_3V3] on F.Cu, length 0.6403 mm
    @(101.9500 mm, 68.4000 mm): Track [CLKREQ_N] on F.Cu, length 10.0500 mm
[clearance]: Clearance violation (zone clearance 0.5000 mm; actual 0.0000 mm)
    Local override; error
    @(136.5000 mm, 66.2000 mm): Track [CLKREQ_N] on F.Cu, length 4.0750 mm
    @(65.5000 mm, 40.5000 mm): Zone [GND] on F.Cu, priority 0
[tracks_crossing]: Tracks crossing
    Local override; error
    @(112.0000 mm, 66.2000 mm): Track [CLKREQ_N] on B.Cu, length 24.5000 mm
    @(113.8000 mm, 52.0000 mm): Track [RTL_1V1] on B.Cu, length 17.0000 mm
[clearance]: Clearance violation (zone clearance 0.5000 mm; actual 0.0000 mm)
    Local override; error
    @(112.0000 mm, 66.2000 mm): Track [CLKREQ_N] on B.Cu, length 24.5000 mm
    @(65.5000 mm, 40.5000 mm): Zone [GND] on B.Cu, priority 0
[clearance]: Clearance violation (zone clearance 0.5000 mm; actual 0.0000 mm)
    Local override; error
    @(112.0000 mm, 68.4000 mm): Track [CLKREQ_N] on B.Cu, length 2.2000 mm
    @(65.5000 mm, 40.5000 mm): Zone [GND] on B.Cu, priority 0
[clearance]: Clearance violation ( clearance 0.1500 mm; actual 0.1250 mm)
    Local override; error
    @(101.9500 mm, 68.0000 mm): Track [PERST_N] on F.Cu, length 11.0500 mm
    @(110.0000 mm, 68.5000 mm): Via [RTL_3V3] on F.Cu - B.Cu
[clearance]: Clearance violation (zone clearance 0.5000 mm; actual 0.0000 mm)
    Local override; error
    @(101.9500 mm, 68.0000 mm): Track [PERST_N] on F.Cu, length 11.0500 mm
    @(65.5000 mm, 40.5000 mm): Zone [GND] on F.Cu, priority 0
[clearance]: Clearance violation (zone clearance 0.5000 mm; actual 0.0000 mm)
    Local override; error
    @(113.0000 mm, 68.0000 mm): Via [PERST_N] on F.Cu - B.Cu
    @(65.5000 mm, 40.5000 mm): Zone [GND] on F.Cu, priority 0
[clearance]: Clearance violation (zone clearance 0.5000 mm; actual 0.0000 mm)
    Local override; error
    @(136.0000 mm, 66.8000 mm): Track [PERST_N] on F.Cu, length 3.4750 mm
    @(65.5000 mm, 40.5000 mm): Zone [GND] on F.Cu, priority 0
[hole_clearance]: Hole clearance violation (board setup constraints hole clearance 0.2500 mm; actual 0.0000 mm)
    Rule: board setup constraints hole; error
    @(113.0000 mm, 68.0000 mm): Via [PERST_N] on F.Cu - B.Cu
    @(65.5000 mm, 40.5000 mm): Zone [GND] on F.Cu, priority 0
[clearance]: Clearance violation (zone clearance 0.5000 mm; actual 0.0000 mm)
    Local override; error
    @(113.0000 mm, 68.0000 mm): Via [PERST_N] on F.Cu - B.Cu
    @(65.5000 mm, 40.5000 mm): Zone [GND] on B.Cu, priority 0
[hole_clearance]: Hole clearance violation (board setup constraints hole clearance 0.2500 mm; actual 0.0000 mm)
    Rule: board setup constraints hole; error
    @(113.0000 mm, 68.0000 mm): Via [PERST_N] on F.Cu - B.Cu
    @(65.5000 mm, 40.5000 mm): Zone [GND] on B.Cu, priority 0
[clearance]: Clearance violation ( clearance 0.1500 mm; actual 0.0250 mm)
    Local override; error
    @(101.9500 mm, 68.0000 mm): Track [PERST_N] on F.Cu, length 11.0500 mm
    @(112.0000 mm, 68.4000 mm): Via [CLKREQ_N] on F.Cu - B.Cu
[clearance]: Clearance violation (zone clearance 0.5000 mm; actual 0.0000 mm)
    Local override; error
    @(112.0000 mm, 68.4000 mm): Via [CLKREQ_N] on F.Cu - B.Cu
    @(65.5000 mm, 40.5000 mm): Zone [GND] on F.Cu, priority 0
[hole_clearance]: Hole clearance violation (board setup constraints hole clearance 0.2500 mm; actual 0.0000 mm)
    Rule: board setup constraints hole; error
    @(112.0000 mm, 68.4000 mm): Via [CLKREQ_N] on F.Cu - B.Cu
    @(65.5000 mm, 40.5000 mm): Zone [GND] on F.Cu, priority 0
[clearance]: Clearance violation (zone clearance 0.5000 mm; actual 0.0000 mm)
    Local override; error
    @(112.0000 mm, 68.4000 mm): Via [CLKREQ_N] on F.Cu - B.Cu
    @(65.5000 mm, 40.5000 mm): Zone [GND] on B.Cu, priority 0
[hole_clearance]: Hole clearance violation (board setup constraints hole clearance 0.2500 mm; actual 0.0000 mm)
    Rule: board setup constraints hole; error
    @(112.0000 mm, 68.4000 mm): Via [CLKREQ_N] on F.Cu - B.Cu
    @(65.5000 mm, 40.5000 mm): Zone [GND] on B.Cu, priority 0
[clearance]: Clearance violation (zone clearance 0.5000 mm; actual 0.0000 mm)
    Local override; error
    @(113.0000 mm, 68.0000 mm): Track [PERST_N] on B.Cu, length 1.2000 mm
    @(65.5000 mm, 40.5000 mm): Zone [GND] on B.Cu, priority 0
[tracks_crossing]: Tracks crossing
    Local override; error
    @(113.0000 mm, 66.8000 mm): Track [PERST_N] on B.Cu, length 23.0000 mm
    @(113.8000 mm, 52.0000 mm): Track [RTL_1V1] on B.Cu, length 17.0000 mm
[clearance]: Clearance violation (zone clearance 0.5000 mm; actual 0.0000 mm)
    Local override; error
    @(113.0000 mm, 66.8000 mm): Track [PERST_N] on B.Cu, length 23.0000 mm
    @(65.5000 mm, 40.5000 mm): Zone [GND] on B.Cu, priority 0
[clearance]: Clearance violation (zone clearance 0.5000 mm; actual 0.0000 mm)
    Local override; error
    @(96.0000 mm, 74.8000 mm): Track [RTL_1V1] on F.Cu, length 7.0000 mm
    @(65.5000 mm, 40.5000 mm): Zone [GND] on F.Cu, priority 0
[clearance]: Clearance violation (zone clearance 0.5000 mm; actual 0.0000 mm)
    Local override; error
    @(96.0000 mm, 73.9500 mm): Track [RTL_1V1] on F.Cu, length 0.8500 mm
    @(65.5000 mm, 40.5000 mm): Zone [GND] on F.Cu, priority 0
[clearance]: Clearance violation (zone clearance 0.5000 mm; actual 0.0000 mm)
    Local override; error
    @(92.8000 mm, 69.5000 mm): Track [RTL_1V1] on B.Cu, length 19.7000 mm
    @(65.5000 mm, 40.5000 mm): Zone [GND] on B.Cu, priority 0
[clearance]: Clearance violation (zone clearance 0.5000 mm; actual 0.0000 mm)
    Local override; error
    @(101.9500 mm, 67.2000 mm): Track [RTL_1V1] on F.Cu, length 0.8500 mm
    @(65.5000 mm, 40.5000 mm): Zone [GND] on F.Cu, priority 0
[clearance]: Clearance violation (zone clearance 0.5000 mm; actual 0.0000 mm)
    Local override; error
    @(92.0000 mm, 65.0000 mm): Track [RTL_3V3] on F.Cu, length 3.4000 mm
    @(65.5000 mm, 40.5000 mm): Zone [GND] on F.Cu, priority 0
[clearance]: Clearance violation (zone clearance 0.5000 mm; actual 0.0000 mm)
    Local override; error
    @(110.5000 mm, 73.2000 mm): Track [XTAL_OUT] on B.Cu, length 3.6000 mm
    @(65.5000 mm, 40.5000 mm): Zone [GND] on B.Cu, priority 0
[clearance]: Clearance violation (zone clearance 0.5000 mm; actual 0.0000 mm)
    Local override; error
    @(95.6000 mm, 73.2000 mm): Track [XTAL_OUT] on B.Cu, length 14.9000 mm
    @(65.5000 mm, 40.5000 mm): Zone [GND] on B.Cu, priority 0
[clearance]: Clearance violation (zone clearance 0.5000 mm; actual 0.0000 mm)
    Local override; error
    @(110.5000 mm, 76.8000 mm): Via [XTAL_OUT] on F.Cu - B.Cu
    @(65.5000 mm, 40.5000 mm): Zone [GND] on F.Cu, priority 0
[hole_clearance]: Hole clearance violation (board setup constraints hole clearance 0.2500 mm; actual 0.0000 mm)
    Rule: board setup constraints hole; error
    @(110.5000 mm, 76.8000 mm): Via [XTAL_OUT] on F.Cu - B.Cu
    @(65.5000 mm, 40.5000 mm): Zone [GND] on F.Cu, priority 0
[clearance]: Clearance violation (zone clearance 0.5000 mm; actual 0.0000 mm)
    Local override; error
    @(110.5000 mm, 76.8000 mm): Via [XTAL_OUT] on F.Cu - B.Cu
    @(65.5000 mm, 40.5000 mm): Zone [GND] on B.Cu, priority 0
[hole_clearance]: Hole clearance violation (board setup constraints hole clearance 0.2500 mm; actual 0.0000 mm)
    Rule: board setup constraints hole; error
    @(110.5000 mm, 76.8000 mm): Via [XTAL_OUT] on F.Cu - B.Cu
    @(65.5000 mm, 40.5000 mm): Zone [GND] on B.Cu, priority 0
[clearance]: Clearance violation (zone clearance 0.5000 mm; actual 0.0000 mm)
    Local override; error
    @(110.5000 mm, 76.8000 mm): Track [XTAL_OUT] on F.Cu, length 1.2806 mm
    @(65.5000 mm, 40.5000 mm): Zone [GND] on F.Cu, priority 0
[clearance]: Clearance violation (zone clearance 0.5000 mm; actual 0.0000 mm)
    Local override; error
    @(95.6000 mm, 73.9500 mm): Track [XTAL_OUT] on F.Cu, length 0.7500 mm
    @(65.5000 mm, 40.5000 mm): Zone [GND] on F.Cu, priority 0
[clearance]: Clearance violation (zone clearance 0.5000 mm; actual 0.0000 mm)
    Local override; error
    @(109.7000 mm, 75.8000 mm): Track [XTAL_OUT] on F.Cu, length 2.7803 mm
    @(65.5000 mm, 40.5000 mm): Zone [GND] on F.Cu, priority 0
[clearance]: Clearance violation (zone clearance 0.5000 mm; actual 0.0000 mm)
    Local override; error
    @(94.4000 mm, 76.0000 mm): Track [XTAL_IN] on B.Cu, length 13.1381 mm
    @(65.5000 mm, 40.5000 mm): Zone [GND] on B.Cu, priority 0
[clearance]: Clearance violation (zone clearance 0.5000 mm; actual 0.0000 mm)
    Local override; error
    @(95.6000 mm, 73.2000 mm): Via [XTAL_OUT] on F.Cu - B.Cu
    @(65.5000 mm, 40.5000 mm): Zone [GND] on F.Cu, priority 0
[clearance]: Clearance violation (zone clearance 0.5000 mm; actual 0.0000 mm)
    Local override; error
    @(107.5000 mm, 75.0000 mm): Via [XTAL_IN] on F.Cu - B.Cu
    @(65.5000 mm, 40.5000 mm): Zone [GND] on F.Cu, priority 0
[hole_clearance]: Hole clearance violation (board setup constraints hole clearance 0.2500 mm; actual 0.0000 mm)
    Rule: board setup constraints hole; error
    @(95.6000 mm, 73.2000 mm): Via [XTAL_OUT] on F.Cu - B.Cu
    @(65.5000 mm, 40.5000 mm): Zone [GND] on F.Cu, priority 0
[hole_clearance]: Hole clearance violation (board setup constraints hole clearance 0.2500 mm; actual 0.0000 mm)
    Rule: board setup constraints hole; error
    @(107.5000 mm, 75.0000 mm): Via [XTAL_IN] on F.Cu - B.Cu
    @(65.5000 mm, 40.5000 mm): Zone [GND] on F.Cu, priority 0
[clearance]: Clearance violation (zone clearance 0.5000 mm; actual 0.0000 mm)
    Local override; error
    @(107.5000 mm, 75.0000 mm): Via [XTAL_IN] on F.Cu - B.Cu
    @(65.5000 mm, 40.5000 mm): Zone [GND] on B.Cu, priority 0
[clearance]: Clearance violation (zone clearance 0.5000 mm; actual 0.0000 mm)
    Local override; error
    @(95.6000 mm, 73.2000 mm): Via [XTAL_OUT] on F.Cu - B.Cu
    @(65.5000 mm, 40.5000 mm): Zone [GND] on B.Cu, priority 0
[hole_clearance]: Hole clearance violation (board setup constraints hole clearance 0.2500 mm; actual 0.0000 mm)
    Rule: board setup constraints hole; error
    @(107.5000 mm, 75.0000 mm): Via [XTAL_IN] on F.Cu - B.Cu
    @(65.5000 mm, 40.5000 mm): Zone [GND] on B.Cu, priority 0
[hole_clearance]: Hole clearance violation (board setup constraints hole clearance 0.2500 mm; actual 0.0000 mm)
    Rule: board setup constraints hole; error
    @(95.6000 mm, 73.2000 mm): Via [XTAL_OUT] on F.Cu - B.Cu
    @(65.5000 mm, 40.5000 mm): Zone [GND] on B.Cu, priority 0
[clearance]: Clearance violation (zone clearance 0.5000 mm; actual 0.0000 mm)
    Local override; error
    @(94.4000 mm, 76.0000 mm): Via [XTAL_IN] on F.Cu - B.Cu
    @(65.5000 mm, 40.5000 mm): Zone [GND] on F.Cu, priority 0
[hole_clearance]: Hole clearance violation (board setup constraints hole clearance 0.2500 mm; actual 0.0000 mm)
    Rule: board setup constraints hole; error
    @(94.4000 mm, 76.0000 mm): Via [XTAL_IN] on F.Cu - B.Cu
    @(65.5000 mm, 40.5000 mm): Zone [GND] on F.Cu, priority 0
[clearance]: Clearance violation (zone clearance 0.5000 mm; actual 0.0000 mm)
    Local override; error
    @(107.5000 mm, 75.0000 mm): Track [XTAL_IN] on F.Cu, length 1.1314 mm
    @(65.5000 mm, 40.5000 mm): Zone [GND] on F.Cu, priority 0
[clearance]: Clearance violation (zone clearance 0.5000 mm; actual 0.0000 mm)
    Local override; error
    @(94.4000 mm, 76.0000 mm): Via [XTAL_IN] on F.Cu - B.Cu
    @(65.5000 mm, 40.5000 mm): Zone [GND] on B.Cu, priority 0
[hole_clearance]: Hole clearance violation (board setup constraints hole clearance 0.2500 mm; actual 0.0000 mm)
    Rule: board setup constraints hole; error
    @(94.4000 mm, 76.0000 mm): Via [XTAL_IN] on F.Cu - B.Cu
    @(65.5000 mm, 40.5000 mm): Zone [GND] on B.Cu, priority 0
[clearance]: Clearance violation (zone clearance 0.5000 mm; actual 0.0000 mm)
    Local override; error
    @(95.2000 mm, 75.5000 mm): Track [XTAL_IN] on F.Cu, length 0.9434 mm
    @(65.5000 mm, 40.5000 mm): Zone [GND] on F.Cu, priority 0
[clearance]: Clearance violation (zone clearance 0.5000 mm; actual 0.0000 mm)
    Local override; error
    @(91.0000 mm, 78.0000 mm): Track [RSET] on B.Cu, length 16.7451 mm
    @(65.5000 mm, 40.5000 mm): Zone [GND] on B.Cu, priority 0
[clearance]: Clearance violation (zone clearance 0.5000 mm; actual 0.0000 mm)
    Local override; error
    @(107.6000 mm, 80.2000 mm): Via [RSET] on F.Cu - B.Cu
    @(65.5000 mm, 40.5000 mm): Zone [GND] on F.Cu, priority 0
[clearance]: Clearance violation (zone clearance 0.5000 mm; actual 0.0000 mm)
    Local override; error
    @(95.2000 mm, 73.9500 mm): Track [XTAL_IN] on F.Cu, length 1.5500 mm
    @(65.5000 mm, 40.5000 mm): Zone [GND] on F.Cu, priority 0
[hole_clearance]: Hole clearance violation (board setup constraints hole clearance 0.2500 mm; actual 0.0000 mm)
    Rule: board setup constraints hole; error
    @(107.6000 mm, 80.2000 mm): Via [RSET] on F.Cu - B.Cu
    @(65.5000 mm, 40.5000 mm): Zone [GND] on F.Cu, priority 0
[clearance]: Clearance violation (zone clearance 0.5000 mm; actual 0.0000 mm)
    Local override; error
    @(91.0000 mm, 78.0000 mm): Via [RSET] on F.Cu - B.Cu
    @(65.5000 mm, 40.5000 mm): Zone [GND] on F.Cu, priority 0
[clearance]: Clearance violation (zone clearance 0.5000 mm; actual 0.0000 mm)
    Local override; error
    @(107.6000 mm, 80.2000 mm): Via [RSET] on F.Cu - B.Cu
    @(65.5000 mm, 40.5000 mm): Zone [GND] on B.Cu, priority 0
[hole_clearance]: Hole clearance violation (board setup constraints hole clearance 0.2500 mm; actual 0.0000 mm)
    Rule: board setup constraints hole; error
    @(91.0000 mm, 78.0000 mm): Via [RSET] on F.Cu - B.Cu
    @(65.5000 mm, 40.5000 mm): Zone [GND] on F.Cu, priority 0
[hole_clearance]: Hole clearance violation (board setup constraints hole clearance 0.2500 mm; actual 0.0000 mm)
    Rule: board setup constraints hole; error
    @(107.6000 mm, 80.2000 mm): Via [RSET] on F.Cu - B.Cu
    @(65.5000 mm, 40.5000 mm): Zone [GND] on B.Cu, priority 0
[clearance]: Clearance violation (zone clearance 0.5000 mm; actual 0.0000 mm)
    Local override; error
    @(91.0000 mm, 78.0000 mm): Via [RSET] on F.Cu - B.Cu
    @(65.5000 mm, 40.5000 mm): Zone [GND] on B.Cu, priority 0
[hole_clearance]: Hole clearance violation (board setup constraints hole clearance 0.2500 mm; actual 0.0000 mm)
    Rule: board setup constraints hole; error
    @(91.0000 mm, 78.0000 mm): Via [RSET] on F.Cu - B.Cu
    @(65.5000 mm, 40.5000 mm): Zone [GND] on B.Cu, priority 0
[clearance]: Clearance violation (zone clearance 0.5000 mm; actual 0.0000 mm)
    Local override; error
    @(81.8000 mm, 57.0000 mm): Track [SPICS] on B.Cu, length 21.0000 mm
    @(65.5000 mm, 40.5000 mm): Zone [GND] on B.Cu, priority 0
[clearance]: Clearance violation (zone clearance 0.5000 mm; actual 0.0000 mm)
    Local override; error
    @(107.6000 mm, 80.2000 mm): Track [RSET] on F.Cu, length 1.1314 mm
    @(65.5000 mm, 40.5000 mm): Zone [GND] on F.Cu, priority 0
[clearance]: Clearance violation (zone clearance 0.5000 mm; actual 0.0000 mm)
    Local override; error
    @(108.3000 mm, 75.8000 mm): Track [XTAL_IN] on F.Cu, length 2.5554 mm
    @(65.5000 mm, 40.5000 mm): Zone [GND] on F.Cu, priority 0
[clearance]: Clearance violation (zone clearance 0.5000 mm; actual 0.0000 mm)
    Local override; error
    @(98.8000 mm, 57.0000 mm): Track [SPICS] on B.Cu, length 17.0000 mm
    @(65.5000 mm, 40.5000 mm): Zone [GND] on B.Cu, priority 0
[clearance]: Clearance violation (zone clearance 0.5000 mm; actual 0.0000 mm)
    Local override; error
    @(101.0000 mm, 58.5000 mm): Track [SPISO] on B.Cu, length 18.0000 mm
    @(65.5000 mm, 40.5000 mm): Zone [GND] on B.Cu, priority 0
[clearance]: Clearance violation (zone clearance 0.5000 mm; actual 0.0000 mm)
    Local override; error
    @(81.8000 mm, 78.0000 mm): Track [SPICS] on F.Cu, length 2.0000 mm
    @(65.5000 mm, 40.5000 mm): Zone [GND] on F.Cu, priority 0
[clearance]: Clearance violation (zone clearance 0.5000 mm; actual 0.0000 mm)
    Local override; error
    @(98.8000 mm, 66.0500 mm): Track [SPICS] on F.Cu, length 9.0500 mm
    @(65.5000 mm, 40.5000 mm): Zone [GND] on F.Cu, priority 0
[clearance]: Clearance violation (zone clearance 0.5000 mm; actual 0.0000 mm)
    Local override; error
    @(83.0000 mm, 78.0000 mm): Via [SPISO] on F.Cu - B.Cu
    @(65.5000 mm, 40.5000 mm): Zone [GND] on F.Cu, priority 0
[hole_clearance]: Hole clearance violation (board setup constraints hole clearance 0.2500 mm; actual 0.0000 mm)
    Rule: board setup constraints hole; error
    @(83.0000 mm, 78.0000 mm): Via [SPISO] on F.Cu - B.Cu
    @(65.5000 mm, 40.5000 mm): Zone [GND] on F.Cu, priority 0
[clearance]: Clearance violation (zone clearance 0.5000 mm; actual 0.0000 mm)
    Local override; error
    @(83.0000 mm, 58.5000 mm): Track [SPISO] on B.Cu, length 19.5000 mm
    @(65.5000 mm, 40.5000 mm): Zone [GND] on B.Cu, priority 0
[clearance]: Clearance violation (zone clearance 0.5000 mm; actual 0.0000 mm)
    Local override; error
    @(99.2000 mm, 66.0500 mm): Track [SPISO] on F.Cu, length 7.5500 mm
    @(65.5000 mm, 40.5000 mm): Zone [GND] on F.Cu, priority 0
[clearance]: Clearance violation (zone clearance 0.5000 mm; actual 0.0000 mm)
    Local override; error
    @(101.0000 mm, 58.5000 mm): Via [SPISO] on F.Cu - B.Cu
    @(65.5000 mm, 40.5000 mm): Zone [GND] on F.Cu, priority 0
[clearance]: Clearance violation (zone clearance 0.5000 mm; actual 0.0000 mm)
    Local override; error
    @(83.0000 mm, 78.0000 mm): Via [SPISO] on F.Cu - B.Cu
    @(65.5000 mm, 40.5000 mm): Zone [GND] on B.Cu, priority 0
[clearance]: Clearance violation (zone clearance 0.5000 mm; actual 0.0000 mm)
    Local override; error
    @(99.2000 mm, 58.5000 mm): Track [SPISO] on F.Cu, length 1.8000 mm
    @(65.5000 mm, 40.5000 mm): Zone [GND] on F.Cu, priority 0
[hole_clearance]: Hole clearance violation (board setup constraints hole clearance 0.2500 mm; actual 0.0000 mm)
    Rule: board setup constraints hole; error
    @(83.0000 mm, 78.0000 mm): Via [SPISO] on F.Cu - B.Cu
    @(65.5000 mm, 40.5000 mm): Zone [GND] on B.Cu, priority 0
[hole_clearance]: Hole clearance violation (board setup constraints hole clearance 0.2500 mm; actual 0.0000 mm)
    Rule: board setup constraints hole; error
    @(101.0000 mm, 58.5000 mm): Via [SPISO] on F.Cu - B.Cu
    @(65.5000 mm, 40.5000 mm): Zone [GND] on F.Cu, priority 0
[clearance]: Clearance violation (zone clearance 0.5000 mm; actual 0.0000 mm)
    Local override; error
    @(83.0000 mm, 78.0000 mm): Track [SPISO] on F.Cu, length 2.0000 mm
    @(65.5000 mm, 40.5000 mm): Zone [GND] on F.Cu, priority 0
[clearance]: Clearance violation (zone clearance 0.5000 mm; actual 0.0000 mm)
    Local override; error
    @(100.2000 mm, 60.0000 mm): Track [SPISO3] on B.Cu, length 9.7000 mm
    @(65.5000 mm, 40.5000 mm): Zone [GND] on B.Cu, priority 0
[clearance]: Clearance violation (zone clearance 0.5000 mm; actual 0.0000 mm)
    Local override; error
    @(101.0000 mm, 58.5000 mm): Via [SPISO] on F.Cu - B.Cu
    @(65.5000 mm, 40.5000 mm): Zone [GND] on B.Cu, priority 0
[clearance]: Clearance violation (zone clearance 0.5000 mm; actual 0.0000 mm)
    Local override; error
    @(90.5000 mm, 60.0000 mm): Via [SPISO3] on F.Cu - B.Cu
    @(65.5000 mm, 40.5000 mm): Zone [GND] on F.Cu, priority 0
[hole_clearance]: Hole clearance violation (board setup constraints hole clearance 0.2500 mm; actual 0.0000 mm)
    Rule: board setup constraints hole; error
    @(90.5000 mm, 60.0000 mm): Via [SPISO3] on F.Cu - B.Cu
    @(65.5000 mm, 40.5000 mm): Zone [GND] on F.Cu, priority 0
[clearance]: Clearance violation (zone clearance 0.5000 mm; actual 0.0000 mm)
    Local override; error
    @(90.5000 mm, 60.0000 mm): Via [SPISO3] on F.Cu - B.Cu
    @(65.5000 mm, 40.5000 mm): Zone [GND] on B.Cu, priority 0
[clearance]: Clearance violation (zone clearance 0.5000 mm; actual 0.0000 mm)
    Local override; error
    @(99.6000 mm, 66.0500 mm): Track [SPISO3] on F.Cu, length 6.0500 mm
    @(65.5000 mm, 40.5000 mm): Zone [GND] on F.Cu, priority 0
[hole_clearance]: Hole clearance violation (board setup constraints hole clearance 0.2500 mm; actual 0.0000 mm)
    Rule: board setup constraints hole; error
    @(101.0000 mm, 58.5000 mm): Via [SPISO] on F.Cu - B.Cu
    @(65.5000 mm, 40.5000 mm): Zone [GND] on B.Cu, priority 0
[hole_clearance]: Hole clearance violation (board setup constraints hole clearance 0.2500 mm; actual 0.0000 mm)
    Rule: board setup constraints hole; error
    @(90.5000 mm, 60.0000 mm): Via [SPISO3] on F.Cu - B.Cu
    @(65.5000 mm, 40.5000 mm): Zone [GND] on B.Cu, priority 0
[clearance]: Clearance violation (zone clearance 0.5000 mm; actual 0.0000 mm)
    Local override; error
    @(99.6000 mm, 60.0000 mm): Track [SPISO3] on F.Cu, length 0.6000 mm
    @(65.5000 mm, 40.5000 mm): Zone [GND] on F.Cu, priority 0
[clearance]: Clearance violation (zone clearance 0.5000 mm; actual 0.0000 mm)
    Local override; error
    @(89.0000 mm, 61.0000 mm): Track [SPISO3] on F.Cu, length 19.0000 mm
    @(65.5000 mm, 40.5000 mm): Zone [GND] on F.Cu, priority 0
[clearance]: Clearance violation (zone clearance 0.5000 mm; actual 0.0000 mm)
    Local override; error
    @(90.5000 mm, 60.0000 mm): Track [SPISO3] on F.Cu, length 1.8028 mm
    @(65.5000 mm, 40.5000 mm): Zone [GND] on F.Cu, priority 0
[clearance]: Clearance violation (zone clearance 0.5000 mm; actual 0.0000 mm)
    Local override; error
    @(90.2000 mm, 74.4000 mm): Track [RTL_3V3] on B.Cu, length 1.1000 mm
    @(65.5000 mm, 40.5000 mm): Zone [GND] on B.Cu, priority 0
[clearance]: Clearance violation (zone clearance 0.5000 mm; actual 0.0000 mm)
    Local override; error
    @(94.2000 mm, 74.4000 mm): Track [RTL_3V3] on B.Cu, length 4.0000 mm
    @(65.5000 mm, 40.5000 mm): Zone [GND] on B.Cu, priority 0
[clearance]: Clearance violation (zone clearance 0.5000 mm; actual 0.0000 mm)
    Local override; error
    @(92.0000 mm, 68.4000 mm): Track [RTL_3V3] on B.Cu, length 7.3246 mm
    @(65.5000 mm, 40.5000 mm): Zone [GND] on B.Cu, priority 0
[clearance]: Clearance violation (zone clearance 0.5000 mm; actual 0.0000 mm)
    Local override; error
    @(102.5000 mm, 54.0000 mm): Track [RTL_3V3] on B.Cu, length 6.8000 mm
    @(65.5000 mm, 40.5000 mm): Zone [GND] on B.Cu, priority 0
[clearance]: Clearance violation (zone clearance 0.5000 mm; actual 0.0000 mm)
    Local override; error
    @(91.2000 mm, 54.0000 mm): Track [RTL_3V3] on B.Cu, length 3.0000 mm
    @(65.5000 mm, 40.5000 mm): Zone [GND] on B.Cu, priority 0
[clearance]: Clearance violation (zone clearance 0.5000 mm; actual 0.0000 mm)
    Local override; error
    @(94.2000 mm, 54.0000 mm): Track [RTL_3V3] on B.Cu, length 8.3000 mm
    @(65.5000 mm, 40.5000 mm): Zone [GND] on B.Cu, priority 0
[clearance]: Clearance violation (zone clearance 0.5000 mm; actual 0.0000 mm)
    Local override; error
    @(110.0000 mm, 60.8000 mm): Track [RTL_3V3] on B.Cu, length 7.7000 mm
    @(65.5000 mm, 40.5000 mm): Zone [GND] on B.Cu, priority 0
[clearance]: Clearance violation (zone clearance 0.5000 mm; actual 0.0000 mm)
    Local override; error
    @(81.8000 mm, 78.0000 mm): Via [SPICS] on F.Cu - B.Cu
    @(65.5000 mm, 40.5000 mm): Zone [GND] on F.Cu, priority 0
[clearance]: Clearance violation (zone clearance 0.5000 mm; actual 0.0000 mm)
    Local override; error
    @(100.4000 mm, 60.8000 mm): Track [RTL_3V3] on B.Cu, length 9.6000 mm
    @(65.5000 mm, 40.5000 mm): Zone [GND] on B.Cu, priority 0
[clearance]: Clearance violation (zone clearance 0.5000 mm; actual 0.0000 mm)
    Local override; error
    @(91.2000 mm, 54.0000 mm): Via [RTL_3V3] on F.Cu - B.Cu
    @(65.5000 mm, 40.5000 mm): Zone [GND] on F.Cu, priority 0
[clearance]: Clearance violation (zone clearance 0.5000 mm; actual 0.0000 mm)
    Local override; error
    @(102.5000 mm, 60.8000 mm): Track [RTL_3V3] on B.Cu, length 2.1000 mm
    @(65.5000 mm, 40.5000 mm): Zone [GND] on B.Cu, priority 0
[hole_clearance]: Hole clearance violation (board setup constraints hole clearance 0.2500 mm; actual 0.0000 mm)
    Rule: board setup constraints hole; error
    @(91.2000 mm, 54.0000 mm): Via [RTL_3V3] on F.Cu - B.Cu
    @(65.5000 mm, 40.5000 mm): Zone [GND] on F.Cu, priority 0
[hole_clearance]: Hole clearance violation (board setup constraints hole clearance 0.2500 mm; actual 0.0000 mm)
    Rule: board setup constraints hole; error
    @(81.8000 mm, 78.0000 mm): Via [SPICS] on F.Cu - B.Cu
    @(65.5000 mm, 40.5000 mm): Zone [GND] on F.Cu, priority 0
[clearance]: Clearance violation (zone clearance 0.5000 mm; actual 0.0000 mm)
    Local override; error
    @(91.2000 mm, 54.0000 mm): Via [RTL_3V3] on F.Cu - B.Cu
    @(65.5000 mm, 40.5000 mm): Zone [GND] on B.Cu, priority 0
[clearance]: Clearance violation (zone clearance 0.5000 mm; actual 0.0000 mm)
    Local override; error
    @(100.4000 mm, 60.8000 mm): Via [RTL_3V3] on F.Cu - B.Cu
    @(65.5000 mm, 40.5000 mm): Zone [GND] on F.Cu, priority 0
[hole_clearance]: Hole clearance violation (board setup constraints hole clearance 0.2500 mm; actual 0.0000 mm)
    Rule: board setup constraints hole; error
    @(91.2000 mm, 54.0000 mm): Via [RTL_3V3] on F.Cu - B.Cu
    @(65.5000 mm, 40.5000 mm): Zone [GND] on B.Cu, priority 0
[clearance]: Clearance violation (zone clearance 0.5000 mm; actual 0.0000 mm)
    Local override; error
    @(110.0000 mm, 68.5000 mm): Via [RTL_3V3] on F.Cu - B.Cu
    @(65.5000 mm, 40.5000 mm): Zone [GND] on F.Cu, priority 0
[hole_clearance]: Hole clearance violation (board setup constraints hole clearance 0.2500 mm; actual 0.0000 mm)
    Rule: board setup constraints hole; error
    @(100.4000 mm, 60.8000 mm): Via [RTL_3V3] on F.Cu - B.Cu
    @(65.5000 mm, 40.5000 mm): Zone [GND] on F.Cu, priority 0
[clearance]: Clearance violation (zone clearance 0.5000 mm; actual 0.0000 mm)
    Local override; error
    @(81.8000 mm, 78.0000 mm): Via [SPICS] on F.Cu - B.Cu
    @(65.5000 mm, 40.5000 mm): Zone [GND] on B.Cu, priority 0
[hole_clearance]: Hole clearance violation (board setup constraints hole clearance 0.2500 mm; actual 0.0000 mm)
    Rule: board setup constraints hole; error
    @(110.0000 mm, 68.5000 mm): Via [RTL_3V3] on F.Cu - B.Cu
    @(65.5000 mm, 40.5000 mm): Zone [GND] on F.Cu, priority 0
[hole_clearance]: Hole clearance violation (board setup constraints hole clearance 0.2500 mm; actual 0.0000 mm)
    Rule: board setup constraints hole; error
    @(81.8000 mm, 78.0000 mm): Via [SPICS] on F.Cu - B.Cu
    @(65.5000 mm, 40.5000 mm): Zone [GND] on B.Cu, priority 0
[clearance]: Clearance violation (zone clearance 0.5000 mm; actual 0.0000 mm)
    Local override; error
    @(92.0000 mm, 68.4000 mm): Via [RTL_3V3] on F.Cu - B.Cu
    @(65.5000 mm, 40.5000 mm): Zone [GND] on F.Cu, priority 0
[clearance]: Clearance violation (zone clearance 0.5000 mm; actual 0.0000 mm)
    Local override; error
    @(100.4000 mm, 60.8000 mm): Via [RTL_3V3] on F.Cu - B.Cu
    @(65.5000 mm, 40.5000 mm): Zone [GND] on B.Cu, priority 0
[hole_clearance]: Hole clearance violation (board setup constraints hole clearance 0.2500 mm; actual 0.0000 mm)
    Rule: board setup constraints hole; error
    @(92.0000 mm, 68.4000 mm): Via [RTL_3V3] on F.Cu - B.Cu
    @(65.5000 mm, 40.5000 mm): Zone [GND] on F.Cu, priority 0
[hole_clearance]: Hole clearance violation (board setup constraints hole clearance 0.2500 mm; actual 0.0000 mm)
    Rule: board setup constraints hole; error
    @(100.4000 mm, 60.8000 mm): Via [RTL_3V3] on F.Cu - B.Cu
    @(65.5000 mm, 40.5000 mm): Zone [GND] on B.Cu, priority 0
[clearance]: Clearance violation (zone clearance 0.5000 mm; actual 0.0000 mm)
    Local override; error
    @(92.0000 mm, 68.4000 mm): Via [RTL_3V3] on F.Cu - B.Cu
    @(65.5000 mm, 40.5000 mm): Zone [GND] on B.Cu, priority 0
[hole_clearance]: Hole clearance violation (board setup constraints hole clearance 0.2500 mm; actual 0.0000 mm)
    Rule: board setup constraints hole; error
    @(92.0000 mm, 68.4000 mm): Via [RTL_3V3] on F.Cu - B.Cu
    @(65.5000 mm, 40.5000 mm): Zone [GND] on B.Cu, priority 0
[clearance]: Clearance violation (zone clearance 0.5000 mm; actual 0.0000 mm)
    Local override; error
    @(110.0000 mm, 68.5000 mm): Via [RTL_3V3] on F.Cu - B.Cu
    @(65.5000 mm, 40.5000 mm): Zone [GND] on B.Cu, priority 0
[hole_clearance]: Hole clearance violation (board setup constraints hole clearance 0.2500 mm; actual 0.0000 mm)
    Rule: board setup constraints hole; error
    @(110.0000 mm, 68.5000 mm): Via [RTL_3V3] on F.Cu - B.Cu
    @(65.5000 mm, 40.5000 mm): Zone [GND] on B.Cu, priority 0
[clearance]: Clearance violation (zone clearance 0.5000 mm; actual 0.0000 mm)
    Local override; error
    @(94.2000 mm, 54.0000 mm): Via [RTL_3V3] on F.Cu - B.Cu
    @(65.5000 mm, 40.5000 mm): Zone [GND] on F.Cu, priority 0
[clearance]: Clearance violation (zone clearance 0.5000 mm; actual 0.0000 mm)
    Local override; error
    @(90.2000 mm, 75.5000 mm): Via [RTL_3V3] on F.Cu - B.Cu
    @(65.5000 mm, 40.5000 mm): Zone [GND] on F.Cu, priority 0
[clearance]: Clearance violation (zone clearance 0.5000 mm; actual 0.0000 mm)
    Local override; error
    @(94.2000 mm, 74.4000 mm): Via [RTL_3V3] on F.Cu - B.Cu
    @(65.5000 mm, 40.5000 mm): Zone [GND] on F.Cu, priority 0
[hole_clearance]: Hole clearance violation (board setup constraints hole clearance 0.2500 mm; actual 0.0000 mm)
    Rule: board setup constraints hole; error
    @(94.2000 mm, 54.0000 mm): Via [RTL_3V3] on F.Cu - B.Cu
    @(65.5000 mm, 40.5000 mm): Zone [GND] on F.Cu, priority 0
[hole_clearance]: Hole clearance violation (board setup constraints hole clearance 0.2500 mm; actual 0.0000 mm)
    Rule: board setup constraints hole; error
    @(90.2000 mm, 75.5000 mm): Via [RTL_3V3] on F.Cu - B.Cu
    @(65.5000 mm, 40.5000 mm): Zone [GND] on F.Cu, priority 0
[hole_clearance]: Hole clearance violation (board setup constraints hole clearance 0.2500 mm; actual 0.0000 mm)
    Rule: board setup constraints hole; error
    @(94.2000 mm, 74.4000 mm): Via [RTL_3V3] on F.Cu - B.Cu
    @(65.5000 mm, 40.5000 mm): Zone [GND] on F.Cu, priority 0
[clearance]: Clearance violation (zone clearance 0.5000 mm; actual 0.0000 mm)
    Local override; error
    @(94.2000 mm, 56.0000 mm): Track [RTL_3V3] on F.Cu, length 2.0000 mm
    @(65.5000 mm, 40.5000 mm): Zone [GND] on F.Cu, priority 0
[clearance]: Clearance violation (zone clearance 0.5000 mm; actual 0.0000 mm)
    Local override; error
    @(94.2000 mm, 74.4000 mm): Via [RTL_3V3] on F.Cu - B.Cu
    @(65.5000 mm, 40.5000 mm): Zone [GND] on B.Cu, priority 0
[clearance]: Clearance violation (zone clearance 0.5000 mm; actual 0.0000 mm)
    Local override; error
    @(98.8000 mm, 57.0000 mm): Via [SPICS] on F.Cu - B.Cu
    @(65.5000 mm, 40.5000 mm): Zone [GND] on F.Cu, priority 0
[hole_clearance]: Hole clearance violation (board setup constraints hole clearance 0.2500 mm; actual 0.0000 mm)
    Rule: board setup constraints hole; error
    @(94.2000 mm, 74.4000 mm): Via [RTL_3V3] on F.Cu - B.Cu
    @(65.5000 mm, 40.5000 mm): Zone [GND] on B.Cu, priority 0
[hole_clearance]: Hole clearance violation (board setup constraints hole clearance 0.2500 mm; actual 0.0000 mm)
    Rule: board setup constraints hole; error
    @(98.8000 mm, 57.0000 mm): Via [SPICS] on F.Cu - B.Cu
    @(65.5000 mm, 40.5000 mm): Zone [GND] on F.Cu, priority 0
[clearance]: Clearance violation (zone clearance 0.5000 mm; actual 0.0000 mm)
    Local override; error
    @(90.2000 mm, 75.5000 mm): Track [RTL_3V3] on F.Cu, length 4.5000 mm
    @(65.5000 mm, 40.5000 mm): Zone [GND] on F.Cu, priority 0
[clearance]: Clearance violation (zone clearance 0.5000 mm; actual 0.0000 mm)
    Local override; error
    @(98.8000 mm, 57.0000 mm): Via [SPICS] on F.Cu - B.Cu
    @(65.5000 mm, 40.5000 mm): Zone [GND] on B.Cu, priority 0
[hole_clearance]: Hole clearance violation (board setup constraints hole clearance 0.2500 mm; actual 0.0000 mm)
    Rule: board setup constraints hole; error
    @(98.8000 mm, 57.0000 mm): Via [SPICS] on F.Cu - B.Cu
    @(65.5000 mm, 40.5000 mm): Zone [GND] on B.Cu, priority 0
[clearance]: Clearance violation (zone clearance 0.5000 mm; actual 0.0000 mm)
    Local override; error
    @(90.2000 mm, 80.0000 mm): Track [RTL_3V3] on F.Cu, length 2.0000 mm
    @(65.5000 mm, 40.5000 mm): Zone [GND] on F.Cu, priority 0
[clearance]: Clearance violation (zone clearance 0.5000 mm; actual 0.0000 mm)
    Local override; error
    @(91.2000 mm, 56.0000 mm): Track [RTL_3V3] on F.Cu, length 2.0000 mm
    @(65.5000 mm, 40.5000 mm): Zone [GND] on F.Cu, priority 0
[clearance]: Clearance violation (zone clearance 0.5000 mm; actual 0.0000 mm)
    Local override; error
    @(93.2000 mm, 68.4000 mm): Track [RTL_3V3] on F.Cu, length 3.4000 mm
    @(65.5000 mm, 40.5000 mm): Zone [GND] on F.Cu, priority 0
[clearance]: Clearance violation (zone clearance 0.5000 mm; actual 0.0000 mm)
    Local override; error
    @(94.0500 mm, 68.4000 mm): Track [RTL_3V3] on F.Cu, length 0.8500 mm
    @(65.5000 mm, 40.5000 mm): Zone [GND] on F.Cu, priority 0
[clearance]: Clearance violation (zone clearance 0.5000 mm; actual 0.0000 mm)
    Local override; error
    @(100.4000 mm, 66.0500 mm): Track [RTL_3V3] on F.Cu, length 5.2500 mm
    @(65.5000 mm, 40.5000 mm): Zone [GND] on F.Cu, priority 0
[clearance]: Clearance violation (zone clearance 0.5000 mm; actual 0.0000 mm)
    Local override; error
    @(93.2000 mm, 65.0000 mm): Track [RTL_3V3] on F.Cu, length 1.2000 mm
    @(65.5000 mm, 40.5000 mm): Zone [GND] on F.Cu, priority 0
[clearance]: Clearance violation (zone clearance 0.5000 mm; actual 0.0000 mm)
    Local override; error
    @(94.8000 mm, 73.9500 mm): Track [RTL_3V3] on F.Cu, length 0.4500 mm
    @(65.5000 mm, 40.5000 mm): Zone [GND] on F.Cu, priority 0
[clearance]: Clearance violation (zone clearance 0.5000 mm; actual 0.0000 mm)
    Local override; error
    @(84.2000 mm, 82.0000 mm): Track [RTL_3V3] on F.Cu, length 2.0000 mm
    @(65.5000 mm, 40.5000 mm): Zone [GND] on F.Cu, priority 0
[clearance]: Clearance violation (zone clearance 0.5000 mm; actual 0.0000 mm)
    Local override; error
    @(90.2000 mm, 56.0000 mm): Track [RTL_3V3] on F.Cu, length 1.0000 mm
    @(65.5000 mm, 40.5000 mm): Zone [GND] on F.Cu, priority 0
[clearance]: Clearance violation (zone clearance 0.5000 mm; actual 0.0000 mm)
    Local override; error
    @(94.2000 mm, 54.0000 mm): Via [RTL_3V3] on F.Cu - B.Cu
    @(65.5000 mm, 40.5000 mm): Zone [GND] on B.Cu, priority 0
[clearance]: Clearance violation (zone clearance 0.5000 mm; actual 0.0000 mm)
    Local override; error
    @(90.2000 mm, 82.0000 mm): Track [RTL_3V3] on F.Cu, length 6.0000 mm
    @(65.5000 mm, 40.5000 mm): Zone [GND] on F.Cu, priority 0
[hole_clearance]: Hole clearance violation (board setup constraints hole clearance 0.2500 mm; actual 0.0000 mm)
    Rule: board setup constraints hole; error
    @(94.2000 mm, 54.0000 mm): Via [RTL_3V3] on F.Cu - B.Cu
    @(65.5000 mm, 40.5000 mm): Zone [GND] on B.Cu, priority 0
[clearance]: Clearance violation (zone clearance 0.5000 mm; actual 0.0000 mm)
    Local override; error
    @(94.8000 mm, 74.4000 mm): Track [RTL_3V3] on F.Cu, length 0.6000 mm
    @(65.5000 mm, 40.5000 mm): Zone [GND] on F.Cu, priority 0
[clearance]: Clearance violation (zone clearance 0.5000 mm; actual 0.0000 mm)
    Local override; error
    @(110.0000 mm, 68.5000 mm): Track [RTL_3V3] on F.Cu, length 0.6403 mm
    @(65.5000 mm, 40.5000 mm): Zone [GND] on F.Cu, priority 0
[clearance]: Clearance violation (zone clearance 0.5000 mm; actual 0.0000 mm)
    Local override; error
    @(87.8000 mm, 64.0000 mm): Track [SPICLK] on B.Cu, length 14.0000 mm
    @(65.5000 mm, 40.5000 mm): Zone [GND] on B.Cu, priority 0
[clearance]: Clearance violation (zone clearance 0.5000 mm; actual 0.0000 mm)
    Local override; error
    @(102.0000 mm, 64.0000 mm): Track [SPICLK] on B.Cu, length 14.2000 mm
    @(65.5000 mm, 40.5000 mm): Zone [GND] on B.Cu, priority 0
[clearance]: Clearance violation (zone clearance 0.5000 mm; actual 0.0000 mm)
    Local override; error
    @(102.0000 mm, 64.0000 mm): Via [SPICLK] on F.Cu - B.Cu
    @(65.5000 mm, 40.5000 mm): Zone [GND] on F.Cu, priority 0
[clearance]: Clearance violation (zone clearance 0.5000 mm; actual 0.0000 mm)
    Local override; error
    @(87.8000 mm, 78.0000 mm): Via [SPICLK] on F.Cu - B.Cu
    @(65.5000 mm, 40.5000 mm): Zone [GND] on F.Cu, priority 0
[hole_clearance]: Hole clearance violation (board setup constraints hole clearance 0.2500 mm; actual 0.0000 mm)
    Rule: board setup constraints hole; error
    @(102.0000 mm, 64.0000 mm): Via [SPICLK] on F.Cu - B.Cu
    @(65.5000 mm, 40.5000 mm): Zone [GND] on F.Cu, priority 0
[hole_clearance]: Hole clearance violation (board setup constraints hole clearance 0.2500 mm; actual 0.0000 mm)
    Rule: board setup constraints hole; error
    @(87.8000 mm, 78.0000 mm): Via [SPICLK] on F.Cu - B.Cu
    @(65.5000 mm, 40.5000 mm): Zone [GND] on F.Cu, priority 0
[clearance]: Clearance violation (zone clearance 0.5000 mm; actual 0.0000 mm)
    Local override; error
    @(102.0000 mm, 64.0000 mm): Via [SPICLK] on F.Cu - B.Cu
    @(65.5000 mm, 40.5000 mm): Zone [GND] on B.Cu, priority 0
[clearance]: Clearance violation (zone clearance 0.5000 mm; actual 0.0000 mm)
    Local override; error
    @(100.8000 mm, 65.0000 mm): Track [SPICLK] on F.Cu, length 1.5620 mm
    @(65.5000 mm, 40.5000 mm): Zone [GND] on F.Cu, priority 0
[hole_clearance]: Hole clearance violation (board setup constraints hole clearance 0.2500 mm; actual 0.0000 mm)
    Rule: board setup constraints hole; error
    @(102.0000 mm, 64.0000 mm): Via [SPICLK] on F.Cu - B.Cu
    @(65.5000 mm, 40.5000 mm): Zone [GND] on B.Cu, priority 0
[clearance]: Clearance violation (zone clearance 0.5000 mm; actual 0.0000 mm)
    Local override; error
    @(87.8000 mm, 78.0000 mm): Via [SPICLK] on F.Cu - B.Cu
    @(65.5000 mm, 40.5000 mm): Zone [GND] on B.Cu, priority 0
[hole_clearance]: Hole clearance violation (board setup constraints hole clearance 0.2500 mm; actual 0.0000 mm)
    Rule: board setup constraints hole; error
    @(87.8000 mm, 78.0000 mm): Via [SPICLK] on F.Cu - B.Cu
    @(65.5000 mm, 40.5000 mm): Zone [GND] on B.Cu, priority 0
[clearance]: Clearance violation (zone clearance 0.5000 mm; actual 0.0000 mm)
    Local override; error
    @(87.8000 mm, 78.0000 mm): Track [SPICLK] on F.Cu, length 2.0000 mm
    @(65.5000 mm, 40.5000 mm): Zone [GND] on F.Cu, priority 0
[clearance]: Clearance violation (zone clearance 0.5000 mm; actual 0.0000 mm)
    Local override; error
    @(100.8000 mm, 66.0500 mm): Track [SPICLK] on F.Cu, length 1.0500 mm
    @(65.5000 mm, 40.5000 mm): Zone [GND] on F.Cu, priority 0
[clearance]: Clearance violation (zone clearance 0.5000 mm; actual 0.0000 mm)
    Local override; error
    @(102.2000 mm, 64.8000 mm): Track [SPISI] on B.Cu, length 13.8000 mm
    @(65.5000 mm, 40.5000 mm): Zone [GND] on B.Cu, priority 0
[clearance]: Clearance violation (zone clearance 0.5000 mm; actual 0.0000 mm)
    Local override; error
    @(88.4000 mm, 64.8000 mm): Via [SPISI] on F.Cu - B.Cu
    @(65.5000 mm, 40.5000 mm): Zone [GND] on F.Cu, priority 0
[clearance]: Clearance violation (zone clearance 0.5000 mm; actual 0.0000 mm)
    Local override; error
    @(102.2000 mm, 64.8000 mm): Via [SPISI] on F.Cu - B.Cu
    @(65.5000 mm, 40.5000 mm): Zone [GND] on F.Cu, priority 0
[hole_clearance]: Hole clearance violation (board setup constraints hole clearance 0.2500 mm; actual 0.0000 mm)
    Rule: board setup constraints hole; error
    @(88.4000 mm, 64.8000 mm): Via [SPISI] on F.Cu - B.Cu
    @(65.5000 mm, 40.5000 mm): Zone [GND] on F.Cu, priority 0
[hole_clearance]: Hole clearance violation (board setup constraints hole clearance 0.2500 mm; actual 0.0000 mm)
    Rule: board setup constraints hole; error
    @(102.2000 mm, 64.8000 mm): Via [SPISI] on F.Cu - B.Cu
    @(65.5000 mm, 40.5000 mm): Zone [GND] on F.Cu, priority 0
[clearance]: Clearance violation (zone clearance 0.5000 mm; actual 0.0000 mm)
    Local override; error
    @(101.2000 mm, 66.0500 mm): Track [SPISI] on F.Cu, length 1.6008 mm
    @(65.5000 mm, 40.5000 mm): Zone [GND] on F.Cu, priority 0
[clearance]: Clearance violation (zone clearance 0.5000 mm; actual 0.0000 mm)
    Local override; error
    @(88.4000 mm, 64.8000 mm): Track [SPISI] on F.Cu, length 1.8000 mm
    @(65.5000 mm, 40.5000 mm): Zone [GND] on F.Cu, priority 0
[clearance]: Clearance violation (zone clearance 0.5000 mm; actual 0.0000 mm)
    Local override; error
    @(100.2000 mm, 60.0000 mm): Via [SPISO3] on F.Cu - B.Cu
    @(65.5000 mm, 40.5000 mm): Zone [GND] on F.Cu, priority 0
[clearance]: Clearance violation (zone clearance 0.5000 mm; actual 0.0000 mm)
    Local override; error
    @(90.2000 mm, 75.5000 mm): Via [RTL_3V3] on F.Cu - B.Cu
    @(65.5000 mm, 40.5000 mm): Zone [GND] on B.Cu, priority 0
[hole_clearance]: Hole clearance violation (board setup constraints hole clearance 0.2500 mm; actual 0.0000 mm)
    Rule: board setup constraints hole; error
    @(100.2000 mm, 60.0000 mm): Via [SPISO3] on F.Cu - B.Cu
    @(65.5000 mm, 40.5000 mm): Zone [GND] on F.Cu, priority 0
[clearance]: Clearance violation (zone clearance 0.5000 mm; actual 0.0000 mm)
    Local override; error
    @(102.2000 mm, 64.8000 mm): Via [SPISI] on F.Cu - B.Cu
    @(65.5000 mm, 40.5000 mm): Zone [GND] on B.Cu, priority 0
[clearance]: Clearance violation (zone clearance 0.5000 mm; actual 0.0000 mm)
    Local override; error
    @(86.6000 mm, 64.8000 mm): Track [SPISI] on F.Cu, length 15.2000 mm
    @(65.5000 mm, 40.5000 mm): Zone [GND] on F.Cu, priority 0
[hole_clearance]: Hole clearance violation (board setup constraints hole clearance 0.2500 mm; actual 0.0000 mm)
    Rule: board setup constraints hole; error
    @(90.2000 mm, 75.5000 mm): Via [RTL_3V3] on F.Cu - B.Cu
    @(65.5000 mm, 40.5000 mm): Zone [GND] on B.Cu, priority 0
[clearance]: Clearance violation (zone clearance 0.5000 mm; actual 0.0000 mm)
    Local override; error
    @(100.2000 mm, 60.0000 mm): Via [SPISO3] on F.Cu - B.Cu
    @(65.5000 mm, 40.5000 mm): Zone [GND] on B.Cu, priority 0
[clearance]: Clearance violation (zone clearance 0.5000 mm; actual 0.0000 mm)
    Local override; error
    @(108.0000 mm, 67.2000 mm): Track [RTL_1V1] on B.Cu, length 3.3000 mm
    @(65.5000 mm, 40.5000 mm): Zone [GND] on B.Cu, priority 0
[clearance]: Clearance violation (zone clearance 0.5000 mm; actual 0.0000 mm)
    Local override; error
    @(112.5000 mm, 69.5000 mm): Track [RTL_1V1] on B.Cu, length 0.5000 mm
    @(65.5000 mm, 40.5000 mm): Zone [GND] on B.Cu, priority 0
[clearance]: Clearance violation (zone clearance 0.5000 mm; actual 0.0000 mm)
    Local override; error
    @(112.5000 mm, 69.0000 mm): Track [RTL_1V1] on B.Cu, length 1.3000 mm
    @(65.5000 mm, 40.5000 mm): Zone [GND] on B.Cu, priority 0
[clearance]: Clearance violation (zone clearance 0.5000 mm; actual 0.0000 mm)
    Local override; error
    @(108.0000 mm, 70.5000 mm): Track [RTL_1V1] on B.Cu, length 5.8000 mm
    @(65.5000 mm, 40.5000 mm): Zone [GND] on B.Cu, priority 0
[clearance]: Clearance violation (zone clearance 0.5000 mm; actual 0.0000 mm)
    Local override; error
    @(107.0000 mm, 73.8000 mm): Track [RTL_1V1] on B.Cu, length 12.2000 mm
    @(65.5000 mm, 40.5000 mm): Zone [GND] on B.Cu, priority 0
[clearance]: Clearance violation (zone clearance 0.5000 mm; actual 0.0000 mm)
    Local override; error
    @(113.8000 mm, 70.5000 mm): Track [RTL_1V1] on B.Cu, length 1.5000 mm
    @(65.5000 mm, 40.5000 mm): Zone [GND] on B.Cu, priority 0
[clearance]: Clearance violation (zone clearance 0.5000 mm; actual 0.0000 mm)
    Local override; error
    @(92.8000 mm, 72.8000 mm): Track [RTL_1V1] on B.Cu, length 3.3000 mm
    @(65.5000 mm, 40.5000 mm): Zone [GND] on B.Cu, priority 0
[clearance]: Clearance violation (zone clearance 0.5000 mm; actual 0.0000 mm)
    Local override; error
    @(103.0000 mm, 73.8000 mm): Track [RTL_1V1] on B.Cu, length 4.0000 mm
    @(65.5000 mm, 40.5000 mm): Zone [GND] on B.Cu, priority 0
[clearance]: Clearance violation (zone clearance 0.5000 mm; actual 0.0000 mm)
    Local override; error
    @(102.8000 mm, 67.2000 mm): Track [RTL_1V1] on B.Cu, length 5.2000 mm
    @(65.5000 mm, 40.5000 mm): Zone [GND] on B.Cu, priority 0
[clearance]: Clearance violation (zone clearance 0.5000 mm; actual 0.0000 mm)
    Local override; error
    @(113.8000 mm, 52.0000 mm): Track [RTL_1V1] on B.Cu, length 17.0000 mm
    @(65.5000 mm, 40.5000 mm): Zone [GND] on B.Cu, priority 0
[clearance]: Clearance violation (zone clearance 0.5000 mm; actual 0.0000 mm)
    Local override; error
    @(94.8000 mm, 73.8000 mm): Track [RTL_1V1] on B.Cu, length 4.3000 mm
    @(65.5000 mm, 40.5000 mm): Zone [GND] on B.Cu, priority 0
[clearance]: Clearance violation (zone clearance 0.5000 mm; actual 0.0000 mm)
    Local override; error
    @(95.0000 mm, 67.2000 mm): Track [RTL_1V1] on B.Cu, length 2.3000 mm
    @(65.5000 mm, 40.5000 mm): Zone [GND] on B.Cu, priority 0
[hole_clearance]: Hole clearance violation (board setup constraints hole clearance 0.2500 mm; actual 0.0000 mm)
    Rule: board setup constraints hole; error
    @(100.2000 mm, 60.0000 mm): Via [SPISO3] on F.Cu - B.Cu
    @(65.5000 mm, 40.5000 mm): Zone [GND] on B.Cu, priority 0
[clearance]: Clearance violation (zone clearance 0.5000 mm; actual 0.0000 mm)
    Local override; error
    @(95.0000 mm, 67.2000 mm): Via [RTL_1V1] on F.Cu - B.Cu
    @(65.5000 mm, 40.5000 mm): Zone [GND] on F.Cu, priority 0
[hole_clearance]: Hole clearance violation (board setup constraints hole clearance 0.2500 mm; actual 0.0000 mm)
    Rule: board setup constraints hole; error
    @(95.0000 mm, 67.2000 mm): Via [RTL_1V1] on F.Cu - B.Cu
    @(65.5000 mm, 40.5000 mm): Zone [GND] on F.Cu, priority 0
[clearance]: Clearance violation (zone clearance 0.5000 mm; actual 0.0000 mm)
    Local override; error
    @(88.4000 mm, 64.8000 mm): Via [SPISI] on F.Cu - B.Cu
    @(65.5000 mm, 40.5000 mm): Zone [GND] on B.Cu, priority 0
[clearance]: Clearance violation (zone clearance 0.5000 mm; actual 0.0000 mm)
    Local override; error
    @(95.0000 mm, 67.2000 mm): Via [RTL_1V1] on F.Cu - B.Cu
    @(65.5000 mm, 40.5000 mm): Zone [GND] on B.Cu, priority 0
[hole_clearance]: Hole clearance violation (board setup constraints hole clearance 0.2500 mm; actual 0.0000 mm)
    Rule: board setup constraints hole; error
    @(95.0000 mm, 67.2000 mm): Via [RTL_1V1] on F.Cu - B.Cu
    @(65.5000 mm, 40.5000 mm): Zone [GND] on B.Cu, priority 0
[clearance]: Clearance violation (zone clearance 0.5000 mm; actual 0.0000 mm)
    Local override; error
    @(97.4000 mm, 52.0000 mm): Via [RTL_1V1] on F.Cu - B.Cu
    @(65.5000 mm, 40.5000 mm): Zone [GND] on F.Cu, priority 0
[hole_clearance]: Hole clearance violation (board setup constraints hole clearance 0.2500 mm; actual 0.0000 mm)
    Rule: board setup constraints hole; error
    @(88.4000 mm, 64.8000 mm): Via [SPISI] on F.Cu - B.Cu
    @(65.5000 mm, 40.5000 mm): Zone [GND] on B.Cu, priority 0
[clearance]: Clearance violation (zone clearance 0.5000 mm; actual 0.0000 mm)
    Local override; error
    @(103.0000 mm, 73.8000 mm): Via [RTL_1V1] on F.Cu - B.Cu
    @(65.5000 mm, 40.5000 mm): Zone [GND] on F.Cu, priority 0
[hole_clearance]: Hole clearance violation (board setup constraints hole clearance 0.2500 mm; actual 0.0000 mm)
    Rule: board setup constraints hole; error
    @(97.4000 mm, 52.0000 mm): Via [RTL_1V1] on F.Cu - B.Cu
    @(65.5000 mm, 40.5000 mm): Zone [GND] on F.Cu, priority 0
[hole_clearance]: Hole clearance violation (board setup constraints hole clearance 0.2500 mm; actual 0.0000 mm)
    Rule: board setup constraints hole; error
    @(103.0000 mm, 73.8000 mm): Via [RTL_1V1] on F.Cu - B.Cu
    @(65.5000 mm, 40.5000 mm): Zone [GND] on F.Cu, priority 0
[clearance]: Clearance violation (zone clearance 0.5000 mm; actual 0.0000 mm)
    Local override; error
    @(97.4000 mm, 52.0000 mm): Via [RTL_1V1] on F.Cu - B.Cu
    @(65.5000 mm, 40.5000 mm): Zone [GND] on B.Cu, priority 0
[hole_clearance]: Hole clearance violation (board setup constraints hole clearance 0.2500 mm; actual 0.0000 mm)
    Rule: board setup constraints hole; error
    @(97.4000 mm, 52.0000 mm): Via [RTL_1V1] on F.Cu - B.Cu
    @(65.5000 mm, 40.5000 mm): Zone [GND] on B.Cu, priority 0
[clearance]: Clearance violation (zone clearance 0.5000 mm; actual 0.0000 mm)
    Local override; error
    @(103.0000 mm, 73.8000 mm): Via [RTL_1V1] on F.Cu - B.Cu
    @(65.5000 mm, 40.5000 mm): Zone [GND] on B.Cu, priority 0
[hole_clearance]: Hole clearance violation (board setup constraints hole clearance 0.2500 mm; actual 0.0000 mm)
    Rule: board setup constraints hole; error
    @(103.0000 mm, 73.8000 mm): Via [RTL_1V1] on F.Cu - B.Cu
    @(65.5000 mm, 40.5000 mm): Zone [GND] on B.Cu, priority 0
[hole_clearance]: Hole clearance violation (board setup constraints hole clearance 0.2500 mm; actual 0.0000 mm)
    Rule: board setup constraints hole; error
    @(102.2000 mm, 64.8000 mm): Via [SPISI] on F.Cu - B.Cu
    @(65.5000 mm, 40.5000 mm): Zone [GND] on B.Cu, priority 0
[clearance]: Clearance violation (zone clearance 0.5000 mm; actual 0.0000 mm)
    Local override; error
    @(92.8000 mm, 72.8000 mm): Via [RTL_1V1] on F.Cu - B.Cu
    @(65.5000 mm, 40.5000 mm): Zone [GND] on F.Cu, priority 0
[hole_clearance]: Hole clearance violation (board setup constraints hole clearance 0.2500 mm; actual 0.0000 mm)
    Rule: board setup constraints hole; error
    @(92.8000 mm, 72.8000 mm): Via [RTL_1V1] on F.Cu - B.Cu
    @(65.5000 mm, 40.5000 mm): Zone [GND] on F.Cu, priority 0
[clearance]: Clearance violation (zone clearance 0.5000 mm; actual 0.0000 mm)
    Local override; error
    @(92.8000 mm, 72.8000 mm): Via [RTL_1V1] on F.Cu - B.Cu
    @(65.5000 mm, 40.5000 mm): Zone [GND] on B.Cu, priority 0
[clearance]: Clearance violation (zone clearance 0.5000 mm; actual 0.0000 mm)
    Local override; error
    @(92.8000 mm, 69.0000 mm): Via [RTL_1V1] on F.Cu - B.Cu
    @(65.5000 mm, 40.5000 mm): Zone [GND] on F.Cu, priority 0
[hole_clearance]: Hole clearance violation (board setup constraints hole clearance 0.2500 mm; actual 0.0000 mm)
    Rule: board setup constraints hole; error
    @(92.8000 mm, 72.8000 mm): Via [RTL_1V1] on F.Cu - B.Cu
    @(65.5000 mm, 40.5000 mm): Zone [GND] on B.Cu, priority 0
[hole_clearance]: Hole clearance violation (board setup constraints hole clearance 0.2500 mm; actual 0.0000 mm)
    Rule: board setup constraints hole; error
    @(92.8000 mm, 69.0000 mm): Via [RTL_1V1] on F.Cu - B.Cu
    @(65.5000 mm, 40.5000 mm): Zone [GND] on F.Cu, priority 0
[clearance]: Clearance violation (zone clearance 0.5000 mm; actual 0.0000 mm)
    Local override; error
    @(92.8000 mm, 69.0000 mm): Via [RTL_1V1] on F.Cu - B.Cu
    @(65.5000 mm, 40.5000 mm): Zone [GND] on B.Cu, priority 0
[clearance]: Clearance violation (zone clearance 0.5000 mm; actual 0.0000 mm)
    Local override; error
    @(98.0000 mm, 73.9500 mm): Track [RTL_1V1] on F.Cu, length 0.8500 mm
    @(65.5000 mm, 40.5000 mm): Zone [GND] on F.Cu, priority 0
[hole_clearance]: Hole clearance violation (board setup constraints hole clearance 0.2500 mm; actual 0.0000 mm)
    Rule: board setup constraints hole; error
    @(92.8000 mm, 69.0000 mm): Via [RTL_1V1] on F.Cu - B.Cu
    @(65.5000 mm, 40.5000 mm): Zone [GND] on B.Cu, priority 0
[clearance]: Clearance violation (zone clearance 0.5000 mm; actual 0.0000 mm)
    Local override; error
    @(98.0000 mm, 74.8000 mm): Track [RTL_1V1] on F.Cu, length 5.0000 mm
    @(65.5000 mm, 40.5000 mm): Zone [GND] on F.Cu, priority 0
[clearance]: Clearance violation (zone clearance 0.5000 mm; actual 0.0000 mm)
    Local override; error
    @(113.8000 mm, 69.0000 mm): Via [RTL_1V1] on F.Cu - B.Cu
    @(65.5000 mm, 40.5000 mm): Zone [GND] on F.Cu, priority 0
[clearance]: Clearance violation (zone clearance 0.5000 mm; actual 0.0000 mm)
    Local override; error
    @(94.0500 mm, 72.8000 mm): Track [RTL_1V1] on F.Cu, length 1.2500 mm
    @(65.5000 mm, 40.5000 mm): Zone [GND] on F.Cu, priority 0
[clearance]: Clearance violation (zone clearance 0.5000 mm; actual 0.0000 mm)
    Local override; error
    @(97.4000 mm, 64.5000 mm): Track [RTL_1V1] on F.Cu, length 12.5000 mm
    @(65.5000 mm, 40.5000 mm): Zone [GND] on F.Cu, priority 0
[hole_clearance]: Hole clearance violation (board setup constraints hole clearance 0.2500 mm; actual 0.0000 mm)
    Rule: board setup constraints hole; error
    @(113.8000 mm, 69.0000 mm): Via [RTL_1V1] on F.Cu - B.Cu
    @(65.5000 mm, 40.5000 mm): Zone [GND] on F.Cu, priority 0
[clearance]: Clearance violation (zone clearance 0.5000 mm; actual 0.0000 mm)
    Local override; error
    @(103.0000 mm, 74.8000 mm): Track [RTL_1V1] on F.Cu, length 1.0000 mm
    @(65.5000 mm, 40.5000 mm): Zone [GND] on F.Cu, priority 0
[clearance]: Clearance violation (zone clearance 0.5000 mm; actual 0.0000 mm)
    Local override; error
    @(94.0500 mm, 68.8000 mm): Track [RTL_1V1] on F.Cu, length 1.2659 mm
    @(65.5000 mm, 40.5000 mm): Zone [GND] on F.Cu, priority 0
[clearance]: Clearance violation (zone clearance 0.5000 mm; actual 0.0000 mm)
    Local override; error
    @(113.8000 mm, 69.0000 mm): Via [RTL_1V1] on F.Cu - B.Cu
    @(65.5000 mm, 40.5000 mm): Zone [GND] on B.Cu, priority 0
[clearance]: Clearance violation (zone clearance 0.5000 mm; actual 0.0000 mm)
    Local override; error
    @(94.0500 mm, 67.2000 mm): Track [RTL_1V1] on F.Cu, length 0.9500 mm
    @(65.5000 mm, 40.5000 mm): Zone [GND] on F.Cu, priority 0
[clearance]: Clearance violation (zone clearance 0.5000 mm; actual 0.0000 mm)
    Local override; error
    @(98.4000 mm, 66.0500 mm): Track [RTL_1V1] on F.Cu, length 1.5500 mm
    @(65.5000 mm, 40.5000 mm): Zone [GND] on F.Cu, priority 0
[clearance]: Clearance violation (zone clearance 0.5000 mm; actual 0.0000 mm)
    Local override; error
    @(98.4000 mm, 64.5000 mm): Track [RTL_1V1] on F.Cu, length 1.0000 mm
    @(65.5000 mm, 40.5000 mm): Zone [GND] on F.Cu, priority 0
[hole_clearance]: Hole clearance violation (board setup constraints hole clearance 0.2500 mm; actual 0.0000 mm)
    Rule: board setup constraints hole; error
    @(113.8000 mm, 69.0000 mm): Via [RTL_1V1] on F.Cu - B.Cu
    @(65.5000 mm, 40.5000 mm): Zone [GND] on B.Cu, priority 0
[clearance]: Clearance violation (zone clearance 0.5000 mm; actual 0.0000 mm)
    Local override; error
    @(99.2000 mm, 73.9500 mm): Track [RTL_1V1] on F.Cu, length 0.8500 mm
    @(65.5000 mm, 40.5000 mm): Zone [GND] on F.Cu, priority 0
[clearance]: Clearance violation (zone clearance 0.5000 mm; actual 0.0000 mm)
    Local override; error
    @(113.8000 mm, 69.0000 mm): Track [RTL_1V1] on F.Cu, length 0.4000 mm
    @(65.5000 mm, 40.5000 mm): Zone [GND] on F.Cu, priority 0
[clearance]: Clearance violation (zone clearance 0.5000 mm; actual 0.0000 mm)
    Local override; error
    @(102.8000 mm, 67.2000 mm): Via [RTL_1V1] on F.Cu - B.Cu
    @(65.5000 mm, 40.5000 mm): Zone [GND] on F.Cu, priority 0
[hole_clearance]: Hole clearance violation (board setup constraints hole clearance 0.2500 mm; actual 0.0000 mm)
    Rule: board setup constraints hole; error
    @(102.8000 mm, 67.2000 mm): Via [RTL_1V1] on F.Cu - B.Cu
    @(65.5000 mm, 40.5000 mm): Zone [GND] on F.Cu, priority 0
[clearance]: Clearance violation (zone clearance 0.5000 mm; actual 0.0000 mm)
    Local override; error
    @(102.8000 mm, 67.2000 mm): Via [RTL_1V1] on F.Cu - B.Cu
    @(65.5000 mm, 40.5000 mm): Zone [GND] on B.Cu, priority 0
[hole_clearance]: Hole clearance violation (board setup constraints hole clearance 0.2500 mm; actual 0.0000 mm)
    Rule: board setup constraints hole; error
    @(102.8000 mm, 67.2000 mm): Via [RTL_1V1] on F.Cu - B.Cu
    @(65.5000 mm, 40.5000 mm): Zone [GND] on B.Cu, priority 0
[clearance]: Clearance violation (zone clearance 0.5000 mm; actual 0.0000 mm)
    Local override; error
    @(94.0500 mm, 73.2000 mm): Track [RSET] on F.Cu, length 5.6870 mm
    @(65.5000 mm, 40.5000 mm): Zone [GND] on F.Cu, priority 0
[clearance]: Clearance violation (zone clearance 0.5000 mm; actual 0.0000 mm)
    Local override; error
    @(97.4000 mm, 52.0000 mm): Track [RTL_1V1] on B.Cu, length 16.4000 mm
    @(65.5000 mm, 40.5000 mm): Zone [GND] on B.Cu, priority 0
[clearance]: Clearance violation (zone clearance 0.5000 mm; actual 0.0000 mm)
    Local override; error
    @(101.9500 mm, 68.4000 mm): Track [CLKREQ_N] on F.Cu, length 10.0500 mm
    @(65.5000 mm, 40.5000 mm): Zone [GND] on F.Cu, priority 0
[clearance]: Clearance violation (zone clearance 0.5000 mm; actual 0.0000 mm)
    Local override; error
    @(93.2000 mm, 56.0000 mm): Track [RTL_3V3] on F.Cu, length 1.0000 mm
    @(65.5000 mm, 40.5000 mm): Zone [GND] on F.Cu, priority 0
[clearance]: Clearance violation (zone clearance 0.5000 mm; actual 0.0000 mm)
    Local override; error
    @(92.8000 mm, 69.0000 mm): Track [RTL_1V1] on B.Cu, length 3.8000 mm
    @(65.5000 mm, 40.5000 mm): Zone [GND] on B.Cu, priority 0
[clearance]: Clearance violation (zone clearance 0.5000 mm; actual 0.0000 mm)
    Local override; error
    @(111.4000 mm, 78.0000 mm): Pad 1 [XTAL_OUT] of C2 on F.Cu
    @(65.5000 mm, 40.5000 mm): Zone [GND] on F.Cu, priority 0
[clearance]: Clearance violation (zone clearance 0.5000 mm; actual 0.0000 mm)
    Local override; error
    @(116.4000 mm, 69.0000 mm): Pad 1 [RTL_5V] of C5 on F.Cu
    @(65.5000 mm, 40.5000 mm): Zone [GND] on F.Cu, priority 0
[clearance]: Clearance violation (zone clearance 0.5000 mm; actual 0.0000 mm)
    Local override; error
    @(89.0000 mm, 56.0000 mm): Pad 1 [PEDET] of R2 on F.Cu
    @(65.5000 mm, 40.5000 mm): Zone [GND] on F.Cu, priority 0
[clearance]: Clearance violation (zone clearance 0.5000 mm; actual 0.0000 mm)
    Local override; error
    @(90.2000 mm, 56.0000 mm): Pad 2 [RTL_3V3] of R2 on F.Cu
    @(65.5000 mm, 40.5000 mm): Zone [GND] on F.Cu, priority 0
[clearance]: Clearance violation (zone clearance 0.5000 mm; actual 0.0000 mm)
    Local override; error
    @(108.3000 mm, 75.8000 mm): Pad 1 [XTAL_IN] of Y1 on F.Cu
    @(65.5000 mm, 40.5000 mm): Zone [GND] on F.Cu, priority 0
[clearance]: Clearance violation (zone clearance 0.5000 mm; actual 0.0000 mm)
    Local override; error
    @(101.9500 mm, 73.2000 mm): Pad 1 [<no net>] of U1 on F.Cu
    @(65.5000 mm, 40.5000 mm): Zone [GND] on F.Cu, priority 0
[clearance]: Clearance violation (zone clearance 0.5000 mm; actual 0.0000 mm)
    Local override; error
    @(109.7000 mm, 75.8000 mm): Pad 2 [XTAL_OUT] of Y1 on F.Cu
    @(65.5000 mm, 40.5000 mm): Zone [GND] on F.Cu, priority 0
[clearance]: Clearance violation (zone clearance 0.5000 mm; actual 0.0000 mm)
    Local override; error
    @(110.4000 mm, 69.0000 mm): Pad 1 [RTL_3V3] of C3 on F.Cu
    @(65.5000 mm, 40.5000 mm): Zone [GND] on F.Cu, priority 0
[clearance]: Clearance violation (zone clearance 0.5000 mm; actual 0.0000 mm)
    Local override; error
    @(108.4000 mm, 81.0000 mm): Pad 1 [RSET] of R1 on F.Cu
    @(65.5000 mm, 40.5000 mm): Zone [GND] on F.Cu, priority 0
[hole_clearance]: Hole clearance violation (board setup constraints hole clearance 0.2500 mm; actual 0.0000 mm)
    Rule: board setup constraints hole; error
    @(112.0000 mm, 69.0000 mm): Pad 2 [GND] of C3 on F.Cu
    @(112.0000 mm, 68.4000 mm): Via [CLKREQ_N] on F.Cu - B.Cu
[clearance]: Clearance violation (zone clearance 0.5000 mm; actual 0.0000 mm)
    Local override; error
    @(81.8000 mm, 80.0000 mm): Pad 1 [SPICS] of U2 on F.Cu
    @(65.5000 mm, 40.5000 mm): Zone [GND] on F.Cu, priority 0
[clearance]: Clearance violation (zone clearance 0.5000 mm; actual 0.0000 mm)
    Local override; error
    @(83.0000 mm, 80.0000 mm): Pad 2 [SPISO] of U2 on F.Cu
    @(65.5000 mm, 40.5000 mm): Zone [GND] on F.Cu, priority 0
[clearance]: Clearance violation (zone clearance 0.5000 mm; actual 0.0000 mm)
    Local override; error
    @(113.4000 mm, 69.0000 mm): Pad 1 [RTL_1V1] of C4 on F.Cu
    @(65.5000 mm, 40.5000 mm): Zone [GND] on F.Cu, priority 0
[clearance]: Clearance violation (zone clearance 0.5000 mm; actual 0.0000 mm)
    Local override; error
    @(101.9500 mm, 72.8000 mm): Pad 2 [<no net>] of U1 on F.Cu
    @(65.5000 mm, 40.5000 mm): Zone [GND] on F.Cu, priority 0
[clearance]: Clearance violation (zone clearance 0.5000 mm; actual 0.0000 mm)
    Local override; error
    @(84.2000 mm, 80.0000 mm): Pad 3 [RTL_3V3] of U2 on F.Cu
    @(65.5000 mm, 40.5000 mm): Zone [GND] on F.Cu, priority 0
[clearance]: Clearance violation (zone clearance 0.5000 mm; actual 0.0000 mm)
    Local override; error
    @(101.9500 mm, 72.4000 mm): Pad 3 [RESET_N] of U1 on F.Cu
    @(65.5000 mm, 40.5000 mm): Zone [GND] on F.Cu, priority 0
[clearance]: Clearance violation (zone clearance 0.5000 mm; actual 0.0000 mm)
    Local override; error
    @(86.6000 mm, 80.0000 mm): Pad 5 [SPISI] of U2 on F.Cu
    @(65.5000 mm, 40.5000 mm): Zone [GND] on F.Cu, priority 0
[clearance]: Clearance violation (zone clearance 0.5000 mm; actual 0.0000 mm)
    Local override; error
    @(87.8000 mm, 80.0000 mm): Pad 6 [SPICLK] of U2 on F.Cu
    @(65.5000 mm, 40.5000 mm): Zone [GND] on F.Cu, priority 0
[clearance]: Clearance violation (zone clearance 0.5000 mm; actual 0.0000 mm)
    Local override; error
    @(89.0000 mm, 80.0000 mm): Pad 7 [SPISO3] of U2 on F.Cu
    @(65.5000 mm, 40.5000 mm): Zone [GND] on F.Cu, priority 0
[clearance]: Clearance violation (zone clearance 0.5000 mm; actual 0.0000 mm)
    Local override; error
    @(101.9500 mm, 72.0000 mm): Pad 4 [<no net>] of U1 on F.Cu
    @(65.5000 mm, 40.5000 mm): Zone [GND] on F.Cu, priority 0
[clearance]: Clearance violation (zone clearance 0.5000 mm; actual 0.0000 mm)
    Local override; error
    @(90.2000 mm, 80.0000 mm): Pad 8 [RTL_3V3] of U2 on F.Cu
    @(65.5000 mm, 40.5000 mm): Zone [GND] on F.Cu, priority 0
[clearance]: Clearance violation (zone clearance 0.5000 mm; actual 0.0000 mm)
    Local override; error
    @(92.0000 mm, 56.0000 mm): Pad 1 [CLKREQ_N] of R3 on F.Cu
    @(65.5000 mm, 40.5000 mm): Zone [GND] on F.Cu, priority 0
[clearance]: Clearance violation (zone clearance 0.5000 mm; actual 0.0000 mm)
    Local override; error
    @(93.2000 mm, 56.0000 mm): Pad 2 [RTL_3V3] of R3 on F.Cu
    @(65.5000 mm, 40.5000 mm): Zone [GND] on F.Cu, priority 0
[clearance]: Clearance violation (zone clearance 0.5000 mm; actual 0.0000 mm)
    Local override; error
    @(101.9500 mm, 71.6000 mm): Pad 5 [JTAG_TCK] of U1 on F.Cu
    @(65.5000 mm, 40.5000 mm): Zone [GND] on F.Cu, priority 0
[clearance]: Clearance violation (zone clearance 0.5000 mm; actual 0.0000 mm)
    Local override; error
    @(109.6000 mm, 78.0000 mm): Pad 1 [XTAL_IN] of C1 on F.Cu
    @(65.5000 mm, 40.5000 mm): Zone [GND] on F.Cu, priority 0
[clearance]: Clearance violation (zone clearance 0.5000 mm; actual 0.0000 mm)
    Local override; error
    @(101.9500 mm, 71.2000 mm): Pad 6 [JTAG_TDI] of U1 on F.Cu
    @(65.5000 mm, 40.5000 mm): Zone [GND] on F.Cu, priority 0
[clearance]: Clearance violation (zone clearance 0.5000 mm; actual 0.0000 mm)
    Local override; error
    @(101.9500 mm, 70.8000 mm): Pad 7 [<no net>] of U1 on F.Cu
    @(65.5000 mm, 40.5000 mm): Zone [GND] on F.Cu, priority 0
[clearance]: Clearance violation (zone clearance 0.5000 mm; actual 0.0000 mm)
    Local override; error
    @(101.9500 mm, 70.4000 mm): Pad 8 [PEDET] of U1 on F.Cu
    @(65.5000 mm, 40.5000 mm): Zone [GND] on F.Cu, priority 0
[clearance]: Clearance violation (zone clearance 0.5000 mm; actual 0.0000 mm)
    Local override; error
    @(101.9500 mm, 70.0000 mm): Pad 9 [JTAG_TDO] of U1 on F.Cu
    @(65.5000 mm, 40.5000 mm): Zone [GND] on F.Cu, priority 0
[clearance]: Clearance violation (zone clearance 0.5000 mm; actual 0.0000 mm)
    Local override; error
    @(101.9500 mm, 69.6000 mm): Pad 10 [<no net>] of U1 on F.Cu
    @(65.5000 mm, 40.5000 mm): Zone [GND] on F.Cu, priority 0
[clearance]: Clearance violation (zone clearance 0.5000 mm; actual 0.0000 mm)
    Local override; error
    @(101.9500 mm, 69.2000 mm): Pad 11 [<no net>] of U1 on F.Cu
    @(65.5000 mm, 40.5000 mm): Zone [GND] on F.Cu, priority 0
[clearance]: Clearance violation (zone clearance 0.5000 mm; actual 0.0000 mm)
    Local override; error
    @(101.9500 mm, 68.8000 mm): Pad 12 [ISOLATEB] of U1 on F.Cu
    @(65.5000 mm, 40.5000 mm): Zone [GND] on F.Cu, priority 0
[clearance]: Clearance violation (zone clearance 0.5000 mm; actual 0.0000 mm)
    Local override; error
    @(101.9500 mm, 68.4000 mm): Pad 13 [CLKREQ_N] of U1 on F.Cu
    @(65.5000 mm, 40.5000 mm): Zone [GND] on F.Cu, priority 0
[clearance]: Clearance violation (zone clearance 0.5000 mm; actual 0.0000 mm)
    Local override; error
    @(101.9500 mm, 68.0000 mm): Pad 14 [PERST_N] of U1 on F.Cu
    @(65.5000 mm, 40.5000 mm): Zone [GND] on F.Cu, priority 0
[clearance]: Clearance violation (zone clearance 0.5000 mm; actual 0.0000 mm)
    Local override; error
    @(101.9500 mm, 67.6000 mm): Pad 15 [<no net>] of U1 on F.Cu
    @(65.5000 mm, 40.5000 mm): Zone [GND] on F.Cu, priority 0
[clearance]: Clearance violation (zone clearance 0.5000 mm; actual 0.0000 mm)
    Local override; error
    @(101.9500 mm, 67.2000 mm): Pad 16 [RTL_1V1] of U1 on F.Cu
    @(65.5000 mm, 40.5000 mm): Zone [GND] on F.Cu, priority 0
[clearance]: Clearance violation (zone clearance 0.5000 mm; actual 0.0000 mm)
    Local override; error
    @(101.9500 mm, 66.8000 mm): Pad 17 [RTL_5V] of U1 on F.Cu
    @(65.5000 mm, 40.5000 mm): Zone [GND] on F.Cu, priority 0
[clearance]: Clearance violation (zone clearance 0.5000 mm; actual 0.0000 mm)
    Local override; error
    @(101.2000 mm, 66.0500 mm): Pad 18 [SPISI] of U1 on F.Cu
    @(65.5000 mm, 40.5000 mm): Zone [GND] on F.Cu, priority 0
[clearance]: Clearance violation (zone clearance 0.5000 mm; actual 0.0000 mm)
    Local override; error
    @(100.8000 mm, 66.0500 mm): Pad 19 [SPICLK] of U1 on F.Cu
    @(65.5000 mm, 40.5000 mm): Zone [GND] on F.Cu, priority 0
[clearance]: Clearance violation (zone clearance 0.5000 mm; actual 0.0000 mm)
    Local override; error
    @(100.4000 mm, 66.0500 mm): Pad 20 [RTL_3V3] of U1 on F.Cu
    @(65.5000 mm, 40.5000 mm): Zone [GND] on F.Cu, priority 0
[clearance]: Clearance violation (zone clearance 0.5000 mm; actual 0.0000 mm)
    Local override; error
    @(100.0000 mm, 66.0500 mm): Pad 21 [SPISO2] of U1 on F.Cu
    @(65.5000 mm, 40.5000 mm): Zone [GND] on F.Cu, priority 0
[clearance]: Clearance violation (zone clearance 0.5000 mm; actual 0.0000 mm)
    Local override; error
    @(99.6000 mm, 66.0500 mm): Pad 22 [SPISO3] of U1 on F.Cu
    @(65.5000 mm, 40.5000 mm): Zone [GND] on F.Cu, priority 0
[clearance]: Clearance violation (zone clearance 0.5000 mm; actual 0.0000 mm)
    Local override; error
    @(99.2000 mm, 66.0500 mm): Pad 23 [SPISO] of U1 on F.Cu
    @(65.5000 mm, 40.5000 mm): Zone [GND] on F.Cu, priority 0
[clearance]: Clearance violation (zone clearance 0.5000 mm; actual 0.0000 mm)
    Local override; error
    @(98.8000 mm, 66.0500 mm): Pad 24 [SPICS] of U1 on F.Cu
    @(65.5000 mm, 40.5000 mm): Zone [GND] on F.Cu, priority 0
[clearance]: Clearance violation (zone clearance 0.5000 mm; actual 0.0000 mm)
    Local override; error
    @(98.4000 mm, 66.0500 mm): Pad 25 [RTL_1V1] of U1 on F.Cu
    @(65.5000 mm, 40.5000 mm): Zone [GND] on F.Cu, priority 0
[clearance]: Clearance violation (zone clearance 0.5000 mm; actual 0.0000 mm)
    Local override; error
    @(98.0000 mm, 66.0500 mm): Pad 26 [DEVSLP] of U1 on F.Cu
    @(65.5000 mm, 40.5000 mm): Zone [GND] on F.Cu, priority 0
[clearance]: Clearance violation (zone clearance 0.5000 mm; actual 0.0000 mm)
    Local override; error
    @(97.6000 mm, 66.0500 mm): Pad 27 [<no net>] of U1 on F.Cu
    @(65.5000 mm, 40.5000 mm): Zone [GND] on F.Cu, priority 0
[clearance]: Clearance violation (zone clearance 0.5000 mm; actual 0.0000 mm)
    Local override; error
    @(97.2000 mm, 66.0500 mm): Pad 28 [<no net>] of U1 on F.Cu
    @(65.5000 mm, 40.5000 mm): Zone [GND] on F.Cu, priority 0
[clearance]: Clearance violation (zone clearance 0.5000 mm; actual 0.0000 mm)
    Local override; error
    @(96.8000 mm, 66.0500 mm): Pad 29 [<no net>] of U1 on F.Cu
    @(65.5000 mm, 40.5000 mm): Zone [GND] on F.Cu, priority 0
[clearance]: Clearance violation (zone clearance 0.5000 mm; actual 0.0000 mm)
    Local override; error
    @(96.4000 mm, 66.0500 mm): Pad 30 [<no net>] of U1 on F.Cu
    @(65.5000 mm, 40.5000 mm): Zone [GND] on F.Cu, priority 0
[clearance]: Clearance violation (zone clearance 0.5000 mm; actual 0.0000 mm)
    Local override; error
    @(96.0000 mm, 66.0500 mm): Pad 31 [<no net>] of U1 on F.Cu
    @(65.5000 mm, 40.5000 mm): Zone [GND] on F.Cu, priority 0
[clearance]: Clearance violation (zone clearance 0.5000 mm; actual 0.0000 mm)
    Local override; error
    @(95.6000 mm, 66.0500 mm): Pad 32 [<no net>] of U1 on F.Cu
    @(65.5000 mm, 40.5000 mm): Zone [GND] on F.Cu, priority 0
[clearance]: Clearance violation (zone clearance 0.5000 mm; actual 0.0000 mm)
    Local override; error
    @(95.2000 mm, 66.0500 mm): Pad 33 [RTL_5V] of U1 on F.Cu
    @(65.5000 mm, 40.5000 mm): Zone [GND] on F.Cu, priority 0
[clearance]: Clearance violation (zone clearance 0.5000 mm; actual 0.0000 mm)
    Local override; error
    @(94.8000 mm, 66.0500 mm): Pad 34 [RTL_3V3] of U1 on F.Cu
    @(65.5000 mm, 40.5000 mm): Zone [GND] on F.Cu, priority 0
[clearance]: Clearance violation (zone clearance 0.5000 mm; actual 0.0000 mm)
    Local override; error
    @(94.0500 mm, 66.8000 mm): Pad 35 [<no net>] of U1 on F.Cu
    @(65.5000 mm, 40.5000 mm): Zone [GND] on F.Cu, priority 0
[clearance]: Clearance violation (zone clearance 0.5000 mm; actual 0.0000 mm)
    Local override; error
    @(94.0500 mm, 67.2000 mm): Pad 36 [RTL_1V1] of U1 on F.Cu
    @(65.5000 mm, 40.5000 mm): Zone [GND] on F.Cu, priority 0
[clearance]: Clearance violation (zone clearance 0.5000 mm; actual 0.0000 mm)
    Local override; error
    @(94.0500 mm, 67.6000 mm): Pad 37 [USB_DP] of U1 on F.Cu
    @(65.5000 mm, 40.5000 mm): Zone [GND] on F.Cu, priority 0
[clearance]: Clearance violation (zone clearance 0.5000 mm; actual 0.0000 mm)
    Local override; error
    @(94.0500 mm, 68.0000 mm): Pad 38 [USB_DM] of U1 on F.Cu
    @(65.5000 mm, 40.5000 mm): Zone [GND] on F.Cu, priority 0
[clearance]: Clearance violation (zone clearance 0.5000 mm; actual 0.0000 mm)
    Local override; error
    @(94.0500 mm, 68.4000 mm): Pad 39 [RTL_3V3] of U1 on F.Cu
    @(65.5000 mm, 40.5000 mm): Zone [GND] on F.Cu, priority 0
[clearance]: Clearance violation (zone clearance 0.5000 mm; actual 0.0000 mm)
    Local override; error
    @(94.0500 mm, 68.8000 mm): Pad 40 [RTL_1V1] of U1 on F.Cu
    @(65.5000 mm, 40.5000 mm): Zone [GND] on F.Cu, priority 0
[clearance]: Clearance violation (zone clearance 0.5000 mm; actual 0.0000 mm)
    Local override; error
    @(94.0500 mm, 69.2000 mm): Pad 41 [USB_TXP0] of U1 on F.Cu
    @(65.5000 mm, 40.5000 mm): Zone [GND] on F.Cu, priority 0
[clearance]: Clearance violation (zone clearance 0.5000 mm; actual 0.0000 mm)
    Local override; error
    @(94.0500 mm, 69.6000 mm): Pad 42 [USB_TXN0] of U1 on F.Cu
    @(65.5000 mm, 40.5000 mm): Zone [GND] on F.Cu, priority 0
[clearance]: Clearance violation (zone clearance 0.5000 mm; actual 0.0000 mm)
    Local override; error
    @(94.0500 mm, 70.0000 mm): Pad 43 [<no net>] of U1 on F.Cu
    @(65.5000 mm, 40.5000 mm): Zone [GND] on F.Cu, priority 0
[clearance]: Clearance violation (zone clearance 0.5000 mm; actual 0.0000 mm)
    Local override; error
    @(94.0500 mm, 70.4000 mm): Pad 44 [<no net>] of U1 on F.Cu
    @(65.5000 mm, 40.5000 mm): Zone [GND] on F.Cu, priority 0
[clearance]: Clearance violation (zone clearance 0.5000 mm; actual 0.0000 mm)
    Local override; error
    @(94.0500 mm, 71.2000 mm): Pad 46 [USB_RXP0] of U1 on F.Cu
    @(65.5000 mm, 40.5000 mm): Zone [GND] on F.Cu, priority 0
[clearance]: Clearance violation (zone clearance 0.5000 mm; actual 0.0000 mm)
    Local override; error
    @(94.0500 mm, 71.6000 mm): Pad 47 [USB_RXN0] of U1 on F.Cu
    @(65.5000 mm, 40.5000 mm): Zone [GND] on F.Cu, priority 0
[clearance]: Clearance violation (zone clearance 0.5000 mm; actual 0.0000 mm)
    Local override; error
    @(94.0500 mm, 72.0000 mm): Pad 48 [<no net>] of U1 on F.Cu
    @(65.5000 mm, 40.5000 mm): Zone [GND] on F.Cu, priority 0
[clearance]: Clearance violation (zone clearance 0.5000 mm; actual 0.0000 mm)
    Local override; error
    @(94.0500 mm, 72.4000 mm): Pad 49 [<no net>] of U1 on F.Cu
    @(65.5000 mm, 40.5000 mm): Zone [GND] on F.Cu, priority 0
[clearance]: Clearance violation (zone clearance 0.5000 mm; actual 0.0000 mm)
    Local override; error
    @(94.0500 mm, 72.8000 mm): Pad 50 [RTL_1V1] of U1 on F.Cu
    @(65.5000 mm, 40.5000 mm): Zone [GND] on F.Cu, priority 0
[clearance]: Clearance violation (zone clearance 0.5000 mm; actual 0.0000 mm)
    Local override; error
    @(94.0500 mm, 73.2000 mm): Pad 51 [RSET] of U1 on F.Cu
    @(65.5000 mm, 40.5000 mm): Zone [GND] on F.Cu, priority 0
[clearance]: Clearance violation (zone clearance 0.5000 mm; actual 0.0000 mm)
    Local override; error
    @(94.8000 mm, 73.9500 mm): Pad 52 [RTL_3V3] of U1 on F.Cu
    @(65.5000 mm, 40.5000 mm): Zone [GND] on F.Cu, priority 0
[clearance]: Clearance violation (zone clearance 0.5000 mm; actual 0.0000 mm)
    Local override; error
    @(95.2000 mm, 73.9500 mm): Pad 53 [XTAL_IN] of U1 on F.Cu
    @(65.5000 mm, 40.5000 mm): Zone [GND] on F.Cu, priority 0
[clearance]: Clearance violation (zone clearance 0.5000 mm; actual 0.0000 mm)
    Local override; error
    @(95.6000 mm, 73.9500 mm): Pad 54 [XTAL_OUT] of U1 on F.Cu
    @(65.5000 mm, 40.5000 mm): Zone [GND] on F.Cu, priority 0
[clearance]: Clearance violation (zone clearance 0.5000 mm; actual 0.0000 mm)
    Local override; error
    @(96.0000 mm, 73.9500 mm): Pad 55 [RTL_1V1] of U1 on F.Cu
    @(65.5000 mm, 40.5000 mm): Zone [GND] on F.Cu, priority 0
[clearance]: Clearance violation (zone clearance 0.5000 mm; actual 0.0000 mm)
    Local override; error
    @(96.4000 mm, 73.9500 mm): Pad 56 [<no net>] of U1 on F.Cu
    @(65.5000 mm, 40.5000 mm): Zone [GND] on F.Cu, priority 0
[clearance]: Clearance violation (zone clearance 0.5000 mm; actual 0.0000 mm)
    Local override; error
    @(96.8000 mm, 73.9500 mm): Pad 57 [<no net>] of U1 on F.Cu
    @(65.5000 mm, 40.5000 mm): Zone [GND] on F.Cu, priority 0
[clearance]: Clearance violation (zone clearance 0.5000 mm; actual 0.0000 mm)
    Local override; error
    @(97.2000 mm, 73.9500 mm): Pad 58 [<no net>] of U1 on F.Cu
    @(65.5000 mm, 40.5000 mm): Zone [GND] on F.Cu, priority 0
[clearance]: Clearance violation (zone clearance 0.5000 mm; actual 0.0000 mm)
    Local override; error
    @(97.6000 mm, 73.9500 mm): Pad 59 [<no net>] of U1 on F.Cu
    @(65.5000 mm, 40.5000 mm): Zone [GND] on F.Cu, priority 0
[clearance]: Clearance violation (zone clearance 0.5000 mm; actual 0.0000 mm)
    Local override; error
    @(98.0000 mm, 73.9500 mm): Pad 60 [RTL_1V1] of U1 on F.Cu
    @(65.5000 mm, 40.5000 mm): Zone [GND] on F.Cu, priority 0
[clearance]: Clearance violation (zone clearance 0.5000 mm; actual 0.0000 mm)
    Local override; error
    @(98.4000 mm, 73.9500 mm): Pad 61 [REFCLK_P] of U1 on F.Cu
    @(65.5000 mm, 40.5000 mm): Zone [GND] on F.Cu, priority 0
[clearance]: Clearance violation (zone clearance 0.5000 mm; actual 0.0000 mm)
    Local override; error
    @(98.8000 mm, 73.9500 mm): Pad 62 [REFCLK_N] of U1 on F.Cu
    @(65.5000 mm, 40.5000 mm): Zone [GND] on F.Cu, priority 0
[clearance]: Clearance violation (zone clearance 0.5000 mm; actual 0.0000 mm)
    Local override; error
    @(99.2000 mm, 73.9500 mm): Pad 63 [RTL_1V1] of U1 on F.Cu
    @(65.5000 mm, 40.5000 mm): Zone [GND] on F.Cu, priority 0
[clearance]: Clearance violation (zone clearance 0.5000 mm; actual 0.0000 mm)
    Local override; error
    @(99.6000 mm, 73.9500 mm): Pad 64 [LANE0_RXP] of U1 on F.Cu
    @(65.5000 mm, 40.5000 mm): Zone [GND] on F.Cu, priority 0
[clearance]: Clearance violation (zone clearance 0.5000 mm; actual 0.0000 mm)
    Local override; error
    @(100.0000 mm, 73.9500 mm): Pad 65 [LANE0_RXN] of U1 on F.Cu
    @(65.5000 mm, 40.5000 mm): Zone [GND] on F.Cu, priority 0
[clearance]: Clearance violation (zone clearance 0.5000 mm; actual 0.0000 mm)
    Local override; error
    @(100.8000 mm, 73.9500 mm): Pad 67 [LANE0_TXN] of U1 on F.Cu
    @(65.5000 mm, 40.5000 mm): Zone [GND] on F.Cu, priority 0
[clearance]: Clearance violation (zone clearance 0.5000 mm; actual 0.0000 mm)
    Local override; error
    @(101.2000 mm, 73.9500 mm): Pad 68 [LANE0_TXP] of U1 on F.Cu
    @(65.5000 mm, 40.5000 mm): Zone [GND] on F.Cu, priority 0
[starved_thermal]: Thermal relief connection to zone incomplete (layer F.Cu; zone min spoke count 2; actual 1)
    Local override; error
    @(65.5000 mm, 40.5000 mm): Zone [GND] on F.Cu, priority 0
    @(118.0000 mm, 69.0000 mm): Pad 2 [GND] of C5 on F.Cu
[starved_thermal]: Thermal relief connection to zone incomplete (layer F.Cu; zone min spoke count 2; actual 1)
    Local override; error
    @(65.5000 mm, 40.5000 mm): Zone [GND] on F.Cu, priority 0
    @(98.0000 mm, 70.0000 mm): Pad 69 [GND] of U1 on F.Cu
[starved_thermal]: Thermal relief connection to zone incomplete (layer F.Cu; zone min spoke count 2; actual 1)
    Local override; error
    @(65.5000 mm, 40.5000 mm): Zone [GND] on F.Cu, priority 0
    @(115.0000 mm, 69.0000 mm): Pad 2 [GND] of C4 on F.Cu
[solder_mask_bridge]: Front solder mask aperture bridges items with different nets
    Rule: board setup solder mask min width; error
    @(112.0000 mm, 68.4000 mm): Via [CLKREQ_N] on F.Cu - B.Cu
    @(112.0000 mm, 69.0000 mm): Pad 2 [GND] of C3 on F.Cu
[solder_mask_bridge]: Front solder mask aperture bridges items with different nets
    Rule: board setup solder mask min width; error
    @(101.9500 mm, 70.0000 mm): Pad 9 [JTAG_TDO] of U1 on F.Cu
    @(65.5000 mm, 40.5000 mm): Zone [GND] on F.Cu, priority 0
[solder_mask_bridge]: Front solder mask aperture bridges items with different nets
    Rule: board setup solder mask min width; error
    @(101.9500 mm, 69.6000 mm): Pad 10 [<no net>] of U1 on F.Cu
    @(65.5000 mm, 40.5000 mm): Zone [GND] on F.Cu, priority 0
[solder_mask_bridge]: Front solder mask aperture bridges items with different nets
    Rule: board setup solder mask min width; error
    @(101.9500 mm, 69.2000 mm): Pad 11 [<no net>] of U1 on F.Cu
    @(65.5000 mm, 40.5000 mm): Zone [GND] on F.Cu, priority 0
[solder_mask_bridge]: Front solder mask aperture bridges items with different nets
    Rule: board setup solder mask min width; error
    @(101.9500 mm, 68.8000 mm): Pad 12 [ISOLATEB] of U1 on F.Cu
    @(65.5000 mm, 40.5000 mm): Zone [GND] on F.Cu, priority 0
[solder_mask_bridge]: Front solder mask aperture bridges items with different nets
    Rule: board setup solder mask min width; error
    @(101.9500 mm, 68.4000 mm): Pad 13 [CLKREQ_N] of U1 on F.Cu
    @(65.5000 mm, 40.5000 mm): Zone [GND] on F.Cu, priority 0
[solder_mask_bridge]: Front solder mask aperture bridges items with different nets
    Rule: board setup solder mask min width; error
    @(101.9500 mm, 68.0000 mm): Pad 14 [PERST_N] of U1 on F.Cu
    @(65.5000 mm, 40.5000 mm): Zone [GND] on F.Cu, priority 0
[solder_mask_bridge]: Front solder mask aperture bridges items with different nets
    Rule: board setup solder mask min width; error
    @(101.9500 mm, 67.6000 mm): Pad 15 [<no net>] of U1 on F.Cu
    @(65.5000 mm, 40.5000 mm): Zone [GND] on F.Cu, priority 0
[solder_mask_bridge]: Front solder mask aperture bridges items with different nets
    Rule: board setup solder mask min width; error
    @(101.9500 mm, 67.2000 mm): Pad 16 [RTL_1V1] of U1 on F.Cu
    @(65.5000 mm, 40.5000 mm): Zone [GND] on F.Cu, priority 0
[solder_mask_bridge]: Front solder mask aperture bridges items with different nets
    Rule: board setup solder mask min width; error
    @(101.9500 mm, 66.8000 mm): Pad 17 [RTL_5V] of U1 on F.Cu
    @(65.5000 mm, 40.5000 mm): Zone [GND] on F.Cu, priority 0
[solder_mask_bridge]: Front solder mask aperture bridges items with different nets
    Rule: board setup solder mask min width; error
    @(101.2000 mm, 66.0500 mm): Pad 18 [SPISI] of U1 on F.Cu
    @(65.5000 mm, 40.5000 mm): Zone [GND] on F.Cu, priority 0
[solder_mask_bridge]: Front solder mask aperture bridges items with different nets
    Rule: board setup solder mask min width; error
    @(100.8000 mm, 66.0500 mm): Pad 19 [SPICLK] of U1 on F.Cu
    @(65.5000 mm, 40.5000 mm): Zone [GND] on F.Cu, priority 0
[solder_mask_bridge]: Front solder mask aperture bridges items with different nets
    Rule: board setup solder mask min width; error
    @(100.4000 mm, 66.0500 mm): Pad 20 [RTL_3V3] of U1 on F.Cu
    @(65.5000 mm, 40.5000 mm): Zone [GND] on F.Cu, priority 0
[solder_mask_bridge]: Front solder mask aperture bridges items with different nets
    Rule: board setup solder mask min width; error
    @(100.0000 mm, 66.0500 mm): Pad 21 [SPISO2] of U1 on F.Cu
    @(65.5000 mm, 40.5000 mm): Zone [GND] on F.Cu, priority 0
[solder_mask_bridge]: Front solder mask aperture bridges items with different nets
    Rule: board setup solder mask min width; error
    @(113.4000 mm, 69.0000 mm): Pad 1 [RTL_1V1] of C4 on F.Cu
    @(65.5000 mm, 40.5000 mm): Zone [GND] on F.Cu, priority 0
[solder_mask_bridge]: Front solder mask aperture bridges items with different nets
    Rule: board setup solder mask min width; error
    @(99.6000 mm, 66.0500 mm): Pad 22 [SPISO3] of U1 on F.Cu
    @(65.5000 mm, 40.5000 mm): Zone [GND] on F.Cu, priority 0
[solder_mask_bridge]: Front solder mask aperture bridges items with different nets
    Rule: board setup solder mask min width; error
    @(109.6000 mm, 78.0000 mm): Pad 1 [XTAL_IN] of C1 on F.Cu
    @(65.5000 mm, 40.5000 mm): Zone [GND] on F.Cu, priority 0
[solder_mask_bridge]: Front solder mask aperture bridges items with different nets
    Rule: board setup solder mask min width; error
    @(99.2000 mm, 66.0500 mm): Pad 23 [SPISO] of U1 on F.Cu
    @(65.5000 mm, 40.5000 mm): Zone [GND] on F.Cu, priority 0
[solder_mask_bridge]: Front solder mask aperture bridges items with different nets
    Rule: board setup solder mask min width; error
    @(98.8000 mm, 66.0500 mm): Pad 24 [SPICS] of U1 on F.Cu
    @(65.5000 mm, 40.5000 mm): Zone [GND] on F.Cu, priority 0
[solder_mask_bridge]: Front solder mask aperture bridges items with different nets
    Rule: board setup solder mask min width; error
    @(98.4000 mm, 66.0500 mm): Pad 25 [RTL_1V1] of U1 on F.Cu
    @(65.5000 mm, 40.5000 mm): Zone [GND] on F.Cu, priority 0
[solder_mask_bridge]: Front solder mask aperture bridges items with different nets
    Rule: board setup solder mask min width; error
    @(111.4000 mm, 78.0000 mm): Pad 1 [XTAL_OUT] of C2 on F.Cu
    @(65.5000 mm, 40.5000 mm): Zone [GND] on F.Cu, priority 0
[solder_mask_bridge]: Front solder mask aperture bridges items with different nets
    Rule: board setup solder mask min width; error
    @(108.3000 mm, 75.8000 mm): Pad 1 [XTAL_IN] of Y1 on F.Cu
    @(65.5000 mm, 40.5000 mm): Zone [GND] on F.Cu, priority 0
[solder_mask_bridge]: Front solder mask aperture bridges items with different nets
    Rule: board setup solder mask min width; error
    @(109.7000 mm, 75.8000 mm): Pad 2 [XTAL_OUT] of Y1 on F.Cu
    @(65.5000 mm, 40.5000 mm): Zone [GND] on F.Cu, priority 0
[solder_mask_bridge]: Front solder mask aperture bridges items with different nets
    Rule: board setup solder mask min width; error
    @(96.8000 mm, 66.0500 mm): Pad 29 [<no net>] of U1 on F.Cu
    @(65.5000 mm, 40.5000 mm): Zone [GND] on F.Cu, priority 0
[solder_mask_bridge]: Front solder mask aperture bridges items with different nets
    Rule: board setup solder mask min width; error
    @(96.4000 mm, 66.0500 mm): Pad 30 [<no net>] of U1 on F.Cu
    @(65.5000 mm, 40.5000 mm): Zone [GND] on F.Cu, priority 0
[solder_mask_bridge]: Front solder mask aperture bridges items with different nets
    Rule: board setup solder mask min width; error
    @(96.0000 mm, 66.0500 mm): Pad 31 [<no net>] of U1 on F.Cu
    @(65.5000 mm, 40.5000 mm): Zone [GND] on F.Cu, priority 0
[solder_mask_bridge]: Front solder mask aperture bridges items with different nets
    Rule: board setup solder mask min width; error
    @(95.6000 mm, 66.0500 mm): Pad 32 [<no net>] of U1 on F.Cu
    @(65.5000 mm, 40.5000 mm): Zone [GND] on F.Cu, priority 0
[solder_mask_bridge]: Front solder mask aperture bridges items with different nets
    Rule: board setup solder mask min width; error
    @(95.2000 mm, 66.0500 mm): Pad 33 [RTL_5V] of U1 on F.Cu
    @(65.5000 mm, 40.5000 mm): Zone [GND] on F.Cu, priority 0
[solder_mask_bridge]: Front solder mask aperture bridges items with different nets
    Rule: board setup solder mask min width; error
    @(94.8000 mm, 66.0500 mm): Pad 34 [RTL_3V3] of U1 on F.Cu
    @(65.5000 mm, 40.5000 mm): Zone [GND] on F.Cu, priority 0
[solder_mask_bridge]: Front solder mask aperture bridges items with different nets
    Rule: board setup solder mask min width; error
    @(94.0500 mm, 66.8000 mm): Pad 35 [<no net>] of U1 on F.Cu
    @(65.5000 mm, 40.5000 mm): Zone [GND] on F.Cu, priority 0
[solder_mask_bridge]: Front solder mask aperture bridges items with different nets
    Rule: board setup solder mask min width; error
    @(94.0500 mm, 67.2000 mm): Pad 36 [RTL_1V1] of U1 on F.Cu
    @(65.5000 mm, 40.5000 mm): Zone [GND] on F.Cu, priority 0
[solder_mask_bridge]: Front solder mask aperture bridges items with different nets
    Rule: board setup solder mask min width; error
    @(94.0500 mm, 67.6000 mm): Pad 37 [USB_DP] of U1 on F.Cu
    @(65.5000 mm, 40.5000 mm): Zone [GND] on F.Cu, priority 0
[solder_mask_bridge]: Front solder mask aperture bridges items with different nets
    Rule: board setup solder mask min width; error
    @(94.0500 mm, 68.0000 mm): Pad 38 [USB_DM] of U1 on F.Cu
    @(65.5000 mm, 40.5000 mm): Zone [GND] on F.Cu, priority 0
[solder_mask_bridge]: Front solder mask aperture bridges items with different nets
    Rule: board setup solder mask min width; error
    @(94.0500 mm, 68.4000 mm): Pad 39 [RTL_3V3] of U1 on F.Cu
    @(65.5000 mm, 40.5000 mm): Zone [GND] on F.Cu, priority 0
[solder_mask_bridge]: Front solder mask aperture bridges items with different nets
    Rule: board setup solder mask min width; error
    @(94.0500 mm, 68.8000 mm): Pad 40 [RTL_1V1] of U1 on F.Cu
    @(65.5000 mm, 40.5000 mm): Zone [GND] on F.Cu, priority 0
[solder_mask_bridge]: Front solder mask aperture bridges items with different nets
    Rule: board setup solder mask min width; error
    @(98.0000 mm, 66.0500 mm): Pad 26 [DEVSLP] of U1 on F.Cu
    @(65.5000 mm, 40.5000 mm): Zone [GND] on F.Cu, priority 0
[solder_mask_bridge]: Front solder mask aperture bridges items with different nets
    Rule: board setup solder mask min width; error
    @(97.6000 mm, 66.0500 mm): Pad 27 [<no net>] of U1 on F.Cu
    @(65.5000 mm, 40.5000 mm): Zone [GND] on F.Cu, priority 0
[solder_mask_bridge]: Front solder mask aperture bridges items with different nets
    Rule: board setup solder mask min width; error
    @(97.2000 mm, 66.0500 mm): Pad 28 [<no net>] of U1 on F.Cu
    @(65.5000 mm, 40.5000 mm): Zone [GND] on F.Cu, priority 0
[solder_mask_bridge]: Front solder mask aperture bridges items with different nets
    Rule: board setup solder mask min width; error
    @(89.0000 mm, 56.0000 mm): Pad 1 [PEDET] of R2 on F.Cu
    @(65.5000 mm, 40.5000 mm): Zone [GND] on F.Cu, priority 0
[solder_mask_bridge]: Front solder mask aperture bridges items with different nets
    Rule: board setup solder mask min width; error
    @(90.2000 mm, 56.0000 mm): Pad 2 [RTL_3V3] of R2 on F.Cu
    @(65.5000 mm, 40.5000 mm): Zone [GND] on F.Cu, priority 0
[solder_mask_bridge]: Front solder mask aperture bridges items with different nets
    Rule: board setup solder mask min width; error
    @(108.4000 mm, 81.0000 mm): Pad 1 [RSET] of R1 on F.Cu
    @(65.5000 mm, 40.5000 mm): Zone [GND] on F.Cu, priority 0
[solder_mask_bridge]: Front solder mask aperture bridges items with different nets
    Rule: board setup solder mask min width; error
    @(92.0000 mm, 56.0000 mm): Pad 1 [CLKREQ_N] of R3 on F.Cu
    @(65.5000 mm, 40.5000 mm): Zone [GND] on F.Cu, priority 0
[solder_mask_bridge]: Front solder mask aperture bridges items with different nets
    Rule: board setup solder mask min width; error
    @(94.0500 mm, 72.4000 mm): Pad 49 [<no net>] of U1 on F.Cu
    @(65.5000 mm, 40.5000 mm): Zone [GND] on F.Cu, priority 0
[solder_mask_bridge]: Front solder mask aperture bridges items with different nets
    Rule: board setup solder mask min width; error
    @(93.2000 mm, 56.0000 mm): Pad 2 [RTL_3V3] of R3 on F.Cu
    @(65.5000 mm, 40.5000 mm): Zone [GND] on F.Cu, priority 0
[solder_mask_bridge]: Front solder mask aperture bridges items with different nets
    Rule: board setup solder mask min width; error
    @(94.0500 mm, 72.8000 mm): Pad 50 [RTL_1V1] of U1 on F.Cu
    @(65.5000 mm, 40.5000 mm): Zone [GND] on F.Cu, priority 0
[solder_mask_bridge]: Front solder mask aperture bridges items with different nets
    Rule: board setup solder mask min width; error
    @(94.0500 mm, 73.2000 mm): Pad 51 [RSET] of U1 on F.Cu
    @(65.5000 mm, 40.5000 mm): Zone [GND] on F.Cu, priority 0
[solder_mask_bridge]: Front solder mask aperture bridges items with different nets
    Rule: board setup solder mask min width; error
    @(94.8000 mm, 73.9500 mm): Pad 52 [RTL_3V3] of U1 on F.Cu
    @(65.5000 mm, 40.5000 mm): Zone [GND] on F.Cu, priority 0
[solder_mask_bridge]: Front solder mask aperture bridges items with different nets
    Rule: board setup solder mask min width; error
    @(95.2000 mm, 73.9500 mm): Pad 53 [XTAL_IN] of U1 on F.Cu
    @(65.5000 mm, 40.5000 mm): Zone [GND] on F.Cu, priority 0
[solder_mask_bridge]: Front solder mask aperture bridges items with different nets
    Rule: board setup solder mask min width; error
    @(95.6000 mm, 73.9500 mm): Pad 54 [XTAL_OUT] of U1 on F.Cu
    @(65.5000 mm, 40.5000 mm): Zone [GND] on F.Cu, priority 0
[solder_mask_bridge]: Front solder mask aperture bridges items with different nets
    Rule: board setup solder mask min width; error
    @(110.4000 mm, 69.0000 mm): Pad 1 [RTL_3V3] of C3 on F.Cu
    @(65.5000 mm, 40.5000 mm): Zone [GND] on F.Cu, priority 0
[solder_mask_bridge]: Front solder mask aperture bridges items with different nets
    Rule: board setup solder mask min width; error
    @(96.0000 mm, 73.9500 mm): Pad 55 [RTL_1V1] of U1 on F.Cu
    @(65.5000 mm, 40.5000 mm): Zone [GND] on F.Cu, priority 0
[solder_mask_bridge]: Front solder mask aperture bridges items with different nets
    Rule: board setup solder mask min width; error
    @(81.8000 mm, 80.0000 mm): Pad 1 [SPICS] of U2 on F.Cu
    @(65.5000 mm, 40.5000 mm): Zone [GND] on F.Cu, priority 0
[solder_mask_bridge]: Front solder mask aperture bridges items with different nets
    Rule: board setup solder mask min width; error
    @(96.4000 mm, 73.9500 mm): Pad 56 [<no net>] of U1 on F.Cu
    @(65.5000 mm, 40.5000 mm): Zone [GND] on F.Cu, priority 0
[solder_mask_bridge]: Front solder mask aperture bridges items with different nets
    Rule: board setup solder mask min width; error
    @(83.0000 mm, 80.0000 mm): Pad 2 [SPISO] of U2 on F.Cu
    @(65.5000 mm, 40.5000 mm): Zone [GND] on F.Cu, priority 0
[solder_mask_bridge]: Front solder mask aperture bridges items with different nets
    Rule: board setup solder mask min width; error
    @(96.8000 mm, 73.9500 mm): Pad 57 [<no net>] of U1 on F.Cu
    @(65.5000 mm, 40.5000 mm): Zone [GND] on F.Cu, priority 0
[solder_mask_bridge]: Front solder mask aperture bridges items with different nets
    Rule: board setup solder mask min width; error
    @(84.2000 mm, 80.0000 mm): Pad 3 [RTL_3V3] of U2 on F.Cu
    @(65.5000 mm, 40.5000 mm): Zone [GND] on F.Cu, priority 0
[solder_mask_bridge]: Front solder mask aperture bridges items with different nets
    Rule: board setup solder mask min width; error
    @(86.6000 mm, 80.0000 mm): Pad 5 [SPISI] of U2 on F.Cu
    @(65.5000 mm, 40.5000 mm): Zone [GND] on F.Cu, priority 0
[solder_mask_bridge]: Front solder mask aperture bridges items with different nets
    Rule: board setup solder mask min width; error
    @(97.2000 mm, 73.9500 mm): Pad 58 [<no net>] of U1 on F.Cu
    @(65.5000 mm, 40.5000 mm): Zone [GND] on F.Cu, priority 0
[solder_mask_bridge]: Front solder mask aperture bridges items with different nets
    Rule: board setup solder mask min width; error
    @(97.6000 mm, 73.9500 mm): Pad 59 [<no net>] of U1 on F.Cu
    @(65.5000 mm, 40.5000 mm): Zone [GND] on F.Cu, priority 0
[solder_mask_bridge]: Front solder mask aperture bridges items with different nets
    Rule: board setup solder mask min width; error
    @(87.8000 mm, 80.0000 mm): Pad 6 [SPICLK] of U2 on F.Cu
    @(65.5000 mm, 40.5000 mm): Zone [GND] on F.Cu, priority 0
[solder_mask_bridge]: Front solder mask aperture bridges items with different nets
    Rule: board setup solder mask min width; error
    @(116.4000 mm, 69.0000 mm): Pad 1 [RTL_5V] of C5 on F.Cu
    @(65.5000 mm, 40.5000 mm): Zone [GND] on F.Cu, priority 0
[solder_mask_bridge]: Front solder mask aperture bridges items with different nets
    Rule: board setup solder mask min width; error
    @(98.0000 mm, 73.9500 mm): Pad 60 [RTL_1V1] of U1 on F.Cu
    @(65.5000 mm, 40.5000 mm): Zone [GND] on F.Cu, priority 0
[solder_mask_bridge]: Front solder mask aperture bridges items with different nets
    Rule: board setup solder mask min width; error
    @(101.9500 mm, 73.2000 mm): Pad 1 [<no net>] of U1 on F.Cu
    @(65.5000 mm, 40.5000 mm): Zone [GND] on F.Cu, priority 0
[solder_mask_bridge]: Front solder mask aperture bridges items with different nets
    Rule: board setup solder mask min width; error
    @(98.4000 mm, 73.9500 mm): Pad 61 [REFCLK_P] of U1 on F.Cu
    @(65.5000 mm, 40.5000 mm): Zone [GND] on F.Cu, priority 0
[solder_mask_bridge]: Front solder mask aperture bridges items with different nets
    Rule: board setup solder mask min width; error
    @(101.9500 mm, 72.8000 mm): Pad 2 [<no net>] of U1 on F.Cu
    @(65.5000 mm, 40.5000 mm): Zone [GND] on F.Cu, priority 0
[solder_mask_bridge]: Front solder mask aperture bridges items with different nets
    Rule: board setup solder mask min width; error
    @(98.8000 mm, 73.9500 mm): Pad 62 [REFCLK_N] of U1 on F.Cu
    @(65.5000 mm, 40.5000 mm): Zone [GND] on F.Cu, priority 0
[solder_mask_bridge]: Front solder mask aperture bridges items with different nets
    Rule: board setup solder mask min width; error
    @(101.9500 mm, 72.4000 mm): Pad 3 [RESET_N] of U1 on F.Cu
    @(65.5000 mm, 40.5000 mm): Zone [GND] on F.Cu, priority 0
[solder_mask_bridge]: Front solder mask aperture bridges items with different nets
    Rule: board setup solder mask min width; error
    @(99.2000 mm, 73.9500 mm): Pad 63 [RTL_1V1] of U1 on F.Cu
    @(65.5000 mm, 40.5000 mm): Zone [GND] on F.Cu, priority 0
[solder_mask_bridge]: Front solder mask aperture bridges items with different nets
    Rule: board setup solder mask min width; error
    @(101.9500 mm, 72.0000 mm): Pad 4 [<no net>] of U1 on F.Cu
    @(65.5000 mm, 40.5000 mm): Zone [GND] on F.Cu, priority 0
[solder_mask_bridge]: Front solder mask aperture bridges items with different nets
    Rule: board setup solder mask min width; error
    @(99.6000 mm, 73.9500 mm): Pad 64 [LANE0_RXP] of U1 on F.Cu
    @(65.5000 mm, 40.5000 mm): Zone [GND] on F.Cu, priority 0
[solder_mask_bridge]: Front solder mask aperture bridges items with different nets
    Rule: board setup solder mask min width; error
    @(101.9500 mm, 71.6000 mm): Pad 5 [JTAG_TCK] of U1 on F.Cu
    @(65.5000 mm, 40.5000 mm): Zone [GND] on F.Cu, priority 0
[solder_mask_bridge]: Front solder mask aperture bridges items with different nets
    Rule: board setup solder mask min width; error
    @(100.0000 mm, 73.9500 mm): Pad 65 [LANE0_RXN] of U1 on F.Cu
    @(65.5000 mm, 40.5000 mm): Zone [GND] on F.Cu, priority 0
[solder_mask_bridge]: Front solder mask aperture bridges items with different nets
    Rule: board setup solder mask min width; error
    @(101.9500 mm, 71.2000 mm): Pad 6 [JTAG_TDI] of U1 on F.Cu
    @(65.5000 mm, 40.5000 mm): Zone [GND] on F.Cu, priority 0
[solder_mask_bridge]: Front solder mask aperture bridges items with different nets
    Rule: board setup solder mask min width; error
    @(100.8000 mm, 73.9500 mm): Pad 67 [LANE0_TXN] of U1 on F.Cu
    @(65.5000 mm, 40.5000 mm): Zone [GND] on F.Cu, priority 0
[solder_mask_bridge]: Front solder mask aperture bridges items with different nets
    Rule: board setup solder mask min width; error
    @(101.2000 mm, 73.9500 mm): Pad 68 [LANE0_TXP] of U1 on F.Cu
    @(65.5000 mm, 40.5000 mm): Zone [GND] on F.Cu, priority 0
[solder_mask_bridge]: Front solder mask aperture bridges items with different nets
    Rule: board setup solder mask min width; error
    @(101.9500 mm, 70.8000 mm): Pad 7 [<no net>] of U1 on F.Cu
    @(65.5000 mm, 40.5000 mm): Zone [GND] on F.Cu, priority 0
[solder_mask_bridge]: Front solder mask aperture bridges items with different nets
    Rule: board setup solder mask min width; error
    @(101.9500 mm, 70.4000 mm): Pad 8 [PEDET] of U1 on F.Cu
    @(65.5000 mm, 40.5000 mm): Zone [GND] on F.Cu, priority 0
[solder_mask_bridge]: Front solder mask aperture bridges items with different nets
    Rule: board setup solder mask min width; error
    @(89.0000 mm, 80.0000 mm): Pad 7 [SPISO3] of U2 on F.Cu
    @(65.5000 mm, 40.5000 mm): Zone [GND] on F.Cu, priority 0
[solder_mask_bridge]: Front solder mask aperture bridges items with different nets
    Rule: board setup solder mask min width; error
    @(90.2000 mm, 80.0000 mm): Pad 8 [RTL_3V3] of U2 on F.Cu
    @(65.5000 mm, 40.5000 mm): Zone [GND] on F.Cu, priority 0
[solder_mask_bridge]: Front solder mask aperture bridges items with different nets
    Rule: board setup solder mask min width; error
    @(94.0500 mm, 69.2000 mm): Pad 41 [USB_TXP0] of U1 on F.Cu
    @(65.5000 mm, 40.5000 mm): Zone [GND] on F.Cu, priority 0
[solder_mask_bridge]: Front solder mask aperture bridges items with different nets
    Rule: board setup solder mask min width; error
    @(94.0500 mm, 69.6000 mm): Pad 42 [USB_TXN0] of U1 on F.Cu
    @(65.5000 mm, 40.5000 mm): Zone [GND] on F.Cu, priority 0
[solder_mask_bridge]: Front solder mask aperture bridges items with different nets
    Rule: board setup solder mask min width; error
    @(94.0500 mm, 70.0000 mm): Pad 43 [<no net>] of U1 on F.Cu
    @(65.5000 mm, 40.5000 mm): Zone [GND] on F.Cu, priority 0
[solder_mask_bridge]: Front solder mask aperture bridges items with different nets
    Rule: board setup solder mask min width; error
    @(94.0500 mm, 70.4000 mm): Pad 44 [<no net>] of U1 on F.Cu
    @(65.5000 mm, 40.5000 mm): Zone [GND] on F.Cu, priority 0
[solder_mask_bridge]: Front solder mask aperture bridges items with different nets
    Rule: board setup solder mask min width; error
    @(94.0500 mm, 71.2000 mm): Pad 46 [USB_RXP0] of U1 on F.Cu
    @(65.5000 mm, 40.5000 mm): Zone [GND] on F.Cu, priority 0
[solder_mask_bridge]: Front solder mask aperture bridges items with different nets
    Rule: board setup solder mask min width; error
    @(94.0500 mm, 71.6000 mm): Pad 47 [USB_RXN0] of U1 on F.Cu
    @(65.5000 mm, 40.5000 mm): Zone [GND] on F.Cu, priority 0
[solder_mask_bridge]: Front solder mask aperture bridges items with different nets
    Rule: board setup solder mask min width; error
    @(94.0500 mm, 72.0000 mm): Pad 48 [<no net>] of U1 on F.Cu
    @(65.5000 mm, 40.5000 mm): Zone [GND] on F.Cu, priority 0
[isolated_copper]: Isolated copper fill
    Local override; warning
    @(65.5000 mm, 40.5000 mm): Zone [GND] on B.Cu, priority 0
[isolated_copper]: Isolated copper fill
    Local override; warning
    @(65.5000 mm, 40.5000 mm): Zone [GND] on B.Cu, priority 0
[isolated_copper]: Isolated copper fill
    Local override; warning
    @(65.5000 mm, 40.5000 mm): Zone [GND] on B.Cu, priority 0
[silk_overlap]: Silkscreen clearance
    Rule: board setup constraints silk; warning
    @(109.0000 mm, 79.5000 mm): Reference field of C1
    @(109.0000 mm, 79.5000 mm): Reference field of R1

** Found 18 unconnected pads **
[unconnected_items]: Missing connection between items
    Local override; error
    @(101.9500 mm, 66.8000 mm): Pad 17 [RTL_5V] of U1 on F.Cu
    @(95.2000 mm, 66.0500 mm): Pad 33 [RTL_5V] of U1 on F.Cu
[unconnected_items]: Missing connection between items
    Local override; error
    @(116.4000 mm, 69.0000 mm): Pad 1 [RTL_5V] of C5 on F.Cu
    @(101.9500 mm, 66.8000 mm): Pad 17 [RTL_5V] of U1 on F.Cu
[unconnected_items]: Missing connection between items
    Local override; error
    @(89.0000 mm, 56.0000 mm): Pad 1 [PEDET] of R2 on F.Cu
    @(101.9500 mm, 70.4000 mm): Pad 8 [PEDET] of U1 on F.Cu
[unconnected_items]: Missing connection between items
    Local override; error
    @(101.9500 mm, 70.4000 mm): Pad 8 [PEDET] of U1 on F.Cu
    @(140.7500 mm, 62.7250 mm): Pad 69 [PEDET] of J1 on F.Cu
[unconnected_items]: Missing connection between items
    Local override; error
    @(65.5000 mm, 40.5000 mm): Zone [GND] on F.Cu, priority 0
    @(65.5000 mm, 40.5000 mm): Zone [GND] on B.Cu, priority 0
[unconnected_items]: Missing connection between items
    Local override; error
    @(92.0000 mm, 56.0000 mm): Pad 1 [CLKREQ_N] of R3 on F.Cu
    @(101.9500 mm, 68.4000 mm): Pad 13 [CLKREQ_N] of U1 on F.Cu
[unconnected_items]: Missing connection between items
    Local override; error
    @(65.5000 mm, 40.5000 mm): Zone [GND] on B.Cu, priority 0
    @(65.5000 mm, 40.5000 mm): Zone [GND] on F.Cu, priority 0
[unconnected_items]: Missing connection between items
    Local override; error
    @(94.8000 mm, 66.0500 mm): Pad 34 [RTL_3V3] of U1 on F.Cu
    @(93.2000 mm, 68.4000 mm): Track [RTL_3V3] on F.Cu, length 3.4000 mm
[unconnected_items]: Missing connection between items
    Local override; error
    @(100.4000 mm, 66.0500 mm): Track [RTL_3V3] on F.Cu, length 5.2500 mm
    @(94.8000 mm, 66.0500 mm): Pad 34 [RTL_3V3] of U1 on F.Cu
[unconnected_items]: Missing connection between items
    Local override; error
    @(98.4000 mm, 73.9500 mm): Pad 61 [REFCLK_P] of U1 on F.Cu
    @(137.2500 mm, 62.7250 mm): Pad 55 [REFCLK_P] of J1 on F.Cu
[unconnected_items]: Missing connection between items
    Local override; error
    @(98.8000 mm, 73.9500 mm): Pad 62 [REFCLK_N] of U1 on F.Cu
    @(136.7500 mm, 62.7250 mm): Pad 53 [REFCLK_N] of J1 on F.Cu
[unconnected_items]: Missing connection between items
    Local override; error
    @(99.6000 mm, 73.9500 mm): Pad 64 [LANE0_RXP] of U1 on F.Cu
    @(134.2500 mm, 62.7250 mm): Pad 43 [LANE0_RXP] of J1 on F.Cu
[unconnected_items]: Missing connection between items
    Local override; error
    @(100.0000 mm, 73.9500 mm): Pad 65 [LANE0_RXN] of U1 on F.Cu
    @(133.7500 mm, 62.7250 mm): Pad 41 [LANE0_RXN] of J1 on F.Cu
[unconnected_items]: Missing connection between items
    Local override; error
    @(100.8000 mm, 73.9500 mm): Pad 67 [LANE0_TXN] of U1 on F.Cu
    @(135.2500 mm, 62.7250 mm): Pad 47 [LANE0_TXN] of J1 on F.Cu
[unconnected_items]: Missing connection between items
    Local override; error
    @(101.2000 mm, 73.9500 mm): Pad 68 [LANE0_TXP] of U1 on F.Cu
    @(135.7500 mm, 62.7250 mm): Pad 49 [LANE0_TXP] of J1 on F.Cu
[unconnected_items]: Missing connection between items
    Local override; error
    @(114.7500 mm, 62.7250 mm): Pad 2 [SSD_3V3] of J1 on F.Cu
    @(115.2500 mm, 62.7250 mm): Pad 4 [SSD_3V3] of J1 on F.Cu
[unconnected_items]: Missing connection between items
    Local override; error
    @(115.2500 mm, 62.7250 mm): Pad 4 [SSD_3V3] of J1 on F.Cu
    @(115.7500 mm, 62.7250 mm): Pad 6 [SSD_3V3] of J1 on F.Cu
[unconnected_items]: Missing connection between items
    Local override; error
    @(115.7500 mm, 62.7250 mm): Pad 6 [SSD_3V3] of J1 on F.Cu
    @(116.2500 mm, 62.7250 mm): Pad 8 [SSD_3V3] of J1 on F.Cu

** Found 0 Footprint errors **

** Ignored checks **
    - Footprint has no courtyard defined
    - Track endpoint not centered on via
    - Tuning profile track geometries
    - Footprint doesn't match symbol's footprint filters
    - Footprint component type doesn't match footprint pads

** End of Report **
