** Drc report for PHASE24_STORAGE_VCCO_DEST_V2.kicad_pcb **
** Created on 2026-09-08T21:02:26 **
** Report includes: Errors, Warnings **

** Found 675 DRC violations **
[tracks_crossing]: Tracks crossing
    Local override; error
    @(152.5400 mm, 150.0000 mm): Track [/CORE_CM5/CM5_PERST] on F.Cu, length 61.2700 mm
    @(147.5000 mm, 145.0000 mm): Track [JMS_USB3_TXP] on F.Cu, length 14.5000 mm
[tracks_crossing]: Tracks crossing
    Local override; error
    @(152.5400 mm, 150.0000 mm): Track [/CORE_CM5/CM5_PERST] on F.Cu, length 61.2700 mm
    @(147.5000 mm, 149.0000 mm): Track [JMS_USB3_TXN] on F.Cu, length 15.5000 mm
[tracks_crossing]: Tracks crossing
    Local override; error
    @(122.0000 mm, 143.0000 mm): Track [JMS_RESET_N] on F.Cu, length 2.0000 mm
    @(136.3500 mm, 132.4000 mm): Track [JMS_VCCK] on F.Cu, length 22.2953 mm
[clearance]: Clearance violation ( clearance 0.2000 mm; actual 0.1500 mm)
    Local override; error
    @(147.0000 mm, 110.5000 mm): Track [XIN] on F.Cu, length 3.6500 mm
    @(146.5000 mm, 112.0000 mm): Via [XOUT] on F.Cu - B.Cu
[clearance]: Clearance violation ( clearance 0.2000 mm; actual 0.0828 mm)
    Local override; error
    @(96.2000 mm, 128.7000 mm): Track [/STORAGE/BRIDGE_SATA_TX_N] on F.Cu, length 1.1402 mm
    @(95.8000 mm, 128.7000 mm): Track [/STORAGE/BRIDGE_SATA_TX_P] on F.Cu, length 0.9900 mm
[shorting_items]: Items shorting two nets (nets CM5_USB3_RX_N and )
    Local override; error
    @(155.0000 mm, 137.8000 mm): Track [CM5_USB3_RX_N] on F.Cu, length 1.5000 mm
    @(155.0000 mm, 135.0000 mm): Pad 43 [<no net>] of U12 on F.Cu
[clearance]: Clearance violation ( clearance 0.2000 mm; actual 0.1750 mm)
    Local override; error
    @(161.0000 mm, 135.8000 mm): Track [CM5_USB3_TX_P] on F.Cu, length 7.5000 mm
    @(153.5000 mm, 135.4000 mm): Pad 10 [POWER_GND] of U12 on F.Cu
[clearance]: Clearance violation ( clearance 0.2000 mm; actual 0.1750 mm)
    Local override; error
    @(178.5000 mm, 133.4000 mm): Pad 5 [STORAGE_3V3] of U13 on F.Cu
    @(178.5000 mm, 133.8000 mm): Track [M2_SATA_B_P_PCIE_RXN0] on F.Cu, length 5.0090 mm
[clearance]: Clearance violation ( clearance 0.2000 mm; actual 0.1473 mm)
    Local override; error
    @(70.0400 mm, 100.3000 mm): Pad 110 [/CORE_CM5/CM5_REFCLK_P] of J7 on F.Cu
    @(70.0400 mm, 100.7000 mm): Track [/CORE_CM5/CM5_REFCLK_N] on F.Cu, length 2.2171 mm
[clearance]: Clearance violation ( clearance 0.2000 mm; actual 0.1346 mm)
    Local override; error
    @(208.9000 mm, 150.9500 mm): Pad 3 [POWER_GND] of U14 on F.Cu
    @(215.0000 mm, 155.0000 mm): Track [MODE_IN] on F.Cu, length 7.8873 mm
[clearance]: Clearance violation ( clearance 0.2000 mm; actual 0.0763 mm)
    Local override; error
    @(70.0400 mm, 100.3000 mm): Track [/CORE_CM5/CM5_REFCLK_P] on F.Cu, length 2.3400 mm
    @(70.0400 mm, 99.9000 mm): Pad 108 [/CORE_CM5/POWER_GND] of J7 on F.Cu
[clearance]: Clearance violation ( clearance 0.2000 mm; actual 0.1500 mm)
    Local override; error
    @(47.0000 mm, 99.2500 mm): Track [/SERVICE/SERVICE_RD_B] on F.Cu, length 5.0000 mm
    @(49.0000 mm, 99.7500 mm): Via [/CORE_CM5/SERVICE_USB2_DP] on F.Cu - B.Cu
[clearance]: Clearance violation ( clearance 0.2000 mm; actual 0.1500 mm)
    Local override; error
    @(40.0000 mm, 100.7500 mm): Track [/SERVICE/SERVICE_RD_A] on B.Cu, length 6.2500 mm
    @(39.5000 mm, 101.2500 mm): Via [/SERVICE/SERVICE_VBUS_SENSE] on F.Cu - B.Cu
[clearance]: Clearance violation ( clearance 0.2000 mm; actual 0.1590 mm)
    Local override; error
    @(43.0000 mm, 101.2500 mm): Track [/SERVICE/SERVICE_VBUS_SENSE] on F.Cu, length 3.5000 mm
    @(40.0000 mm, 100.7500 mm): Via [/SERVICE/SERVICE_RD_A] on F.Cu - B.Cu
[clearance]: Clearance violation ( clearance 0.2000 mm; actual 0.1571 mm)
    Local override; error
    @(39.5000 mm, 101.2500 mm): Via [/SERVICE/SERVICE_VBUS_SENSE] on F.Cu - B.Cu
    @(40.0000 mm, 100.7500 mm): Via [/SERVICE/SERVICE_RD_A] on F.Cu - B.Cu
[clearance]: Clearance violation ( clearance 0.2000 mm; actual 0.1571 mm)
    Local override; error
    @(39.5000 mm, 101.2500 mm): Via [/SERVICE/SERVICE_VBUS_SENSE] on F.Cu - B.Cu
    @(40.0000 mm, 100.7500 mm): Via [/SERVICE/SERVICE_RD_A] on F.Cu - B.Cu
[clearance]: Clearance violation ( clearance 0.2000 mm; actual 0.1571 mm)
    Local override; error
    @(39.5000 mm, 101.2500 mm): Via [/SERVICE/SERVICE_VBUS_SENSE] on F.Cu - B.Cu
    @(40.0000 mm, 100.7500 mm): Via [/SERVICE/SERVICE_RD_A] on F.Cu - B.Cu
[clearance]: Clearance violation ( clearance 0.2000 mm; actual 0.1571 mm)
    Local override; error
    @(39.5000 mm, 101.2500 mm): Via [/SERVICE/SERVICE_VBUS_SENSE] on F.Cu - B.Cu
    @(40.0000 mm, 100.7500 mm): Via [/SERVICE/SERVICE_RD_A] on F.Cu - B.Cu
[clearance]: Clearance violation ( clearance 0.2000 mm; actual 0.1500 mm)
    Local override; error
    @(63.5000 mm, 174.7500 mm): Track [/REGULATORS/PG_CM5_5V] on F.Cu, length 6.5000 mm
    @(66.0000 mm, 175.2500 mm): Via [/REGULATORS/RT_CM5_5V] on F.Cu - B.Cu
[clearance]: Clearance violation ( clearance 0.2000 mm; actual 0.1571 mm)
    Local override; error
    @(39.5000 mm, 101.2500 mm): Via [/SERVICE/SERVICE_VBUS_SENSE] on F.Cu - B.Cu
    @(40.0000 mm, 100.7500 mm): Via [/SERVICE/SERVICE_RD_A] on F.Cu - B.Cu
[tracks_crossing]: Tracks crossing
    Local override; error
    @(96.5000 mm, 129.4000 mm): Track [/STORAGE/BRIDGE_SATA_TX_P] on B.Cu, length 13.6312 mm
    @(96.0000 mm, 128.0000 mm): Track [/STORAGE/BRIDGE_SATA_RX_N] on B.Cu, length 7.0000 mm
[tracks_crossing]: Tracks crossing
    Local override; error
    @(163.0000 mm, 137.4000 mm): Track [JMS_USB3_TXN] on F.Cu, length 6.5000 mm
    @(162.0000 mm, 145.0000 mm): Track [JMS_USB3_TXP] on F.Cu, length 8.0000 mm
[clearance]: Clearance violation ( clearance 0.2000 mm; actual 0.1000 mm)
    Local override; error
    @(96.5000 mm, 129.4000 mm): Via [/STORAGE/BRIDGE_SATA_TX_P] on F.Cu - B.Cu
    @(97.1000 mm, 129.4000 mm): Via [/STORAGE/BRIDGE_SATA_TX_N] on F.Cu - B.Cu
[clearance]: Clearance violation ( clearance 0.2000 mm; actual 0.0828 mm)
    Local override; error
    @(96.2000 mm, 127.8000 mm): Track [/STORAGE/BRIDGE_SATA_TX_N] on F.Cu, length 0.9000 mm
    @(95.8000 mm, 128.7000 mm): Track [/STORAGE/BRIDGE_SATA_TX_P] on F.Cu, length 0.9900 mm
[clearance]: Clearance violation ( clearance 0.2000 mm; actual 0.0515 mm)
    Local override; error
    @(163.0000 mm, 137.4000 mm): Track [JMS_USB3_TXN] on F.Cu, length 6.5000 mm
    @(159.0000 mm, 137.8000 mm): Via [USB_RXP1] on F.Cu - B.Cu
[clearance]: Clearance violation ( clearance 0.2000 mm; actual 0.1000 mm)
    Local override; error
    @(96.5000 mm, 129.4000 mm): Via [/STORAGE/BRIDGE_SATA_TX_P] on F.Cu - B.Cu
    @(97.1000 mm, 129.4000 mm): Via [/STORAGE/BRIDGE_SATA_TX_N] on F.Cu - B.Cu
[clearance]: Clearance violation ( clearance 0.2000 mm; actual 0.1000 mm)
    Local override; error
    @(96.5000 mm, 129.4000 mm): Via [/STORAGE/BRIDGE_SATA_TX_P] on F.Cu - B.Cu
    @(97.1000 mm, 129.4000 mm): Via [/STORAGE/BRIDGE_SATA_TX_N] on F.Cu - B.Cu
[clearance]: Clearance violation ( clearance 0.2000 mm; actual 0.0515 mm)
    Local override; error
    @(139.0000 mm, 138.6000 mm): Track [USB_RXN1] on F.Cu, length 4.4000 mm
    @(139.4000 mm, 142.0000 mm): Via [USB_RXP1] on F.Cu - B.Cu
[tracks_crossing]: Tracks crossing
    Local override; error
    @(73.0000 mm, 88.0000 mm): Track [CM5_USB3_RX_N] on B.Cu, length 95.9377 mm
    @(145.5000 mm, 135.6000 mm): Track [JMS_REXT] on B.Cu, length 6.1000 mm
[clearance]: Clearance violation ( clearance 0.2000 mm; actual 0.1000 mm)
    Local override; error
    @(96.5000 mm, 129.4000 mm): Via [/STORAGE/BRIDGE_SATA_TX_P] on F.Cu - B.Cu
    @(97.1000 mm, 129.4000 mm): Via [/STORAGE/BRIDGE_SATA_TX_N] on F.Cu - B.Cu
[clearance]: Clearance violation ( clearance 0.2000 mm; actual 0.1000 mm)
    Local override; error
    @(96.5000 mm, 129.4000 mm): Via [/STORAGE/BRIDGE_SATA_TX_P] on F.Cu - B.Cu
    @(97.1000 mm, 129.4000 mm): Via [/STORAGE/BRIDGE_SATA_TX_N] on F.Cu - B.Cu
[clearance]: Clearance violation ( clearance 0.2000 mm; actual 0.1000 mm)
    Local override; error
    @(96.5000 mm, 129.4000 mm): Via [/STORAGE/BRIDGE_SATA_TX_P] on F.Cu - B.Cu
    @(97.1000 mm, 129.4000 mm): Via [/STORAGE/BRIDGE_SATA_TX_N] on F.Cu - B.Cu
[clearance]: Clearance violation ( clearance 0.2000 mm; actual 0.1965 mm)
    Local override; error
    @(70.0400 mm, 103.9000 mm): Track [CM5_USB3_RX_N] on F.Cu, length 16.1732 mm
    @(70.0400 mm, 100.3000 mm): Pad 110 [/CORE_CM5/CM5_REFCLK_P] of J7 on F.Cu
[tracks_crossing]: Tracks crossing
    Local override; error
    @(75.0000 mm, 90.0000 mm): Track [CM5_USB3_RX_P] on B.Cu, length 94.7141 mm
    @(145.5000 mm, 135.6000 mm): Track [JMS_REXT] on B.Cu, length 6.1000 mm
[clearance]: Clearance violation ( clearance 0.2000 mm; actual 0.1100 mm)
    Local override; error
    @(156.5000 mm, 137.8000 mm): Pad 23 [USB_RXP1] of U12 on F.Cu
    @(157.0000 mm, 137.4000 mm): Via [CM5_USB3_RX_P] on F.Cu - B.Cu
[clearance]: Clearance violation ( clearance 0.2000 mm; actual 0.0515 mm)
    Local override; error
    @(161.0000 mm, 138.2000 mm): Track [USB_RXN1] on F.Cu, length 4.5000 mm
    @(159.0000 mm, 137.8000 mm): Via [USB_RXP1] on F.Cu - B.Cu
[clearance]: Clearance violation ( clearance 0.2000 mm; actual 0.0000 mm)
    Local override; error
    @(157.0000 mm, 137.4000 mm): Via [CM5_USB3_RX_P] on F.Cu - B.Cu
    @(1.0000 mm, 1.0000 mm): Zone [POWER_GND] on In1.GND, priority 0
[tracks_crossing]: Tracks crossing
    Local override; error
    @(77.0000 mm, 92.0000 mm): Track [CM5_USB3_TX_N] on B.Cu, length 93.1539 mm
    @(138.2000 mm, 140.0000 mm): Track [JMS_XAVDDH] on B.Cu, length 21.4217 mm
[clearance]: Clearance violation ( clearance 0.2000 mm; actual 0.1920 mm)
    Local override; error
    @(70.0400 mm, 104.3000 mm): Track [CM5_USB3_RX_P] on F.Cu, length 15.1358 mm
    @(70.0400 mm, 102.3000 mm): Pad 120 [/CORE_CM5/POWER_GND] of J7 on F.Cu
[clearance]: Clearance violation ( clearance 0.2000 mm; actual 0.1750 mm)
    Local override; error
    @(153.5000 mm, 135.8000 mm): Pad 11 [CM5_USB3_TX_P] of U12 on F.Cu
    @(159.0000 mm, 136.2000 mm): Track [CM5_USB3_TX_N] on F.Cu, length 5.5000 mm
[hole_clearance]: Hole clearance violation (board setup constraints hole clearance 0.2500 mm; actual 0.0000 mm)
    Rule: board setup constraints hole; error
    @(157.0000 mm, 137.4000 mm): Via [CM5_USB3_RX_P] on F.Cu - B.Cu
    @(1.0000 mm, 1.0000 mm): Zone [POWER_GND] on In1.GND, priority 0
[tracks_crossing]: Tracks crossing
    Local override; error
    @(138.2000 mm, 140.0000 mm): Track [JMS_XAVDDH] on B.Cu, length 21.4217 mm
    @(79.0000 mm, 94.0000 mm): Track [CM5_USB3_TX_P] on B.Cu, length 92.0393 mm
[clearance]: Clearance violation ( clearance 0.2000 mm; actual 0.0000 mm)
    Local override; error
    @(159.0000 mm, 136.2000 mm): Via [CM5_USB3_TX_N] on F.Cu - B.Cu
    @(1.0000 mm, 1.0000 mm): Zone [POWER_GND] on In1.GND, priority 0
[clearance]: Clearance violation ( clearance 0.2000 mm; actual 0.0500 mm)
    Local override; error
    @(157.0000 mm, 137.4000 mm): Track [CM5_USB3_RX_P] on F.Cu, length 3.5000 mm
    @(155.0000 mm, 137.8000 mm): Via [CM5_USB3_RX_N] on F.Cu - B.Cu
[hole_clearance]: Hole clearance violation (board setup constraints hole clearance 0.2500 mm; actual 0.0000 mm)
    Rule: board setup constraints hole; error
    @(159.0000 mm, 136.2000 mm): Via [CM5_USB3_TX_N] on F.Cu - B.Cu
    @(1.0000 mm, 1.0000 mm): Zone [POWER_GND] on In1.GND, priority 0
[clearance]: Clearance violation ( clearance 0.2000 mm; actual 0.0667 mm)
    Local override; error
    @(70.0400 mm, 105.1000 mm): Pad 134 [unconnected-(J7B-USB3-0-D_P-Pad134)] of J7 on F.Cu
    @(70.0400 mm, 106.3000 mm): Track [CM5_USB3_TX_N] on F.Cu, length 15.9038 mm
[clearance]: Clearance violation ( clearance 0.2000 mm; actual 0.0000 mm)
    Local override; error
    @(157.0000 mm, 137.4000 mm): Via [CM5_USB3_RX_P] on F.Cu - B.Cu
    @(1.0000 mm, 1.0000 mm): Zone [POWER_GND] on In4.GND, priority 0
[clearance]: Clearance violation ( clearance 0.2000 mm; actual 0.0000 mm)
    Local override; error
    @(161.0000 mm, 135.8000 mm): Via [CM5_USB3_TX_P] on F.Cu - B.Cu
    @(1.0000 mm, 1.0000 mm): Zone [POWER_GND] on In1.GND, priority 0
[clearance]: Clearance violation ( clearance 0.2000 mm; actual 0.0175 mm)
    Local override; error
    @(70.0400 mm, 105.9000 mm): Pad 138 [/CORE_CM5/POWER_GND] of J7 on F.Cu
    @(70.0400 mm, 106.7000 mm): Track [CM5_USB3_TX_P] on F.Cu, length 15.5426 mm
[hole_clearance]: Hole clearance violation (board setup constraints hole clearance 0.2500 mm; actual 0.0000 mm)
    Rule: board setup constraints hole; error
    @(157.0000 mm, 137.4000 mm): Via [CM5_USB3_RX_P] on F.Cu - B.Cu
    @(1.0000 mm, 1.0000 mm): Zone [POWER_GND] on In4.GND, priority 0
[hole_clearance]: Hole clearance violation (board setup constraints hole clearance 0.2500 mm; actual 0.0000 mm)
    Rule: board setup constraints hole; error
    @(161.0000 mm, 135.8000 mm): Via [CM5_USB3_TX_P] on F.Cu - B.Cu
    @(1.0000 mm, 1.0000 mm): Zone [POWER_GND] on In1.GND, priority 0
[clearance]: Clearance violation ( clearance 0.2000 mm; actual 0.0000 mm)
    Local override; error
    @(159.0000 mm, 136.2000 mm): Via [CM5_USB3_TX_N] on F.Cu - B.Cu
    @(1.0000 mm, 1.0000 mm): Zone [POWER_GND] on In4.GND, priority 0
[hole_clearance]: Hole clearance violation (board setup constraints hole clearance 0.2500 mm; actual 0.0000 mm)
    Rule: board setup constraints hole; error
    @(159.0000 mm, 136.2000 mm): Via [CM5_USB3_TX_N] on F.Cu - B.Cu
    @(1.0000 mm, 1.0000 mm): Zone [POWER_GND] on In4.GND, priority 0
[clearance]: Clearance violation ( clearance 0.2000 mm; actual 0.0000 mm)
    Local override; error
    @(161.0000 mm, 135.8000 mm): Via [CM5_USB3_TX_P] on F.Cu - B.Cu
    @(1.0000 mm, 1.0000 mm): Zone [POWER_GND] on In4.GND, priority 0
[hole_clearance]: Hole clearance violation (board setup constraints hole clearance 0.2500 mm; actual 0.0000 mm)
    Rule: board setup constraints hole; error
    @(161.0000 mm, 135.8000 mm): Via [CM5_USB3_TX_P] on F.Cu - B.Cu
    @(1.0000 mm, 1.0000 mm): Zone [POWER_GND] on In4.GND, priority 0
[clearance]: Clearance violation ( clearance 0.2000 mm; actual 0.1590 mm)
    Local override; error
    @(41.0000 mm, 97.0000 mm): Track [/CORE_CM5/SERVICE_USB2_DP] on B.Cu, length 3.2500 mm
    @(41.5000 mm, 99.6000 mm): Via [/CORE_CM5/SERVICE_USB2_DM] on F.Cu - B.Cu
[clearance]: Clearance violation ( clearance 0.2000 mm; actual 0.1500 mm)
    Local override; error
    @(47.0000 mm, 100.2500 mm): Track [/CORE_CM5/SERVICE_USB2_DM] on F.Cu, length 3.0000 mm
    @(49.0000 mm, 99.7500 mm): Via [/CORE_CM5/SERVICE_USB2_DP] on F.Cu - B.Cu
[clearance]: Clearance violation ( clearance 0.2000 mm; actual 0.1500 mm)
    Local override; error
    @(41.0000 mm, 100.2500 mm): Via [/CORE_CM5/SERVICE_USB2_DP] on F.Cu - B.Cu
    @(43.0000 mm, 100.7500 mm): Track [/SERVICE/SERVICE_RD_A] on F.Cu, length 3.0000 mm
[tracks_crossing]: Tracks crossing
    Local override; error
    @(132.0000 mm, 129.2000 mm): Track [XOUT] on B.Cu, length 17.2000 mm
    @(79.0000 mm, 94.0000 mm): Track [CM5_USB3_TX_P] on B.Cu, length 92.0393 mm
[clearance]: Clearance violation ( clearance 0.2000 mm; actual 0.1500 mm)
    Local override; error
    @(41.0000 mm, 100.2500 mm): Via [/CORE_CM5/SERVICE_USB2_DP] on F.Cu - B.Cu
    @(41.5000 mm, 106.0000 mm): Track [/CORE_CM5/SERVICE_USB2_DM] on B.Cu, length 6.4000 mm
[tracks_crossing]: Tracks crossing
    Local override; error
    @(79.0000 mm, 94.0000 mm): Track [CM5_USB3_TX_P] on B.Cu, length 92.0393 mm
    @(130.0000 mm, 129.8000 mm): Track [XIN] on B.Cu, length 19.3000 mm
[clearance]: Clearance violation ( clearance 0.2000 mm; actual 0.0500 mm)
    Local override; error
    @(137.4000 mm, 129.8000 mm): Via [XIN] on F.Cu - B.Cu
    @(137.8000 mm, 131.4000 mm): Track [XOUT] on F.Cu, length 2.2000 mm
[tracks_crossing]: Tracks crossing
    Local override; error
    @(250.0000 mm, 155.0000 mm): Track [MODE_IN] on F.Cu, length 35.0000 mm
    @(227.7500 mm, 159.7250 mm): Track [AUTO_PEDET] on F.Cu, length 21.5379 mm
[clearance]: Clearance violation ( clearance 0.2000 mm; actual 0.0250 mm)
    Local override; error
    @(137.8000 mm, 131.4000 mm): Track [XOUT] on F.Cu, length 2.2000 mm
    @(138.2000 mm, 130.0000 mm): Via [JMS_XAVDDH] on F.Cu - B.Cu
[clearance]: Clearance violation ( clearance 0.2000 mm; actual 0.1590 mm)
    Local override; error
    @(147.0000 mm, 110.5000 mm): Via [XIN] on F.Cu - B.Cu
    @(100.0000 mm, 110.0000 mm): Track [/V100_PCIE/V100_PET0_N] on B.Cu, length 80.0000 mm
[clearance]: Clearance violation ( clearance 0.2000 mm; actual 0.1765 mm)
    Local override; error
    @(146.5000 mm, 146.0000 mm): Track [USB_TXN1] on F.Cu, length 3.0000 mm
    @(147.0000 mm, 147.0000 mm): Via [JMS_VCCO] on F.Cu - B.Cu
[clearance]: Clearance violation ( clearance 0.2000 mm; actual 0.1711 mm)
    Local override; error
    @(137.4000 mm, 129.8000 mm): Via [XIN] on F.Cu - B.Cu
    @(137.8000 mm, 129.2000 mm): Via [XOUT] on F.Cu - B.Cu
[clearance]: Clearance violation ( clearance 0.2000 mm; actual 0.1711 mm)
    Local override; error
    @(137.4000 mm, 129.8000 mm): Via [XIN] on F.Cu - B.Cu
    @(137.8000 mm, 129.2000 mm): Via [XOUT] on F.Cu - B.Cu
[clearance]: Clearance violation ( clearance 0.2000 mm; actual 0.0000 mm)
    Local override; error
    @(147.0000 mm, 147.0000 mm): Via [JMS_VCCO] on F.Cu - B.Cu
    @(1.0000 mm, 1.0000 mm): Zone [POWER_GND] on In1.GND, priority 0
[hole_clearance]: Hole clearance violation (board setup constraints hole clearance 0.2500 mm; actual 0.0000 mm)
    Rule: board setup constraints hole; error
    @(147.0000 mm, 147.0000 mm): Via [JMS_VCCO] on F.Cu - B.Cu
    @(1.0000 mm, 1.0000 mm): Zone [POWER_GND] on In1.GND, priority 0
[shorting_items]: Items shorting two nets (nets JMS_SPI_CS_N_DNP and JMS_VCCO)
    Local override; error
    @(136.3500 mm, 134.4000 mm): Pad 7 [JMS_SPI_CS_N_DNP] of U11 on F.Cu
    @(136.3500 mm, 134.0000 mm): Track [JMS_VCCO] on F.Cu, length 2.7244 mm
[clearance]: Clearance violation ( clearance 0.2000 mm; actual 0.0000 mm)
    Local override; error
    @(134.5000 mm, 136.0000 mm): Via [JMS_VCCO] on F.Cu - B.Cu
    @(1.0000 mm, 1.0000 mm): Zone [POWER_GND] on In1.GND, priority 0
[tracks_crossing]: Tracks crossing
    Local override; error
    @(141.8000 mm, 140.5000 mm): Track [JMS_AVDDL] on B.Cu, length 12.7883 mm
    @(139.0000 mm, 143.0000 mm): Track [USB_RXN1] on B.Cu, length 22.5175 mm
[clearance]: Clearance violation ( clearance 0.2000 mm; actual 0.0000 mm)
    Local override; error
    @(147.0000 mm, 147.0000 mm): Via [JMS_VCCO] on F.Cu - B.Cu
    @(1.0000 mm, 1.0000 mm): Zone [POWER_GND] on In4.GND, priority 0
[clearance]: Clearance violation ( clearance 0.2000 mm; actual 0.0265 mm)
    Local override; error
    @(141.8000 mm, 140.5000 mm): Via [JMS_AVDDL] on F.Cu - B.Cu
    @(141.4000 mm, 138.6000 mm): Track [USB_TXP1] on F.Cu, length 5.4000 mm
[clearance]: Clearance violation ( clearance 0.2000 mm; actual 0.1711 mm)
    Local override; error
    @(137.4000 mm, 129.8000 mm): Via [XIN] on F.Cu - B.Cu
    @(137.8000 mm, 129.2000 mm): Via [XOUT] on F.Cu - B.Cu
[hole_clearance]: Hole clearance violation (board setup constraints hole clearance 0.2500 mm; actual 0.0000 mm)
    Rule: board setup constraints hole; error
    @(134.5000 mm, 136.0000 mm): Via [JMS_VCCO] on F.Cu - B.Cu
    @(1.0000 mm, 1.0000 mm): Zone [POWER_GND] on In1.GND, priority 0
[tracks_crossing]: Tracks crossing
    Local override; error
    @(106.0000 mm, 116.0000 mm): Track [TUSB_SATA_TXP] on B.Cu, length 24.0832 mm
    @(130.0000 mm, 129.8000 mm): Track [XIN] on B.Cu, length 19.3000 mm
[tracks_crossing]: Tracks crossing
    Local override; error
    @(154.5000 mm, 142.0000 mm): Track [JMS_AVDDL] on F.Cu, length 5.0000 mm
    @(147.5000 mm, 145.0000 mm): Track [JMS_USB3_TXP] on F.Cu, length 14.5000 mm
[tracks_crossing]: Tracks crossing
    Local override; error
    @(152.5400 mm, 150.0000 mm): Track [/CORE_CM5/CM5_PERST] on F.Cu, length 61.2700 mm
    @(141.8000 mm, 138.6000 mm): Track [JMS_AVDDL] on F.Cu, length 15.2266 mm
[hole_clearance]: Hole clearance violation (board setup constraints hole clearance 0.2500 mm; actual 0.0000 mm)
    Rule: board setup constraints hole; error
    @(147.0000 mm, 147.0000 mm): Via [JMS_VCCO] on F.Cu - B.Cu
    @(1.0000 mm, 1.0000 mm): Zone [POWER_GND] on In4.GND, priority 0
[clearance]: Clearance violation ( clearance 0.2000 mm; actual 0.1711 mm)
    Local override; error
    @(137.4000 mm, 129.8000 mm): Via [XIN] on F.Cu - B.Cu
    @(137.8000 mm, 129.2000 mm): Via [XOUT] on F.Cu - B.Cu
[clearance]: Clearance violation ( clearance 0.2000 mm; actual 0.0000 mm)
    Local override; error
    @(134.5000 mm, 136.0000 mm): Via [JMS_VCCO] on F.Cu - B.Cu
    @(1.0000 mm, 1.0000 mm): Zone [POWER_GND] on In4.GND, priority 0
[clearance]: Clearance violation ( clearance 0.2000 mm; actual 0.0225 mm)
    Local override; error
    @(159.0000 mm, 136.2000 mm): Via [CM5_USB3_TX_N] on F.Cu - B.Cu
    @(130.0000 mm, 118.0000 mm): Track [TUSB_SATA_TXP] on B.Cu, length 49.9300 mm
[hole_clearance]: Hole clearance violation (board setup constraints hole clearance 0.2500 mm; actual 0.0000 mm)
    Rule: board setup constraints hole; error
    @(134.5000 mm, 136.0000 mm): Via [JMS_VCCO] on F.Cu - B.Cu
    @(1.0000 mm, 1.0000 mm): Zone [POWER_GND] on In4.GND, priority 0
[clearance]: Clearance violation ( clearance 0.2000 mm; actual 0.0000 mm)
    Local override; error
    @(106.0000 mm, 116.0000 mm): Via [TUSB_SATA_TXP] on F.Cu - B.Cu
    @(1.0000 mm, 1.0000 mm): Zone [POWER_GND] on In1.GND, priority 0
[tracks_crossing]: Tracks crossing
    Local override; error
    @(130.0000 mm, 120.0000 mm): Track [TUSB_SATA_TXN] on B.Cu, length 51.6236 mm
    @(145.5000 mm, 135.6000 mm): Track [JMS_REXT] on B.Cu, length 6.1000 mm
[clearance]: Clearance violation ( clearance 0.2000 mm; actual 0.1711 mm)
    Local override; error
    @(137.4000 mm, 129.8000 mm): Via [XIN] on F.Cu - B.Cu
    @(137.8000 mm, 129.2000 mm): Via [XOUT] on F.Cu - B.Cu
[tracks_crossing]: Tracks crossing
    Local override; error
    @(106.0000 mm, 132.0000 mm): Track [TUSB_SATA_TXN] on B.Cu, length 26.8328 mm
    @(130.0000 mm, 129.8000 mm): Track [XIN] on B.Cu, length 19.3000 mm
[clearance]: Clearance violation ( clearance 0.2000 mm; actual 0.0000 mm)
    Local override; error
    @(184.0000 mm, 130.8000 mm): Via [TUSB_SATA_TXP] on F.Cu - B.Cu
    @(1.0000 mm, 1.0000 mm): Zone [POWER_GND] on In1.GND, priority 0
[clearance]: Clearance violation ( clearance 0.2000 mm; actual 0.0000 mm)
    Local override; error
    @(106.0000 mm, 132.0000 mm): Via [TUSB_SATA_TXN] on F.Cu - B.Cu
    @(1.0000 mm, 1.0000 mm): Zone [POWER_GND] on In1.GND, priority 0
[hole_clearance]: Hole clearance violation (board setup constraints hole clearance 0.2500 mm; actual 0.0000 mm)
    Rule: board setup constraints hole; error
    @(106.0000 mm, 116.0000 mm): Via [TUSB_SATA_TXP] on F.Cu - B.Cu
    @(1.0000 mm, 1.0000 mm): Zone [POWER_GND] on In1.GND, priority 0
[hole_clearance]: Hole clearance violation (board setup constraints hole clearance 0.2500 mm; actual 0.0000 mm)
    Rule: board setup constraints hole; error
    @(106.0000 mm, 132.0000 mm): Via [TUSB_SATA_TXN] on F.Cu - B.Cu
    @(1.0000 mm, 1.0000 mm): Zone [POWER_GND] on In1.GND, priority 0
[tracks_crossing]: Tracks crossing
    Local override; error
    @(130.0000 mm, 122.0000 mm): Track [TUSB_SATA_RXP] on B.Cu, length 53.3385 mm
    @(145.5000 mm, 135.6000 mm): Track [JMS_REXT] on B.Cu, length 6.1000 mm
[hole_clearance]: Hole clearance violation (board setup constraints hole clearance 0.2500 mm; actual 0.0000 mm)
    Rule: board setup constraints hole; error
    @(184.0000 mm, 130.8000 mm): Via [TUSB_SATA_TXP] on F.Cu - B.Cu
    @(1.0000 mm, 1.0000 mm): Zone [POWER_GND] on In1.GND, priority 0
[tracks_crossing]: Tracks crossing
    Local override; error
    @(106.0000 mm, 132.0000 mm): Track [TUSB_SATA_TXN] on B.Cu, length 26.8328 mm
    @(106.0000 mm, 120.0000 mm): Track [TUSB_SATA_RXP] on B.Cu, length 24.0832 mm
[clearance]: Clearance violation ( clearance 0.2000 mm; actual 0.0000 mm)
    Local override; error
    @(106.0000 mm, 116.0000 mm): Via [TUSB_SATA_TXP] on F.Cu - B.Cu
    @(1.0000 mm, 1.0000 mm): Zone [POWER_GND] on In4.GND, priority 0
[clearance]: Clearance violation ( clearance 0.2000 mm; actual 0.0000 mm)
    Local override; error
    @(106.0000 mm, 132.0000 mm): Via [TUSB_SATA_TXN] on F.Cu - B.Cu
    @(1.0000 mm, 1.0000 mm): Zone [POWER_GND] on In4.GND, priority 0
[clearance]: Clearance violation ( clearance 0.2000 mm; actual 0.0000 mm)
    Local override; error
    @(184.0000 mm, 132.0000 mm): Via [TUSB_SATA_TXN] on F.Cu - B.Cu
    @(1.0000 mm, 1.0000 mm): Zone [POWER_GND] on In1.GND, priority 0
[hole_clearance]: Hole clearance violation (board setup constraints hole clearance 0.2500 mm; actual 0.0000 mm)
    Rule: board setup constraints hole; error
    @(106.0000 mm, 116.0000 mm): Via [TUSB_SATA_TXP] on F.Cu - B.Cu
    @(1.0000 mm, 1.0000 mm): Zone [POWER_GND] on In4.GND, priority 0
[clearance]: Clearance violation ( clearance 0.2000 mm; actual 0.1750 mm)
    Local override; error
    @(184.0000 mm, 132.0000 mm): Track [TUSB_SATA_TXN] on F.Cu, length 2.5080 mm
    @(181.5000 mm, 132.6000 mm): Pad 36 [TUSB_SATA_RXP] of U13 on F.Cu
[clearance]: Clearance violation ( clearance 0.2000 mm; actual 0.0000 mm)
    Local override; error
    @(184.0000 mm, 130.8000 mm): Via [TUSB_SATA_TXP] on F.Cu - B.Cu
    @(1.0000 mm, 1.0000 mm): Zone [POWER_GND] on In4.GND, priority 0
[tracks_crossing]: Tracks crossing
    Local override; error
    @(106.0000 mm, 132.0000 mm): Track [TUSB_SATA_TXN] on B.Cu, length 26.8328 mm
    @(106.0000 mm, 128.0000 mm): Track [TUSB_SATA_RXN] on B.Cu, length 40.0000 mm
[hole_clearance]: Hole clearance violation (board setup constraints hole clearance 0.2500 mm; actual 0.0000 mm)
    Rule: board setup constraints hole; error
    @(184.0000 mm, 132.0000 mm): Via [TUSB_SATA_TXN] on F.Cu - B.Cu
    @(1.0000 mm, 1.0000 mm): Zone [POWER_GND] on In1.GND, priority 0
[clearance]: Clearance violation ( clearance 0.2000 mm; actual 0.1750 mm)
    Local override; error
    @(181.5000 mm, 132.2000 mm): Pad 37 [TUSB_SATA_TXN] of U13 on F.Cu
    @(184.0000 mm, 130.8000 mm): Track [TUSB_SATA_TXP] on F.Cu, length 2.6926 mm
[clearance]: Clearance violation ( clearance 0.2000 mm; actual 0.0000 mm)
    Local override; error
    @(184.0000 mm, 133.2000 mm): Via [TUSB_SATA_RXP] on F.Cu - B.Cu
    @(1.0000 mm, 1.0000 mm): Zone [POWER_GND] on In1.GND, priority 0
[hole_clearance]: Hole clearance violation (board setup constraints hole clearance 0.2500 mm; actual 0.0000 mm)
    Rule: board setup constraints hole; error
    @(184.0000 mm, 130.8000 mm): Via [TUSB_SATA_TXP] on F.Cu - B.Cu
    @(1.0000 mm, 1.0000 mm): Zone [POWER_GND] on In4.GND, priority 0
[clearance]: Clearance violation ( clearance 0.2000 mm; actual 0.0000 mm)
    Local override; error
    @(106.0000 mm, 120.0000 mm): Via [TUSB_SATA_RXP] on F.Cu - B.Cu
    @(1.0000 mm, 1.0000 mm): Zone [POWER_GND] on In1.GND, priority 0
[clearance]: Clearance violation ( clearance 0.2000 mm; actual 0.1077 mm)
    Local override; error
    @(184.0000 mm, 133.2000 mm): Track [TUSB_SATA_RXP] on F.Cu, length 2.5710 mm
    @(181.5000 mm, 133.0000 mm): Pad 35 [TUSB_SATA_RXN] of U13 on F.Cu
[hole_clearance]: Hole clearance violation (board setup constraints hole clearance 0.2500 mm; actual 0.0000 mm)
    Rule: board setup constraints hole; error
    @(106.0000 mm, 132.0000 mm): Via [TUSB_SATA_TXN] on F.Cu - B.Cu
    @(1.0000 mm, 1.0000 mm): Zone [POWER_GND] on In4.GND, priority 0
[hole_clearance]: Hole clearance violation (board setup constraints hole clearance 0.2500 mm; actual 0.0000 mm)
    Rule: board setup constraints hole; error
    @(106.0000 mm, 120.0000 mm): Via [TUSB_SATA_RXP] on F.Cu - B.Cu
    @(1.0000 mm, 1.0000 mm): Zone [POWER_GND] on In1.GND, priority 0
[tracks_crossing]: Tracks crossing
    Local override; error
    @(172.0000 mm, 138.0000 mm): Track [M2_SATA_B_N_PCIE_RXP0] on B.Cu, length 34.2345 mm
    @(130.0000 mm, 160.0000 mm): Track [TUSB_SATA_RXN] on B.Cu, length 60.0000 mm
[clearance]: Clearance violation ( clearance 0.2000 mm; actual 0.0000 mm)
    Local override; error
    @(184.0000 mm, 132.0000 mm): Via [TUSB_SATA_TXN] on F.Cu - B.Cu
    @(1.0000 mm, 1.0000 mm): Zone [POWER_GND] on In4.GND, priority 0
[clearance]: Clearance violation ( clearance 0.2000 mm; actual 0.1921 mm)
    Local override; error
    @(184.0000 mm, 134.4000 mm): Via [TUSB_SATA_RXN] on F.Cu - B.Cu
    @(176.0000 mm, 149.0000 mm): Track [TUSB_SATA_RXP] on B.Cu, length 17.7099 mm
[clearance]: Clearance violation ( clearance 0.2000 mm; actual 0.0000 mm)
    Local override; error
    @(106.0000 mm, 128.0000 mm): Via [TUSB_SATA_RXN] on F.Cu - B.Cu
    @(1.0000 mm, 1.0000 mm): Zone [POWER_GND] on In1.GND, priority 0
[hole_clearance]: Hole clearance violation (board setup constraints hole clearance 0.2500 mm; actual 0.0000 mm)
    Rule: board setup constraints hole; error
    @(184.0000 mm, 132.0000 mm): Via [TUSB_SATA_TXN] on F.Cu - B.Cu
    @(1.0000 mm, 1.0000 mm): Zone [POWER_GND] on In4.GND, priority 0
[clearance]: Clearance violation ( clearance 0.2000 mm; actual 0.0000 mm)
    Local override; error
    @(106.0000 mm, 120.0000 mm): Via [TUSB_SATA_RXP] on F.Cu - B.Cu
    @(1.0000 mm, 1.0000 mm): Zone [POWER_GND] on In4.GND, priority 0
[clearance]: Clearance violation ( clearance 0.2000 mm; actual 0.0114 mm)
    Local override; error
    @(181.5000 mm, 133.4000 mm): Pad 34 [JMS_PCIE_TXP0] of U13 on F.Cu
    @(184.0000 mm, 134.4000 mm): Track [TUSB_SATA_RXN] on F.Cu, length 2.8653 mm
[clearance]: Clearance violation ( clearance 0.2000 mm; actual 0.1750 mm)
    Local override; error
    @(211.1000 mm, 150.9500 mm): Track [STORAGE_SEL] on F.Cu, length 36.2927 mm
    @(178.5000 mm, 134.6000 mm): Pad 8 [JMS_GPIO4_NC] of U13 on F.Cu
[hole_clearance]: Hole clearance violation (board setup constraints hole clearance 0.2500 mm; actual 0.0000 mm)
    Rule: board setup constraints hole; error
    @(184.0000 mm, 133.2000 mm): Via [TUSB_SATA_RXP] on F.Cu - B.Cu
    @(1.0000 mm, 1.0000 mm): Zone [POWER_GND] on In1.GND, priority 0
[hole_clearance]: Hole clearance violation (board setup constraints hole clearance 0.2500 mm; actual 0.0000 mm)
    Rule: board setup constraints hole; error
    @(106.0000 mm, 128.0000 mm): Via [TUSB_SATA_RXN] on F.Cu - B.Cu
    @(1.0000 mm, 1.0000 mm): Zone [POWER_GND] on In1.GND, priority 0
[clearance]: Clearance violation ( clearance 0.2000 mm; actual 0.0000 mm)
    Local override; error
    @(184.0000 mm, 134.4000 mm): Via [TUSB_SATA_RXN] on F.Cu - B.Cu
    @(1.0000 mm, 1.0000 mm): Zone [POWER_GND] on In1.GND, priority 0
[hole_clearance]: Hole clearance violation (board setup constraints hole clearance 0.2500 mm; actual 0.0000 mm)
    Rule: board setup constraints hole; error
    @(106.0000 mm, 120.0000 mm): Via [TUSB_SATA_RXP] on F.Cu - B.Cu
    @(1.0000 mm, 1.0000 mm): Zone [POWER_GND] on In4.GND, priority 0
[clearance]: Clearance violation ( clearance 0.2000 mm; actual 0.0000 mm)
    Local override; error
    @(172.0000 mm, 138.0000 mm): Via [M2_SATA_B_N_PCIE_RXP0] on F.Cu - B.Cu
    @(1.0000 mm, 1.0000 mm): Zone [POWER_GND] on In1.GND, priority 0
[hole_clearance]: Hole clearance violation (board setup constraints hole clearance 0.2500 mm; actual 0.0000 mm)
    Rule: board setup constraints hole; error
    @(184.0000 mm, 134.4000 mm): Via [TUSB_SATA_RXN] on F.Cu - B.Cu
    @(1.0000 mm, 1.0000 mm): Zone [POWER_GND] on In1.GND, priority 0
[clearance]: Clearance violation ( clearance 0.2000 mm; actual 0.0044 mm)
    Local override; error
    @(178.5000 mm, 134.2000 mm): Track [M2_SATA_B_N_PCIE_RXP0] on F.Cu, length 7.5293 mm
    @(178.5000 mm, 134.6000 mm): Pad 8 [JMS_GPIO4_NC] of U13 on F.Cu
[clearance]: Clearance violation ( clearance 0.2000 mm; actual 0.0000 mm)
    Local override; error
    @(106.0000 mm, 128.0000 mm): Via [TUSB_SATA_RXN] on F.Cu - B.Cu
    @(1.0000 mm, 1.0000 mm): Zone [POWER_GND] on In4.GND, priority 0
[tracks_crossing]: Tracks crossing
    Local override; error
    @(174.0000 mm, 136.0000 mm): Track [M2_SATA_B_P_PCIE_RXN0] on B.Cu, length 34.2345 mm
    @(130.0000 mm, 160.0000 mm): Track [TUSB_SATA_RXN] on B.Cu, length 60.0000 mm
[tracks_crossing]: Tracks crossing
    Local override; error
    @(163.0000 mm, 149.0000 mm): Track [JMS_USB3_TXN] on F.Cu, length 11.6000 mm
    @(211.1000 mm, 150.9500 mm): Track [STORAGE_SEL] on F.Cu, length 59.7676 mm
[hole_clearance]: Hole clearance violation (board setup constraints hole clearance 0.2500 mm; actual 0.0000 mm)
    Rule: board setup constraints hole; error
    @(172.0000 mm, 138.0000 mm): Via [M2_SATA_B_N_PCIE_RXP0] on F.Cu - B.Cu
    @(1.0000 mm, 1.0000 mm): Zone [POWER_GND] on In1.GND, priority 0
[hole_clearance]: Hole clearance violation (board setup constraints hole clearance 0.2500 mm; actual 0.0000 mm)
    Rule: board setup constraints hole; error
    @(106.0000 mm, 128.0000 mm): Via [TUSB_SATA_RXN] on F.Cu - B.Cu
    @(1.0000 mm, 1.0000 mm): Zone [POWER_GND] on In4.GND, priority 0
[clearance]: Clearance violation ( clearance 0.2000 mm; actual 0.1500 mm)
    Local override; error
    @(221.2500 mm, 163.5000 mm): Track [M2_SATA_B_N_PCIE_RXP0] on F.Cu, length 3.7750 mm
    @(220.7500 mm, 162.5000 mm): Via [M2_SATA_B_P_PCIE_RXN0] on F.Cu - B.Cu
[clearance]: Clearance violation ( clearance 0.2000 mm; actual 0.0000 mm)
    Local override; error
    @(172.0000 mm, 138.0000 mm): Via [M2_SATA_B_N_PCIE_RXP0] on F.Cu - B.Cu
    @(1.0000 mm, 1.0000 mm): Zone [POWER_GND] on In4.GND, priority 0
[clearance]: Clearance violation ( clearance 0.2000 mm; actual 0.0000 mm)
    Local override; error
    @(174.0000 mm, 136.0000 mm): Via [M2_SATA_B_P_PCIE_RXN0] on F.Cu - B.Cu
    @(1.0000 mm, 1.0000 mm): Zone [POWER_GND] on In1.GND, priority 0
[clearance]: Clearance violation ( clearance 0.2000 mm; actual 0.0000 mm)
    Local override; error
    @(184.0000 mm, 134.4000 mm): Via [TUSB_SATA_RXN] on F.Cu - B.Cu
    @(1.0000 mm, 1.0000 mm): Zone [POWER_GND] on In4.GND, priority 0
[hole_clearance]: Hole clearance violation (board setup constraints hole clearance 0.2500 mm; actual 0.0000 mm)
    Rule: board setup constraints hole; error
    @(172.0000 mm, 138.0000 mm): Via [M2_SATA_B_N_PCIE_RXP0] on F.Cu - B.Cu
    @(1.0000 mm, 1.0000 mm): Zone [POWER_GND] on In4.GND, priority 0
[clearance]: Clearance violation ( clearance 0.2000 mm; actual 0.0000 mm)
    Local override; error
    @(221.2500 mm, 163.5000 mm): Via [M2_SATA_B_N_PCIE_RXP0] on F.Cu - B.Cu
    @(1.0000 mm, 1.0000 mm): Zone [POWER_GND] on In1.GND, priority 0
[clearance]: Clearance violation ( clearance 0.2000 mm; actual 0.0000 mm)
    Local override; error
    @(172.0000 mm, 132.0000 mm): Via [M2_SATA_A_N_PCIE_TXN0] on F.Cu - B.Cu
    @(1.0000 mm, 1.0000 mm): Zone [POWER_GND] on In1.GND, priority 0
[clearance]: Clearance violation ( clearance 0.2000 mm; actual 0.0000 mm)
    Local override; error
    @(184.0000 mm, 133.2000 mm): Via [TUSB_SATA_RXP] on F.Cu - B.Cu
    @(1.0000 mm, 1.0000 mm): Zone [POWER_GND] on In4.GND, priority 0
[clearance]: Clearance violation ( clearance 0.2000 mm; actual 0.0000 mm)
    Local override; error
    @(220.7500 mm, 162.5000 mm): Via [M2_SATA_B_P_PCIE_RXN0] on F.Cu - B.Cu
    @(1.0000 mm, 1.0000 mm): Zone [POWER_GND] on In1.GND, priority 0
[tracks_crossing]: Tracks crossing
    Local override; error
    @(205.0000 mm, 126.0000 mm): Track [M2_SATA_A_N_PCIE_TXN0] on B.Cu, length 29.5561 mm
    @(205.0000 mm, 124.0000 mm): Track [M2_SATA_A_P_PCIE_TXP0] on B.Cu, length 32.3120 mm
[hole_clearance]: Hole clearance violation (board setup constraints hole clearance 0.2500 mm; actual 0.0000 mm)
    Rule: board setup constraints hole; error
    @(172.0000 mm, 132.0000 mm): Via [M2_SATA_A_N_PCIE_TXN0] on F.Cu - B.Cu
    @(1.0000 mm, 1.0000 mm): Zone [POWER_GND] on In1.GND, priority 0
[clearance]: Clearance violation ( clearance 0.2000 mm; actual 0.1500 mm)
    Local override; error
    @(250.0000 mm, 155.0000 mm): Track [MODE_IN] on F.Cu, length 35.0000 mm
    @(222.2500 mm, 155.5000 mm): Via [M2_SATA_A_N_PCIE_TXN0] on F.Cu - B.Cu
[hole_clearance]: Hole clearance violation (board setup constraints hole clearance 0.2500 mm; actual 0.0000 mm)
    Rule: board setup constraints hole; error
    @(184.0000 mm, 134.4000 mm): Via [TUSB_SATA_RXN] on F.Cu - B.Cu
    @(1.0000 mm, 1.0000 mm): Zone [POWER_GND] on In4.GND, priority 0
[hole_clearance]: Hole clearance violation (board setup constraints hole clearance 0.2500 mm; actual 0.0000 mm)
    Rule: board setup constraints hole; error
    @(220.7500 mm, 162.5000 mm): Via [M2_SATA_B_P_PCIE_RXN0] on F.Cu - B.Cu
    @(1.0000 mm, 1.0000 mm): Zone [POWER_GND] on In1.GND, priority 0
[hole_clearance]: Hole clearance violation (board setup constraints hole clearance 0.2500 mm; actual 0.0000 mm)
    Rule: board setup constraints hole; error
    @(174.0000 mm, 136.0000 mm): Via [M2_SATA_B_P_PCIE_RXN0] on F.Cu - B.Cu
    @(1.0000 mm, 1.0000 mm): Zone [POWER_GND] on In1.GND, priority 0
[clearance]: Clearance violation ( clearance 0.2000 mm; actual 0.1750 mm)
    Local override; error
    @(178.5000 mm, 132.6000 mm): Track [M2_SATA_A_N_PCIE_TXN0] on F.Cu, length 6.5276 mm
    @(178.5000 mm, 133.0000 mm): Pad 4 [POWER_GND] of U13 on F.Cu
[hole_clearance]: Hole clearance violation (board setup constraints hole clearance 0.2500 mm; actual 0.0000 mm)
    Rule: board setup constraints hole; error
    @(221.2500 mm, 163.5000 mm): Via [M2_SATA_B_N_PCIE_RXP0] on F.Cu - B.Cu
    @(1.0000 mm, 1.0000 mm): Zone [POWER_GND] on In1.GND, priority 0
[clearance]: Clearance violation ( clearance 0.2000 mm; actual 0.0000 mm)
    Local override; error
    @(172.0000 mm, 132.0000 mm): Via [M2_SATA_A_N_PCIE_TXN0] on F.Cu - B.Cu
    @(1.0000 mm, 1.0000 mm): Zone [POWER_GND] on In4.GND, priority 0
[hole_clearance]: Hole clearance violation (board setup constraints hole clearance 0.2500 mm; actual 0.0000 mm)
    Rule: board setup constraints hole; error
    @(184.0000 mm, 133.2000 mm): Via [TUSB_SATA_RXP] on F.Cu - B.Cu
    @(1.0000 mm, 1.0000 mm): Zone [POWER_GND] on In4.GND, priority 0
[clearance]: Clearance violation ( clearance 0.2000 mm; actual 0.0000 mm)
    Local override; error
    @(174.0000 mm, 136.0000 mm): Via [M2_SATA_B_P_PCIE_RXN0] on F.Cu - B.Cu
    @(1.0000 mm, 1.0000 mm): Zone [POWER_GND] on In4.GND, priority 0
[clearance]: Clearance violation ( clearance 0.2000 mm; actual 0.1500 mm)
    Local override; error
    @(222.7500 mm, 156.5000 mm): Via [M2_SATA_A_P_PCIE_TXP0] on F.Cu - B.Cu
    @(222.2500 mm, 155.5000 mm): Track [M2_SATA_A_N_PCIE_TXN0] on F.Cu, length 4.2250 mm
[clearance]: Clearance violation ( clearance 0.2000 mm; actual 0.0000 mm)
    Local override; error
    @(220.7500 mm, 162.5000 mm): Via [M2_SATA_B_P_PCIE_RXN0] on F.Cu - B.Cu
    @(1.0000 mm, 1.0000 mm): Zone [POWER_GND] on In4.GND, priority 0
[hole_clearance]: Hole clearance violation (board setup constraints hole clearance 0.2500 mm; actual 0.0000 mm)
    Rule: board setup constraints hole; error
    @(172.0000 mm, 132.0000 mm): Via [M2_SATA_A_N_PCIE_TXN0] on F.Cu - B.Cu
    @(1.0000 mm, 1.0000 mm): Zone [POWER_GND] on In4.GND, priority 0
[hole_clearance]: Hole clearance violation (board setup constraints hole clearance 0.2500 mm; actual 0.0000 mm)
    Rule: board setup constraints hole; error
    @(174.0000 mm, 136.0000 mm): Via [M2_SATA_B_P_PCIE_RXN0] on F.Cu - B.Cu
    @(1.0000 mm, 1.0000 mm): Zone [POWER_GND] on In4.GND, priority 0
[clearance]: Clearance violation ( clearance 0.2000 mm; actual 0.0000 mm)
    Local override; error
    @(174.0000 mm, 130.0000 mm): Via [M2_SATA_A_P_PCIE_TXP0] on F.Cu - B.Cu
    @(1.0000 mm, 1.0000 mm): Zone [POWER_GND] on In1.GND, priority 0
[hole_clearance]: Hole clearance violation (board setup constraints hole clearance 0.2500 mm; actual 0.0000 mm)
    Rule: board setup constraints hole; error
    @(220.7500 mm, 162.5000 mm): Via [M2_SATA_B_P_PCIE_RXN0] on F.Cu - B.Cu
    @(1.0000 mm, 1.0000 mm): Zone [POWER_GND] on In4.GND, priority 0
[clearance]: Clearance violation ( clearance 0.2000 mm; actual 0.0000 mm)
    Local override; error
    @(221.2500 mm, 163.5000 mm): Via [M2_SATA_B_N_PCIE_RXP0] on F.Cu - B.Cu
    @(1.0000 mm, 1.0000 mm): Zone [POWER_GND] on In4.GND, priority 0
[hole_clearance]: Hole clearance violation (board setup constraints hole clearance 0.2500 mm; actual 0.0000 mm)
    Rule: board setup constraints hole; error
    @(174.0000 mm, 130.0000 mm): Via [M2_SATA_A_P_PCIE_TXP0] on F.Cu - B.Cu
    @(1.0000 mm, 1.0000 mm): Zone [POWER_GND] on In1.GND, priority 0
[clearance]: Clearance violation ( clearance 0.2000 mm; actual 0.1500 mm)
    Local override; error
    @(222.2500 mm, 155.5000 mm): Via [M2_SATA_A_N_PCIE_TXN0] on F.Cu - B.Cu
    @(222.7500 mm, 151.0000 mm): Track [M2_SATA_A_P_PCIE_TXP0] on B.Cu, length 5.5000 mm
[hole_clearance]: Hole clearance violation (board setup constraints hole clearance 0.2500 mm; actual 0.0000 mm)
    Rule: board setup constraints hole; error
    @(221.2500 mm, 163.5000 mm): Via [M2_SATA_B_N_PCIE_RXP0] on F.Cu - B.Cu
    @(1.0000 mm, 1.0000 mm): Zone [POWER_GND] on In4.GND, priority 0
[clearance]: Clearance violation ( clearance 0.2000 mm; actual 0.1750 mm)
    Local override; error
    @(178.5000 mm, 132.6000 mm): Pad 3 [M2_SATA_A_N_PCIE_TXN0] of U13 on F.Cu
    @(178.5000 mm, 132.2000 mm): Track [M2_SATA_A_P_PCIE_TXP0] on F.Cu, length 5.0090 mm
[clearance]: Clearance violation ( clearance 0.2000 mm; actual 0.0000 mm)
    Local override; error
    @(174.0000 mm, 130.0000 mm): Via [M2_SATA_A_P_PCIE_TXP0] on F.Cu - B.Cu
    @(1.0000 mm, 1.0000 mm): Zone [POWER_GND] on In4.GND, priority 0
[clearance]: Clearance violation ( clearance 0.2000 mm; actual 0.0000 mm)
    Local override; error
    @(222.7500 mm, 156.5000 mm): Via [M2_SATA_A_P_PCIE_TXP0] on F.Cu - B.Cu
    @(1.0000 mm, 1.0000 mm): Zone [POWER_GND] on In1.GND, priority 0
[hole_clearance]: Hole clearance violation (board setup constraints hole clearance 0.2500 mm; actual 0.0000 mm)
    Rule: board setup constraints hole; error
    @(174.0000 mm, 130.0000 mm): Via [M2_SATA_A_P_PCIE_TXP0] on F.Cu - B.Cu
    @(1.0000 mm, 1.0000 mm): Zone [POWER_GND] on In4.GND, priority 0
[clearance]: Clearance violation ( clearance 0.2000 mm; actual 0.0000 mm)
    Local override; error
    @(222.2500 mm, 155.5000 mm): Via [M2_SATA_A_N_PCIE_TXN0] on F.Cu - B.Cu
    @(1.0000 mm, 1.0000 mm): Zone [POWER_GND] on In1.GND, priority 0
[hole_clearance]: Hole clearance violation (board setup constraints hole clearance 0.2500 mm; actual 0.0000 mm)
    Rule: board setup constraints hole; error
    @(222.7500 mm, 156.5000 mm): Via [M2_SATA_A_P_PCIE_TXP0] on F.Cu - B.Cu
    @(1.0000 mm, 1.0000 mm): Zone [POWER_GND] on In1.GND, priority 0
[hole_clearance]: Hole clearance violation (board setup constraints hole clearance 0.2500 mm; actual 0.0000 mm)
    Rule: board setup constraints hole; error
    @(222.2500 mm, 155.5000 mm): Via [M2_SATA_A_N_PCIE_TXN0] on F.Cu - B.Cu
    @(1.0000 mm, 1.0000 mm): Zone [POWER_GND] on In1.GND, priority 0
[clearance]: Clearance violation ( clearance 0.2000 mm; actual 0.0000 mm)
    Local override; error
    @(222.7500 mm, 156.5000 mm): Via [M2_SATA_A_P_PCIE_TXP0] on F.Cu - B.Cu
    @(1.0000 mm, 1.0000 mm): Zone [POWER_GND] on In4.GND, priority 0
[hole_clearance]: Hole clearance violation (board setup constraints hole clearance 0.2500 mm; actual 0.0000 mm)
    Rule: board setup constraints hole; error
    @(222.7500 mm, 156.5000 mm): Via [M2_SATA_A_P_PCIE_TXP0] on F.Cu - B.Cu
    @(1.0000 mm, 1.0000 mm): Zone [POWER_GND] on In4.GND, priority 0
[clearance]: Clearance violation ( clearance 0.2000 mm; actual 0.0000 mm)
    Local override; error
    @(222.2500 mm, 155.5000 mm): Via [M2_SATA_A_N_PCIE_TXN0] on F.Cu - B.Cu
    @(1.0000 mm, 1.0000 mm): Zone [POWER_GND] on In4.GND, priority 0
[hole_clearance]: Hole clearance violation (board setup constraints hole clearance 0.2500 mm; actual 0.0000 mm)
    Rule: board setup constraints hole; error
    @(222.2500 mm, 155.5000 mm): Via [M2_SATA_A_N_PCIE_TXN0] on F.Cu - B.Cu
    @(1.0000 mm, 1.0000 mm): Zone [POWER_GND] on In4.GND, priority 0
[clearance]: Clearance violation ( clearance 0.2000 mm; actual 0.1522 mm)
    Local override; error
    @(94.6000 mm, 128.7000 mm): Track [/STORAGE/BRIDGE_SATA_RX_P] on F.Cu, length 1.1402 mm
    @(95.0000 mm, 128.7000 mm): Track [/STORAGE/BRIDGE_SATA_RX_N] on F.Cu, length 1.4765 mm
[clearance]: Clearance violation ( clearance 0.2000 mm; actual 0.7250 mm)
    Local override; error
    @(155.0000 mm, 137.8000 mm): Via [CM5_USB3_RX_N] on F.Cu - B.Cu
    @(155.0000 mm, 135.0000 mm): Pad 43 [<no net>] of U12 on F.Cu
[clearance]: Clearance violation ( clearance 0.2000 mm; actual 0.0000 mm)
    Local override; error
    @(155.0000 mm, 137.8000 mm): Via [CM5_USB3_RX_N] on F.Cu - B.Cu
    @(1.0000 mm, 1.0000 mm): Zone [POWER_GND] on In1.GND, priority 0
[hole_clearance]: Hole clearance violation (board setup constraints hole clearance 0.2500 mm; actual 0.0000 mm)
    Rule: board setup constraints hole; error
    @(155.0000 mm, 137.8000 mm): Via [CM5_USB3_RX_N] on F.Cu - B.Cu
    @(1.0000 mm, 1.0000 mm): Zone [POWER_GND] on In1.GND, priority 0
[clearance]: Clearance violation ( clearance 0.2000 mm; actual 0.0000 mm)
    Local override; error
    @(155.0000 mm, 137.8000 mm): Via [CM5_USB3_RX_N] on F.Cu - B.Cu
    @(1.0000 mm, 1.0000 mm): Zone [POWER_GND] on In4.GND, priority 0
[hole_clearance]: Hole clearance violation (board setup constraints hole clearance 0.2500 mm; actual 0.0000 mm)
    Rule: board setup constraints hole; error
    @(155.0000 mm, 137.8000 mm): Via [CM5_USB3_RX_N] on F.Cu - B.Cu
    @(1.0000 mm, 1.0000 mm): Zone [POWER_GND] on In4.GND, priority 0
[clearance]: Clearance violation ( clearance 0.2000 mm; actual 0.1500 mm)
    Local override; error
    @(178.5000 mm, 131.8000 mm): Pad 1 [POWER_GND] of U13 on F.Cu
    @(178.5000 mm, 132.2000 mm): Pad 2 [M2_SATA_A_P_PCIE_TXP0] of U13 on F.Cu
[clearance]: Clearance violation ( clearance 0.2000 mm; actual 0.1500 mm)
    Local override; error
    @(178.5000 mm, 132.2000 mm): Pad 2 [M2_SATA_A_P_PCIE_TXP0] of U13 on F.Cu
    @(178.5000 mm, 132.6000 mm): Pad 3 [M2_SATA_A_N_PCIE_TXN0] of U13 on F.Cu
[clearance]: Clearance violation ( clearance 0.2000 mm; actual 0.1750 mm)
    Local override; error
    @(178.5000 mm, 132.2000 mm): Pad 2 [M2_SATA_A_P_PCIE_TXP0] of U13 on F.Cu
    @(180.0000 mm, 135.0000 mm): Pad 43 [POWER_GND] of U13 on F.Cu
[clearance]: Clearance violation ( clearance 0.2000 mm; actual 0.1500 mm)
    Local override; error
    @(178.5000 mm, 132.6000 mm): Pad 3 [M2_SATA_A_N_PCIE_TXN0] of U13 on F.Cu
    @(178.5000 mm, 133.0000 mm): Pad 4 [POWER_GND] of U13 on F.Cu
[clearance]: Clearance violation ( clearance 0.2000 mm; actual 0.1750 mm)
    Local override; error
    @(178.5000 mm, 132.6000 mm): Pad 3 [M2_SATA_A_N_PCIE_TXN0] of U13 on F.Cu
    @(180.0000 mm, 135.0000 mm): Pad 43 [POWER_GND] of U13 on F.Cu
[clearance]: Clearance violation ( clearance 0.2000 mm; actual 0.1500 mm)
    Local override; error
    @(178.5000 mm, 133.0000 mm): Pad 4 [POWER_GND] of U13 on F.Cu
    @(178.5000 mm, 133.4000 mm): Pad 5 [STORAGE_3V3] of U13 on F.Cu
[clearance]: Clearance violation ( clearance 0.2000 mm; actual 0.1500 mm)
    Local override; error
    @(178.5000 mm, 133.4000 mm): Pad 5 [STORAGE_3V3] of U13 on F.Cu
    @(178.5000 mm, 133.8000 mm): Pad 6 [M2_SATA_B_P_PCIE_RXN0] of U13 on F.Cu
[clearance]: Clearance violation ( clearance 0.2000 mm; actual 0.1750 mm)
    Local override; error
    @(178.5000 mm, 133.4000 mm): Pad 5 [STORAGE_3V3] of U13 on F.Cu
    @(180.0000 mm, 135.0000 mm): Pad 43 [POWER_GND] of U13 on F.Cu
[clearance]: Clearance violation ( clearance 0.2000 mm; actual 0.1500 mm)
    Local override; error
    @(178.5000 mm, 133.8000 mm): Pad 6 [M2_SATA_B_P_PCIE_RXN0] of U13 on F.Cu
    @(178.5000 mm, 134.2000 mm): Pad 7 [M2_SATA_B_N_PCIE_RXP0] of U13 on F.Cu
[clearance]: Clearance violation ( clearance 0.2000 mm; actual 0.1750 mm)
    Local override; error
    @(178.5000 mm, 133.8000 mm): Pad 6 [M2_SATA_B_P_PCIE_RXN0] of U13 on F.Cu
    @(180.0000 mm, 135.0000 mm): Pad 43 [POWER_GND] of U13 on F.Cu
[clearance]: Clearance violation ( clearance 0.2000 mm; actual 0.1500 mm)
    Local override; error
    @(178.5000 mm, 134.2000 mm): Pad 7 [M2_SATA_B_N_PCIE_RXP0] of U13 on F.Cu
    @(178.5000 mm, 134.6000 mm): Pad 8 [JMS_GPIO4_NC] of U13 on F.Cu
[clearance]: Clearance violation ( clearance 0.2000 mm; actual 0.1750 mm)
    Local override; error
    @(153.5000 mm, 131.8000 mm): Pad 1 [JMS_VDDREG_5V] of U12 on F.Cu
    @(155.0000 mm, 135.0000 mm): Pad 43 [<no net>] of U12 on F.Cu
[clearance]: Clearance violation ( clearance 0.2000 mm; actual 0.1750 mm)
    Local override; error
    @(178.5000 mm, 134.2000 mm): Pad 7 [M2_SATA_B_N_PCIE_RXP0] of U13 on F.Cu
    @(180.0000 mm, 135.0000 mm): Pad 43 [POWER_GND] of U13 on F.Cu
[clearance]: Clearance violation ( clearance 0.2000 mm; actual 0.1500 mm)
    Local override; error
    @(153.5000 mm, 131.8000 mm): Pad 1 [JMS_VDDREG_5V] of U12 on F.Cu
    @(153.5000 mm, 132.2000 mm): Pad 2 [JMS_VCCK] of U12 on F.Cu
[clearance]: Clearance violation ( clearance 0.2000 mm; actual 0.1500 mm)
    Local override; error
    @(178.5000 mm, 134.6000 mm): Pad 8 [JMS_GPIO4_NC] of U13 on F.Cu
    @(178.5000 mm, 135.0000 mm): Pad 9 [STORAGE_SEL] of U13 on F.Cu
[clearance]: Clearance violation ( clearance 0.2000 mm; actual 0.1750 mm)
    Local override; error
    @(178.5000 mm, 134.6000 mm): Pad 8 [JMS_GPIO4_NC] of U13 on F.Cu
    @(180.0000 mm, 135.0000 mm): Pad 43 [POWER_GND] of U13 on F.Cu
[clearance]: Clearance violation ( clearance 0.2000 mm; actual 0.1750 mm)
    Local override; error
    @(153.5000 mm, 132.2000 mm): Pad 2 [JMS_VCCK] of U12 on F.Cu
    @(155.0000 mm, 135.0000 mm): Pad 43 [<no net>] of U12 on F.Cu
[clearance]: Clearance violation ( clearance 0.2000 mm; actual 0.1500 mm)
    Local override; error
    @(153.5000 mm, 132.2000 mm): Pad 2 [JMS_VCCK] of U12 on F.Cu
    @(153.5000 mm, 132.6000 mm): Pad 3 [JMS_SPI_SO_DNP] of U12 on F.Cu
[clearance]: Clearance violation ( clearance 0.2000 mm; actual 0.1750 mm)
    Local override; error
    @(178.5000 mm, 135.0000 mm): Pad 9 [STORAGE_SEL] of U13 on F.Cu
    @(180.0000 mm, 135.0000 mm): Pad 43 [POWER_GND] of U13 on F.Cu
[clearance]: Clearance violation ( clearance 0.2000 mm; actual 0.1500 mm)
    Local override; error
    @(178.5000 mm, 135.0000 mm): Pad 9 [STORAGE_SEL] of U13 on F.Cu
    @(178.5000 mm, 135.4000 mm): Pad 10 [POWER_GND] of U13 on F.Cu
[clearance]: Clearance violation ( clearance 0.2000 mm; actual 0.1750 mm)
    Local override; error
    @(153.5000 mm, 132.6000 mm): Pad 3 [JMS_SPI_SO_DNP] of U12 on F.Cu
    @(155.0000 mm, 135.0000 mm): Pad 43 [<no net>] of U12 on F.Cu
[clearance]: Clearance violation ( clearance 0.2000 mm; actual 0.1500 mm)
    Local override; error
    @(153.5000 mm, 132.6000 mm): Pad 3 [JMS_SPI_SO_DNP] of U12 on F.Cu
    @(153.5000 mm, 133.0000 mm): Pad 4 [JMS_SPI_SCK_DNP] of U12 on F.Cu
[clearance]: Clearance violation ( clearance 0.2000 mm; actual 0.1500 mm)
    Local override; error
    @(178.5000 mm, 135.4000 mm): Pad 10 [POWER_GND] of U13 on F.Cu
    @(178.5000 mm, 135.8000 mm): Pad 11 [M2_PCIE_TXP2] of U13 on F.Cu
[clearance]: Clearance violation ( clearance 0.2000 mm; actual 0.1750 mm)
    Local override; error
    @(153.5000 mm, 133.0000 mm): Pad 4 [JMS_SPI_SCK_DNP] of U12 on F.Cu
    @(155.0000 mm, 135.0000 mm): Pad 43 [<no net>] of U12 on F.Cu
[clearance]: Clearance violation ( clearance 0.2000 mm; actual 0.1500 mm)
    Local override; error
    @(153.5000 mm, 133.0000 mm): Pad 4 [JMS_SPI_SCK_DNP] of U12 on F.Cu
    @(153.5000 mm, 133.4000 mm): Pad 5 [JMS_SPI_SI_DNP] of U12 on F.Cu
[clearance]: Clearance violation ( clearance 0.2000 mm; actual 0.1750 mm)
    Local override; error
    @(178.5000 mm, 135.8000 mm): Pad 11 [M2_PCIE_TXP2] of U13 on F.Cu
    @(180.0000 mm, 135.0000 mm): Pad 43 [POWER_GND] of U13 on F.Cu
[clearance]: Clearance violation ( clearance 0.2000 mm; actual 0.1500 mm)
    Local override; error
    @(178.5000 mm, 135.8000 mm): Pad 11 [M2_PCIE_TXP2] of U13 on F.Cu
    @(178.5000 mm, 136.2000 mm): Pad 12 [M2_PCIE_TXN2] of U13 on F.Cu
[clearance]: Clearance violation ( clearance 0.2000 mm; actual 0.1750 mm)
    Local override; error
    @(153.5000 mm, 133.4000 mm): Pad 5 [JMS_SPI_SI_DNP] of U12 on F.Cu
    @(155.0000 mm, 135.0000 mm): Pad 43 [<no net>] of U12 on F.Cu
[clearance]: Clearance violation ( clearance 0.2000 mm; actual 0.1500 mm)
    Local override; error
    @(153.5000 mm, 133.4000 mm): Pad 5 [JMS_SPI_SI_DNP] of U12 on F.Cu
    @(153.5000 mm, 133.8000 mm): Pad 6 [USB_OE_N] of U12 on F.Cu
[clearance]: Clearance violation ( clearance 0.2000 mm; actual 0.1500 mm)
    Local override; error
    @(178.5000 mm, 136.2000 mm): Pad 12 [M2_PCIE_TXN2] of U13 on F.Cu
    @(178.5000 mm, 136.6000 mm): Pad 13 [STORAGE_3V3] of U13 on F.Cu
[clearance]: Clearance violation ( clearance 0.2000 mm; actual 0.1500 mm)
    Local override; error
    @(153.5000 mm, 133.8000 mm): Pad 6 [USB_OE_N] of U12 on F.Cu
    @(153.5000 mm, 134.2000 mm): Pad 7 [CM5_STORAGE_USB2_DM] of U12 on F.Cu
[clearance]: Clearance violation ( clearance 0.2000 mm; actual 0.1750 mm)
    Local override; error
    @(178.5000 mm, 136.2000 mm): Pad 12 [M2_PCIE_TXN2] of U13 on F.Cu
    @(180.0000 mm, 135.0000 mm): Pad 43 [POWER_GND] of U13 on F.Cu
[clearance]: Clearance violation ( clearance 0.2000 mm; actual 0.1750 mm)
    Local override; error
    @(153.5000 mm, 133.8000 mm): Pad 6 [USB_OE_N] of U12 on F.Cu
    @(155.0000 mm, 135.0000 mm): Pad 43 [<no net>] of U12 on F.Cu
[clearance]: Clearance violation ( clearance 0.2000 mm; actual 0.1500 mm)
    Local override; error
    @(178.5000 mm, 136.6000 mm): Pad 13 [STORAGE_3V3] of U13 on F.Cu
    @(178.5000 mm, 137.0000 mm): Pad 14 [POWER_GND] of U13 on F.Cu
[clearance]: Clearance violation ( clearance 0.2000 mm; actual 0.1750 mm)
    Local override; error
    @(178.5000 mm, 136.6000 mm): Pad 13 [STORAGE_3V3] of U13 on F.Cu
    @(180.0000 mm, 135.0000 mm): Pad 43 [POWER_GND] of U13 on F.Cu
[clearance]: Clearance violation ( clearance 0.2000 mm; actual 0.1500 mm)
    Local override; error
    @(153.5000 mm, 134.2000 mm): Pad 7 [CM5_STORAGE_USB2_DM] of U12 on F.Cu
    @(153.5000 mm, 134.6000 mm): Pad 8 [CM5_STORAGE_USB2_DP] of U12 on F.Cu
[clearance]: Clearance violation ( clearance 0.2000 mm; actual 0.1500 mm)
    Local override; error
    @(178.5000 mm, 137.0000 mm): Pad 14 [POWER_GND] of U13 on F.Cu
    @(178.5000 mm, 137.4000 mm): Pad 15 [M2_PCIE_TXP3] of U13 on F.Cu
[clearance]: Clearance violation ( clearance 0.2000 mm; actual 0.1750 mm)
    Local override; error
    @(153.5000 mm, 134.2000 mm): Pad 7 [CM5_STORAGE_USB2_DM] of U12 on F.Cu
    @(155.0000 mm, 135.0000 mm): Pad 43 [<no net>] of U12 on F.Cu
[clearance]: Clearance violation ( clearance 0.2000 mm; actual 0.1500 mm)
    Local override; error
    @(153.5000 mm, 134.6000 mm): Pad 8 [CM5_STORAGE_USB2_DP] of U12 on F.Cu
    @(153.5000 mm, 135.0000 mm): Pad 9 [STORAGE_SEL] of U12 on F.Cu
[clearance]: Clearance violation ( clearance 0.2000 mm; actual 0.1500 mm)
    Local override; error
    @(178.5000 mm, 137.4000 mm): Pad 15 [M2_PCIE_TXP3] of U13 on F.Cu
    @(178.5000 mm, 137.8000 mm): Pad 16 [M2_PCIE_TXN3] of U13 on F.Cu
[clearance]: Clearance violation ( clearance 0.2000 mm; actual 0.1750 mm)
    Local override; error
    @(178.5000 mm, 137.4000 mm): Pad 15 [M2_PCIE_TXP3] of U13 on F.Cu
    @(180.0000 mm, 135.0000 mm): Pad 43 [POWER_GND] of U13 on F.Cu
[clearance]: Clearance violation ( clearance 0.2000 mm; actual 0.1750 mm)
    Local override; error
    @(153.5000 mm, 134.6000 mm): Pad 8 [CM5_STORAGE_USB2_DP] of U12 on F.Cu
    @(155.0000 mm, 135.0000 mm): Pad 43 [<no net>] of U12 on F.Cu
[clearance]: Clearance violation ( clearance 0.2000 mm; actual 0.1750 mm)
    Local override; error
    @(178.5000 mm, 137.8000 mm): Pad 16 [M2_PCIE_TXN3] of U13 on F.Cu
    @(180.0000 mm, 135.0000 mm): Pad 43 [POWER_GND] of U13 on F.Cu
[clearance]: Clearance violation ( clearance 0.2000 mm; actual 0.1500 mm)
    Local override; error
    @(153.5000 mm, 135.0000 mm): Pad 9 [STORAGE_SEL] of U12 on F.Cu
    @(153.5000 mm, 135.4000 mm): Pad 10 [POWER_GND] of U12 on F.Cu
[clearance]: Clearance violation ( clearance 0.2000 mm; actual 0.1500 mm)
    Local override; error
    @(178.5000 mm, 137.8000 mm): Pad 16 [M2_PCIE_TXN3] of U13 on F.Cu
    @(178.5000 mm, 138.2000 mm): Pad 17 [POWER_GND] of U13 on F.Cu
[clearance]: Clearance violation ( clearance 0.2000 mm; actual 0.1750 mm)
    Local override; error
    @(153.5000 mm, 135.0000 mm): Pad 9 [STORAGE_SEL] of U12 on F.Cu
    @(155.0000 mm, 135.0000 mm): Pad 43 [<no net>] of U12 on F.Cu
[clearance]: Clearance violation ( clearance 0.2000 mm; actual 0.1500 mm)
    Local override; error
    @(180.6000 mm, 139.5000 mm): Pad 18 [NC_18] of U13 on F.Cu
    @(180.2000 mm, 139.5000 mm): Pad 19 [POWER_GND] of U13 on F.Cu
[clearance]: Clearance violation ( clearance 0.2000 mm; actual 0.1500 mm)
    Local override; error
    @(153.5000 mm, 135.4000 mm): Pad 10 [POWER_GND] of U12 on F.Cu
    @(153.5000 mm, 135.8000 mm): Pad 11 [CM5_USB3_TX_P] of U12 on F.Cu
[clearance]: Clearance violation ( clearance 0.2000 mm; actual 0.1750 mm)
    Local override; error
    @(153.5000 mm, 135.4000 mm): Pad 10 [POWER_GND] of U12 on F.Cu
    @(155.0000 mm, 135.0000 mm): Pad 43 [<no net>] of U12 on F.Cu
[clearance]: Clearance violation ( clearance 0.2000 mm; actual 0.1500 mm)
    Local override; error
    @(180.2000 mm, 139.5000 mm): Pad 19 [POWER_GND] of U13 on F.Cu
    @(179.8000 mm, 139.5000 mm): Pad 20 [STORAGE_3V3] of U13 on F.Cu
[clearance]: Clearance violation ( clearance 0.2000 mm; actual 0.1500 mm)
    Local override; error
    @(179.8000 mm, 139.5000 mm): Pad 20 [STORAGE_3V3] of U13 on F.Cu
    @(179.4000 mm, 139.5000 mm): Pad 21 [POWER_GND] of U13 on F.Cu
[clearance]: Clearance violation ( clearance 0.2000 mm; actual 0.1750 mm)
    Local override; error
    @(153.5000 mm, 135.8000 mm): Pad 11 [CM5_USB3_TX_P] of U12 on F.Cu
    @(155.0000 mm, 135.0000 mm): Pad 43 [<no net>] of U12 on F.Cu
[clearance]: Clearance violation ( clearance 0.2000 mm; actual 0.1500 mm)
    Local override; error
    @(153.5000 mm, 135.8000 mm): Pad 11 [CM5_USB3_TX_P] of U12 on F.Cu
    @(153.5000 mm, 136.2000 mm): Pad 12 [CM5_USB3_TX_N] of U12 on F.Cu
[clearance]: Clearance violation ( clearance 0.2000 mm; actual 0.1500 mm)
    Local override; error
    @(181.5000 mm, 138.2000 mm): Pad 22 [JMS_PCIE_RXN1] of U13 on F.Cu
    @(181.5000 mm, 137.8000 mm): Pad 23 [JMS_PCIE_RXP1] of U13 on F.Cu
[clearance]: Clearance violation ( clearance 0.2000 mm; actual 0.1746 mm)
    Local override; error
    @(99.8000 mm, 121.0000 mm): Pad 16 [<no net>] of U7 on F.Cu
    @(99.0000 mm, 120.2000 mm): Pad 32 [BRIDGE_1V1] of U7 on F.Cu
[clearance]: Clearance violation ( clearance 0.2000 mm; actual 0.1750 mm)
    Local override; error
    @(181.5000 mm, 138.2000 mm): Pad 22 [JMS_PCIE_RXN1] of U13 on F.Cu
    @(180.0000 mm, 135.0000 mm): Pad 43 [POWER_GND] of U13 on F.Cu
[clearance]: Clearance violation ( clearance 0.2000 mm; actual 0.1500 mm)
    Local override; error
    @(181.5000 mm, 137.8000 mm): Pad 23 [JMS_PCIE_RXP1] of U13 on F.Cu
    @(181.5000 mm, 137.4000 mm): Pad 24 [JMS_PCIE_TXN1] of U13 on F.Cu
[clearance]: Clearance violation ( clearance 0.2000 mm; actual 0.1750 mm)
    Local override; error
    @(153.5000 mm, 136.2000 mm): Pad 12 [CM5_USB3_TX_N] of U12 on F.Cu
    @(155.0000 mm, 135.0000 mm): Pad 43 [<no net>] of U12 on F.Cu
[clearance]: Clearance violation ( clearance 0.2000 mm; actual 0.1500 mm)
    Local override; error
    @(153.5000 mm, 136.2000 mm): Pad 12 [CM5_USB3_TX_N] of U12 on F.Cu
    @(153.5000 mm, 136.6000 mm): Pad 13 [STORAGE_3V3] of U12 on F.Cu
[clearance]: Clearance violation ( clearance 0.2000 mm; actual 0.1750 mm)
    Local override; error
    @(181.5000 mm, 137.8000 mm): Pad 23 [JMS_PCIE_RXP1] of U13 on F.Cu
    @(180.0000 mm, 135.0000 mm): Pad 43 [POWER_GND] of U13 on F.Cu
[clearance]: Clearance violation ( clearance 0.2000 mm; actual 0.1746 mm)
    Local override; error
    @(93.0000 mm, 120.2000 mm): Pad 17 [<no net>] of U7 on F.Cu
    @(92.2000 mm, 121.0000 mm): Pad 33 [BRIDGE_1V1] of U7 on F.Cu
[clearance]: Clearance violation ( clearance 0.2000 mm; actual 0.1500 mm)
    Local override; error
    @(181.5000 mm, 137.4000 mm): Pad 24 [JMS_PCIE_TXN1] of U13 on F.Cu
    @(181.5000 mm, 137.0000 mm): Pad 25 [JMS_PCIE_TXP1] of U13 on F.Cu
[clearance]: Clearance violation ( clearance 0.2000 mm; actual 0.1750 mm)
    Local override; error
    @(153.5000 mm, 136.6000 mm): Pad 13 [STORAGE_3V3] of U12 on F.Cu
    @(155.0000 mm, 135.0000 mm): Pad 43 [<no net>] of U12 on F.Cu
[clearance]: Clearance violation ( clearance 0.2000 mm; actual 0.1750 mm)
    Local override; error
    @(181.5000 mm, 137.4000 mm): Pad 24 [JMS_PCIE_TXN1] of U13 on F.Cu
    @(180.0000 mm, 135.0000 mm): Pad 43 [POWER_GND] of U13 on F.Cu
[clearance]: Clearance violation ( clearance 0.2000 mm; actual 0.1500 mm)
    Local override; error
    @(153.5000 mm, 136.6000 mm): Pad 13 [STORAGE_3V3] of U12 on F.Cu
    @(153.5000 mm, 137.0000 mm): Pad 14 [POWER_GND] of U12 on F.Cu
[clearance]: Clearance violation ( clearance 0.2000 mm; actual 0.1500 mm)
    Local override; error
    @(181.5000 mm, 137.0000 mm): Pad 25 [JMS_PCIE_TXP1] of U13 on F.Cu
    @(181.5000 mm, 136.6000 mm): Pad 26 [NC_26] of U13 on F.Cu
[clearance]: Clearance violation ( clearance 0.2000 mm; actual 0.1750 mm)
    Local override; error
    @(181.5000 mm, 137.0000 mm): Pad 25 [JMS_PCIE_TXP1] of U13 on F.Cu
    @(180.0000 mm, 135.0000 mm): Pad 43 [POWER_GND] of U13 on F.Cu
[clearance]: Clearance violation ( clearance 0.2000 mm; actual 0.1750 mm)
    Local override; error
    @(153.5000 mm, 137.0000 mm): Pad 14 [POWER_GND] of U12 on F.Cu
    @(155.0000 mm, 135.0000 mm): Pad 43 [<no net>] of U12 on F.Cu
[clearance]: Clearance violation ( clearance 0.2000 mm; actual 0.1500 mm)
    Local override; error
    @(181.5000 mm, 136.6000 mm): Pad 26 [NC_26] of U13 on F.Cu
    @(181.5000 mm, 136.2000 mm): Pad 27 [NC_27] of U13 on F.Cu
[clearance]: Clearance violation ( clearance 0.2000 mm; actual 0.1500 mm)
    Local override; error
    @(153.5000 mm, 137.0000 mm): Pad 14 [POWER_GND] of U12 on F.Cu
    @(153.5000 mm, 137.4000 mm): Pad 15 [CM5_USB3_RX_P] of U12 on F.Cu
[clearance]: Clearance violation ( clearance 0.2000 mm; actual 0.1500 mm)
    Local override; error
    @(153.5000 mm, 137.4000 mm): Pad 15 [CM5_USB3_RX_P] of U12 on F.Cu
    @(153.5000 mm, 137.8000 mm): Pad 16 [CM5_USB3_RX_N] of U12 on F.Cu
[clearance]: Clearance violation ( clearance 0.2000 mm; actual 0.1750 mm)
    Local override; error
    @(181.5000 mm, 136.6000 mm): Pad 26 [NC_26] of U13 on F.Cu
    @(180.0000 mm, 135.0000 mm): Pad 43 [POWER_GND] of U13 on F.Cu
[clearance]: Clearance violation ( clearance 0.2000 mm; actual 0.1750 mm)
    Local override; error
    @(153.5000 mm, 137.4000 mm): Pad 15 [CM5_USB3_RX_P] of U12 on F.Cu
    @(155.0000 mm, 135.0000 mm): Pad 43 [<no net>] of U12 on F.Cu
[clearance]: Clearance violation ( clearance 0.2000 mm; actual 0.1500 mm)
    Local override; error
    @(181.5000 mm, 136.2000 mm): Pad 27 [NC_27] of U13 on F.Cu
    @(181.5000 mm, 135.8000 mm): Pad 28 [NC_28] of U13 on F.Cu
[clearance]: Clearance violation ( clearance 0.2000 mm; actual 0.1750 mm)
    Local override; error
    @(181.5000 mm, 136.2000 mm): Pad 27 [NC_27] of U13 on F.Cu
    @(180.0000 mm, 135.0000 mm): Pad 43 [POWER_GND] of U13 on F.Cu
[clearance]: Clearance violation ( clearance 0.2000 mm; actual 0.1750 mm)
    Local override; error
    @(153.5000 mm, 137.8000 mm): Pad 16 [CM5_USB3_RX_N] of U12 on F.Cu
    @(155.0000 mm, 135.0000 mm): Pad 43 [<no net>] of U12 on F.Cu
[clearance]: Clearance violation ( clearance 0.2000 mm; actual 0.1500 mm)
    Local override; error
    @(153.5000 mm, 137.8000 mm): Pad 16 [CM5_USB3_RX_N] of U12 on F.Cu
    @(153.5000 mm, 138.2000 mm): Pad 17 [POWER_GND] of U12 on F.Cu
[clearance]: Clearance violation ( clearance 0.2000 mm; actual 0.1500 mm)
    Local override; error
    @(181.5000 mm, 135.8000 mm): Pad 28 [NC_28] of U13 on F.Cu
    @(181.5000 mm, 135.4000 mm): Pad 29 [NC_29] of U13 on F.Cu
[clearance]: Clearance violation ( clearance 0.2000 mm; actual 0.1750 mm)
    Local override; error
    @(181.5000 mm, 135.8000 mm): Pad 28 [NC_28] of U13 on F.Cu
    @(180.0000 mm, 135.0000 mm): Pad 43 [POWER_GND] of U13 on F.Cu
[clearance]: Clearance violation ( clearance 0.2000 mm; actual 0.1750 mm)
    Local override; error
    @(153.5000 mm, 138.2000 mm): Pad 17 [POWER_GND] of U12 on F.Cu
    @(155.0000 mm, 135.0000 mm): Pad 43 [<no net>] of U12 on F.Cu
[clearance]: Clearance violation ( clearance 0.2000 mm; actual 0.1500 mm)
    Local override; error
    @(181.5000 mm, 135.4000 mm): Pad 29 [NC_29] of U13 on F.Cu
    @(181.5000 mm, 135.0000 mm): Pad 30 [STORAGE_3V3] of U13 on F.Cu
[clearance]: Clearance violation ( clearance 0.2000 mm; actual 0.1500 mm)
    Local override; error
    @(155.6000 mm, 139.5000 mm): Pad 18 [NC_18] of U12 on F.Cu
    @(155.2000 mm, 139.5000 mm): Pad 19 [POWER_GND] of U12 on F.Cu
[clearance]: Clearance violation ( clearance 0.2000 mm; actual 0.1750 mm)
    Local override; error
    @(181.5000 mm, 135.4000 mm): Pad 29 [NC_29] of U13 on F.Cu
    @(180.0000 mm, 135.0000 mm): Pad 43 [POWER_GND] of U13 on F.Cu
[clearance]: Clearance violation ( clearance 0.2000 mm; actual 0.1500 mm)
    Local override; error
    @(181.5000 mm, 135.0000 mm): Pad 30 [STORAGE_3V3] of U13 on F.Cu
    @(181.5000 mm, 134.6000 mm): Pad 31 [JMS_PCIE_RXN0] of U13 on F.Cu
[clearance]: Clearance violation ( clearance 0.2000 mm; actual 0.1500 mm)
    Local override; error
    @(155.2000 mm, 139.5000 mm): Pad 19 [POWER_GND] of U12 on F.Cu
    @(154.8000 mm, 139.5000 mm): Pad 20 [STORAGE_3V3] of U12 on F.Cu
[clearance]: Clearance violation ( clearance 0.2000 mm; actual 0.1750 mm)
    Local override; error
    @(181.5000 mm, 135.0000 mm): Pad 30 [STORAGE_3V3] of U13 on F.Cu
    @(180.0000 mm, 135.0000 mm): Pad 43 [POWER_GND] of U13 on F.Cu
[clearance]: Clearance violation ( clearance 0.2000 mm; actual 0.1500 mm)
    Local override; error
    @(181.5000 mm, 134.6000 mm): Pad 31 [JMS_PCIE_RXN0] of U13 on F.Cu
    @(181.5000 mm, 134.2000 mm): Pad 32 [JMS_PCIE_RXP0] of U13 on F.Cu
[clearance]: Clearance violation ( clearance 0.2000 mm; actual 0.1500 mm)
    Local override; error
    @(154.8000 mm, 139.5000 mm): Pad 20 [STORAGE_3V3] of U12 on F.Cu
    @(154.4000 mm, 139.5000 mm): Pad 21 [POWER_GND] of U12 on F.Cu
[clearance]: Clearance violation ( clearance 0.2000 mm; actual 0.1750 mm)
    Local override; error
    @(181.5000 mm, 134.6000 mm): Pad 31 [JMS_PCIE_RXN0] of U13 on F.Cu
    @(180.0000 mm, 135.0000 mm): Pad 43 [POWER_GND] of U13 on F.Cu
[clearance]: Clearance violation ( clearance 0.2000 mm; actual 0.1500 mm)
    Local override; error
    @(181.5000 mm, 134.2000 mm): Pad 32 [JMS_PCIE_RXP0] of U13 on F.Cu
    @(181.5000 mm, 133.8000 mm): Pad 33 [JMS_PCIE_TXN0] of U13 on F.Cu
[clearance]: Clearance violation ( clearance 0.2000 mm; actual 0.1500 mm)
    Local override; error
    @(156.5000 mm, 138.2000 mm): Pad 22 [USB_RXN1] of U12 on F.Cu
    @(156.5000 mm, 137.8000 mm): Pad 23 [USB_RXP1] of U12 on F.Cu
[clearance]: Clearance violation ( clearance 0.2000 mm; actual 0.1750 mm)
    Local override; error
    @(181.5000 mm, 134.2000 mm): Pad 32 [JMS_PCIE_RXP0] of U13 on F.Cu
    @(180.0000 mm, 135.0000 mm): Pad 43 [POWER_GND] of U13 on F.Cu
[clearance]: Clearance violation ( clearance 0.2000 mm; actual 0.1750 mm)
    Local override; error
    @(156.5000 mm, 138.2000 mm): Pad 22 [USB_RXN1] of U12 on F.Cu
    @(155.0000 mm, 135.0000 mm): Pad 43 [<no net>] of U12 on F.Cu
[clearance]: Clearance violation ( clearance 0.2000 mm; actual 0.1500 mm)
    Local override; error
    @(181.5000 mm, 133.8000 mm): Pad 33 [JMS_PCIE_TXN0] of U13 on F.Cu
    @(181.5000 mm, 133.4000 mm): Pad 34 [JMS_PCIE_TXP0] of U13 on F.Cu
[clearance]: Clearance violation ( clearance 0.2000 mm; actual 0.1500 mm)
    Local override; error
    @(156.5000 mm, 137.8000 mm): Pad 23 [USB_RXP1] of U12 on F.Cu
    @(156.5000 mm, 137.4000 mm): Pad 24 [JMS_USB3_TXN] of U12 on F.Cu
[clearance]: Clearance violation ( clearance 0.2000 mm; actual 0.1750 mm)
    Local override; error
    @(181.5000 mm, 133.8000 mm): Pad 33 [JMS_PCIE_TXN0] of U13 on F.Cu
    @(180.0000 mm, 135.0000 mm): Pad 43 [POWER_GND] of U13 on F.Cu
[clearance]: Clearance violation ( clearance 0.2000 mm; actual 0.1500 mm)
    Local override; error
    @(181.5000 mm, 133.4000 mm): Pad 34 [JMS_PCIE_TXP0] of U13 on F.Cu
    @(181.5000 mm, 133.0000 mm): Pad 35 [TUSB_SATA_RXN] of U13 on F.Cu
[clearance]: Clearance violation ( clearance 0.2000 mm; actual 0.1750 mm)
    Local override; error
    @(156.5000 mm, 137.8000 mm): Pad 23 [USB_RXP1] of U12 on F.Cu
    @(155.0000 mm, 135.0000 mm): Pad 43 [<no net>] of U12 on F.Cu
[hole_clearance]: Hole clearance violation (board setup constraints hole clearance 0.2500 mm; actual 0.2100 mm)
    Rule: board setup constraints hole; error
    @(156.5000 mm, 137.8000 mm): Pad 23 [USB_RXP1] of U12 on F.Cu
    @(157.0000 mm, 137.4000 mm): Via [CM5_USB3_RX_P] on F.Cu - B.Cu
[clearance]: Clearance violation ( clearance 0.2000 mm; actual 0.1750 mm)
    Local override; error
    @(181.5000 mm, 133.4000 mm): Pad 34 [JMS_PCIE_TXP0] of U13 on F.Cu
    @(180.0000 mm, 135.0000 mm): Pad 43 [POWER_GND] of U13 on F.Cu
[clearance]: Clearance violation ( clearance 0.2000 mm; actual 0.1500 mm)
    Local override; error
    @(156.5000 mm, 137.4000 mm): Pad 24 [JMS_USB3_TXN] of U12 on F.Cu
    @(156.5000 mm, 137.0000 mm): Pad 25 [JMS_USB3_TXP] of U12 on F.Cu
[clearance]: Clearance violation ( clearance 0.2000 mm; actual 0.1500 mm)
    Local override; error
    @(181.5000 mm, 133.0000 mm): Pad 35 [TUSB_SATA_RXN] of U13 on F.Cu
    @(181.5000 mm, 132.6000 mm): Pad 36 [TUSB_SATA_RXP] of U13 on F.Cu
[clearance]: Clearance violation ( clearance 0.2000 mm; actual 0.1750 mm)
    Local override; error
    @(181.5000 mm, 133.0000 mm): Pad 35 [TUSB_SATA_RXN] of U13 on F.Cu
    @(180.0000 mm, 135.0000 mm): Pad 43 [POWER_GND] of U13 on F.Cu
[clearance]: Clearance violation ( clearance 0.2000 mm; actual 0.1750 mm)
    Local override; error
    @(156.5000 mm, 137.4000 mm): Pad 24 [JMS_USB3_TXN] of U12 on F.Cu
    @(155.0000 mm, 135.0000 mm): Pad 43 [<no net>] of U12 on F.Cu
[hole_clearance]: Hole clearance violation (board setup constraints hole clearance 0.2500 mm; actual 0.0500 mm)
    Rule: board setup constraints hole; error
    @(156.5000 mm, 137.4000 mm): Pad 24 [JMS_USB3_TXN] of U12 on F.Cu
    @(157.0000 mm, 137.4000 mm): Via [CM5_USB3_RX_P] on F.Cu - B.Cu
[clearance]: Clearance violation ( clearance 0.2000 mm; actual 0.1500 mm)
    Local override; error
    @(156.5000 mm, 137.0000 mm): Pad 25 [JMS_USB3_TXP] of U12 on F.Cu
    @(156.5000 mm, 136.6000 mm): Pad 26 [TUSB_SSRXN] of U12 on F.Cu
[clearance]: Clearance violation ( clearance 0.2000 mm; actual 0.1750 mm)
    Local override; error
    @(181.5000 mm, 132.6000 mm): Pad 36 [TUSB_SATA_RXP] of U13 on F.Cu
    @(180.0000 mm, 135.0000 mm): Pad 43 [POWER_GND] of U13 on F.Cu
[clearance]: Clearance violation ( clearance 0.2000 mm; actual 0.1500 mm)
    Local override; error
    @(181.5000 mm, 132.6000 mm): Pad 36 [TUSB_SATA_RXP] of U13 on F.Cu
    @(181.5000 mm, 132.2000 mm): Pad 37 [TUSB_SATA_TXN] of U13 on F.Cu
[clearance]: Clearance violation ( clearance 0.2000 mm; actual 0.1750 mm)
    Local override; error
    @(156.5000 mm, 137.0000 mm): Pad 25 [JMS_USB3_TXP] of U12 on F.Cu
    @(155.0000 mm, 135.0000 mm): Pad 43 [<no net>] of U12 on F.Cu
[hole_clearance]: Hole clearance violation (board setup constraints hole clearance 0.2500 mm; actual 0.2100 mm)
    Rule: board setup constraints hole; error
    @(156.5000 mm, 137.0000 mm): Pad 25 [JMS_USB3_TXP] of U12 on F.Cu
    @(157.0000 mm, 137.4000 mm): Via [CM5_USB3_RX_P] on F.Cu - B.Cu
[clearance]: Clearance violation ( clearance 0.2000 mm; actual 0.1750 mm)
    Local override; error
    @(181.5000 mm, 132.2000 mm): Pad 37 [TUSB_SATA_TXN] of U13 on F.Cu
    @(180.0000 mm, 135.0000 mm): Pad 43 [POWER_GND] of U13 on F.Cu
[clearance]: Clearance violation ( clearance 0.2000 mm; actual 0.1500 mm)
    Local override; error
    @(156.5000 mm, 136.6000 mm): Pad 26 [TUSB_SSRXN] of U12 on F.Cu
    @(156.5000 mm, 136.2000 mm): Pad 27 [TUSB_SSRXP] of U12 on F.Cu
[clearance]: Clearance violation ( clearance 0.2000 mm; actual 0.1500 mm)
    Local override; error
    @(181.5000 mm, 132.2000 mm): Pad 37 [TUSB_SATA_TXN] of U13 on F.Cu
    @(181.5000 mm, 131.8000 mm): Pad 38 [TUSB_SATA_TXP] of U13 on F.Cu
[clearance]: Clearance violation ( clearance 0.2000 mm; actual 0.1750 mm)
    Local override; error
    @(181.5000 mm, 131.8000 mm): Pad 38 [TUSB_SATA_TXP] of U13 on F.Cu
    @(180.0000 mm, 135.0000 mm): Pad 43 [POWER_GND] of U13 on F.Cu
[clearance]: Clearance violation ( clearance 0.2000 mm; actual 0.1750 mm)
    Local override; error
    @(156.5000 mm, 136.6000 mm): Pad 26 [TUSB_SSRXN] of U12 on F.Cu
    @(155.0000 mm, 135.0000 mm): Pad 43 [<no net>] of U12 on F.Cu
[clearance]: Clearance violation ( clearance 0.2000 mm; actual 0.1500 mm)
    Local override; error
    @(156.5000 mm, 136.2000 mm): Pad 27 [TUSB_SSRXP] of U12 on F.Cu
    @(156.5000 mm, 135.8000 mm): Pad 28 [TUSB_SSTXN] of U12 on F.Cu
[clearance]: Clearance violation ( clearance 0.2000 mm; actual 0.1500 mm)
    Local override; error
    @(179.4000 mm, 130.5000 mm): Pad 39 [NC_39] of U13 on F.Cu
    @(179.8000 mm, 130.5000 mm): Pad 40 [JMS_AVDDL] of U13 on F.Cu
[clearance]: Clearance violation ( clearance 0.2000 mm; actual 0.1750 mm)
    Local override; error
    @(156.5000 mm, 136.2000 mm): Pad 27 [TUSB_SSRXP] of U12 on F.Cu
    @(155.0000 mm, 135.0000 mm): Pad 43 [<no net>] of U12 on F.Cu
[clearance]: Clearance violation ( clearance 0.2000 mm; actual 0.1500 mm)
    Local override; error
    @(179.8000 mm, 130.5000 mm): Pad 40 [JMS_AVDDL] of U13 on F.Cu
    @(180.2000 mm, 130.5000 mm): Pad 41 [NC_41] of U13 on F.Cu
[clearance]: Clearance violation ( clearance 0.2000 mm; actual 0.1500 mm)
    Local override; error
    @(156.5000 mm, 135.8000 mm): Pad 28 [TUSB_SSTXN] of U12 on F.Cu
    @(156.5000 mm, 135.4000 mm): Pad 29 [TUSB_SSTXP] of U12 on F.Cu
[clearance]: Clearance violation ( clearance 0.2000 mm; actual 0.1500 mm)
    Local override; error
    @(180.2000 mm, 130.5000 mm): Pad 41 [NC_41] of U13 on F.Cu
    @(180.6000 mm, 130.5000 mm): Pad 42 [NC_42] of U13 on F.Cu
[clearance]: Clearance violation ( clearance 0.2000 mm; actual 0.1750 mm)
    Local override; error
    @(156.5000 mm, 135.8000 mm): Pad 28 [TUSB_SSTXN] of U12 on F.Cu
    @(155.0000 mm, 135.0000 mm): Pad 43 [<no net>] of U12 on F.Cu
[clearance]: Clearance violation ( clearance 0.2000 mm; actual 0.1500 mm)
    Local override; error
    @(156.5000 mm, 135.4000 mm): Pad 29 [TUSB_SSTXP] of U12 on F.Cu
    @(156.5000 mm, 135.0000 mm): Pad 30 [STORAGE_3V3] of U12 on F.Cu
[clearance]: Clearance violation ( clearance 0.2000 mm; actual 0.1750 mm)
    Local override; error
    @(156.5000 mm, 135.4000 mm): Pad 29 [TUSB_SSTXP] of U12 on F.Cu
    @(155.0000 mm, 135.0000 mm): Pad 43 [<no net>] of U12 on F.Cu
[clearance]: Clearance violation ( clearance 0.2000 mm; actual 0.1500 mm)
    Local override; error
    @(156.5000 mm, 135.0000 mm): Pad 30 [STORAGE_3V3] of U12 on F.Cu
    @(156.5000 mm, 134.6000 mm): Pad 31 [BRIDGE_USB_DP] of U12 on F.Cu
[clearance]: Clearance violation ( clearance 0.2000 mm; actual 0.1750 mm)
    Local override; error
    @(156.5000 mm, 135.0000 mm): Pad 30 [STORAGE_3V3] of U12 on F.Cu
    @(155.0000 mm, 135.0000 mm): Pad 43 [<no net>] of U12 on F.Cu
[clearance]: Clearance violation ( clearance 0.2000 mm; actual 0.1500 mm)
    Local override; error
    @(156.5000 mm, 134.6000 mm): Pad 31 [BRIDGE_USB_DP] of U12 on F.Cu
    @(156.5000 mm, 134.2000 mm): Pad 32 [BRIDGE_USB_DM] of U12 on F.Cu
[clearance]: Clearance violation ( clearance 0.2000 mm; actual 0.1750 mm)
    Local override; error
    @(156.5000 mm, 134.6000 mm): Pad 31 [BRIDGE_USB_DP] of U12 on F.Cu
    @(155.0000 mm, 135.0000 mm): Pad 43 [<no net>] of U12 on F.Cu
[clearance]: Clearance violation ( clearance 0.2000 mm; actual 0.1500 mm)
    Local override; error
    @(156.5000 mm, 134.2000 mm): Pad 32 [BRIDGE_USB_DM] of U12 on F.Cu
    @(156.5000 mm, 133.8000 mm): Pad 33 [USB_DP] of U12 on F.Cu
[clearance]: Clearance violation ( clearance 0.2000 mm; actual 0.1750 mm)
    Local override; error
    @(156.5000 mm, 134.2000 mm): Pad 32 [BRIDGE_USB_DM] of U12 on F.Cu
    @(155.0000 mm, 135.0000 mm): Pad 43 [<no net>] of U12 on F.Cu
[clearance]: Clearance violation ( clearance 0.2000 mm; actual 0.1500 mm)
    Local override; error
    @(156.5000 mm, 133.8000 mm): Pad 33 [USB_DP] of U12 on F.Cu
    @(156.5000 mm, 133.4000 mm): Pad 34 [USB_DM] of U12 on F.Cu
[clearance]: Clearance violation ( clearance 0.2000 mm; actual 0.1750 mm)
    Local override; error
    @(156.5000 mm, 133.8000 mm): Pad 33 [USB_DP] of U12 on F.Cu
    @(155.0000 mm, 135.0000 mm): Pad 43 [<no net>] of U12 on F.Cu
[clearance]: Clearance violation ( clearance 0.2000 mm; actual 0.1500 mm)
    Local override; error
    @(156.5000 mm, 133.4000 mm): Pad 34 [USB_DM] of U12 on F.Cu
    @(156.5000 mm, 133.0000 mm): Pad 35 [NC_35] of U12 on F.Cu
[clearance]: Clearance violation ( clearance 0.2000 mm; actual 0.1750 mm)
    Local override; error
    @(156.5000 mm, 133.4000 mm): Pad 34 [USB_DM] of U12 on F.Cu
    @(155.0000 mm, 135.0000 mm): Pad 43 [<no net>] of U12 on F.Cu
[clearance]: Clearance violation ( clearance 0.2000 mm; actual 0.1500 mm)
    Local override; error
    @(156.5000 mm, 133.0000 mm): Pad 35 [NC_35] of U12 on F.Cu
    @(156.5000 mm, 132.6000 mm): Pad 36 [JMS_AVDDL] of U12 on F.Cu
[clearance]: Clearance violation ( clearance 0.2000 mm; actual 0.1750 mm)
    Local override; error
    @(156.5000 mm, 133.0000 mm): Pad 35 [NC_35] of U12 on F.Cu
    @(155.0000 mm, 135.0000 mm): Pad 43 [<no net>] of U12 on F.Cu
[clearance]: Clearance violation ( clearance 0.2000 mm; actual 0.1750 mm)
    Local override; error
    @(156.5000 mm, 132.6000 mm): Pad 36 [JMS_AVDDL] of U12 on F.Cu
    @(155.0000 mm, 135.0000 mm): Pad 43 [<no net>] of U12 on F.Cu
[clearance]: Clearance violation ( clearance 0.2000 mm; actual 0.1500 mm)
    Local override; error
    @(156.5000 mm, 132.6000 mm): Pad 36 [JMS_AVDDL] of U12 on F.Cu
    @(156.5000 mm, 132.2000 mm): Pad 37 [NC_37] of U12 on F.Cu
[clearance]: Clearance violation ( clearance 0.2000 mm; actual 0.1750 mm)
    Local override; error
    @(156.5000 mm, 132.2000 mm): Pad 37 [NC_37] of U12 on F.Cu
    @(155.0000 mm, 135.0000 mm): Pad 43 [<no net>] of U12 on F.Cu
[clearance]: Clearance violation ( clearance 0.2000 mm; actual 0.1500 mm)
    Local override; error
    @(156.5000 mm, 132.2000 mm): Pad 37 [NC_37] of U12 on F.Cu
    @(156.5000 mm, 131.8000 mm): Pad 38 [NC_38] of U12 on F.Cu
[clearance]: Clearance violation ( clearance 0.2000 mm; actual 0.1750 mm)
    Local override; error
    @(156.5000 mm, 131.8000 mm): Pad 38 [NC_38] of U12 on F.Cu
    @(155.0000 mm, 135.0000 mm): Pad 43 [<no net>] of U12 on F.Cu
[clearance]: Clearance violation ( clearance 0.2000 mm; actual 0.1500 mm)
    Local override; error
    @(154.4000 mm, 130.5000 mm): Pad 39 [NC_39] of U12 on F.Cu
    @(154.8000 mm, 130.5000 mm): Pad 40 [JMS_AVDDL] of U12 on F.Cu
[clearance]: Clearance violation ( clearance 0.2000 mm; actual 0.1500 mm)
    Local override; error
    @(154.8000 mm, 130.5000 mm): Pad 40 [JMS_AVDDL] of U12 on F.Cu
    @(155.2000 mm, 130.5000 mm): Pad 41 [NC_41] of U12 on F.Cu
[clearance]: Clearance violation ( clearance 0.2000 mm; actual 0.1500 mm)
    Local override; error
    @(155.2000 mm, 130.5000 mm): Pad 41 [NC_41] of U12 on F.Cu
    @(155.6000 mm, 130.5000 mm): Pad 42 [NC_42] of U12 on F.Cu
[clearance]: Clearance violation ( clearance 0.2000 mm; actual 0.1746 mm)
    Local override; error
    @(92.2000 mm, 127.0000 mm): Pad 48 [BRIDGE_3V3] of U7 on F.Cu
    @(93.0000 mm, 127.8000 mm): Pad 64 [<no net>] of U7 on F.Cu
[hole_clearance]: Hole clearance violation (board setup constraints hole clearance 0.2500 mm; actual 0.0000 mm)
    Rule: board setup constraints hole; error
    @(155.0000 mm, 135.0000 mm): Pad 43 [<no net>] of U12 on F.Cu
    @(155.0000 mm, 137.8000 mm): Via [CM5_USB3_RX_N] on F.Cu - B.Cu
[zones_intersect]: Copper zones intersect (intersecting zones must have distinct priorities)
    Local override; error
    @(129.4000 mm, 113.8000 mm): Zone [JMS_VCCO] on F.Cu, priority 0
    @(129.4000 mm, 113.8000 mm): Zone [JMS_VCCO] on F.Cu, priority 0
[zones_intersect]: Copper zones intersect (intersecting zones must have distinct priorities)
    Local override; error
    @(135.9000 mm, 124.6000 mm): Zone [JMS_VDDREG_5V] on F.Cu, priority 0
    @(135.9000 mm, 124.6000 mm): Zone [JMS_VDDREG_5V] on F.Cu, priority 0
[zones_intersect]: Copper zones intersect (intersecting zones must have distinct priorities)
    Local override; error
    @(141.3000 mm, 138.0000 mm): Zone [JMS_AVDDL] on F.Cu, priority 0
    @(141.3000 mm, 138.0000 mm): Zone [JMS_AVDDL] on F.Cu, priority 0
[courtyards_overlap]: Courtyards overlap
    Rule: board setup constraints courtyard; error
    @(65.0000 mm, 168.5000 mm): Footprint C7
    @(65.0000 mm, 170.5000 mm): Footprint C8
[courtyards_overlap]: Courtyards overlap
    Rule: board setup constraints courtyard; error
    @(220.0000 mm, 165.0000 mm): Footprint J3
    @(260.0000 mm, 160.0000 mm): Footprint MECH_M2_2280
[pth_inside_courtyard]: PTH inside courtyard
    Local override; error
    @(230.3500 mm, 163.5000 mm): PTH pad M2 [<no net>] of J3
    @(260.0000 mm, 160.0000 mm): Footprint MECH_M2_2280
[courtyards_overlap]: Courtyards overlap
    Rule: board setup constraints courtyard; error
    @(260.0000 mm, 160.0000 mm): Footprint MECH_M2_2280
    @(245.0000 mm, 150.0000 mm): Footprint J5
[pth_inside_courtyard]: PTH inside courtyard
    Local override; error
    @(243.7300 mm, 148.7300 mm): PTH pad 1 [FORCE_SATA] of J5
    @(260.0000 mm, 160.0000 mm): Footprint MECH_M2_2280
[pth_inside_courtyard]: PTH inside courtyard
    Local override; error
    @(246.2700 mm, 148.7300 mm): PTH pad 2 [AUTO_PEDET] of J5
    @(260.0000 mm, 160.0000 mm): Footprint MECH_M2_2280
[pth_inside_courtyard]: PTH inside courtyard
    Local override; error
    @(243.7300 mm, 151.2700 mm): PTH pad 3 [FORCE_NVME] of J5
    @(260.0000 mm, 160.0000 mm): Footprint MECH_M2_2280
[pth_inside_courtyard]: PTH inside courtyard
    Local override; error
    @(246.2700 mm, 151.2700 mm): PTH pad 4 [MODE_IN] of J5
    @(260.0000 mm, 160.0000 mm): Footprint MECH_M2_2280
[courtyards_overlap]: Courtyards overlap
    Rule: board setup constraints courtyard; error
    @(35.0000 mm, 130.0000 mm): Footprint J7
    @(70.0000 mm, 120.0000 mm): Footprint C14
[courtyards_overlap]: Courtyards overlap
    Rule: board setup constraints courtyard; error
    @(52.0000 mm, 163.0000 mm): Footprint C5
    @(52.0000 mm, 165.2500 mm): Footprint C6
[copper_edge_clearance]: Board edge clearance violation (board setup constraints edge clearance 0.5000 mm; actual 0.0000 mm)
    Rule: board setup constraints edge; error
    @(0.0000 mm, 0.0000 mm): Rectangle on Edge.Cuts
    @(83.0000 mm, 164.0000 mm): Track [/CORE_CM5/CM5_5V] on F.Cu, length 16.0000 mm
[copper_edge_clearance]: Board edge clearance violation (board setup constraints edge clearance 0.5000 mm; actual 0.0000 mm)
    Rule: board setup constraints edge; error
    @(0.0000 mm, 0.0000 mm): Rectangle on Edge.Cuts
    @(63.6500 mm, 170.5000 mm): Track [/CORE_CM5/CM5_5V] on F.Cu, length 10.1771 mm
[copper_edge_clearance]: Board edge clearance violation (board setup constraints edge clearance 0.5000 mm; actual 0.0000 mm)
    Rule: board setup constraints edge; error
    @(0.0000 mm, 0.0000 mm): Rectangle on Edge.Cuts
    @(81.5000 mm, 180.0000 mm): Track [/CORE_CM5/CM5_5V] on F.Cu, length 9.0000 mm
[copper_edge_clearance]: Board edge clearance violation (board setup constraints edge clearance 0.5000 mm; actual 0.0000 mm)
    Rule: board setup constraints edge; error
    @(0.0000 mm, 0.0000 mm): Rectangle on Edge.Cuts
    @(83.0000 mm, 180.0000 mm): Track [/CORE_CM5/CM5_5V] on F.Cu, length 5.0000 mm
[copper_edge_clearance]: Board edge clearance violation (board setup constraints edge clearance 0.5000 mm; actual 0.0000 mm)
    Rule: board setup constraints edge; error
    @(0.0000 mm, 0.0000 mm): Rectangle on Edge.Cuts
    @(78.0000 mm, 180.0000 mm): Track [/CORE_CM5/CM5_5V] on F.Cu, length 3.5000 mm
[copper_edge_clearance]: Board edge clearance violation (board setup constraints edge clearance 0.5000 mm; actual 0.0000 mm)
    Rule: board setup constraints edge; error
    @(0.0000 mm, 0.0000 mm): Rectangle on Edge.Cuts
    @(60.0000 mm, 180.0000 mm): Via [/CORE_CM5/CM5_5V] on F.Cu - B.Cu
[copper_edge_clearance]: Board edge clearance violation (board setup constraints edge clearance 0.5000 mm; actual 0.0000 mm)
    Rule: board setup constraints edge; error
    @(0.0000 mm, 0.0000 mm): Rectangle on Edge.Cuts
    @(78.0000 mm, 180.0000 mm): Via [/CORE_CM5/CM5_5V] on F.Cu - B.Cu
[copper_edge_clearance]: Board edge clearance violation (board setup constraints edge clearance 0.5000 mm; actual 0.0000 mm)
    Rule: board setup constraints edge; error
    @(0.0000 mm, 0.0000 mm): Rectangle on Edge.Cuts
    @(60.0000 mm, 180.0000 mm): Track [/CORE_CM5/CM5_5V] on B.Cu, length 18.0000 mm
[track_width]: Track width (board setup constraints min width 0.2000 mm; actual 0.1321 mm)
    Rule: netclass 'Default'; error
    @(78.8850 mm, 65.6850 mm): Track [POWER_GND] on F.Cu, length 0.0212 mm
[track_width]: Track width (board setup constraints min width 0.2000 mm; actual 0.1321 mm)
    Rule: netclass 'Default'; error
    @(75.1000 mm, 64.8300 mm): Track [POWER_GND] on F.Cu, length 0.7300 mm
[track_width]: Track width (board setup constraints min width 0.2000 mm; actual 0.1321 mm)
    Rule: netclass 'Default'; error
    @(75.1000 mm, 65.6000 mm): Track [POWER_GND] on F.Cu, length 0.5395 mm
[track_width]: Track width (board setup constraints min width 0.2000 mm; actual 0.1321 mm)
    Rule: netclass 'Default'; error
    @(81.1000 mm, 64.8300 mm): Track [POWER_GND] on F.Cu, length 0.7300 mm
[track_width]: Track width (board setup constraints min width 0.2000 mm; actual 0.1321 mm)
    Rule: netclass 'Default'; error
    @(75.1000 mm, 64.8300 mm): Track [POWER_GND] on F.Cu, length 0.7700 mm
[track_width]: Track width (board setup constraints min width 0.2000 mm; actual 0.1321 mm)
    Rule: netclass 'Default'; error
    @(81.1000 mm, 64.8300 mm): Track [POWER_GND] on F.Cu, length 0.7300 mm
[track_width]: Track width (board setup constraints min width 0.2000 mm; actual 0.1321 mm)
    Rule: netclass 'Default'; error
    @(78.8850 mm, 65.6850 mm): Track [POWER_GND] on F.Cu, length 0.0212 mm
[track_width]: Track width (board setup constraints min width 0.2000 mm; actual 0.1321 mm)
    Rule: netclass 'Default'; error
    @(75.1000 mm, 64.8300 mm): Track [POWER_GND] on F.Cu, length 0.7700 mm
[track_width]: Track width (board setup constraints min width 0.2000 mm; actual 0.1321 mm)
    Rule: netclass 'Default'; error
    @(77.7650 mm, 65.7000 mm): Track [POWER_GND] on F.Cu, length 0.2650 mm
[track_width]: Track width (board setup constraints min width 0.2000 mm; actual 0.1321 mm)
    Rule: netclass 'Default'; error
    @(78.2000 mm, 65.6850 mm): Track [POWER_GND] on F.Cu, length 0.6850 mm
[track_width]: Track width (board setup constraints min width 0.2000 mm; actual 0.1321 mm)
    Rule: netclass 'Default'; error
    @(78.2000 mm, 65.6850 mm): Track [POWER_GND] on F.Cu, length 0.6850 mm
[track_width]: Track width (board setup constraints min width 0.2000 mm; actual 0.1321 mm)
    Rule: netclass 'Default'; error
    @(81.1000 mm, 64.8300 mm): Track [POWER_GND] on F.Cu, length 1.4700 mm
[track_width]: Track width (board setup constraints min width 0.2000 mm; actual 0.1321 mm)
    Rule: netclass 'Default'; error
    @(75.1000 mm, 64.8300 mm): Track [POWER_GND] on F.Cu, length 0.7300 mm
[track_width]: Track width (board setup constraints min width 0.2000 mm; actual 0.1321 mm)
    Rule: netclass 'Default'; error
    @(78.2000 mm, 65.6850 mm): Track [POWER_GND] on F.Cu, length 0.4200 mm
[track_width]: Track width (board setup constraints min width 0.2000 mm; actual 0.1321 mm)
    Rule: netclass 'Default'; error
    @(75.1000 mm, 66.1395 mm): Track [POWER_GND] on F.Cu, length 0.0955 mm
[track_width]: Track width (board setup constraints min width 0.2000 mm; actual 0.1321 mm)
    Rule: netclass 'Default'; error
    @(77.7800 mm, 65.6850 mm): Track [POWER_GND] on F.Cu, length 0.0212 mm
[track_width]: Track width (board setup constraints min width 0.2000 mm; actual 0.1321 mm)
    Rule: netclass 'Default'; error
    @(75.1000 mm, 66.1395 mm): Track [POWER_GND] on F.Cu, length 0.0955 mm
[track_width]: Track width (board setup constraints min width 0.2000 mm; actual 0.1321 mm)
    Rule: netclass 'Default'; error
    @(81.1000 mm, 64.8300 mm): Track [POWER_GND] on F.Cu, length 1.4700 mm
[track_width]: Track width (board setup constraints min width 0.2000 mm; actual 0.1321 mm)
    Rule: netclass 'Default'; error
    @(77.7650 mm, 65.7000 mm): Track [POWER_GND] on F.Cu, length 0.2650 mm
[track_width]: Track width (board setup constraints min width 0.2000 mm; actual 0.1321 mm)
    Rule: netclass 'Default'; error
    @(75.1000 mm, 65.6000 mm): Track [POWER_GND] on F.Cu, length 0.5395 mm
[track_width]: Track width (board setup constraints min width 0.2000 mm; actual 0.1321 mm)
    Rule: netclass 'Default'; error
    @(78.2000 mm, 65.6850 mm): Track [POWER_GND] on F.Cu, length 0.4200 mm
[track_width]: Track width (board setup constraints min width 0.2000 mm; actual 0.1321 mm)
    Rule: netclass 'Default'; error
    @(77.7800 mm, 65.6850 mm): Track [POWER_GND] on F.Cu, length 0.0212 mm
[track_width]: Track width (board setup constraints min width 0.2000 mm; actual 0.1321 mm)
    Rule: netclass 'Default'; error
    @(77.5000 mm, 65.7000 mm): Track [POWER_GND] on B.Cu, length 1.4000 mm
[track_width]: Track width (board setup constraints min width 0.2000 mm; actual 0.1321 mm)
    Rule: netclass 'Default'; error
    @(75.0324 mm, 66.2071 mm): Track [POWER_GND] on B.Cu, length 2.5192 mm
[track_width]: Track width (board setup constraints min width 0.2000 mm; actual 0.1321 mm)
    Rule: netclass 'Default'; error
    @(77.5000 mm, 65.7000 mm): Track [POWER_GND] on B.Cu, length 1.4000 mm
[track_width]: Track width (board setup constraints min width 0.2000 mm; actual 0.1321 mm)
    Rule: netclass 'Default'; error
    @(78.9000 mm, 65.7000 mm): Track [POWER_GND] on B.Cu, length 2.2804 mm
[track_width]: Track width (board setup constraints min width 0.2000 mm; actual 0.1321 mm)
    Rule: netclass 'Default'; error
    @(75.0324 mm, 66.2071 mm): Track [POWER_GND] on B.Cu, length 2.5192 mm
[track_width]: Track width (board setup constraints min width 0.2000 mm; actual 0.1321 mm)
    Rule: netclass 'Default'; error
    @(78.9000 mm, 65.7000 mm): Track [POWER_GND] on B.Cu, length 2.2804 mm
[track_width]: Track width (board setup constraints min width 0.2000 mm; actual 0.1321 mm)
    Rule: netclass 'Default'; error
    @(81.1000 mm, 66.3000 mm): Track [POWER_GND] on B.Cu, length 2.2000 mm
[track_width]: Track width (board setup constraints min width 0.2000 mm; actual 0.1321 mm)
    Rule: netclass 'Default'; error
    @(75.1000 mm, 64.1000 mm): Track [POWER_GND] on B.Cu, length 2.1082 mm
[track_width]: Track width (board setup constraints min width 0.2000 mm; actual 0.1321 mm)
    Rule: netclass 'Default'; error
    @(75.1000 mm, 64.1000 mm): Track [POWER_GND] on B.Cu, length 2.1082 mm
[track_width]: Track width (board setup constraints min width 0.2000 mm; actual 0.1321 mm)
    Rule: netclass 'Default'; error
    @(81.1000 mm, 66.3000 mm): Track [POWER_GND] on B.Cu, length 2.2000 mm
[track_width]: Track width (board setup constraints min width 0.2000 mm; actual 0.1500 mm)
    Rule: netclass 'Default'; error
    @(147.0000 mm, 110.5000 mm): Track [XIN] on F.Cu, length 3.6500 mm
[track_width]: Track width (board setup constraints min width 0.2000 mm; actual 0.1500 mm)
    Rule: netclass 'Default'; error
    @(137.4000 mm, 131.4000 mm): Track [XIN] on F.Cu, length 1.6000 mm
[track_width]: Track width (board setup constraints min width 0.2000 mm; actual 0.1500 mm)
    Rule: netclass 'Default'; error
    @(147.0000 mm, 114.1500 mm): Track [XIN] on F.Cu, length 1.9000 mm
[track_width]: Track width (board setup constraints min width 0.2000 mm; actual 0.1500 mm)
    Rule: netclass 'Default'; error
    @(137.4000 mm, 129.8000 mm): Track [XIN] on B.Cu, length 7.4000 mm
[track_width]: Track width (board setup constraints min width 0.2000 mm; actual 0.1500 mm)
    Rule: netclass 'Default'; error
    @(130.0000 mm, 129.8000 mm): Track [XIN] on B.Cu, length 19.3000 mm
[track_width]: Track width (board setup constraints min width 0.2000 mm; actual 0.1500 mm)
    Rule: netclass 'Default'; error
    @(130.0000 mm, 110.5000 mm): Track [XIN] on B.Cu, length 17.0000 mm
[track_width]: Track width (board setup constraints min width 0.2000 mm; actual 0.1500 mm)
    Rule: netclass 'Default'; error
    @(146.5000 mm, 115.8500 mm): Track [XOUT] on F.Cu, length 2.4000 mm
[track_width]: Track width (board setup constraints min width 0.2000 mm; actual 0.1500 mm)
    Rule: netclass 'Default'; error
    @(137.8000 mm, 131.4000 mm): Track [XOUT] on F.Cu, length 2.2000 mm
[track_width]: Track width (board setup constraints min width 0.2000 mm; actual 0.1500 mm)
    Rule: netclass 'Default'; error
    @(146.5000 mm, 112.0000 mm): Track [XOUT] on F.Cu, length 3.8500 mm
[track_width]: Track width (board setup constraints min width 0.2000 mm; actual 0.1500 mm)
    Rule: netclass 'Default'; error
    @(137.8000 mm, 129.2000 mm): Track [XOUT] on B.Cu, length 5.8000 mm
[track_width]: Track width (board setup constraints min width 0.2000 mm; actual 0.1500 mm)
    Rule: netclass 'Default'; error
    @(132.0000 mm, 129.2000 mm): Track [XOUT] on B.Cu, length 17.2000 mm
[track_width]: Track width (board setup constraints min width 0.2000 mm; actual 0.1500 mm)
    Rule: netclass 'Default'; error
    @(132.0000 mm, 112.0000 mm): Track [XOUT] on B.Cu, length 14.5000 mm
[track_width]: Track width (board setup constraints min width 0.2000 mm; actual 0.1321 mm)
    Rule: netclass 'Default'; error
    @(46.0000 mm, 100.2500 mm): Track [/CORE_CM5/SERVICE_USB2_DP] on F.Cu, length 3.0000 mm
[track_width]: Track width (board setup constraints min width 0.2000 mm; actual 0.1321 mm)
    Rule: netclass 'Default'; error
    @(54.0000 mm, 102.5000 mm): Track [/CORE_CM5/SERVICE_USB2_DP] on F.Cu, length 8.0000 mm
[track_width]: Track width (board setup constraints min width 0.2000 mm; actual 0.1321 mm)
    Rule: netclass 'Default'; error
    @(59.0000 mm, 100.3500 mm): Track [/CORE_CM5/SERVICE_USB2_DP] on F.Cu, length 0.6500 mm
[track_width]: Track width (board setup constraints min width 0.2000 mm; actual 0.1321 mm)
    Rule: netclass 'Default'; error
    @(47.0000 mm, 99.7500 mm): Track [/CORE_CM5/SERVICE_USB2_DP] on F.Cu, length 2.0000 mm
[track_width]: Track width (board setup constraints min width 0.2000 mm; actual 0.1321 mm)
    Rule: netclass 'Default'; error
    @(41.0000 mm, 100.2500 mm): Track [/CORE_CM5/SERVICE_USB2_DP] on F.Cu, length 2.0000 mm
[track_width]: Track width (board setup constraints min width 0.2000 mm; actual 0.1321 mm)
    Rule: netclass 'Default'; error
    @(64.0000 mm, 99.5000 mm): Track [/CORE_CM5/SERVICE_USB2_DP] on F.Cu, length 3.1181 mm
[track_width]: Track width (board setup constraints min width 0.2000 mm; actual 0.1321 mm)
    Rule: netclass 'Default'; error
    @(66.9600 mm, 99.5000 mm): Track [/CORE_CM5/SERVICE_USB2_DP] on F.Cu, length 2.9600 mm
[track_width]: Track width (board setup constraints min width 0.2000 mm; actual 0.1321 mm)
    Rule: netclass 'Default'; error
    @(54.0000 mm, 101.0000 mm): Track [/CORE_CM5/SERVICE_USB2_DP] on F.Cu, length 1.5000 mm
[track_width]: Track width (board setup constraints min width 0.2000 mm; actual 0.1321 mm)
    Rule: netclass 'Default'; error
    @(61.0000 mm, 100.3500 mm): Track [/CORE_CM5/SERVICE_USB2_DP] on F.Cu, length 2.5750 mm
[track_width]: Track width (board setup constraints min width 0.2000 mm; actual 0.1321 mm)
    Rule: netclass 'Default'; error
    @(46.0000 mm, 102.5000 mm): Track [/CORE_CM5/SERVICE_USB2_DP] on F.Cu, length 2.2500 mm
[track_width]: Track width (board setup constraints min width 0.2000 mm; actual 0.1321 mm)
    Rule: netclass 'Default'; error
    @(58.4250 mm, 100.3500 mm): Track [/CORE_CM5/SERVICE_USB2_DP] on F.Cu, length 0.5750 mm
[track_width]: Track width (board setup constraints min width 0.2000 mm; actual 0.1321 mm)
    Rule: netclass 'Default'; error
    @(59.0000 mm, 101.0000 mm): Track [/CORE_CM5/SERVICE_USB2_DP] on F.Cu, length 5.0000 mm
[track_width]: Track width (board setup constraints min width 0.2000 mm; actual 0.1321 mm)
    Rule: netclass 'Default'; error
    @(41.0000 mm, 97.0000 mm): Track [/CORE_CM5/SERVICE_USB2_DP] on B.Cu, length 3.2500 mm
[track_width]: Track width (board setup constraints min width 0.2000 mm; actual 0.1321 mm)
    Rule: netclass 'Default'; error
    @(49.0000 mm, 99.7500 mm): Track [/CORE_CM5/SERVICE_USB2_DP] on B.Cu, length 2.7500 mm
[track_width]: Track width (board setup constraints min width 0.2000 mm; actual 0.1321 mm)
    Rule: netclass 'Default'; error
    @(49.0000 mm, 97.0000 mm): Track [/CORE_CM5/SERVICE_USB2_DP] on B.Cu, length 8.0000 mm
[track_width]: Track width (board setup constraints min width 0.2000 mm; actual 0.1321 mm)
    Rule: netclass 'Default'; error
    @(53.0000 mm, 97.5000 mm): Track [/CORE_CM5/SERVICE_USB2_DM] on F.Cu, length 7.0000 mm
[track_width]: Track width (board setup constraints min width 0.2000 mm; actual 0.1321 mm)
    Rule: netclass 'Default'; error
    @(59.0000 mm, 99.0000 mm): Track [/CORE_CM5/SERVICE_USB2_DM] on F.Cu, length 5.0000 mm
[track_width]: Track width (board setup constraints min width 0.2000 mm; actual 0.1321 mm)
    Rule: netclass 'Default'; error
    @(59.0000 mm, 99.6500 mm): Track [/CORE_CM5/SERVICE_USB2_DM] on F.Cu, length 0.6500 mm
[track_width]: Track width (board setup constraints min width 0.2000 mm; actual 0.1321 mm)
    Rule: netclass 'Default'; error
    @(66.9600 mm, 99.1000 mm): Track [/CORE_CM5/SERVICE_USB2_DM] on F.Cu, length 2.9600 mm
[track_width]: Track width (board setup constraints min width 0.2000 mm; actual 0.1321 mm)
    Rule: netclass 'Default'; error
    @(46.0000 mm, 99.7500 mm): Track [/CORE_CM5/SERVICE_USB2_DM] on F.Cu, length 3.0000 mm
[track_width]: Track width (board setup constraints min width 0.2000 mm; actual 0.1321 mm)
    Rule: netclass 'Default'; error
    @(54.0000 mm, 99.0000 mm): Track [/CORE_CM5/SERVICE_USB2_DM] on F.Cu, length 1.8028 mm
[track_width]: Track width (board setup constraints min width 0.2000 mm; actual 0.1321 mm)
    Rule: netclass 'Default'; error
    @(61.0000 mm, 99.6500 mm): Track [/CORE_CM5/SERVICE_USB2_DM] on F.Cu, length 2.5750 mm
[track_width]: Track width (board setup constraints min width 0.2000 mm; actual 0.1321 mm)
    Rule: netclass 'Default'; error
    @(64.0000 mm, 99.1000 mm): Track [/CORE_CM5/SERVICE_USB2_DM] on F.Cu, length 3.0500 mm
[track_width]: Track width (board setup constraints min width 0.2000 mm; actual 0.1321 mm)
    Rule: netclass 'Default'; error
    @(46.0000 mm, 97.5000 mm): Track [/CORE_CM5/SERVICE_USB2_DM] on F.Cu, length 2.2500 mm
[track_width]: Track width (board setup constraints min width 0.2000 mm; actual 0.1500 mm)
    Rule: netclass 'Default'; error
    @(47.0000 mm, 100.2500 mm): Track [/CORE_CM5/SERVICE_USB2_DM] on F.Cu, length 3.0000 mm
[track_width]: Track width (board setup constraints min width 0.2000 mm; actual 0.1500 mm)
    Rule: netclass 'Default'; error
    @(41.5000 mm, 99.6000 mm): Track [/CORE_CM5/SERVICE_USB2_DM] on F.Cu, length 1.5075 mm
[track_width]: Track width (board setup constraints min width 0.2000 mm; actual 0.1321 mm)
    Rule: netclass 'Default'; error
    @(58.4250 mm, 99.6500 mm): Track [/CORE_CM5/SERVICE_USB2_DM] on F.Cu, length 0.5750 mm
[track_width]: Track width (board setup constraints min width 0.2000 mm; actual 0.1500 mm)
    Rule: netclass 'Default'; error
    @(50.0000 mm, 100.2500 mm): Track [/CORE_CM5/SERVICE_USB2_DM] on B.Cu, length 5.7500 mm
[track_width]: Track width (board setup constraints min width 0.2000 mm; actual 0.1500 mm)
    Rule: netclass 'Default'; error
    @(50.0000 mm, 106.0000 mm): Track [/CORE_CM5/SERVICE_USB2_DM] on B.Cu, length 8.5000 mm
[track_width]: Track width (board setup constraints min width 0.2000 mm; actual 0.1500 mm)
    Rule: netclass 'Default'; error
    @(41.5000 mm, 106.0000 mm): Track [/CORE_CM5/SERVICE_USB2_DM] on B.Cu, length 6.4000 mm
[track_width]: Track width (board setup constraints min width 0.2000 mm; actual 0.1470 mm)
    Rule: netclass 'Default' (diff pair); error
    @(139.0000 mm, 138.6000 mm): Track [USB_RXN1] on F.Cu, length 4.4000 mm
[track_width]: Track width (board setup constraints min width 0.2000 mm; actual 0.1470 mm)
    Rule: netclass 'Default' (diff pair); error
    @(161.0000 mm, 138.2000 mm): Track [USB_RXN1] on F.Cu, length 4.5000 mm
[track_width]: Track width (board setup constraints min width 0.2000 mm; actual 0.1470 mm)
    Rule: netclass 'Default' (diff pair); error
    @(139.0000 mm, 143.0000 mm): Track [USB_RXN1] on B.Cu, length 22.5175 mm
[track_width]: Track width (board setup constraints min width 0.2000 mm; actual 0.1470 mm)
    Rule: netclass 'Default' (diff pair); error
    @(159.0000 mm, 137.8000 mm): Track [USB_RXP1] on F.Cu, length 2.5000 mm
[track_width]: Track width (board setup constraints min width 0.2000 mm; actual 0.1470 mm)
    Rule: netclass 'Default' (diff pair); error
    @(139.4000 mm, 138.6000 mm): Track [USB_RXP1] on F.Cu, length 3.4000 mm
[track_width]: Track width (board setup constraints min width 0.2000 mm; actual 0.1470 mm)
    Rule: netclass 'Default' (diff pair); error
    @(139.4000 mm, 142.0000 mm): Track [USB_RXP1] on B.Cu, length 20.0449 mm
[track_width]: Track width (board setup constraints min width 0.2000 mm; actual 0.1470 mm)
    Rule: netclass 'Default' (diff pair); error
    @(163.0000 mm, 137.4000 mm): Track [JMS_USB3_TXN] on F.Cu, length 6.5000 mm
[track_width]: Track width (board setup constraints min width 0.2000 mm; actual 0.1470 mm)
    Rule: netclass 'Default' (diff pair); error
    @(163.0000 mm, 149.0000 mm): Track [JMS_USB3_TXN] on F.Cu, length 11.6000 mm
[track_width]: Track width (board setup constraints min width 0.2000 mm; actual 0.1470 mm)
    Rule: netclass 'Default' (diff pair); error
    @(147.5000 mm, 149.0000 mm): Track [JMS_USB3_TXN] on F.Cu, length 15.5000 mm
[track_width]: Track width (board setup constraints min width 0.2000 mm; actual 0.1470 mm)
    Rule: netclass 'Default' (diff pair); error
    @(162.0000 mm, 137.0000 mm): Track [JMS_USB3_TXP] on F.Cu, length 5.5000 mm
[track_width]: Track width (board setup constraints min width 0.2000 mm; actual 0.1470 mm)
    Rule: netclass 'Default' (diff pair); error
    @(147.5000 mm, 145.0000 mm): Track [JMS_USB3_TXP] on F.Cu, length 14.5000 mm
[track_width]: Track width (board setup constraints min width 0.2000 mm; actual 0.1470 mm)
    Rule: netclass 'Default' (diff pair); error
    @(162.0000 mm, 145.0000 mm): Track [JMS_USB3_TXP] on F.Cu, length 8.0000 mm
[track_width]: Track width (board setup constraints min width 0.2000 mm; actual 0.1321 mm)
    Rule: netclass 'Default'; error
    @(47.0000 mm, 101.2500 mm): Track [/SERVICE/SERVICE_VBUS_SENSE] on F.Cu, length 4.0000 mm
[track_width]: Track width (board setup constraints min width 0.2000 mm; actual 0.1321 mm)
    Rule: netclass 'Default'; error
    @(47.0000 mm, 98.7500 mm): Track [/SERVICE/SERVICE_VBUS_SENSE] on F.Cu, length 4.0000 mm
[track_width]: Track width (board setup constraints min width 0.2000 mm; actual 0.1321 mm)
    Rule: netclass 'Default'; error
    @(43.0000 mm, 101.2500 mm): Track [/SERVICE/SERVICE_VBUS_SENSE] on F.Cu, length 3.5000 mm
[track_width]: Track width (board setup constraints min width 0.2000 mm; actual 0.1321 mm)
    Rule: netclass 'Default'; error
    @(43.0000 mm, 98.7500 mm): Track [/SERVICE/SERVICE_VBUS_SENSE] on F.Cu, length 3.5000 mm
[track_width]: Track width (board setup constraints min width 0.2000 mm; actual 0.1321 mm)
    Rule: netclass 'Default'; error
    @(39.5000 mm, 101.2500 mm): Track [/SERVICE/SERVICE_VBUS_SENSE] on B.Cu, length 2.5000 mm
[track_width]: Track width (board setup constraints min width 0.2000 mm; actual 0.1321 mm)
    Rule: netclass 'Default'; error
    @(39.5000 mm, 98.7500 mm): Track [/SERVICE/SERVICE_VBUS_SENSE] on B.Cu, length 3.7500 mm
[track_width]: Track width (board setup constraints min width 0.2000 mm; actual 0.1321 mm)
    Rule: netclass 'Default'; error
    @(51.0000 mm, 95.0000 mm): Track [/SERVICE/SERVICE_VBUS_SENSE] on B.Cu, length 3.7500 mm
[track_width]: Track width (board setup constraints min width 0.2000 mm; actual 0.1321 mm)
    Rule: netclass 'Default'; error
    @(51.0000 mm, 101.2500 mm): Track [/SERVICE/SERVICE_VBUS_SENSE] on B.Cu, length 2.5000 mm
[track_width]: Track width (board setup constraints min width 0.2000 mm; actual 0.1321 mm)
    Rule: netclass 'Default'; error
    @(39.5000 mm, 95.0000 mm): Track [/SERVICE/SERVICE_VBUS_SENSE] on B.Cu, length 11.5000 mm
[track_width]: Track width (board setup constraints min width 0.2000 mm; actual 0.1500 mm)
    Rule: netclass 'Default'; error
    @(43.0000 mm, 100.7500 mm): Track [/SERVICE/SERVICE_RD_A] on F.Cu, length 3.0000 mm
[track_width]: Track width (board setup constraints min width 0.2000 mm; actual 0.1500 mm)
    Rule: netclass 'Default'; error
    @(40.0000 mm, 107.0000 mm): Track [/SERVICE/SERVICE_RD_A] on B.Cu, length 5.5000 mm
[track_width]: Track width (board setup constraints min width 0.2000 mm; actual 0.1500 mm)
    Rule: netclass 'Default'; error
    @(45.5000 mm, 107.0000 mm): Track [/SERVICE/SERVICE_RD_A] on B.Cu, length 38.5000 mm
[track_width]: Track width (board setup constraints min width 0.2000 mm; actual 0.1500 mm)
    Rule: netclass 'Default'; error
    @(40.0000 mm, 100.7500 mm): Track [/SERVICE/SERVICE_RD_A] on B.Cu, length 6.2500 mm
[track_width]: Track width (board setup constraints min width 0.2000 mm; actual 0.1500 mm)
    Rule: netclass 'Default'; error
    @(45.5000 mm, 145.5000 mm): Track [/SERVICE/SERVICE_RD_A] on B.Cu, length 14.5000 mm
[track_width]: Track width (board setup constraints min width 0.2000 mm; actual 0.1500 mm)
    Rule: netclass 'Default'; error
    @(47.0000 mm, 99.2500 mm): Track [/SERVICE/SERVICE_RD_B] on F.Cu, length 5.0000 mm
[track_width]: Track width (board setup constraints min width 0.2000 mm; actual 0.1500 mm)
    Rule: netclass 'Default'; error
    @(52.0000 mm, 114.0000 mm): Track [/SERVICE/SERVICE_RD_B] on B.Cu, length 28.0000 mm
[track_width]: Track width (board setup constraints min width 0.2000 mm; actual 0.1500 mm)
    Rule: netclass 'Default'; error
    @(52.0000 mm, 99.2500 mm): Track [/SERVICE/SERVICE_RD_B] on B.Cu, length 14.7500 mm
[track_width]: Track width (board setup constraints min width 0.2000 mm; actual 0.1500 mm)
    Rule: netclass 'Default'; error
    @(80.0000 mm, 114.0000 mm): Track [/SERVICE/SERVICE_RD_B] on B.Cu, length 31.5000 mm
[track_width]: Track width (board setup constraints min width 0.2000 mm; actual 0.1470 mm)
    Rule: netclass 'Default' (diff pair); error
    @(146.5000 mm, 144.0000 mm): Track [USB_TXP1] on F.Cu, length 1.0000 mm
[track_width]: Track width (board setup constraints min width 0.2000 mm; actual 0.1470 mm)
    Rule: netclass 'Default' (diff pair); error
    @(141.4000 mm, 138.6000 mm): Track [USB_TXP1] on F.Cu, length 5.4000 mm
[track_width]: Track width (board setup constraints min width 0.2000 mm; actual 0.1470 mm)
    Rule: netclass 'Default' (diff pair); error
    @(141.4000 mm, 144.0000 mm): Track [USB_TXP1] on F.Cu, length 5.1000 mm
[track_width]: Track width (board setup constraints min width 0.2000 mm; actual 0.1321 mm)
    Rule: netclass 'Default' (diff pair); error
    @(165.0000 mm, 82.0000 mm): Track [/CORE_CM5/CM5_PER0_P] on F.Cu, length 8.4950 mm
[track_width]: Track width (board setup constraints min width 0.2000 mm; actual 0.1321 mm)
    Rule: netclass 'Default' (diff pair); error
    @(70.0400 mm, 101.5000 mm): Track [/CORE_CM5/CM5_PER0_P] on F.Cu, length 10.4600 mm
[track_width]: Track width (board setup constraints min width 0.2000 mm; actual 0.1321 mm)
    Rule: netclass 'Default' (diff pair); error
    @(80.5000 mm, 82.0000 mm): Track [/CORE_CM5/CM5_PER0_P] on F.Cu, length 84.5000 mm
[track_width]: Track width (board setup constraints min width 0.2000 mm; actual 0.1321 mm)
    Rule: netclass 'Default' (diff pair); error
    @(173.4950 mm, 82.0000 mm): Track [/CORE_CM5/CM5_PER0_P] on F.Cu, length 2.2850 mm
[track_width]: Track width (board setup constraints min width 0.2000 mm; actual 0.1321 mm)
    Rule: netclass 'Default' (diff pair); error
    @(80.5000 mm, 101.5000 mm): Track [/CORE_CM5/CM5_PER0_P] on F.Cu, length 19.5000 mm
[track_width]: Track width (board setup constraints min width 0.2000 mm; actual 0.1321 mm)
    Rule: netclass 'Default' (diff pair); error
    @(165.0000 mm, 82.4000 mm): Track [/CORE_CM5/CM5_PER0_N] on F.Cu, length 7.2250 mm
[track_width]: Track width (board setup constraints min width 0.2000 mm; actual 0.1321 mm)
    Rule: netclass 'Default' (diff pair); error
    @(172.2250 mm, 82.4000 mm): Track [/CORE_CM5/CM5_PER0_N] on F.Cu, length 1.8850 mm
[track_width]: Track width (board setup constraints min width 0.2000 mm; actual 0.1321 mm)
    Rule: netclass 'Default' (diff pair); error
    @(70.0400 mm, 101.9000 mm): Track [/CORE_CM5/CM5_PER0_N] on F.Cu, length 10.9600 mm
[track_width]: Track width (board setup constraints min width 0.2000 mm; actual 0.1321 mm)
    Rule: netclass 'Default' (diff pair); error
    @(81.0000 mm, 101.9000 mm): Track [/CORE_CM5/CM5_PER0_N] on F.Cu, length 19.5000 mm
[track_width]: Track width (board setup constraints min width 0.2000 mm; actual 0.1321 mm)
    Rule: netclass 'Default' (diff pair); error
    @(81.0000 mm, 82.4000 mm): Track [/CORE_CM5/CM5_PER0_N] on F.Cu, length 84.0000 mm
[track_width]: Track width (board setup constraints min width 0.2000 mm; actual 0.1321 mm)
    Rule: netclass 'Default' (diff pair); error
    @(167.7800 mm, 88.7300 mm): Track [/CORE_CM5/CM5_REFCLK_P] on F.Cu, length 0.8980 mm
[track_width]: Track width (board setup constraints min width 0.2000 mm; actual 0.1321 mm)
    Rule: netclass 'Default' (diff pair); error
    @(70.0400 mm, 100.3000 mm): Track [/CORE_CM5/CM5_REFCLK_P] on F.Cu, length 2.3400 mm
[track_width]: Track width (board setup constraints min width 0.2000 mm; actual 0.1321 mm)
    Rule: netclass 'Default' (diff pair); error
    @(100.0000 mm, 76.0000 mm): Track [/CORE_CM5/CM5_REFCLK_P] on B.Cu, length 58.0000 mm
[track_width]: Track width (board setup constraints min width 0.2000 mm; actual 0.1321 mm)
    Rule: netclass 'Default' (diff pair); error
    @(72.2000 mm, 99.4000 mm): Track [/CORE_CM5/CM5_REFCLK_P] on B.Cu, length 13.8924 mm
[track_width]: Track width (board setup constraints min width 0.2000 mm; actual 0.1321 mm)
    Rule: netclass 'Default' (diff pair); error
    @(158.0000 mm, 76.0000 mm): Track [/CORE_CM5/CM5_REFCLK_P] on B.Cu, length 16.0531 mm
[track_width]: Track width (board setup constraints min width 0.2000 mm; actual 0.1321 mm)
    Rule: netclass 'Default' (diff pair); error
    @(85.0000 mm, 94.0000 mm): Track [/CORE_CM5/CM5_REFCLK_P] on B.Cu, length 23.4307 mm
[track_width]: Track width (board setup constraints min width 0.2000 mm; actual 0.1321 mm)
    Rule: netclass 'Default'; error
    @(64.0000 mm, 150.0000 mm): Track [/CORE_CM5/CM5_PERST] on F.Cu, length 88.5400 mm
[track_width]: Track width (board setup constraints min width 0.2000 mm; actual 0.1321 mm)
    Rule: netclass 'Default'; error
    @(152.5400 mm, 150.0000 mm): Track [/CORE_CM5/CM5_PERST] on F.Cu, length 61.2700 mm
[track_width]: Track width (board setup constraints min width 0.2000 mm; actual 0.1321 mm)
    Rule: netclass 'Default'; error
    @(64.0000 mm, 100.3000 mm): Track [/CORE_CM5/CM5_PERST] on F.Cu, length 49.7000 mm
[track_width]: Track width (board setup constraints min width 0.2000 mm; actual 0.1321 mm)
    Rule: netclass 'Default'; error
    @(152.5400 mm, 88.7300 mm): Track [/CORE_CM5/CM5_PERST] on F.Cu, length 0.8980 mm
[track_width]: Track width (board setup constraints min width 0.2000 mm; actual 0.1321 mm)
    Rule: netclass 'Default'; error
    @(66.9600 mm, 100.3000 mm): Track [/CORE_CM5/CM5_PERST] on F.Cu, length 2.9600 mm
[track_width]: Track width (board setup constraints min width 0.2000 mm; actual 0.1321 mm)
    Rule: netclass 'Default' (diff pair); error
    @(167.7800 mm, 91.2700 mm): Track [/CORE_CM5/CM5_REFCLK_N] on F.Cu, length 0.8980 mm
[track_width]: Track width (board setup constraints min width 0.2000 mm; actual 0.1321 mm)
    Rule: netclass 'Default' (diff pair); error
    @(70.0400 mm, 100.7000 mm): Track [/CORE_CM5/CM5_REFCLK_N] on F.Cu, length 2.2171 mm
[track_width]: Track width (board setup constraints min width 0.2000 mm; actual 0.1321 mm)
    Rule: netclass 'Default' (diff pair); error
    @(86.0000 mm, 94.8000 mm): Track [/CORE_CM5/CM5_REFCLK_N] on B.Cu, length 20.3725 mm
[track_width]: Track width (board setup constraints min width 0.2000 mm; actual 0.1321 mm)
    Rule: netclass 'Default' (diff pair); error
    @(100.0000 mm, 80.0000 mm): Track [/CORE_CM5/CM5_REFCLK_N] on B.Cu, length 58.0000 mm
[track_width]: Track width (board setup constraints min width 0.2000 mm; actual 0.1321 mm)
    Rule: netclass 'Default' (diff pair); error
    @(158.0000 mm, 80.0000 mm): Track [/CORE_CM5/CM5_REFCLK_N] on B.Cu, length 14.9218 mm
[track_width]: Track width (board setup constraints min width 0.2000 mm; actual 0.1321 mm)
    Rule: netclass 'Default' (diff pair); error
    @(72.2000 mm, 100.2000 mm): Track [/CORE_CM5/CM5_REFCLK_N] on B.Cu, length 14.8189 mm
[track_width]: Track width (board setup constraints min width 0.2000 mm; actual 0.1321 mm)
    Rule: netclass 'Default' (diff pair); error
    @(175.4000 mm, 92.5400 mm): Track [/V100_PCIE/V100_PET0_P] on F.Cu, length 0.8980 mm
[track_width]: Track width (board setup constraints min width 0.2000 mm; actual 0.1321 mm)
    Rule: netclass 'Default' (diff pair); error
    @(82.9500 mm, 106.0000 mm): Track [/V100_PCIE/V100_PET0_P] on F.Cu, length 1.0500 mm
[track_width]: Track width (board setup constraints min width 0.2000 mm; actual 0.1321 mm)
    Rule: netclass 'Default' (diff pair); error
    @(100.0000 mm, 106.0000 mm): Track [/V100_PCIE/V100_PET0_P] on B.Cu, length 70.0000 mm
[track_width]: Track width (board setup constraints min width 0.2000 mm; actual 0.1321 mm)
    Rule: netclass 'Default' (diff pair); error
    @(84.0000 mm, 106.0000 mm): Track [/V100_PCIE/V100_PET0_P] on B.Cu, length 16.0000 mm
[track_width]: Track width (board setup constraints min width 0.2000 mm; actual 0.1321 mm)
    Rule: netclass 'Default' (diff pair); error
    @(175.4000 mm, 85.0000 mm): Track [/V100_PCIE/V100_PET0_P] on B.Cu, length 7.5400 mm
[track_width]: Track width (board setup constraints min width 0.2000 mm; actual 0.1321 mm)
    Rule: netclass 'Default' (diff pair); error
    @(170.0000 mm, 106.0000 mm): Track [/V100_PCIE/V100_PET0_P] on B.Cu, length 21.0000 mm
[track_width]: Track width (board setup constraints min width 0.2000 mm; actual 0.1321 mm)
    Rule: netclass 'Default' (diff pair); error
    @(170.0000 mm, 85.0000 mm): Track [/V100_PCIE/V100_PET0_P] on B.Cu, length 5.4000 mm
[track_width]: Track width (board setup constraints min width 0.2000 mm; actual 0.1321 mm)
    Rule: netclass 'Default' (diff pair); error
    @(174.1300 mm, 92.5400 mm): Track [/V100_PCIE/V100_PET0_N] on F.Cu, length 0.8980 mm
[track_width]: Track width (board setup constraints min width 0.2000 mm; actual 0.1321 mm)
    Rule: netclass 'Default' (diff pair); error
    @(82.9500 mm, 110.0000 mm): Track [/V100_PCIE/V100_PET0_N] on F.Cu, length 1.0500 mm
[track_width]: Track width (board setup constraints min width 0.2000 mm; actual 0.1321 mm)
    Rule: netclass 'Default' (diff pair); error
    @(174.1300 mm, 100.0000 mm): Track [/V100_PCIE/V100_PET0_N] on B.Cu, length 7.4600 mm
[track_width]: Track width (board setup constraints min width 0.2000 mm; actual 0.1321 mm)
    Rule: netclass 'Default' (diff pair); error
    @(180.0000 mm, 100.0000 mm): Track [/V100_PCIE/V100_PET0_N] on B.Cu, length 5.8700 mm
[track_width]: Track width (board setup constraints min width 0.2000 mm; actual 0.1321 mm)
    Rule: netclass 'Default' (diff pair); error
    @(180.0000 mm, 110.0000 mm): Track [/V100_PCIE/V100_PET0_N] on B.Cu, length 10.0000 mm
[track_width]: Track width (board setup constraints min width 0.2000 mm; actual 0.1321 mm)
    Rule: netclass 'Default' (diff pair); error
    @(100.0000 mm, 110.0000 mm): Track [/V100_PCIE/V100_PET0_N] on B.Cu, length 80.0000 mm
[track_width]: Track width (board setup constraints min width 0.2000 mm; actual 0.1321 mm)
    Rule: netclass 'Default' (diff pair); error
    @(84.0000 mm, 110.0000 mm): Track [/V100_PCIE/V100_PET0_N] on B.Cu, length 16.0000 mm
[track_width]: Track width (board setup constraints min width 0.2000 mm; actual 0.1321 mm)
    Rule: netclass 'Default' (diff pair); error
    @(76.0000 mm, 102.7000 mm): Track [/CORE_CM5/CM5_PET0_P] on F.Cu, length 6.0326 mm
[track_width]: Track width (board setup constraints min width 0.2000 mm; actual 0.1321 mm)
    Rule: netclass 'Default' (diff pair); error
    @(70.0400 mm, 102.7000 mm): Track [/CORE_CM5/CM5_PET0_P] on F.Cu, length 5.9600 mm
[track_width]: Track width (board setup constraints min width 0.2000 mm; actual 0.1470 mm)
    Rule: netclass 'Default' (diff pair); error
    @(141.0000 mm, 146.0000 mm): Track [USB_TXN1] on F.Cu, length 5.5000 mm
[track_width]: Track width (board setup constraints min width 0.2000 mm; actual 0.1470 mm)
    Rule: netclass 'Default' (diff pair); error
    @(141.0000 mm, 138.6000 mm): Track [USB_TXN1] on F.Cu, length 7.4000 mm
[track_width]: Track width (board setup constraints min width 0.2000 mm; actual 0.1470 mm)
    Rule: netclass 'Default' (diff pair); error
    @(146.5000 mm, 146.0000 mm): Track [USB_TXN1] on F.Cu, length 3.0000 mm
[track_width]: Track width (board setup constraints min width 0.2000 mm; actual 0.1321 mm)
    Rule: netclass 'Default' (diff pair); error
    @(70.0400 mm, 103.1000 mm): Track [/CORE_CM5/CM5_PET0_N] on F.Cu, length 5.9600 mm
[track_width]: Track width (board setup constraints min width 0.2000 mm; actual 0.1321 mm)
    Rule: netclass 'Default' (diff pair); error
    @(76.0000 mm, 103.1000 mm): Track [/CORE_CM5/CM5_PET0_N] on F.Cu, length 8.5506 mm
[track_width]: Track width (board setup constraints min width 0.2000 mm; actual 0.1500 mm)
    Rule: netclass 'Default'; error
    @(143.6500 mm, 135.6000 mm): Track [JMS_REXT] on F.Cu, length 1.8500 mm
[track_width]: Track width (board setup constraints min width 0.2000 mm; actual 0.1500 mm)
    Rule: netclass 'Default'; error
    @(147.5000 mm, 129.5000 mm): Track [JMS_REXT] on F.Cu, length 0.5000 mm
[track_width]: Track width (board setup constraints min width 0.2000 mm; actual 0.1500 mm)
    Rule: netclass 'Default'; error
    @(145.5000 mm, 129.5000 mm): Track [JMS_REXT] on B.Cu, length 2.0000 mm
[track_width]: Track width (board setup constraints min width 0.2000 mm; actual 0.1500 mm)
    Rule: netclass 'Default'; error
    @(145.5000 mm, 135.6000 mm): Track [JMS_REXT] on B.Cu, length 6.1000 mm
[solder_mask_bridge]: Front solder mask aperture bridges items with different nets
    Rule: board setup solder mask min width; error
    @(141.8000 mm, 138.6000 mm): Track [JMS_AVDDL] on F.Cu, length 15.2266 mm
    @(148.5000 mm, 143.0000 mm): Pad 2 [POWER_GND] of C80 on F.Cu
[solder_mask_bridge]: Front solder mask aperture bridges items with different nets
    Rule: board setup solder mask min width; error
    @(141.8000 mm, 138.6000 mm): Track [JMS_AVDDL] on F.Cu, length 15.2266 mm
    @(142.2000 mm, 138.6000 mm): Pad 19 [JMS_AVDD33] of U11 on F.Cu
[solder_mask_bridge]: Front solder mask aperture bridges items with different nets
    Rule: board setup solder mask min width; error
    @(136.3500 mm, 134.0000 mm): Track [JMS_VCCO] on F.Cu, length 2.7244 mm
    @(136.3500 mm, 134.4000 mm): Pad 7 [JMS_SPI_CS_N_DNP] of U11 on F.Cu
[solder_mask_bridge]: Front solder mask aperture bridges items with different nets
    Rule: board setup solder mask min width; error
    @(227.7500 mm, 159.7250 mm): Track [AUTO_PEDET] on F.Cu, length 21.5379 mm
    @(228.2500 mm, 159.7250 mm): Pad 71 [POWER_GND] of J3 on F.Cu
[solder_mask_bridge]: Front solder mask aperture bridges items with different nets
    Rule: board setup solder mask min width; error
    @(227.7500 mm, 159.7250 mm): Track [AUTO_PEDET] on F.Cu, length 21.5379 mm
    @(228.7500 mm, 159.7250 mm): Pad 73 [POWER_GND] of J3 on F.Cu
[solder_mask_bridge]: Front solder mask aperture bridges items with different nets
    Rule: board setup solder mask min width; error
    @(227.7500 mm, 159.7250 mm): Track [AUTO_PEDET] on F.Cu, length 21.5379 mm
    @(229.2500 mm, 159.7250 mm): Pad 75 [M2_CONFIG2] of J3 on F.Cu
[solder_mask_bridge]: Front solder mask aperture bridges items with different nets
    Rule: board setup solder mask min width; error
    @(227.7500 mm, 159.7250 mm): Track [AUTO_PEDET] on F.Cu, length 21.5379 mm
    @(243.7300 mm, 151.2700 mm): PTH pad 3 [FORCE_NVME] of J5
[solder_mask_bridge]: Front solder mask aperture bridges items with different nets
    Rule: board setup solder mask min width; error
    @(211.1000 mm, 150.9500 mm): Track [STORAGE_SEL] on F.Cu, length 59.7676 mm
    @(155.0000 mm, 135.0000 mm): Pad 43 [<no net>] of U12 on F.Cu
[solder_mask_bridge]: Front solder mask aperture bridges items with different nets
    Rule: board setup solder mask min width; error
    @(211.1000 mm, 150.9500 mm): Track [STORAGE_SEL] on F.Cu, length 59.7676 mm
    @(156.5000 mm, 135.8000 mm): Pad 28 [TUSB_SSTXN] of U12 on F.Cu
[solder_mask_bridge]: Front solder mask aperture bridges items with different nets
    Rule: board setup solder mask min width; error
    @(211.1000 mm, 150.9500 mm): Track [STORAGE_SEL] on F.Cu, length 59.7676 mm
    @(208.9000 mm, 150.0000 mm): Pad 2 [MODE_IN] of U14 on F.Cu
[solder_mask_bridge]: Front solder mask aperture bridges items with different nets
    Rule: board setup solder mask min width; error
    @(211.1000 mm, 150.9500 mm): Track [STORAGE_SEL] on F.Cu, length 36.2927 mm
    @(180.0000 mm, 135.0000 mm): Pad 43 [POWER_GND] of U13 on F.Cu
[solder_mask_bridge]: Front solder mask aperture bridges items with different nets
    Rule: board setup solder mask min width; error
    @(211.1000 mm, 150.9500 mm): Track [STORAGE_SEL] on F.Cu, length 36.2927 mm
    @(181.5000 mm, 136.6000 mm): Pad 26 [NC_26] of U13 on F.Cu
[solder_mask_bridge]: Front solder mask aperture bridges items with different nets
    Rule: board setup solder mask min width; error
    @(211.1000 mm, 150.9500 mm): Track [STORAGE_SEL] on F.Cu, length 36.2927 mm
    @(181.5000 mm, 136.2000 mm): Pad 27 [NC_27] of U13 on F.Cu
[solder_mask_bridge]: Front solder mask aperture bridges items with different nets
    Rule: board setup solder mask min width; error
    @(211.1000 mm, 150.9500 mm): Track [STORAGE_SEL] on F.Cu, length 36.2927 mm
    @(208.9000 mm, 150.0000 mm): Pad 2 [MODE_IN] of U14 on F.Cu
[solder_mask_bridge]: Front solder mask aperture bridges items with different nets
    Rule: board setup solder mask min width; error
    @(136.3500 mm, 132.4000 mm): Track [JMS_VCCK] on F.Cu, length 22.2953 mm
    @(136.3500 mm, 132.8000 mm): Pad 3 [JMS_SPI_SO_DNP] of U11 on F.Cu
[solder_mask_bridge]: Front solder mask aperture bridges items with different nets
    Rule: board setup solder mask min width; error
    @(161.0000 mm, 135.8000 mm): Track [CM5_USB3_TX_P] on F.Cu, length 7.5000 mm
    @(155.0000 mm, 135.0000 mm): Pad 43 [<no net>] of U12 on F.Cu
[solder_mask_bridge]: Front solder mask aperture bridges items with different nets
    Rule: board setup solder mask min width; error
    @(161.0000 mm, 135.8000 mm): Track [CM5_USB3_TX_P] on F.Cu, length 7.5000 mm
    @(156.5000 mm, 135.8000 mm): Pad 28 [TUSB_SSTXN] of U12 on F.Cu
[solder_mask_bridge]: Front solder mask aperture bridges items with different nets
    Rule: board setup solder mask min width; error
    @(70.0400 mm, 106.7000 mm): Track [CM5_USB3_TX_P] on F.Cu, length 15.5426 mm
    @(70.0400 mm, 106.3000 mm): Pad 140 [CM5_USB3_TX_N] of J7 on F.Cu
[solder_mask_bridge]: Front solder mask aperture bridges items with different nets
    Rule: board setup solder mask min width; error
    @(70.0400 mm, 106.3000 mm): Track [CM5_USB3_TX_N] on F.Cu, length 15.9038 mm
    @(70.0400 mm, 105.5000 mm): Pad 136 [unconnected-(J7B-USB3-0-D_N-Pad136)] of J7 on F.Cu
[solder_mask_bridge]: Front solder mask aperture bridges items with different nets
    Rule: board setup solder mask min width; error
    @(70.0400 mm, 106.3000 mm): Track [CM5_USB3_TX_N] on F.Cu, length 15.9038 mm
    @(70.0400 mm, 105.9000 mm): Pad 138 [/CORE_CM5/POWER_GND] of J7 on F.Cu
[solder_mask_bridge]: Front solder mask aperture bridges items with different nets
    Rule: board setup solder mask min width; error
    @(159.0000 mm, 136.2000 mm): Track [CM5_USB3_TX_N] on F.Cu, length 5.5000 mm
    @(155.0000 mm, 135.0000 mm): Pad 43 [<no net>] of U12 on F.Cu
[solder_mask_bridge]: Front solder mask aperture bridges items with different nets
    Rule: board setup solder mask min width; error
    @(159.0000 mm, 136.2000 mm): Track [CM5_USB3_TX_N] on F.Cu, length 5.5000 mm
    @(156.5000 mm, 136.2000 mm): Pad 27 [TUSB_SSRXP] of U12 on F.Cu
[solder_mask_bridge]: Front solder mask aperture bridges items with different nets
    Rule: board setup solder mask min width; error
    @(157.0000 mm, 137.4000 mm): Track [CM5_USB3_RX_P] on F.Cu, length 3.5000 mm
    @(155.0000 mm, 135.0000 mm): Pad 43 [<no net>] of U12 on F.Cu
[solder_mask_bridge]: Front solder mask aperture bridges items with different nets
    Rule: board setup solder mask min width; error
    @(157.0000 mm, 137.4000 mm): Track [CM5_USB3_RX_P] on F.Cu, length 3.5000 mm
    @(156.5000 mm, 137.4000 mm): Pad 24 [JMS_USB3_TXN] of U12 on F.Cu
[solder_mask_bridge]: Front solder mask aperture bridges items with different nets
    Rule: board setup solder mask min width; error
    @(70.0400 mm, 104.3000 mm): Track [CM5_USB3_RX_P] on F.Cu, length 15.1358 mm
    @(70.0400 mm, 103.1000 mm): Pad 124 [/CORE_CM5/CM5_PET0_N] of J7 on F.Cu
[solder_mask_bridge]: Front solder mask aperture bridges items with different nets
    Rule: board setup solder mask min width; error
    @(70.0400 mm, 104.3000 mm): Track [CM5_USB3_RX_P] on F.Cu, length 15.1358 mm
    @(70.0400 mm, 103.5000 mm): Pad 126 [/CORE_CM5/POWER_GND] of J7 on F.Cu
[solder_mask_bridge]: Front solder mask aperture bridges items with different nets
    Rule: board setup solder mask min width; error
    @(70.0400 mm, 104.3000 mm): Track [CM5_USB3_RX_P] on F.Cu, length 15.1358 mm
    @(70.0400 mm, 103.9000 mm): Pad 128 [CM5_USB3_RX_N] of J7 on F.Cu
[solder_mask_bridge]: Front solder mask aperture bridges items with different nets
    Rule: board setup solder mask min width; error
    @(157.0000 mm, 137.4000 mm): Via [CM5_USB3_RX_P] on F.Cu - B.Cu
    @(156.5000 mm, 137.4000 mm): Pad 24 [JMS_USB3_TXN] of U12 on F.Cu
[solder_mask_bridge]: Front solder mask aperture bridges items with different nets
    Rule: board setup solder mask min width; error
    @(70.0400 mm, 103.9000 mm): Track [CM5_USB3_RX_N] on F.Cu, length 16.1732 mm
    @(70.0400 mm, 101.5000 mm): Pad 116 [/CORE_CM5/CM5_PER0_P] of J7 on F.Cu
[solder_mask_bridge]: Front solder mask aperture bridges items with different nets
    Rule: board setup solder mask min width; error
    @(70.0400 mm, 103.9000 mm): Track [CM5_USB3_RX_N] on F.Cu, length 16.1732 mm
    @(70.0400 mm, 101.9000 mm): Pad 118 [/CORE_CM5/CM5_PER0_N] of J7 on F.Cu
[solder_mask_bridge]: Front solder mask aperture bridges items with different nets
    Rule: board setup solder mask min width; error
    @(70.0400 mm, 103.9000 mm): Track [CM5_USB3_RX_N] on F.Cu, length 16.1732 mm
    @(70.0400 mm, 102.3000 mm): Pad 120 [/CORE_CM5/POWER_GND] of J7 on F.Cu
[solder_mask_bridge]: Front solder mask aperture bridges items with different nets
    Rule: board setup solder mask min width; error
    @(70.0400 mm, 103.9000 mm): Track [CM5_USB3_RX_N] on F.Cu, length 16.1732 mm
    @(70.0400 mm, 102.7000 mm): Pad 122 [/CORE_CM5/CM5_PET0_P] of J7 on F.Cu
[solder_mask_bridge]: Front solder mask aperture bridges items with different nets
    Rule: board setup solder mask min width; error
    @(70.0400 mm, 103.9000 mm): Track [CM5_USB3_RX_N] on F.Cu, length 16.1732 mm
    @(70.0400 mm, 103.1000 mm): Pad 124 [/CORE_CM5/CM5_PET0_N] of J7 on F.Cu
[solder_mask_bridge]: Front solder mask aperture bridges items with different nets
    Rule: board setup solder mask min width; error
    @(70.0400 mm, 103.9000 mm): Track [CM5_USB3_RX_N] on F.Cu, length 16.1732 mm
    @(70.0400 mm, 103.5000 mm): Pad 126 [/CORE_CM5/POWER_GND] of J7 on F.Cu
[solder_mask_bridge]: Front solder mask aperture bridges items with different nets
    Rule: board setup solder mask min width; error
    @(155.0000 mm, 137.8000 mm): Track [CM5_USB3_RX_N] on F.Cu, length 1.5000 mm
    @(155.0000 mm, 135.0000 mm): Pad 43 [<no net>] of U12 on F.Cu
[solder_mask_bridge]: Front solder mask aperture bridges items with different nets
    Rule: board setup solder mask min width; error
    @(155.0000 mm, 137.8000 mm): Via [CM5_USB3_RX_N] on F.Cu - B.Cu
    @(155.0000 mm, 135.0000 mm): Pad 43 [<no net>] of U12 on F.Cu
[track_dangling]: Track has unconnected end
    Local override; warning
    @(81.5000 mm, 180.0000 mm): Track [/CORE_CM5/CM5_5V] on F.Cu, length 9.0000 mm
[track_dangling]: Track has unconnected end
    Local override; warning
    @(62.7000 mm, 176.2500 mm): Track [/CORE_CM5/CM5_5V] on F.Cu, length 1.3000 mm
[via_dangling]: Via is not connected or connected on only one layer
    Local override; warning
    @(79.6500 mm, 158.0000 mm): Via [/CORE_CM5/CM5_5V] on F.Cu - B.Cu
[via_dangling]: Via is not connected or connected on only one layer
    Local override; warning
    @(89.5000 mm, 158.0000 mm): Via [/CORE_CM5/CM5_5V] on F.Cu - B.Cu
[via_dangling]: Via is not connected or connected on only one layer
    Local override; warning
    @(85.5000 mm, 158.0000 mm): Via [/CORE_CM5/CM5_5V] on F.Cu - B.Cu
[track_dangling]: Track has unconnected end
    Local override; warning
    @(233.6000 mm, 38.7500 mm): Track [/POWER_INPUT/12V_IN_A] on B.Cu, length 222.0262 mm
[track_dangling]: Track has unconnected end
    Local override; warning
    @(212.4600 mm, 25.0000 mm): Track [/POWER_INPUT/FUSED_12V_A] on B.Cu, length 5.0000 mm
[track_dangling]: Track has unconnected end
    Local override; warning
    @(62.7000 mm, 174.7500 mm): Track [/REGULATORS/PG_CM5_5V] on F.Cu, length 0.8000 mm
[via_dangling]: Via is not connected or connected on only one layer
    Local override; warning
    @(80.5000 mm, 167.0000 mm): Via [/REGULATORS/PG_CM5_5V] on F.Cu - B.Cu
[track_dangling]: Track has unconnected end
    Local override; warning
    @(62.7000 mm, 175.2500 mm): Track [/REGULATORS/RT_CM5_5V] on F.Cu, length 3.3000 mm
[via_dangling]: Via is not connected or connected on only one layer
    Local override; warning
    @(68.5000 mm, 162.0000 mm): Via [/REGULATORS/RT_CM5_5V] on F.Cu - B.Cu
[track_dangling]: Track has unconnected end
    Local override; warning
    @(82.9500 mm, 106.0000 mm): Track [/V100_PCIE/V100_PET0_P] on F.Cu, length 1.0500 mm
[track_dangling]: Track has unconnected end
    Local override; warning
    @(82.9500 mm, 110.0000 mm): Track [/V100_PCIE/V100_PET0_N] on F.Cu, length 1.0500 mm
[track_dangling]: Track has unconnected end
    Local override; warning
    @(76.0000 mm, 102.7000 mm): Track [/CORE_CM5/CM5_PET0_P] on F.Cu, length 6.0326 mm
[track_dangling]: Track has unconnected end
    Local override; warning
    @(76.0000 mm, 103.1000 mm): Track [/CORE_CM5/CM5_PET0_N] on F.Cu, length 8.5506 mm
[isolated_copper]: Isolated copper fill
    Local override; warning
    @(129.4000 mm, 113.8000 mm): Zone [JMS_VCCO] on F.Cu, priority 0
[isolated_copper]: Isolated copper fill
    Local override; warning
    @(141.3000 mm, 138.0000 mm): Zone [JMS_AVDDL] on F.Cu, priority 0
[isolated_copper]: Isolated copper fill
    Local override; warning
    @(141.3000 mm, 138.0000 mm): Zone [JMS_AVDDL] on F.Cu, priority 0
[isolated_copper]: Isolated copper fill
    Local override; warning
    @(141.3000 mm, 138.0000 mm): Zone [JMS_AVDDL] on F.Cu, priority 0
[isolated_copper]: Isolated copper fill
    Local override; warning
    @(141.3000 mm, 138.0000 mm): Zone [JMS_AVDDL] on F.Cu, priority 0
[isolated_copper]: Isolated copper fill
    Local override; warning
    @(141.3000 mm, 138.0000 mm): Zone [JMS_AVDDL] on F.Cu, priority 0
[isolated_copper]: Isolated copper fill
    Local override; warning
    @(141.3000 mm, 138.0000 mm): Zone [JMS_AVDDL] on F.Cu, priority 0
[isolated_copper]: Isolated copper fill
    Local override; warning
    @(141.3000 mm, 138.0000 mm): Zone [JMS_AVDDL] on F.Cu, priority 0
[isolated_copper]: Isolated copper fill
    Local override; warning
    @(141.3000 mm, 138.0000 mm): Zone [JMS_AVDDL] on F.Cu, priority 0
[holes_co_located]: Drilled holes co-located
    Local override; warning
    @(75.0324 mm, 66.2071 mm): Via [POWER_GND] on F.Cu - B.Cu
    @(75.0324 mm, 66.2071 mm): Via [POWER_GND] on F.Cu - B.Cu
[holes_co_located]: Drilled holes co-located
    Local override; warning
    @(78.9000 mm, 65.7000 mm): Via [POWER_GND] on F.Cu - B.Cu
    @(78.9000 mm, 65.7000 mm): Via [POWER_GND] on F.Cu - B.Cu
[holes_co_located]: Drilled holes co-located
    Local override; warning
    @(77.5000 mm, 65.7000 mm): Via [POWER_GND] on F.Cu - B.Cu
    @(77.5000 mm, 65.7000 mm): Via [POWER_GND] on F.Cu - B.Cu
[holes_co_located]: Drilled holes co-located
    Local override; warning
    @(75.1000 mm, 64.1000 mm): Via [POWER_GND] on F.Cu - B.Cu
    @(75.1000 mm, 64.1000 mm): Via [POWER_GND] on F.Cu - B.Cu
[holes_co_located]: Drilled holes co-located
    Local override; warning
    @(81.1000 mm, 64.1000 mm): Via [POWER_GND] on F.Cu - B.Cu
    @(81.1000 mm, 64.1000 mm): Via [POWER_GND] on F.Cu - B.Cu
[holes_co_located]: Drilled holes co-located
    Local override; warning
    @(81.1000 mm, 66.3000 mm): Via [POWER_GND] on F.Cu - B.Cu
    @(81.1000 mm, 66.3000 mm): Via [POWER_GND] on F.Cu - B.Cu
[holes_co_located]: Drilled holes co-located
    Local override; warning
    @(12.5400 mm, 108.0000 mm): Via [/POWER_INPUT/GATE_B] on F.Cu - B.Cu
    @(12.5400 mm, 108.0000 mm): PTH pad 3 [/POWER_INPUT/GATE_B] of Q2
[holes_co_located]: Drilled holes co-located
    Local override; warning
    @(12.5400 mm, 108.0000 mm): Via [/POWER_INPUT/GATE_B] on F.Cu - B.Cu
    @(12.5400 mm, 108.0000 mm): PTH pad 3 [/POWER_INPUT/GATE_B] of Q2
[text_height]: Text height out of range (board setup constraints silk text height min height 0.8000 mm; actual 0.7000 mm)
    Rule: board setup constraints silk text height; warning
    @(137.5000 mm, 121.1000 mm): Reference field of R24
[text_height]: Text height out of range (board setup constraints silk text height min height 0.8000 mm; actual 0.7000 mm)
    Rule: board setup constraints silk text height; warning
    @(130.5000 mm, 116.1000 mm): Reference field of R82
[text_height]: Text height out of range (board setup constraints silk text height min height 0.8000 mm; actual 0.7000 mm)
    Rule: board setup constraints silk text height; warning
    @(215.0000 mm, 94.1000 mm): Reference field of R11
[text_height]: Text height out of range (board setup constraints silk text height min height 0.8000 mm; actual 0.7000 mm)
    Rule: board setup constraints silk text height; warning
    @(123.5000 mm, 123.6000 mm): Reference field of R33
[text_height]: Text height out of range (board setup constraints silk text height min height 0.8000 mm; actual 0.7000 mm)
    Rule: board setup constraints silk text height; warning
    @(246.0000 mm, 117.1000 mm): Reference field of R20
[text_height]: Text height out of range (board setup constraints silk text height min height 0.8000 mm; actual 0.7000 mm)
    Rule: board setup constraints silk text height; warning
    @(86.0000 mm, 164.9000 mm): Reference field of R3
[text_height]: Text height out of range (board setup constraints silk text height min height 0.8000 mm; actual 0.7000 mm)
    Rule: board setup constraints silk text height; warning
    @(240.0000 mm, 114.1000 mm): Reference field of R22
[text_height]: Text height out of range (board setup constraints silk text height min height 0.8000 mm; actual 0.7000 mm)
    Rule: board setup constraints silk text height; warning
    @(68.0000 mm, 160.9000 mm): Reference field of R6
[text_height]: Text height out of range (board setup constraints silk text height min height 0.8000 mm; actual 0.7000 mm)
    Rule: board setup constraints silk text height; warning
    @(241.1000 mm, 118.0000 mm): Reference field of R19
[text_height]: Text height out of range (board setup constraints silk text height min height 0.8000 mm; actual 0.7000 mm)
    Rule: board setup constraints silk text height; warning
    @(125.0000 mm, 144.1000 mm): Reference field of R81
[text_height]: Text height out of range (board setup constraints silk text height min height 0.8000 mm; actual 0.7000 mm)
    Rule: board setup constraints silk text height; warning
    @(69.0000 mm, 167.1000 mm): Reference field of R5
[text_height]: Text height out of range (board setup constraints silk text height min height 0.8000 mm; actual 0.7000 mm)
    Rule: board setup constraints silk text height; warning
    @(215.0000 mm, 99.1000 mm): Reference field of R12
[text_height]: Text height out of range (board setup constraints silk text height min height 0.8000 mm; actual 0.7000 mm)
    Rule: board setup constraints silk text height; warning
    @(218.0000 mm, 114.1000 mm): Reference field of R13
[text_height]: Text height out of range (board setup constraints silk text height min height 0.8000 mm; actual 0.7000 mm)
    Rule: board setup constraints silk text height; warning
    @(79.1000 mm, 145.0000 mm): Reference field of R2
[text_height]: Text height out of range (board setup constraints silk text height min height 0.8000 mm; actual 0.7000 mm)
    Rule: board setup constraints silk text height; warning
    @(246.0000 mm, 89.1000 mm): Reference field of R21
[text_height]: Text height out of range (board setup constraints silk text height min height 0.8000 mm; actual 0.7000 mm)
    Rule: board setup constraints silk text height; warning
    @(134.0000 mm, 116.1000 mm): Reference field of R83
[text_height]: Text height out of range (board setup constraints silk text height min height 0.8000 mm; actual 0.7000 mm)
    Rule: board setup constraints silk text height; warning
    @(59.1000 mm, 145.0000 mm): Reference field of R1
[text_height]: Text height out of range (board setup constraints silk text height min height 0.8000 mm; actual 0.7000 mm)
    Rule: board setup constraints silk text height; warning
    @(120.0000 mm, 123.6000 mm): Reference field of R32
[text_height]: Text height out of range (board setup constraints silk text height min height 0.8000 mm; actual 0.7000 mm)
    Rule: board setup constraints silk text height; warning
    @(220.0000 mm, 114.1000 mm): Reference field of R14
[text_height]: Text height out of range (board setup constraints silk text height min height 0.8000 mm; actual 0.7000 mm)
    Rule: board setup constraints silk text height; warning
    @(82.0000 mm, 135.1000 mm): Reference field of R23
[text_height]: Text height out of range (board setup constraints silk text height min height 0.8000 mm; actual 0.7000 mm)
    Rule: board setup constraints silk text height; warning
    @(90.0000 mm, 163.1000 mm): Reference field of R4
[text_height]: Text height out of range (board setup constraints silk text height min height 0.8000 mm; actual 0.7000 mm)
    Rule: board setup constraints silk text height; warning
    @(148.0000 mm, 129.1000 mm): Reference field of R80
[silk_overlap]: Silkscreen clearance
    Rule: board setup constraints silk; warning
    @(70.0000 mm, 120.0000 mm): Reference field of C14
    @(67.0600 mm, 119.9000 mm): Segment of J7 on f.silkscreen
[silk_overlap]: Silkscreen clearance
    Rule: board setup constraints silk; warning
    @(70.0000 mm, 120.0000 mm): Reference field of C14
    @(69.9400 mm, 119.9000 mm): Segment of J7 on f.silkscreen
[silk_overlap]: Silkscreen clearance
    Rule: board setup constraints silk; warning
    @(70.0000 mm, 120.0000 mm): Reference field of C14
    @(71.5000 mm, 130.0000 mm): Segment of J7 on f.silkscreen
[silk_overlap]: Silkscreen clearance
    Rule: board setup constraints silk; warning
    @(147.0000 mm, 147.9000 mm): Reference field of C87
    @(147.5500 mm, 146.6000 mm): Segment of C81 on f.silkscreen
[silk_over_copper]: Silkscreen clipped by solder mask
    Local override; warning
    @(65.0000 mm, 168.5000 mm): Reference field of C7
    @(63.6500 mm, 168.5000 mm): Pad 1 [/CORE_CM5/CM5_5V] of C7 on F.Cu
[silk_over_copper]: Silkscreen clipped by solder mask
    Local override; warning
    @(65.0000 mm, 168.5000 mm): Reference field of C7
    @(66.3500 mm, 168.5000 mm): Pad 2 [POWER_GND] of C7 on F.Cu
[silk_over_copper]: Silkscreen clipped by solder mask
    Local override; warning
    @(65.0000 mm, 170.5000 mm): Reference field of C8
    @(63.6500 mm, 170.5000 mm): Pad 1 [/CORE_CM5/CM5_5V] of C8 on F.Cu
[silk_over_copper]: Silkscreen clipped by solder mask
    Local override; warning
    @(70.0000 mm, 120.0000 mm): Reference field of C14
    @(68.9000 mm, 120.0000 mm): Pad 1 [12V_PROTECTED] of C14 on F.Cu
[silk_over_copper]: Silkscreen clipped by solder mask
    Local override; warning
    @(67.0600 mm, 119.9000 mm): Segment of J7 on f.silkscreen
    @(68.9000 mm, 120.0000 mm): Pad 1 [12V_PROTECTED] of C14 on F.Cu
[silk_over_copper]: Silkscreen clipped by solder mask
    Local override; warning
    @(70.0000 mm, 120.0000 mm): Reference field of C14
    @(71.1000 mm, 120.0000 mm): Pad 2 [POWER_GND] of C14 on F.Cu
[silk_over_copper]: Silkscreen clipped by solder mask
    Local override; warning
    @(103.9500 mm, 120.4000 mm): Segment of C32 on f.silkscreen
    @(104.0000 mm, 120.0000 mm): Pad 1 [TUSB_SATA_RXP] of C32 on F.Cu
[silk_over_copper]: Silkscreen clipped by solder mask
    Local override; warning
    @(78.0000 mm, 120.0000 mm): Reference field of C15
    @(76.9000 mm, 120.0000 mm): Pad 1 [12V_PROTECTED] of C15 on F.Cu
[silk_over_copper]: Silkscreen clipped by solder mask
    Local override; warning
    @(78.0000 mm, 120.0000 mm): Reference field of C15
    @(79.1000 mm, 120.0000 mm): Pad 2 [POWER_GND] of C15 on F.Cu
[silk_over_copper]: Silkscreen clipped by solder mask
    Local override; warning
    @(130.0500 mm, 119.1000 mm): Segment of C90 on f.silkscreen
    @(130.0000 mm, 119.5000 mm): Pad 1 [PCIE_TXP0] of C90 on F.Cu
[silk_over_copper]: Silkscreen clipped by solder mask
    Local override; warning
    @(123.0500 mm, 119.1000 mm): Segment of C88 on f.silkscreen
    @(123.0000 mm, 119.5000 mm): Pad 1 [USB_TXP2] of C88 on F.Cu
[silk_over_copper]: Silkscreen clipped by solder mask
    Local override; warning
    @(126.5500 mm, 119.1000 mm): Segment of C89 on f.silkscreen
    @(126.5000 mm, 119.5000 mm): Pad 1 [USB_TXN2] of C89 on F.Cu
[silk_over_copper]: Silkscreen clipped by solder mask
    Local override; warning
    @(119.5500 mm, 121.6000 mm): Segment of C93 on f.silkscreen
    @(119.5000 mm, 122.0000 mm): Pad 1 [PCIE_TXN1] of C93 on F.Cu
[silk_over_copper]: Silkscreen clipped by solder mask
    Local override; warning
    @(120.0000 mm, 170.0000 mm): Reference field of C23
    @(118.9000 mm, 170.0000 mm): Pad 1 [12V_PROTECTED] of C23 on F.Cu
[silk_over_copper]: Silkscreen clipped by solder mask
    Local override; warning
    @(120.0000 mm, 170.0000 mm): Reference field of C23
    @(121.1000 mm, 170.0000 mm): Pad 2 [POWER_GND] of C23 on F.Cu
[silk_over_copper]: Silkscreen clipped by solder mask
    Local override; warning
    @(119.5500 mm, 146.6000 mm): Segment of C82 on f.silkscreen
    @(119.5000 mm, 147.0000 mm): Pad 1 [JMS_VCCK] of C82 on F.Cu
[silk_over_copper]: Silkscreen clipped by solder mask
    Local override; warning
    @(129.5500 mm, 144.6000 mm): Segment of C85 on f.silkscreen
    @(129.5000 mm, 145.0000 mm): Pad 1 [JMS_RESET_N] of C85 on F.Cu
[silk_over_copper]: Silkscreen clipped by solder mask
    Local override; warning
    @(103.9500 mm, 128.4000 mm): Segment of C33 on f.silkscreen
    @(104.0000 mm, 128.0000 mm): Pad 1 [TUSB_SATA_RXN] of C33 on F.Cu
[silk_over_copper]: Silkscreen clipped by solder mask
    Local override; warning
    @(103.9500 mm, 132.4000 mm): Segment of C31 on f.silkscreen
    @(104.0000 mm, 132.0000 mm): Pad 1 [TUSB_SATA_TXN] of C31 on F.Cu
[silk_over_copper]: Silkscreen clipped by solder mask
    Local override; warning
    @(101.0000 mm, 112.0000 mm): Reference field of C17
    @(99.6500 mm, 112.0000 mm): Pad 1 [/REGULATORS/BRIDGE_3V3] of C17 on F.Cu
[silk_over_copper]: Silkscreen clipped by solder mask
    Local override; warning
    @(101.0000 mm, 112.0000 mm): Reference field of C17
    @(102.3500 mm, 112.0000 mm): Pad 2 [POWER_GND] of C17 on F.Cu
[silk_over_copper]: Silkscreen clipped by solder mask
    Local override; warning
    @(107.0000 mm, 112.0000 mm): Reference field of C19
    @(105.6500 mm, 112.0000 mm): Pad 1 [/REGULATORS/BRIDGE_3V3] of C19 on F.Cu
[silk_over_copper]: Silkscreen clipped by solder mask
    Local override; warning
    @(107.0000 mm, 112.0000 mm): Reference field of C19
    @(108.3500 mm, 112.0000 mm): Pad 2 [POWER_GND] of C19 on F.Cu
[silk_over_copper]: Silkscreen clipped by solder mask
    Local override; warning
    @(103.9500 mm, 116.4000 mm): Segment of C30 on f.silkscreen
    @(104.0000 mm, 116.0000 mm): Pad 1 [TUSB_SATA_TXP] of C30 on F.Cu
[silk_over_copper]: Silkscreen clipped by solder mask
    Local override; warning
    @(95.0000 mm, 112.0000 mm): Reference field of C16
    @(93.6500 mm, 112.0000 mm): Pad 1 [/REGULATORS/BRIDGE_3V3] of C16 on F.Cu
[silk_over_copper]: Silkscreen clipped by solder mask
    Local override; warning
    @(95.0000 mm, 112.0000 mm): Reference field of C16
    @(96.3500 mm, 112.0000 mm): Pad 2 [POWER_GND] of C16 on F.Cu
[silk_over_copper]: Silkscreen clipped by solder mask
    Local override; warning
    @(182.0000 mm, 168.0000 mm): Reference field of C38
    @(180.6500 mm, 168.0000 mm): Pad 1 [/REGULATORS/BRIDGE_1V1] of C38 on F.Cu
[silk_over_copper]: Silkscreen clipped by solder mask
    Local override; warning
    @(174.0000 mm, 168.0000 mm): Reference field of C37
    @(172.6500 mm, 168.0000 mm): Pad 1 [/REGULATORS/BRIDGE_1V1] of C37 on F.Cu
[silk_over_copper]: Silkscreen clipped by solder mask
    Local override; warning
    @(174.0000 mm, 168.0000 mm): Reference field of C37
    @(175.3500 mm, 168.0000 mm): Pad 2 [POWER_GND] of C37 on F.Cu
[silk_over_copper]: Silkscreen clipped by solder mask
    Local override; warning
    @(166.0000 mm, 160.0000 mm): Reference field of C28
    @(164.6500 mm, 160.0000 mm): Pad 1 [/REGULATORS/BRIDGE_1V1] of C28 on F.Cu
[silk_over_copper]: Silkscreen clipped by solder mask
    Local override; warning
    @(166.0000 mm, 160.0000 mm): Reference field of C28
    @(167.3500 mm, 160.0000 mm): Pad 2 [POWER_GND] of C28 on F.Cu
[silk_over_copper]: Silkscreen clipped by solder mask
    Local override; warning
    @(166.0000 mm, 168.0000 mm): Reference field of C36
    @(164.6500 mm, 168.0000 mm): Pad 1 [/REGULATORS/BRIDGE_1V1] of C36 on F.Cu
[silk_over_copper]: Silkscreen clipped by solder mask
    Local override; warning
    @(166.0000 mm, 168.0000 mm): Reference field of C36
    @(167.3500 mm, 168.0000 mm): Pad 2 [POWER_GND] of C36 on F.Cu
[silk_over_copper]: Silkscreen clipped by solder mask
    Local override; warning
    @(174.0000 mm, 160.0000 mm): Reference field of C29
    @(172.6500 mm, 160.0000 mm): Pad 1 [/REGULATORS/BRIDGE_1V1] of C29 on F.Cu
[silk_over_copper]: Silkscreen clipped by solder mask
    Local override; warning
    @(174.0000 mm, 160.0000 mm): Reference field of C29
    @(175.3500 mm, 160.0000 mm): Pad 2 [POWER_GND] of C29 on F.Cu
[silk_over_copper]: Silkscreen clipped by solder mask
    Local override; warning
    @(158.0000 mm, 168.0000 mm): Reference field of C35
    @(156.6500 mm, 168.0000 mm): Pad 1 [/REGULATORS/BRIDGE_1V1] of C35 on F.Cu
[silk_over_copper]: Silkscreen clipped by solder mask
    Local override; warning
    @(158.0000 mm, 160.0000 mm): Reference field of C27
    @(156.6500 mm, 160.0000 mm): Pad 1 [/REGULATORS/BRIDGE_1V1] of C27 on F.Cu
[silk_over_copper]: Silkscreen clipped by solder mask
    Local override; warning
    @(158.0000 mm, 160.0000 mm): Reference field of C27
    @(159.3500 mm, 160.0000 mm): Pad 2 [POWER_GND] of C27 on F.Cu
[silk_over_copper]: Silkscreen clipped by solder mask
    Local override; warning
    @(158.0000 mm, 168.0000 mm): Reference field of C35
    @(159.3500 mm, 168.0000 mm): Pad 2 [POWER_GND] of C35 on F.Cu
[silk_over_copper]: Silkscreen clipped by solder mask
    Local override; warning
    @(150.0000 mm, 160.0000 mm): Reference field of C26
    @(148.6500 mm, 160.0000 mm): Pad 1 [/REGULATORS/BRIDGE_1V1] of C26 on F.Cu
[silk_over_copper]: Silkscreen clipped by solder mask
    Local override; warning
    @(154.5500 mm, 146.6000 mm): Segment of C83 on f.silkscreen
    @(154.5000 mm, 147.0000 mm): Pad 1 [JMS_AVDDL] of C83 on F.Cu
[silk_over_copper]: Silkscreen clipped by solder mask
    Local override; warning
    @(150.0000 mm, 168.0000 mm): Reference field of C34
    @(148.6500 mm, 168.0000 mm): Pad 1 [/REGULATORS/BRIDGE_1V1] of C34 on F.Cu
[silk_over_copper]: Silkscreen clipped by solder mask
    Local override; warning
    @(150.0000 mm, 168.0000 mm): Reference field of C34
    @(151.3500 mm, 168.0000 mm): Pad 2 [POWER_GND] of C34 on F.Cu
[silk_over_copper]: Silkscreen clipped by solder mask
    Local override; warning
    @(150.0000 mm, 160.0000 mm): Reference field of C26
    @(151.3500 mm, 160.0000 mm): Pad 2 [POWER_GND] of C26 on F.Cu
[silk_over_copper]: Silkscreen clipped by solder mask
    Local override; warning
    @(136.0000 mm, 170.0000 mm): Reference field of C25
    @(134.9000 mm, 170.0000 mm): Pad 1 [12V_PROTECTED] of C25 on F.Cu
[silk_over_copper]: Silkscreen clipped by solder mask
    Local override; warning
    @(136.0000 mm, 170.0000 mm): Reference field of C25
    @(137.1000 mm, 170.0000 mm): Pad 2 [POWER_GND] of C25 on F.Cu
[silk_over_copper]: Silkscreen clipped by solder mask
    Local override; warning
    @(133.5500 mm, 119.1000 mm): Segment of C91 on f.silkscreen
    @(133.5000 mm, 119.5000 mm): Pad 1 [PCIE_TXN0] of C91 on F.Cu
[silk_over_copper]: Silkscreen clipped by solder mask
    Local override; warning
    @(137.0500 mm, 119.1000 mm): Segment of C92 on f.silkscreen
    @(137.0000 mm, 119.5000 mm): Pad 1 [PCIE_TXP1] of C92 on F.Cu
[silk_over_copper]: Silkscreen clipped by solder mask
    Local override; warning
    @(147.5500 mm, 142.6000 mm): Segment of C80 on f.silkscreen
    @(147.5000 mm, 143.0000 mm): Pad 1 [JMS_AVDD33] of C80 on F.Cu
[silk_over_copper]: Silkscreen clipped by solder mask
    Local override; warning
    @(146.5500 mm, 144.6000 mm): Segment of C86 on f.silkscreen
    @(146.5000 mm, 145.0000 mm): Pad 1 [USB_TXP1] of C86 on F.Cu
[silk_over_copper]: Silkscreen clipped by solder mask
    Local override; warning
    @(146.5500 mm, 148.6000 mm): Segment of C87 on f.silkscreen
    @(146.5000 mm, 149.0000 mm): Pad 1 [USB_TXN1] of C87 on F.Cu
[silk_over_copper]: Silkscreen clipped by solder mask
    Local override; warning
    @(147.5500 mm, 146.6000 mm): Segment of C81 on f.silkscreen
    @(147.5000 mm, 147.0000 mm): Pad 1 [JMS_VCCO] of C81 on F.Cu
[silk_over_copper]: Silkscreen clipped by solder mask
    Local override; warning
    @(149.5500 mm, 119.6000 mm): Segment of C84 on f.silkscreen
    @(149.5000 mm, 120.0000 mm): Pad 1 [JMS_XAVDDH] of C84 on F.Cu
[silk_over_copper]: Silkscreen clipped by solder mask
    Local override; warning
    @(65.0000 mm, 170.5000 mm): Reference field of C8
    @(66.3500 mm, 170.5000 mm): Pad 2 [POWER_GND] of C8 on F.Cu
[silk_over_copper]: Silkscreen clipped by solder mask
    Local override; warning
    @(52.0000 mm, 163.0000 mm): Reference field of C5
    @(50.9000 mm, 163.0000 mm): Pad 2 [POWER_GND] of C5 on F.Cu
[silk_over_copper]: Silkscreen clipped by solder mask
    Local override; warning
    @(52.0000 mm, 163.0000 mm): Reference field of C5
    @(53.1000 mm, 163.0000 mm): Pad 1 [12V_PROTECTED] of C5 on F.Cu
[silk_over_copper]: Silkscreen clipped by solder mask
    Local override; warning
    @(52.0000 mm, 165.2500 mm): Reference field of C6
    @(50.9000 mm, 165.2500 mm): Pad 2 [POWER_GND] of C6 on F.Cu
[silk_over_copper]: Silkscreen clipped by solder mask
    Local override; warning
    @(52.0000 mm, 165.2500 mm): Reference field of C6
    @(53.1000 mm, 165.2500 mm): Pad 1 [12V_PROTECTED] of C6 on F.Cu
[silk_over_copper]: Silkscreen clipped by solder mask
    Local override; warning
    @(71.5000 mm, 130.0000 mm): Segment of J7 on f.silkscreen
    @(71.1000 mm, 120.0000 mm): Pad 2 [POWER_GND] of C14 on F.Cu
[silk_over_copper]: Silkscreen clipped by solder mask
    Local override; warning
    @(28.0000 mm, 76.4500 mm): Circle of TP1 on f.silkscreen
    @(27.4600 mm, 78.0000 mm): PTH pad 1 [/POWER_INPUT/FUSED_12V_A] of Q1
[silk_over_copper]: Silkscreen clipped by solder mask
    Local override; warning
    @(11.0000 mm, 36.7000 mm): Rectangle of J6 on f.silkscreen
    @(12.0000 mm, 37.7000 mm): NPTH pad of J6
[silk_over_copper]: Silkscreen clipped by solder mask
    Local override; warning
    @(11.0000 mm, 36.7000 mm): Rectangle of J6 on f.silkscreen
    @(12.0000 mm, 45.0000 mm): PTH pad 1 [/POWER_INPUT/12V_IN_B] of J6
[silk_over_copper]: Silkscreen clipped by solder mask
    Local override; warning
    @(11.0000 mm, 36.7000 mm): Rectangle of J6 on f.silkscreen
    @(12.0000 mm, 50.5000 mm): PTH pad 2 [POWER_GND] of J6
[silk_over_copper]: Silkscreen clipped by solder mask
    Local override; warning
    @(182.0000 mm, 168.0000 mm): Reference field of C38
    @(183.3500 mm, 168.0000 mm): Pad 2 [POWER_GND] of C38 on F.Cu
[silk_over_copper]: Silkscreen clipped by solder mask
    Local override; warning
    @(190.0000 mm, 168.0000 mm): Reference field of C39
    @(188.6500 mm, 168.0000 mm): Pad 1 [/REGULATORS/BRIDGE_1V1] of C39 on F.Cu
[silk_over_copper]: Silkscreen clipped by solder mask
    Local override; warning
    @(198.0000 mm, 168.0000 mm): Reference field of C40
    @(199.3500 mm, 168.0000 mm): Pad 2 [POWER_GND] of C40 on F.Cu
[silk_over_copper]: Silkscreen clipped by solder mask
    Local override; warning
    @(198.0000 mm, 168.0000 mm): Reference field of C40
    @(196.6500 mm, 168.0000 mm): Pad 1 [/REGULATORS/BRIDGE_1V1] of C40 on F.Cu
[silk_over_copper]: Silkscreen clipped by solder mask
    Local override; warning
    @(190.0000 mm, 168.0000 mm): Reference field of C39
    @(191.3500 mm, 168.0000 mm): Pad 2 [POWER_GND] of C39 on F.Cu
[silk_over_copper]: Silkscreen clipped by solder mask
    Local override; warning
    @(209.1000 mm, 149.1000 mm): Segment of U14 on f.silkscreen
    @(208.9000 mm, 149.0500 mm): Pad 1 [JMS_VDDREG_5V] of U14 on F.Cu
[silk_over_copper]: Silkscreen clipped by solder mask
    Local override; warning
    @(209.1000 mm, 149.1000 mm): Segment of U14 on f.silkscreen
    @(208.9000 mm, 149.0500 mm): Pad 1 [JMS_VDDREG_5V] of U14 on F.Cu
[silk_over_copper]: Silkscreen clipped by solder mask
    Local override; warning
    @(206.0000 mm, 168.0000 mm): Reference field of C41
    @(204.6500 mm, 168.0000 mm): Pad 1 [/REGULATORS/BRIDGE_1V1] of C41 on F.Cu
[silk_over_copper]: Silkscreen clipped by solder mask
    Local override; warning
    @(206.0000 mm, 168.0000 mm): Reference field of C41
    @(207.3500 mm, 168.0000 mm): Pad 2 [POWER_GND] of C41 on F.Cu
[silk_over_copper]: Silkscreen clipped by solder mask
    Local override; warning
    @(148.4000 mm, 113.7500 mm): Rectangle of Y10 on f.silkscreen
    @(148.9000 mm, 114.1500 mm): Pad 1 [XIN] of Y10 on F.Cu
[silk_over_copper]: Silkscreen clipped by solder mask
    Local override; warning
    @(148.4000 mm, 113.7500 mm): Rectangle of Y10 on f.silkscreen
    @(151.1000 mm, 114.1500 mm): Pad 4 [POWER_GND] of Y10 on F.Cu
[silk_over_copper]: Silkscreen clipped by solder mask
    Local override; warning
    @(148.4000 mm, 113.7500 mm): Rectangle of Y10 on f.silkscreen
    @(151.1000 mm, 115.8500 mm): Pad 3 [POWER_GND] of Y10 on F.Cu
[silk_over_copper]: Silkscreen clipped by solder mask
    Local override; warning
    @(148.4000 mm, 113.7500 mm): Rectangle of Y10 on f.silkscreen
    @(148.9000 mm, 115.8500 mm): Pad 2 [XOUT] of Y10 on F.Cu
[copper_sliver]: Copper sliver (B.Cu)
    Local override; warning

** Found 499 unconnected pads **
[unconnected_items]: Missing connection between items
    Local override; error
    @(32.9600 mm, 100.7000 mm): Pad 11 [CM5_GBE_TD2_P] of J7 on F.Cu
    @(49.0000 mm, 88.3850 mm): Pad 10 [CM5_GBE_TD2_P] of U9 on F.Cu
[unconnected_items]: Missing connection between items
    Local override; error
    @(32.9600 mm, 100.7000 mm): Pad 11 [CM5_GBE_TD2_P] of J7 on F.Cu
    @(13.0950 mm, 153.8900 mm): PTH pad 7 [CM5_GBE_TD2_P] of J2
[unconnected_items]: Missing connection between items
    Local override; error
    @(49.0000 mm, 88.3850 mm): Pad 10 [CM5_GBE_TD2_P] of U9 on F.Cu
    @(49.0000 mm, 87.6150 mm): Pad 1 [CM5_GBE_TD2_P] of U9 on F.Cu
[unconnected_items]: Missing connection between items
    Local override; error
    @(32.9600 mm, 100.3000 mm): Pad 9 [CM5_GBE_TD2_N] of J7 on F.Cu
    @(48.5000 mm, 88.3850 mm): Pad 9 [CM5_GBE_TD2_N] of U9 on F.Cu
[unconnected_items]: Missing connection between items
    Local override; error
    @(32.9600 mm, 100.3000 mm): Pad 9 [CM5_GBE_TD2_N] of J7 on F.Cu
    @(11.8250 mm, 151.3500 mm): PTH pad 8 [CM5_GBE_TD2_N] of J2
[unconnected_items]: Missing connection between items
    Local override; error
    @(48.5000 mm, 88.3850 mm): Pad 9 [CM5_GBE_TD2_N] of U9 on F.Cu
    @(48.5000 mm, 87.6150 mm): Pad 2 [CM5_GBE_TD2_N] of U9 on F.Cu
[unconnected_items]: Missing connection between items
    Local override; error
    @(21.4500 mm, 73.5500 mm): Pad 2 [POWER_GND] of U1 on F.Cu
    @(21.4500 mm, 93.5500 mm): Pad 2 [POWER_GND] of U2 on F.Cu
[unconnected_items]: Missing connection between items
    Local override; error
    @(42.0000 mm, 87.6150 mm): Pad 3 [POWER_GND] of U6 on F.Cu
    @(42.0000 mm, 88.3850 mm): Pad 8 [POWER_GND] of U6 on F.Cu
[unconnected_items]: Missing connection between items
    Local override; error
    @(42.0000 mm, 88.3850 mm): Pad 8 [POWER_GND] of U6 on F.Cu
    @(43.0000 mm, 98.2500 mm): Pad A12 [POWER_GND] of J4 on F.Cu
[unconnected_items]: Missing connection between items
    Local override; error
    @(42.0000 mm, 88.3850 mm): Pad 8 [POWER_GND] of U6 on F.Cu
    @(21.4500 mm, 93.5500 mm): Pad 2 [POWER_GND] of U2 on F.Cu
[unconnected_items]: Missing connection between items
    Local override; error
    @(43.0000 mm, 101.7500 mm): Pad A1 [POWER_GND] of J4 on F.Cu
    @(43.0000 mm, 98.2500 mm): Pad A12 [POWER_GND] of J4 on F.Cu
[unconnected_items]: Missing connection between items
    Local override; error
    @(43.0000 mm, 101.7500 mm): Pad A1 [POWER_GND] of J4 on F.Cu
    @(47.0000 mm, 101.7500 mm): Pad B12 [POWER_GND] of J4 on F.Cu
[unconnected_items]: Missing connection between items
    Local override; error
    @(47.0000 mm, 98.2500 mm): Pad B1 [POWER_GND] of J4 on F.Cu
    @(47.0000 mm, 101.7500 mm): Pad B12 [POWER_GND] of J4 on F.Cu
[unconnected_items]: Missing connection between items
    Local override; error
    @(47.0000 mm, 98.2500 mm): Pad B1 [POWER_GND] of J4 on F.Cu
    @(57.5750 mm, 100.0000 mm): Pad 3 [POWER_GND] of U8 on F.Cu
[unconnected_items]: Missing connection between items
    Local override; error
    @(48.0000 mm, 87.6150 mm): Pad 3 [POWER_GND] of U9 on F.Cu
    @(48.0000 mm, 88.3850 mm): Pad 8 [POWER_GND] of U9 on F.Cu
[unconnected_items]: Missing connection between items
    Local override; error
    @(48.0000 mm, 87.6150 mm): Pad 3 [POWER_GND] of U9 on F.Cu
    @(42.0000 mm, 87.6150 mm): Pad 3 [POWER_GND] of U6 on F.Cu
[unconnected_items]: Missing connection between items
    Local override; error
    @(57.7500 mm, 165.7500 mm): Pad 6 [POWER_GND] of U3 on F.Cu
    @(60.0000 mm, 165.3750 mm): Pad 19 [POWER_GND] of U3 on F.Cu
[unconnected_items]: Missing connection between items
    Local override; error
    @(57.7500 mm, 165.7500 mm): Pad 6 [POWER_GND] of U3 on F.Cu
    @(50.9000 mm, 165.2500 mm): Pad 2 [POWER_GND] of C6 on F.Cu
[unconnected_items]: Missing connection between items
    Local override; error
    @(60.0000 mm, 144.5000 mm): Pad 2 [POWER_GND] of R1 on F.Cu
    @(80.0000 mm, 144.5000 mm): Pad 2 [POWER_GND] of R2 on F.Cu
[unconnected_items]: Missing connection between items
    Local override; error
    @(60.0000 mm, 163.8750 mm): Pad 17 [POWER_GND] of U3 on F.Cu
    @(60.0000 mm, 144.5000 mm): Pad 2 [POWER_GND] of R1 on F.Cu
[unconnected_items]: Missing connection between items
    Local override; error
    @(60.0000 mm, 164.6250 mm): Pad 18 [POWER_GND] of U3 on F.Cu
    @(60.0000 mm, 165.3750 mm): Pad 19 [POWER_GND] of U3 on F.Cu
[unconnected_items]: Missing connection between items
    Local override; error
    @(60.0000 mm, 164.6250 mm): Pad 18 [POWER_GND] of U3 on F.Cu
    @(60.0000 mm, 163.8750 mm): Pad 17 [POWER_GND] of U3 on F.Cu
[unconnected_items]: Missing connection between items
    Local override; error
    @(60.0000 mm, 165.3750 mm): Pad 19 [POWER_GND] of U3 on F.Cu
    @(60.0000 mm, 166.1250 mm): Pad 20 [POWER_GND] of U3 on F.Cu
[unconnected_items]: Missing connection between items
    Local override; error
    @(60.0000 mm, 165.3750 mm): Pad 19 [POWER_GND] of U3 on F.Cu
    @(62.2500 mm, 165.7500 mm): Pad 11 [POWER_GND] of U3 on F.Cu
[unconnected_items]: Missing connection between items
    Local override; error
    @(62.2500 mm, 165.7500 mm): Pad 11 [POWER_GND] of U3 on F.Cu
    @(66.3500 mm, 168.5000 mm): Pad 2 [POWER_GND] of C7 on F.Cu
[unconnected_items]: Missing connection between items
    Local override; error
    @(69.5000 mm, 168.0000 mm): Pad 2 [POWER_GND] of R5 on F.Cu
    @(66.3500 mm, 168.5000 mm): Pad 2 [POWER_GND] of C7 on F.Cu
[unconnected_items]: Missing connection between items
    Local override; error
    @(69.5000 mm, 168.0000 mm): Pad 2 [POWER_GND] of R5 on F.Cu
    @(90.5000 mm, 164.0000 mm): Pad 2 [POWER_GND] of R4 on F.Cu
[unconnected_items]: Missing connection between items
    Local override; error
    @(71.1000 mm, 120.0000 mm): Pad 2 [POWER_GND] of C14 on F.Cu
    @(57.5750 mm, 100.0000 mm): Pad 3 [POWER_GND] of U8 on F.Cu
[unconnected_items]: Missing connection between items
    Local override; error
    @(79.1000 mm, 120.0000 mm): Pad 2 [POWER_GND] of C15 on F.Cu
    @(71.1000 mm, 120.0000 mm): Pad 2 [POWER_GND] of C14 on F.Cu
[unconnected_items]: Missing connection between items
    Local override; error
    @(79.1000 mm, 120.0000 mm): Pad 2 [POWER_GND] of C15 on F.Cu
    @(96.3500 mm, 112.0000 mm): Pad 2 [POWER_GND] of C16 on F.Cu
[unconnected_items]: Missing connection between items
    Local override; error
    @(80.0000 mm, 144.5000 mm): Pad 2 [POWER_GND] of R2 on F.Cu
    @(79.1000 mm, 120.0000 mm): Pad 2 [POWER_GND] of C15 on F.Cu
[unconnected_items]: Missing connection between items
    Local override; error
    @(96.3500 mm, 112.0000 mm): Pad 2 [POWER_GND] of C16 on F.Cu
    @(102.3500 mm, 112.0000 mm): Pad 2 [POWER_GND] of C17 on F.Cu
[unconnected_items]: Missing connection between items
    Local override; error
    @(102.3500 mm, 112.0000 mm): Pad 2 [POWER_GND] of C17 on F.Cu
    @(108.3500 mm, 112.0000 mm): Pad 2 [POWER_GND] of C19 on F.Cu
[unconnected_items]: Missing connection between items
    Local override; error
    @(112.0000 mm, 72.0000 mm): Pad 2 [POWER_GND] of D2 on F.Cu
    @(126.5050 mm, 84.2850 mm): Pad A39 [POWER_GND] of J1 on F.Cu
[unconnected_items]: Missing connection between items
    Local override; error
    @(112.0000 mm, 72.0000 mm): Pad 2 [POWER_GND] of D2 on F.Cu
    @(112.0000 mm, 32.0000 mm): Pad 2 [POWER_GND] of D1 on F.Cu
[unconnected_items]: Missing connection between items
    Local override; error
    @(120.5000 mm, 147.0000 mm): Pad 2 [POWER_GND] of C82 on F.Cu
    @(130.5000 mm, 145.0000 mm): Pad 2 [POWER_GND] of C85 on F.Cu
[unconnected_items]: Missing connection between items
    Local override; error
    @(121.1000 mm, 170.0000 mm): Pad 2 [POWER_GND] of C23 on F.Cu
    @(128.9500 mm, 170.0000 mm): Pad 2 [POWER_GND] of C24 on F.Cu
[unconnected_items]: Missing connection between items
    Local override; error
    @(124.0000 mm, 124.5000 mm): Pad 2 [POWER_GND] of R33 on F.Cu
    @(108.3500 mm, 112.0000 mm): Pad 2 [POWER_GND] of C19 on F.Cu
[unconnected_items]: Missing connection between items
    Local override; error
    @(126.5050 mm, 85.5550 mm): Pad B39 [POWER_GND] of J1 on F.Cu
    @(126.5050 mm, 84.2850 mm): Pad A39 [POWER_GND] of J1 on F.Cu
[unconnected_items]: Missing connection between items
    Local override; error
    @(126.5050 mm, 86.8250 mm): Pad C39 [POWER_GND] of J1 on F.Cu
    @(126.5050 mm, 85.5550 mm): Pad B39 [POWER_GND] of J1 on F.Cu
[unconnected_items]: Missing connection between items
    Local override; error
    @(126.5050 mm, 88.0950 mm): Pad D39 [POWER_GND] of J1 on F.Cu
    @(126.5050 mm, 86.8250 mm): Pad C39 [POWER_GND] of J1 on F.Cu
[unconnected_items]: Missing connection between items
    Local override; error
    @(126.5050 mm, 89.3650 mm): Pad E39 [POWER_GND] of J1 on F.Cu
    @(126.5050 mm, 88.0950 mm): Pad D39 [POWER_GND] of J1 on F.Cu
[unconnected_items]: Missing connection between items
    Local override; error
    @(126.5050 mm, 90.6350 mm): Pad F39 [POWER_GND] of J1 on F.Cu
    @(126.5050 mm, 89.3650 mm): Pad E39 [POWER_GND] of J1 on F.Cu
[unconnected_items]: Missing connection between items
    Local override; error
    @(126.5050 mm, 91.9050 mm): Pad G39 [POWER_GND] of J1 on F.Cu
    @(126.5050 mm, 90.6350 mm): Pad F39 [POWER_GND] of J1 on F.Cu
[unconnected_items]: Missing connection between items
    Local override; error
    @(126.5050 mm, 91.9050 mm): Pad G39 [POWER_GND] of J1 on F.Cu
    @(130.3150 mm, 91.9050 mm): Pad G36 [POWER_GND] of J1 on F.Cu
[unconnected_items]: Missing connection between items
    Local override; error
    @(126.5050 mm, 93.1750 mm): Pad H39 [POWER_GND] of J1 on F.Cu
    @(126.5050 mm, 91.9050 mm): Pad G39 [POWER_GND] of J1 on F.Cu
[unconnected_items]: Missing connection between items
    Local override; error
    @(126.5050 mm, 93.1750 mm): Pad H39 [POWER_GND] of J1 on F.Cu
    @(126.5050 mm, 94.4450 mm): Pad J39 [POWER_GND] of J1 on F.Cu
[unconnected_items]: Missing connection between items
    Local override; error
    @(126.5050 mm, 94.4450 mm): Pad J39 [POWER_GND] of J1 on F.Cu
    @(126.5050 mm, 95.7150 mm): Pad K39 [POWER_GND] of J1 on F.Cu
[unconnected_items]: Missing connection between items
    Local override; error
    @(130.3150 mm, 84.2850 mm): Pad A36 [POWER_GND] of J1 on F.Cu
    @(130.3150 mm, 85.5550 mm): Pad B36 [POWER_GND] of J1 on F.Cu
[unconnected_items]: Missing connection between items
    Local override; error
    @(130.3150 mm, 85.5550 mm): Pad B36 [POWER_GND] of J1 on F.Cu
    @(130.3150 mm, 86.8250 mm): Pad C36 [POWER_GND] of J1 on F.Cu
[unconnected_items]: Missing connection between items
    Local override; error
    @(130.3150 mm, 86.8250 mm): Pad C36 [POWER_GND] of J1 on F.Cu
    @(130.3150 mm, 88.0950 mm): Pad D36 [POWER_GND] of J1 on F.Cu
[unconnected_items]: Missing connection between items
    Local override; error
    @(130.3150 mm, 88.0950 mm): Pad D36 [POWER_GND] of J1 on F.Cu
    @(130.3150 mm, 89.3650 mm): Pad E36 [POWER_GND] of J1 on F.Cu
[unconnected_items]: Missing connection between items
    Local override; error
    @(130.3150 mm, 90.6350 mm): Pad F36 [POWER_GND] of J1 on F.Cu
    @(130.3150 mm, 89.3650 mm): Pad E36 [POWER_GND] of J1 on F.Cu
[unconnected_items]: Missing connection between items
    Local override; error
    @(130.3150 mm, 91.9050 mm): Pad G36 [POWER_GND] of J1 on F.Cu
    @(130.3150 mm, 90.6350 mm): Pad F36 [POWER_GND] of J1 on F.Cu
[unconnected_items]: Missing connection between items
    Local override; error
    @(130.3150 mm, 93.1750 mm): Pad H36 [POWER_GND] of J1 on F.Cu
    @(130.3150 mm, 91.9050 mm): Pad G36 [POWER_GND] of J1 on F.Cu
[unconnected_items]: Missing connection between items
    Local override; error
    @(130.3150 mm, 94.4450 mm): Pad J36 [POWER_GND] of J1 on F.Cu
    @(130.3150 mm, 93.1750 mm): Pad H36 [POWER_GND] of J1 on F.Cu
[unconnected_items]: Missing connection between items
    Local override; error
    @(130.3150 mm, 95.7150 mm): Pad K36 [POWER_GND] of J1 on F.Cu
    @(130.3150 mm, 94.4450 mm): Pad J36 [POWER_GND] of J1 on F.Cu
[unconnected_items]: Missing connection between items
    Local override; error
    @(134.1250 mm, 85.5550 mm): Pad B33 [POWER_GND] of J1 on F.Cu
    @(134.1250 mm, 84.2850 mm): Pad A33 [POWER_GND] of J1 on F.Cu
[unconnected_items]: Missing connection between items
    Local override; error
    @(134.1250 mm, 85.5550 mm): Pad B33 [POWER_GND] of J1 on F.Cu
    @(130.3150 mm, 85.5550 mm): Pad B36 [POWER_GND] of J1 on F.Cu
[unconnected_items]: Missing connection between items
    Local override; error
    @(134.1250 mm, 86.8250 mm): Pad C33 [POWER_GND] of J1 on F.Cu
    @(134.1250 mm, 85.5550 mm): Pad B33 [POWER_GND] of J1 on F.Cu
[unconnected_items]: Missing connection between items
    Local override; error
    @(134.1250 mm, 86.8250 mm): Pad C33 [POWER_GND] of J1 on F.Cu
    @(134.1250 mm, 88.0950 mm): Pad D33 [POWER_GND] of J1 on F.Cu
[unconnected_items]: Missing connection between items
    Local override; error
    @(134.1250 mm, 88.0950 mm): Pad D33 [POWER_GND] of J1 on F.Cu
    @(134.1250 mm, 89.3650 mm): Pad E33 [POWER_GND] of J1 on F.Cu
[unconnected_items]: Missing connection between items
    Local override; error
    @(134.1250 mm, 90.6350 mm): Pad F33 [POWER_GND] of J1 on F.Cu
    @(134.1250 mm, 89.3650 mm): Pad E33 [POWER_GND] of J1 on F.Cu
[unconnected_items]: Missing connection between items
    Local override; error
    @(134.1250 mm, 91.9050 mm): Pad G33 [POWER_GND] of J1 on F.Cu
    @(134.1250 mm, 90.6350 mm): Pad F33 [POWER_GND] of J1 on F.Cu
[unconnected_items]: Missing connection between items
    Local override; error
    @(134.1250 mm, 93.1750 mm): Pad H33 [POWER_GND] of J1 on F.Cu
    @(134.1250 mm, 91.9050 mm): Pad G33 [POWER_GND] of J1 on F.Cu
[unconnected_items]: Missing connection between items
    Local override; error
    @(134.1250 mm, 94.4450 mm): Pad J33 [POWER_GND] of J1 on F.Cu
    @(134.1250 mm, 93.1750 mm): Pad H33 [POWER_GND] of J1 on F.Cu
[unconnected_items]: Missing connection between items
    Local override; error
    @(134.1250 mm, 95.7150 mm): Pad K33 [POWER_GND] of J1 on F.Cu
    @(134.1250 mm, 94.4450 mm): Pad J33 [POWER_GND] of J1 on F.Cu
[unconnected_items]: Missing connection between items
    Local override; error
    @(134.5000 mm, 117.0000 mm): Pad 2 [POWER_GND] of R83 on F.Cu
    @(124.0000 mm, 124.5000 mm): Pad 2 [POWER_GND] of R33 on F.Cu
[unconnected_items]: Missing connection between items
    Local override; error
    @(137.1000 mm, 170.0000 mm): Pad 2 [POWER_GND] of C25 on F.Cu
    @(128.9500 mm, 170.0000 mm): Pad 2 [POWER_GND] of C24 on F.Cu
[unconnected_items]: Missing connection between items
    Local override; error
    @(137.9350 mm, 84.2850 mm): Pad A30 [POWER_GND] of J1 on F.Cu
    @(134.1250 mm, 84.2850 mm): Pad A33 [POWER_GND] of J1 on F.Cu
[unconnected_items]: Missing connection between items
    Local override; error
    @(137.9350 mm, 85.5550 mm): Pad B30 [POWER_GND] of J1 on F.Cu
    @(137.9350 mm, 86.8250 mm): Pad C30 [POWER_GND] of J1 on F.Cu
[unconnected_items]: Missing connection between items
    Local override; error
    @(137.9350 mm, 85.5550 mm): Pad B30 [POWER_GND] of J1 on F.Cu
    @(137.9350 mm, 84.2850 mm): Pad A30 [POWER_GND] of J1 on F.Cu
[unconnected_items]: Missing connection between items
    Local override; error
    @(137.9350 mm, 88.0950 mm): Pad D30 [POWER_GND] of J1 on F.Cu
    @(137.9350 mm, 86.8250 mm): Pad C30 [POWER_GND] of J1 on F.Cu
[unconnected_items]: Missing connection between items
    Local override; error
    @(137.9350 mm, 88.0950 mm): Pad D30 [POWER_GND] of J1 on F.Cu
    @(137.9350 mm, 89.3650 mm): Pad E30 [POWER_GND] of J1 on F.Cu
[unconnected_items]: Missing connection between items
    Local override; error
    @(137.9350 mm, 89.3650 mm): Pad E30 [POWER_GND] of J1 on F.Cu
    @(137.9350 mm, 90.6350 mm): Pad F30 [POWER_GND] of J1 on F.Cu
[unconnected_items]: Missing connection between items
    Local override; error
    @(137.9350 mm, 90.6350 mm): Pad F30 [POWER_GND] of J1 on F.Cu
    @(137.9350 mm, 91.9050 mm): Pad G30 [POWER_GND] of J1 on F.Cu
[unconnected_items]: Missing connection between items
    Local override; error
    @(137.9350 mm, 91.9050 mm): Pad G30 [POWER_GND] of J1 on F.Cu
    @(137.9350 mm, 93.1750 mm): Pad H30 [POWER_GND] of J1 on F.Cu
[unconnected_items]: Missing connection between items
    Local override; error
    @(137.9350 mm, 93.1750 mm): Pad H30 [POWER_GND] of J1 on F.Cu
    @(137.9350 mm, 94.4450 mm): Pad J30 [POWER_GND] of J1 on F.Cu
[unconnected_items]: Missing connection between items
    Local override; error
    @(137.9350 mm, 94.4450 mm): Pad J30 [POWER_GND] of J1 on F.Cu
    @(137.9350 mm, 95.7150 mm): Pad K30 [POWER_GND] of J1 on F.Cu
[unconnected_items]: Missing connection between items
    Local override; error
    @(140.0000 mm, 135.0000 mm): Pad 65 [POWER_GND] of U11 on F.Cu
    @(141.4000 mm, 131.4000 mm): Pad 60 [POWER_GND] of U11 on F.Cu
[unconnected_items]: Missing connection between items
    Local override; error
    @(140.0000 mm, 135.0000 mm): Pad 65 [POWER_GND] of U11 on F.Cu
    @(130.5000 mm, 145.0000 mm): Pad 2 [POWER_GND] of C85 on F.Cu
[unconnected_items]: Missing connection between items
    Local override; error
    @(141.4000 mm, 131.4000 mm): Pad 60 [POWER_GND] of U11 on F.Cu
    @(134.5000 mm, 117.0000 mm): Pad 2 [POWER_GND] of R83 on F.Cu
[unconnected_items]: Missing connection between items
    Local override; error
    @(141.7450 mm, 85.5550 mm): Pad B27 [POWER_GND] of J1 on F.Cu
    @(141.7450 mm, 84.2850 mm): Pad A27 [POWER_GND] of J1 on F.Cu
[unconnected_items]: Missing connection between items
    Local override; error
    @(141.7450 mm, 86.8250 mm): Pad C27 [POWER_GND] of J1 on F.Cu
    @(141.7450 mm, 85.5550 mm): Pad B27 [POWER_GND] of J1 on F.Cu
[unconnected_items]: Missing connection between items
    Local override; error
    @(141.7450 mm, 88.0950 mm): Pad D27 [POWER_GND] of J1 on F.Cu
    @(141.7450 mm, 89.3650 mm): Pad E27 [POWER_GND] of J1 on F.Cu
[unconnected_items]: Missing connection between items
    Local override; error
    @(141.7450 mm, 88.0950 mm): Pad D27 [POWER_GND] of J1 on F.Cu
    @(141.7450 mm, 86.8250 mm): Pad C27 [POWER_GND] of J1 on F.Cu
[unconnected_items]: Missing connection between items
    Local override; error
    @(141.7450 mm, 90.6350 mm): Pad F27 [POWER_GND] of J1 on F.Cu
    @(141.7450 mm, 89.3650 mm): Pad E27 [POWER_GND] of J1 on F.Cu
[unconnected_items]: Missing connection between items
    Local override; error
    @(141.7450 mm, 90.6350 mm): Pad F27 [POWER_GND] of J1 on F.Cu
    @(141.7450 mm, 91.9050 mm): Pad G27 [POWER_GND] of J1 on F.Cu
[unconnected_items]: Missing connection between items
    Local override; error
    @(141.7450 mm, 91.9050 mm): Pad G27 [POWER_GND] of J1 on F.Cu
    @(141.7450 mm, 93.1750 mm): Pad H27 [POWER_GND] of J1 on F.Cu
[unconnected_items]: Missing connection between items
    Local override; error
    @(141.7450 mm, 93.1750 mm): Pad H27 [POWER_GND] of J1 on F.Cu
    @(141.7450 mm, 94.4450 mm): Pad J27 [POWER_GND] of J1 on F.Cu
[unconnected_items]: Missing connection between items
    Local override; error
    @(141.7450 mm, 94.4450 mm): Pad J27 [POWER_GND] of J1 on F.Cu
    @(141.7450 mm, 95.7150 mm): Pad K27 [POWER_GND] of J1 on F.Cu
[unconnected_items]: Missing connection between items
    Local override; error
    @(141.7450 mm, 94.4450 mm): Pad J27 [POWER_GND] of J1 on F.Cu
    @(145.5550 mm, 94.4450 mm): Pad J24 [POWER_GND] of J1 on F.Cu
[unconnected_items]: Missing connection between items
    Local override; error
    @(141.7450 mm, 95.7150 mm): Pad K27 [POWER_GND] of J1 on F.Cu
    @(137.9350 mm, 95.7150 mm): Pad K30 [POWER_GND] of J1 on F.Cu
[unconnected_items]: Missing connection between items
    Local override; error
    @(142.6000 mm, 131.4000 mm): Pad 63 [POWER_GND] of U11 on F.Cu
    @(141.4000 mm, 131.4000 mm): Pad 60 [POWER_GND] of U11 on F.Cu
[unconnected_items]: Missing connection between items
    Local override; error
    @(142.6000 mm, 131.4000 mm): Pad 63 [POWER_GND] of U11 on F.Cu
    @(148.5000 mm, 130.0000 mm): Pad 2 [POWER_GND] of R80 on F.Cu
[unconnected_items]: Missing connection between items
    Local override; error
    @(145.5550 mm, 84.2850 mm): Pad A24 [POWER_GND] of J1 on F.Cu
    @(149.3650 mm, 84.2850 mm): Pad A21 [POWER_GND] of J1 on F.Cu
[unconnected_items]: Missing connection between items
    Local override; error
    @(145.5550 mm, 85.5550 mm): Pad B24 [POWER_GND] of J1 on F.Cu
    @(145.5550 mm, 84.2850 mm): Pad A24 [POWER_GND] of J1 on F.Cu
[unconnected_items]: Missing connection between items
    Local override; error
    @(145.5550 mm, 86.8250 mm): Pad C24 [POWER_GND] of J1 on F.Cu
    @(145.5550 mm, 85.5550 mm): Pad B24 [POWER_GND] of J1 on F.Cu
[unconnected_items]: Missing connection between items
    Local override; error
    @(145.5550 mm, 88.0950 mm): Pad D24 [POWER_GND] of J1 on F.Cu
    @(145.5550 mm, 89.3650 mm): Pad E24 [POWER_GND] of J1 on F.Cu
[unconnected_items]: Missing connection between items
    Local override; error
    @(145.5550 mm, 88.0950 mm): Pad D24 [POWER_GND] of J1 on F.Cu
    @(145.5550 mm, 86.8250 mm): Pad C24 [POWER_GND] of J1 on F.Cu
[unconnected_items]: Missing connection between items
    Local override; error
    @(145.5550 mm, 90.6350 mm): Pad F24 [POWER_GND] of J1 on F.Cu
    @(145.5550 mm, 91.9050 mm): Pad G24 [POWER_GND] of J1 on F.Cu
[unconnected_items]: Missing connection between items
    Local override; error
    @(145.5550 mm, 90.6350 mm): Pad F24 [POWER_GND] of J1 on F.Cu
    @(145.5550 mm, 89.3650 mm): Pad E24 [POWER_GND] of J1 on F.Cu
[unconnected_items]: Missing connection between items
    Local override; error
    @(145.5550 mm, 93.1750 mm): Pad H24 [POWER_GND] of J1 on F.Cu
    @(145.5550 mm, 91.9050 mm): Pad G24 [POWER_GND] of J1 on F.Cu
[unconnected_items]: Missing connection between items
    Local override; error
    @(145.5550 mm, 94.4450 mm): Pad J24 [POWER_GND] of J1 on F.Cu
    @(145.5550 mm, 93.1750 mm): Pad H24 [POWER_GND] of J1 on F.Cu
[unconnected_items]: Missing connection between items
    Local override; error
    @(145.5550 mm, 95.7150 mm): Pad K24 [POWER_GND] of J1 on F.Cu
    @(145.5550 mm, 94.4450 mm): Pad J24 [POWER_GND] of J1 on F.Cu
[unconnected_items]: Missing connection between items
    Local override; error
    @(148.5000 mm, 143.0000 mm): Pad 2 [POWER_GND] of C80 on F.Cu
    @(148.5000 mm, 147.0000 mm): Pad 2 [POWER_GND] of C81 on F.Cu
[unconnected_items]: Missing connection between items
    Local override; error
    @(148.5000 mm, 143.0000 mm): Pad 2 [POWER_GND] of C80 on F.Cu
    @(154.4000 mm, 139.5000 mm): Pad 21 [POWER_GND] of U12 on F.Cu
[unconnected_items]: Missing connection between items
    Local override; error
    @(148.5000 mm, 147.0000 mm): Pad 2 [POWER_GND] of C81 on F.Cu
    @(155.5000 mm, 147.0000 mm): Pad 2 [POWER_GND] of C83 on F.Cu
[unconnected_items]: Missing connection between items
    Local override; error
    @(149.3650 mm, 85.5550 mm): Pad B21 [POWER_GND] of J1 on F.Cu
    @(149.3650 mm, 86.8250 mm): Pad C21 [POWER_GND] of J1 on F.Cu
[unconnected_items]: Missing connection between items
    Local override; error
    @(149.3650 mm, 85.5550 mm): Pad B21 [POWER_GND] of J1 on F.Cu
    @(149.3650 mm, 84.2850 mm): Pad A21 [POWER_GND] of J1 on F.Cu
[unconnected_items]: Missing connection between items
    Local override; error
    @(149.3650 mm, 86.8250 mm): Pad C21 [POWER_GND] of J1 on F.Cu
    @(149.3650 mm, 88.0950 mm): Pad D21 [POWER_GND] of J1 on F.Cu
[unconnected_items]: Missing connection between items
    Local override; error
    @(149.3650 mm, 88.0950 mm): Pad D21 [POWER_GND] of J1 on F.Cu
    @(149.3650 mm, 89.3650 mm): Pad E21 [POWER_GND] of J1 on F.Cu
[unconnected_items]: Missing connection between items
    Local override; error
    @(149.3650 mm, 90.6350 mm): Pad F21 [POWER_GND] of J1 on F.Cu
    @(149.3650 mm, 89.3650 mm): Pad E21 [POWER_GND] of J1 on F.Cu
[unconnected_items]: Missing connection between items
    Local override; error
    @(149.3650 mm, 91.9050 mm): Pad G21 [POWER_GND] of J1 on F.Cu
    @(149.3650 mm, 90.6350 mm): Pad F21 [POWER_GND] of J1 on F.Cu
[unconnected_items]: Missing connection between items
    Local override; error
    @(149.3650 mm, 93.1750 mm): Pad H21 [POWER_GND] of J1 on F.Cu
    @(149.3650 mm, 91.9050 mm): Pad G21 [POWER_GND] of J1 on F.Cu
[unconnected_items]: Missing connection between items
    Local override; error
    @(149.3650 mm, 94.4450 mm): Pad J21 [POWER_GND] of J1 on F.Cu
    @(149.3650 mm, 93.1750 mm): Pad H21 [POWER_GND] of J1 on F.Cu
[unconnected_items]: Missing connection between items
    Local override; error
    @(149.3650 mm, 95.7150 mm): Pad K21 [POWER_GND] of J1 on F.Cu
    @(149.3650 mm, 94.4450 mm): Pad J21 [POWER_GND] of J1 on F.Cu
[unconnected_items]: Missing connection between items
    Local override; error
    @(150.5000 mm, 120.0000 mm): Pad 2 [POWER_GND] of C84 on F.Cu
    @(151.1000 mm, 115.8500 mm): Pad 3 [POWER_GND] of Y10 on F.Cu
[unconnected_items]: Missing connection between items
    Local override; error
    @(150.5000 mm, 120.0000 mm): Pad 2 [POWER_GND] of C84 on F.Cu
    @(148.5000 mm, 130.0000 mm): Pad 2 [POWER_GND] of R80 on F.Cu
[unconnected_items]: Missing connection between items
    Local override; error
    @(151.1000 mm, 114.1500 mm): Pad 4 [POWER_GND] of Y10 on F.Cu
    @(149.3650 mm, 95.7150 mm): Pad K21 [POWER_GND] of J1 on F.Cu
[unconnected_items]: Missing connection between items
    Local override; error
    @(151.1000 mm, 115.8500 mm): Pad 3 [POWER_GND] of Y10 on F.Cu
    @(151.1000 mm, 114.1500 mm): Pad 4 [POWER_GND] of Y10 on F.Cu
[unconnected_items]: Missing connection between items
    Local override; error
    @(151.3500 mm, 160.0000 mm): Pad 2 [POWER_GND] of C26 on F.Cu
    @(159.3500 mm, 160.0000 mm): Pad 2 [POWER_GND] of C27 on F.Cu
[unconnected_items]: Missing connection between items
    Local override; error
    @(151.3500 mm, 160.0000 mm): Pad 2 [POWER_GND] of C26 on F.Cu
    @(148.5000 mm, 147.0000 mm): Pad 2 [POWER_GND] of C81 on F.Cu
[unconnected_items]: Missing connection between items
    Local override; error
    @(151.3500 mm, 168.0000 mm): Pad 2 [POWER_GND] of C34 on F.Cu
    @(151.3500 mm, 160.0000 mm): Pad 2 [POWER_GND] of C26 on F.Cu
[unconnected_items]: Missing connection between items
    Local override; error
    @(151.3500 mm, 168.0000 mm): Pad 2 [POWER_GND] of C34 on F.Cu
    @(137.1000 mm, 170.0000 mm): Pad 2 [POWER_GND] of C25 on F.Cu
[unconnected_items]: Missing connection between items
    Local override; error
    @(153.5000 mm, 135.4000 mm): Pad 10 [POWER_GND] of U12 on F.Cu
    @(153.5000 mm, 137.0000 mm): Pad 14 [POWER_GND] of U12 on F.Cu
[unconnected_items]: Missing connection between items
    Local override; error
    @(153.5000 mm, 135.4000 mm): Pad 10 [POWER_GND] of U12 on F.Cu
    @(148.5000 mm, 130.0000 mm): Pad 2 [POWER_GND] of R80 on F.Cu
[unconnected_items]: Missing connection between items
    Local override; error
    @(153.5000 mm, 138.2000 mm): Pad 17 [POWER_GND] of U12 on F.Cu
    @(153.5000 mm, 137.0000 mm): Pad 14 [POWER_GND] of U12 on F.Cu
[unconnected_items]: Missing connection between items
    Local override; error
    @(153.5000 mm, 138.2000 mm): Pad 17 [POWER_GND] of U12 on F.Cu
    @(154.4000 mm, 139.5000 mm): Pad 21 [POWER_GND] of U12 on F.Cu
[unconnected_items]: Missing connection between items
    Local override; error
    @(154.4000 mm, 139.5000 mm): Pad 21 [POWER_GND] of U12 on F.Cu
    @(155.2000 mm, 139.5000 mm): Pad 19 [POWER_GND] of U12 on F.Cu
[unconnected_items]: Missing connection between items
    Local override; error
    @(159.3500 mm, 168.0000 mm): Pad 2 [POWER_GND] of C35 on F.Cu
    @(151.3500 mm, 168.0000 mm): Pad 2 [POWER_GND] of C34 on F.Cu
[unconnected_items]: Missing connection between items
    Local override; error
    @(167.3500 mm, 168.0000 mm): Pad 2 [POWER_GND] of C36 on F.Cu
    @(175.3500 mm, 168.0000 mm): Pad 2 [POWER_GND] of C37 on F.Cu
[unconnected_items]: Missing connection between items
    Local override; error
    @(167.3500 mm, 168.0000 mm): Pad 2 [POWER_GND] of C36 on F.Cu
    @(159.3500 mm, 168.0000 mm): Pad 2 [POWER_GND] of C35 on F.Cu
[unconnected_items]: Missing connection between items
    Local override; error
    @(175.3500 mm, 160.0000 mm): Pad 2 [POWER_GND] of C29 on F.Cu
    @(167.3500 mm, 160.0000 mm): Pad 2 [POWER_GND] of C28 on F.Cu
[unconnected_items]: Missing connection between items
    Local override; error
    @(175.3500 mm, 160.0000 mm): Pad 2 [POWER_GND] of C29 on F.Cu
    @(175.3500 mm, 168.0000 mm): Pad 2 [POWER_GND] of C37 on F.Cu
[unconnected_items]: Missing connection between items
    Local override; error
    @(178.5000 mm, 131.8000 mm): Pad 1 [POWER_GND] of U13 on F.Cu
    @(178.5000 mm, 133.0000 mm): Pad 4 [POWER_GND] of U13 on F.Cu
[unconnected_items]: Missing connection between items
    Local override; error
    @(178.5000 mm, 135.4000 mm): Pad 10 [POWER_GND] of U13 on F.Cu
    @(178.5000 mm, 137.0000 mm): Pad 14 [POWER_GND] of U13 on F.Cu
[unconnected_items]: Missing connection between items
    Local override; error
    @(178.5000 mm, 135.4000 mm): Pad 10 [POWER_GND] of U13 on F.Cu
    @(178.5000 mm, 133.0000 mm): Pad 4 [POWER_GND] of U13 on F.Cu
[unconnected_items]: Missing connection between items
    Local override; error
    @(178.5000 mm, 138.2000 mm): Pad 17 [POWER_GND] of U13 on F.Cu
    @(178.5000 mm, 137.0000 mm): Pad 14 [POWER_GND] of U13 on F.Cu
[unconnected_items]: Missing connection between items
    Local override; error
    @(179.4000 mm, 139.5000 mm): Pad 21 [POWER_GND] of U13 on F.Cu
    @(180.2000 mm, 139.5000 mm): Pad 19 [POWER_GND] of U13 on F.Cu
[unconnected_items]: Missing connection between items
    Local override; error
    @(179.4000 mm, 139.5000 mm): Pad 21 [POWER_GND] of U13 on F.Cu
    @(178.5000 mm, 138.2000 mm): Pad 17 [POWER_GND] of U13 on F.Cu
[unconnected_items]: Missing connection between items
    Local override; error
    @(179.4000 mm, 139.5000 mm): Pad 21 [POWER_GND] of U13 on F.Cu
    @(175.3500 mm, 160.0000 mm): Pad 2 [POWER_GND] of C29 on F.Cu
[unconnected_items]: Missing connection between items
    Local override; error
    @(180.0000 mm, 135.0000 mm): Pad 43 [POWER_GND] of U13 on F.Cu
    @(178.5000 mm, 135.4000 mm): Pad 10 [POWER_GND] of U13 on F.Cu
[unconnected_items]: Missing connection between items
    Local override; error
    @(183.3500 mm, 168.0000 mm): Pad 2 [POWER_GND] of C38 on F.Cu
    @(175.3500 mm, 168.0000 mm): Pad 2 [POWER_GND] of C37 on F.Cu
[unconnected_items]: Missing connection between items
    Local override; error
    @(191.3500 mm, 168.0000 mm): Pad 2 [POWER_GND] of C39 on F.Cu
    @(183.3500 mm, 168.0000 mm): Pad 2 [POWER_GND] of C38 on F.Cu
[unconnected_items]: Missing connection between items
    Local override; error
    @(191.3500 mm, 168.0000 mm): Pad 2 [POWER_GND] of C39 on F.Cu
    @(199.3500 mm, 168.0000 mm): Pad 2 [POWER_GND] of C40 on F.Cu
[unconnected_items]: Missing connection between items
    Local override; error
    @(207.3500 mm, 168.0000 mm): Pad 2 [POWER_GND] of C41 on F.Cu
    @(199.3500 mm, 168.0000 mm): Pad 2 [POWER_GND] of C40 on F.Cu
[unconnected_items]: Missing connection between items
    Local override; error
    @(207.3500 mm, 168.0000 mm): Pad 2 [POWER_GND] of C41 on F.Cu
    @(211.2500 mm, 159.7250 mm): Pad 3 [POWER_GND] of J3 on F.Cu
[unconnected_items]: Missing connection between items
    Local override; error
    @(208.9000 mm, 150.9500 mm): Pad 3 [POWER_GND] of U14 on F.Cu
    @(211.2500 mm, 159.7250 mm): Pad 3 [POWER_GND] of J3 on F.Cu
[unconnected_items]: Missing connection between items
    Local override; error
    @(212.7500 mm, 159.7250 mm): Pad 9 [POWER_GND] of J3 on F.Cu
    @(211.2500 mm, 159.7250 mm): Pad 3 [POWER_GND] of J3 on F.Cu
[unconnected_items]: Missing connection between items
    Local override; error
    @(214.2500 mm, 159.7250 mm): Pad 15 [POWER_GND] of J3 on F.Cu
    @(212.7500 mm, 159.7250 mm): Pad 9 [POWER_GND] of J3 on F.Cu
[unconnected_items]: Missing connection between items
    Local override; error
    @(215.5000 mm, 100.0000 mm): Pad 2 [POWER_GND] of R12 on F.Cu
    @(222.7500 mm, 105.7500 mm): Pad 6 [POWER_GND] of U4 on F.Cu
[unconnected_items]: Missing connection between items
    Local override; error
    @(217.2500 mm, 159.7250 mm): Pad 27 [POWER_GND] of J3 on F.Cu
    @(214.2500 mm, 159.7250 mm): Pad 15 [POWER_GND] of J3 on F.Cu
[unconnected_items]: Missing connection between items
    Local override; error
    @(218.5000 mm, 115.0000 mm): Pad 2 [POWER_GND] of R13 on F.Cu
    @(222.7500 mm, 105.7500 mm): Pad 6 [POWER_GND] of U4 on F.Cu
[unconnected_items]: Missing connection between items
    Local override; error
    @(218.7500 mm, 159.7250 mm): Pad 33 [POWER_GND] of J3 on F.Cu
    @(220.2500 mm, 159.7250 mm): Pad 39 [POWER_GND] of J3 on F.Cu
[unconnected_items]: Missing connection between items
    Local override; error
    @(218.7500 mm, 159.7250 mm): Pad 33 [POWER_GND] of J3 on F.Cu
    @(217.2500 mm, 159.7250 mm): Pad 27 [POWER_GND] of J3 on F.Cu
[unconnected_items]: Missing connection between items
    Local override; error
    @(221.7500 mm, 159.7250 mm): Pad 45 [POWER_GND] of J3 on F.Cu
    @(220.2500 mm, 159.7250 mm): Pad 39 [POWER_GND] of J3 on F.Cu
[unconnected_items]: Missing connection between items
    Local override; error
    @(223.2500 mm, 159.7250 mm): Pad 51 [POWER_GND] of J3 on F.Cu
    @(221.7500 mm, 159.7250 mm): Pad 45 [POWER_GND] of J3 on F.Cu
[unconnected_items]: Missing connection between items
    Local override; error
    @(224.7500 mm, 159.7250 mm): Pad 57 [POWER_GND] of J3 on F.Cu
    @(223.2500 mm, 159.7250 mm): Pad 51 [POWER_GND] of J3 on F.Cu
[unconnected_items]: Missing connection between items
    Local override; error
    @(224.7500 mm, 159.7250 mm): Pad 57 [POWER_GND] of J3 on F.Cu
    @(228.2500 mm, 159.7250 mm): Pad 71 [POWER_GND] of J3 on F.Cu
[unconnected_items]: Missing connection between items
    Local override; error
    @(225.0000 mm, 104.6250 mm): Pad 18 [POWER_GND] of U4 on F.Cu
    @(225.0000 mm, 105.3750 mm): Pad 19 [POWER_GND] of U4 on F.Cu
[unconnected_items]: Missing connection between items
    Local override; error
    @(225.0000 mm, 104.6250 mm): Pad 18 [POWER_GND] of U4 on F.Cu
    @(225.0000 mm, 103.8750 mm): Pad 17 [POWER_GND] of U4 on F.Cu
[unconnected_items]: Missing connection between items
    Local override; error
    @(225.0000 mm, 106.1250 mm): Pad 20 [POWER_GND] of U4 on F.Cu
    @(225.0000 mm, 105.3750 mm): Pad 19 [POWER_GND] of U4 on F.Cu
[unconnected_items]: Missing connection between items
    Local override; error
    @(225.0000 mm, 106.1250 mm): Pad 20 [POWER_GND] of U4 on F.Cu
    @(222.7500 mm, 105.7500 mm): Pad 6 [POWER_GND] of U4 on F.Cu
[unconnected_items]: Missing connection between items
    Local override; error
    @(227.2500 mm, 105.7500 mm): Pad 11 [POWER_GND] of U4 on F.Cu
    @(225.0000 mm, 106.1250 mm): Pad 20 [POWER_GND] of U4 on F.Cu
[unconnected_items]: Missing connection between items
    Local override; error
    @(228.2500 mm, 159.7250 mm): Pad 71 [POWER_GND] of J3 on F.Cu
    @(228.7500 mm, 159.7250 mm): Pad 73 [POWER_GND] of J3 on F.Cu
[unconnected_items]: Missing connection between items
    Local override; error
    @(228.7500 mm, 159.7250 mm): Pad 73 [POWER_GND] of J3 on F.Cu
    @(248.8000 mm, 145.0000 mm): Track [POWER_GND] on B.Cu, length 18.3500 mm
[unconnected_items]: Missing connection between items
    Local override; error
    @(232.7500 mm, 105.7500 mm): Pad 6 [POWER_GND] of U5 on F.Cu
    @(227.2500 mm, 105.7500 mm): Pad 11 [POWER_GND] of U4 on F.Cu
[unconnected_items]: Missing connection between items
    Local override; error
    @(235.0000 mm, 103.8750 mm): Pad 17 [POWER_GND] of U5 on F.Cu
    @(235.0000 mm, 104.6250 mm): Pad 18 [POWER_GND] of U5 on F.Cu
[unconnected_items]: Missing connection between items
    Local override; error
    @(235.0000 mm, 104.6250 mm): Pad 18 [POWER_GND] of U5 on F.Cu
    @(235.0000 mm, 105.3750 mm): Pad 19 [POWER_GND] of U5 on F.Cu
[unconnected_items]: Missing connection between items
    Local override; error
    @(235.0000 mm, 105.3750 mm): Pad 19 [POWER_GND] of U5 on F.Cu
    @(235.0000 mm, 106.1250 mm): Pad 20 [POWER_GND] of U5 on F.Cu
[unconnected_items]: Missing connection between items
    Local override; error
    @(235.0000 mm, 105.3750 mm): Pad 19 [POWER_GND] of U5 on F.Cu
    @(237.2500 mm, 105.7500 mm): Pad 11 [POWER_GND] of U5 on F.Cu
[unconnected_items]: Missing connection between items
    Local override; error
    @(235.0000 mm, 106.1250 mm): Pad 20 [POWER_GND] of U5 on F.Cu
    @(232.7500 mm, 105.7500 mm): Pad 6 [POWER_GND] of U5 on F.Cu
[unconnected_items]: Missing connection between items
    Local override; error
    @(237.2500 mm, 105.7500 mm): Pad 11 [POWER_GND] of U5 on F.Cu
    @(247.0000 mm, 114.0000 mm): Via [POWER_GND] on F.Cu - B.Cu
[unconnected_items]: Missing connection between items
    Local override; error
    @(246.5000 mm, 90.0000 mm): Pad 2 [POWER_GND] of R21 on F.Cu
    @(235.0000 mm, 103.8750 mm): Pad 17 [POWER_GND] of U5 on F.Cu
[unconnected_items]: Missing connection between items
    Local override; error
    @(32.9600 mm, 99.5000 mm): Pad 5 [CM5_GBE_TD3_N] of J7 on F.Cu
    @(47.5000 mm, 88.3850 mm): Pad 7 [CM5_GBE_TD3_N] of U9 on F.Cu
[unconnected_items]: Missing connection between items
    Local override; error
    @(32.9600 mm, 99.5000 mm): Pad 5 [CM5_GBE_TD3_N] of J7 on F.Cu
    @(9.2850 mm, 151.3500 mm): PTH pad 10 [CM5_GBE_TD3_N] of J2
[unconnected_items]: Missing connection between items
    Local override; error
    @(47.5000 mm, 88.3850 mm): Pad 7 [CM5_GBE_TD3_N] of U9 on F.Cu
    @(47.5000 mm, 87.6150 mm): Pad 4 [CM5_GBE_TD3_N] of U9 on F.Cu
[unconnected_items]: Missing connection between items
    Local override; error
    @(32.9600 mm, 99.1000 mm): Pad 3 [CM5_GBE_TD3_P] of J7 on F.Cu
    @(47.0000 mm, 88.3850 mm): Pad 6 [CM5_GBE_TD3_P] of U9 on F.Cu
[unconnected_items]: Missing connection between items
    Local override; error
    @(32.9600 mm, 99.1000 mm): Pad 3 [CM5_GBE_TD3_P] of J7 on F.Cu
    @(10.5550 mm, 153.8900 mm): PTH pad 9 [CM5_GBE_TD3_P] of J2
[unconnected_items]: Missing connection between items
    Local override; error
    @(47.0000 mm, 88.3850 mm): Pad 6 [CM5_GBE_TD3_P] of U9 on F.Cu
    @(47.0000 mm, 87.6150 mm): Pad 5 [CM5_GBE_TD3_P] of U9 on F.Cu
[unconnected_items]: Missing connection between items
    Local override; error
    @(36.0400 mm, 100.7000 mm): Pad 12 [CM5_GBE_TD0_P] of J7 on F.Cu
    @(43.0000 mm, 88.3850 mm): Pad 10 [CM5_GBE_TD0_P] of U6 on F.Cu
[unconnected_items]: Missing connection between items
    Local override; error
    @(36.0400 mm, 100.7000 mm): Pad 12 [CM5_GBE_TD0_P] of J7 on F.Cu
    @(20.7150 mm, 153.8900 mm): PTH pad 1 [CM5_GBE_TD0_P] of J2
[unconnected_items]: Missing connection between items
    Local override; error
    @(43.0000 mm, 88.3850 mm): Pad 10 [CM5_GBE_TD0_P] of U6 on F.Cu
    @(43.0000 mm, 87.6150 mm): Pad 1 [CM5_GBE_TD0_P] of U6 on F.Cu
[unconnected_items]: Missing connection between items
    Local override; error
    @(36.0400 mm, 100.3000 mm): Pad 10 [CM5_GBE_TD0_N] of J7 on F.Cu
    @(42.5000 mm, 88.3850 mm): Pad 9 [CM5_GBE_TD0_N] of U6 on F.Cu
[unconnected_items]: Missing connection between items
    Local override; error
    @(36.0400 mm, 100.3000 mm): Pad 10 [CM5_GBE_TD0_N] of J7 on F.Cu
    @(19.4450 mm, 151.3500 mm): PTH pad 2 [CM5_GBE_TD0_N] of J2
[unconnected_items]: Missing connection between items
    Local override; error
    @(42.5000 mm, 88.3850 mm): Pad 9 [CM5_GBE_TD0_N] of U6 on F.Cu
    @(42.5000 mm, 87.6150 mm): Pad 2 [CM5_GBE_TD0_N] of U6 on F.Cu
[unconnected_items]: Missing connection between items
    Local override; error
    @(36.0400 mm, 99.5000 mm): Pad 6 [CM5_GBE_TD1_N] of J7 on F.Cu
    @(41.5000 mm, 88.3850 mm): Pad 7 [CM5_GBE_TD1_N] of U6 on F.Cu
[unconnected_items]: Missing connection between items
    Local override; error
    @(36.0400 mm, 99.5000 mm): Pad 6 [CM5_GBE_TD1_N] of J7 on F.Cu
    @(14.3650 mm, 151.3500 mm): PTH pad 6 [CM5_GBE_TD1_N] of J2
[unconnected_items]: Missing connection between items
    Local override; error
    @(41.5000 mm, 88.3850 mm): Pad 7 [CM5_GBE_TD1_N] of U6 on F.Cu
    @(41.5000 mm, 87.6150 mm): Pad 4 [CM5_GBE_TD1_N] of U6 on F.Cu
[unconnected_items]: Missing connection between items
    Local override; error
    @(36.0400 mm, 99.1000 mm): Pad 4 [CM5_GBE_TD1_P] of J7 on F.Cu
    @(41.0000 mm, 88.3850 mm): Pad 6 [CM5_GBE_TD1_P] of U6 on F.Cu
[unconnected_items]: Missing connection between items
    Local override; error
    @(36.0400 mm, 99.1000 mm): Pad 4 [CM5_GBE_TD1_P] of J7 on F.Cu
    @(18.1750 mm, 153.8900 mm): PTH pad 3 [CM5_GBE_TD1_P] of J2
[unconnected_items]: Missing connection between items
    Local override; error
    @(41.0000 mm, 88.3850 mm): Pad 6 [CM5_GBE_TD1_P] of U6 on F.Cu
    @(41.0000 mm, 87.6150 mm): Pad 5 [CM5_GBE_TD1_P] of U6 on F.Cu
[unconnected_items]: Missing connection between items
    Local override; error
    @(63.6500 mm, 170.5000 mm): Track [/CORE_CM5/CM5_5V] on F.Cu, length 10.1771 mm
    @(62.7000 mm, 176.2500 mm): Track [/CORE_CM5/CM5_5V] on F.Cu, length 1.3000 mm
[unconnected_items]: Missing connection between items
    Local override; error
    @(148.6500 mm, 160.0000 mm): Pad 1 [/REGULATORS/BRIDGE_1V1] of C26 on F.Cu
    @(148.6500 mm, 168.0000 mm): Pad 1 [/REGULATORS/BRIDGE_1V1] of C34 on F.Cu
[unconnected_items]: Missing connection between items
    Local override; error
    @(156.6500 mm, 160.0000 mm): Pad 1 [/REGULATORS/BRIDGE_1V1] of C27 on F.Cu
    @(148.6500 mm, 160.0000 mm): Pad 1 [/REGULATORS/BRIDGE_1V1] of C26 on F.Cu
[unconnected_items]: Missing connection between items
    Local override; error
    @(156.6500 mm, 160.0000 mm): Pad 1 [/REGULATORS/BRIDGE_1V1] of C27 on F.Cu
    @(156.6500 mm, 168.0000 mm): Pad 1 [/REGULATORS/BRIDGE_1V1] of C35 on F.Cu
[unconnected_items]: Missing connection between items
    Local override; error
    @(156.6500 mm, 168.0000 mm): Pad 1 [/REGULATORS/BRIDGE_1V1] of C35 on F.Cu
    @(164.6500 mm, 168.0000 mm): Pad 1 [/REGULATORS/BRIDGE_1V1] of C36 on F.Cu
[unconnected_items]: Missing connection between items
    Local override; error
    @(164.6500 mm, 160.0000 mm): Pad 1 [/REGULATORS/BRIDGE_1V1] of C28 on F.Cu
    @(164.6500 mm, 168.0000 mm): Pad 1 [/REGULATORS/BRIDGE_1V1] of C36 on F.Cu
[unconnected_items]: Missing connection between items
    Local override; error
    @(164.6500 mm, 160.0000 mm): Pad 1 [/REGULATORS/BRIDGE_1V1] of C28 on F.Cu
    @(172.6500 mm, 160.0000 mm): Pad 1 [/REGULATORS/BRIDGE_1V1] of C29 on F.Cu
[unconnected_items]: Missing connection between items
    Local override; error
    @(164.6500 mm, 168.0000 mm): Pad 1 [/REGULATORS/BRIDGE_1V1] of C36 on F.Cu
    @(172.6500 mm, 168.0000 mm): Pad 1 [/REGULATORS/BRIDGE_1V1] of C37 on F.Cu
[unconnected_items]: Missing connection between items
    Local override; error
    @(172.6500 mm, 168.0000 mm): Pad 1 [/REGULATORS/BRIDGE_1V1] of C37 on F.Cu
    @(180.6500 mm, 168.0000 mm): Pad 1 [/REGULATORS/BRIDGE_1V1] of C38 on F.Cu
[unconnected_items]: Missing connection between items
    Local override; error
    @(180.6500 mm, 168.0000 mm): Pad 1 [/REGULATORS/BRIDGE_1V1] of C38 on F.Cu
    @(188.6500 mm, 168.0000 mm): Pad 1 [/REGULATORS/BRIDGE_1V1] of C39 on F.Cu
[unconnected_items]: Missing connection between items
    Local override; error
    @(188.6500 mm, 168.0000 mm): Pad 1 [/REGULATORS/BRIDGE_1V1] of C39 on F.Cu
    @(196.6500 mm, 168.0000 mm): Pad 1 [/REGULATORS/BRIDGE_1V1] of C40 on F.Cu
[unconnected_items]: Missing connection between items
    Local override; error
    @(196.6500 mm, 168.0000 mm): Pad 1 [/REGULATORS/BRIDGE_1V1] of C40 on F.Cu
    @(204.6500 mm, 168.0000 mm): Pad 1 [/REGULATORS/BRIDGE_1V1] of C41 on F.Cu
[unconnected_items]: Missing connection between items
    Local override; error
    @(204.6500 mm, 168.0000 mm): Pad 1 [/REGULATORS/BRIDGE_1V1] of C41 on F.Cu
    @(250.0000 mm, 139.3500 mm): Pad 1 [/REGULATORS/BRIDGE_1V1] of C46 on F.Cu
[unconnected_items]: Missing connection between items
    Local override; error
    @(232.7500 mm, 107.0000 mm): Pad 8 [/REGULATORS/BRIDGE_1V1] of U5 on F.Cu
    @(232.7500 mm, 105.2500 mm): Pad 5 [/REGULATORS/BRIDGE_1V1] of U5 on F.Cu
[unconnected_items]: Missing connection between items
    Local override; error
    @(232.7500 mm, 107.0000 mm): Pad 8 [/REGULATORS/BRIDGE_1V1] of U5 on F.Cu
    @(237.2500 mm, 107.0000 mm): Pad 9 [/REGULATORS/BRIDGE_1V1] of U5 on F.Cu
[unconnected_items]: Missing connection between items
    Local override; error
    @(237.2500 mm, 107.0000 mm): Pad 9 [/REGULATORS/BRIDGE_1V1] of U5 on F.Cu
    @(239.5000 mm, 115.0000 mm): Pad 1 [/REGULATORS/BRIDGE_1V1] of R22 on F.Cu
[unconnected_items]: Missing connection between items
    Local override; error
    @(242.0000 mm, 118.5000 mm): Pad 1 [/REGULATORS/BRIDGE_1V1] of R19 on F.Cu
    @(239.5000 mm, 115.0000 mm): Pad 1 [/REGULATORS/BRIDGE_1V1] of R22 on F.Cu
[unconnected_items]: Missing connection between items
    Local override; error
    @(250.0000 mm, 129.3500 mm): Pad 1 [/REGULATORS/BRIDGE_1V1] of C44 on F.Cu
    @(258.0000 mm, 129.3500 mm): Pad 1 [/REGULATORS/BRIDGE_1V1] of C45 on F.Cu
[unconnected_items]: Missing connection between items
    Local override; error
    @(250.0000 mm, 129.3500 mm): Pad 1 [/REGULATORS/BRIDGE_1V1] of C44 on F.Cu
    @(242.0000 mm, 118.5000 mm): Pad 1 [/REGULATORS/BRIDGE_1V1] of R19 on F.Cu
[unconnected_items]: Missing connection between items
    Local override; error
    @(250.0000 mm, 139.3500 mm): Pad 1 [/REGULATORS/BRIDGE_1V1] of C46 on F.Cu
    @(258.0000 mm, 139.3500 mm): Pad 1 [/REGULATORS/BRIDGE_1V1] of C47 on F.Cu
[unconnected_items]: Missing connection between items
    Local override; error
    @(250.0000 mm, 139.3500 mm): Pad 1 [/REGULATORS/BRIDGE_1V1] of C46 on F.Cu
    @(250.0000 mm, 129.3500 mm): Pad 1 [/REGULATORS/BRIDGE_1V1] of C44 on F.Cu
[unconnected_items]: Missing connection between items
    Local override; error
    @(92.2000 mm, 123.0000 mm): Pad 38 [BRIDGE_R1] of U7 on F.Cu
    @(137.0000 mm, 122.0000 mm): Pad 1 [BRIDGE_R1] of R24 on F.Cu
[unconnected_items]: Missing connection between items
    Local override; error
    @(92.2000 mm, 123.4000 mm): Pad 39 [BRIDGE_R1RTN] of U7 on F.Cu
    @(138.0000 mm, 122.0000 mm): Pad 2 [BRIDGE_R1RTN] of R24 on F.Cu
[unconnected_items]: Missing connection between items
    Local override; error
    @(130.0000 mm, 117.0000 mm): Pad 1 [VBUS] of R82 on F.Cu
    @(136.3500 mm, 138.0000 mm): Pad 16 [VBUS] of U11 on F.Cu
[unconnected_items]: Missing connection between items
    Local override; error
    @(133.5000 mm, 117.0000 mm): Pad 1 [JMS_VBUS_SENSE] of R83 on F.Cu
    @(131.0000 mm, 117.0000 mm): Pad 2 [JMS_VBUS_SENSE] of R82 on F.Cu
[unconnected_items]: Missing connection between items
    Local override; error
    @(136.3500 mm, 135.6000 mm): Pad 10 [JMS_VBUS_SENSE] of U11 on F.Cu
    @(133.5000 mm, 117.0000 mm): Pad 1 [JMS_VBUS_SENSE] of R83 on F.Cu
[unconnected_items]: Missing connection between items
    Local override; error
    @(125.5000 mm, 145.0000 mm): Pad 2 [STORAGE_3V3] of R81 on F.Cu
    @(153.5000 mm, 136.6000 mm): Pad 13 [STORAGE_3V3] of U12 on F.Cu
[unconnected_items]: Missing connection between items
    Local override; error
    @(153.5000 mm, 136.6000 mm): Pad 13 [STORAGE_3V3] of U12 on F.Cu
    @(156.5000 mm, 135.0000 mm): Pad 30 [STORAGE_3V3] of U12 on F.Cu
[unconnected_items]: Missing connection between items
    Local override; error
    @(154.8000 mm, 139.5000 mm): Pad 20 [STORAGE_3V3] of U12 on F.Cu
    @(153.5000 mm, 136.6000 mm): Pad 13 [STORAGE_3V3] of U12 on F.Cu
[unconnected_items]: Missing connection between items
    Local override; error
    @(178.5000 mm, 133.4000 mm): Pad 5 [STORAGE_3V3] of U13 on F.Cu
    @(156.5000 mm, 135.0000 mm): Pad 30 [STORAGE_3V3] of U12 on F.Cu
[unconnected_items]: Missing connection between items
    Local override; error
    @(178.5000 mm, 136.6000 mm): Pad 13 [STORAGE_3V3] of U13 on F.Cu
    @(179.8000 mm, 139.5000 mm): Pad 20 [STORAGE_3V3] of U13 on F.Cu
[unconnected_items]: Missing connection between items
    Local override; error
    @(178.5000 mm, 136.6000 mm): Pad 13 [STORAGE_3V3] of U13 on F.Cu
    @(178.5000 mm, 133.4000 mm): Pad 5 [STORAGE_3V3] of U13 on F.Cu
[unconnected_items]: Missing connection between items
    Local override; error
    @(181.5000 mm, 135.0000 mm): Pad 30 [STORAGE_3V3] of U13 on F.Cu
    @(178.5000 mm, 133.4000 mm): Pad 5 [STORAGE_3V3] of U13 on F.Cu
[unconnected_items]: Missing connection between items
    Local override; error
    @(211.1000 mm, 149.0500 mm): Pad 5 [STORAGE_3V3] of U14 on F.Cu
    @(179.8000 mm, 139.5000 mm): Pad 20 [STORAGE_3V3] of U13 on F.Cu
[unconnected_items]: Missing connection between items
    Local override; error
    @(178.5000 mm, 134.6000 mm): Pad 8 [JMS_GPIO4_NC] of U13 on F.Cu
    @(136.3500 mm, 134.8000 mm): Pad 8 [JMS_GPIO4_NC] of U11 on F.Cu
[unconnected_items]: Missing connection between items
    Local override; error
    @(212.5000 mm, 167.2750 mm): Pad 8 [JMS_GPIO4_NC] of J3 on F.Cu
    @(178.5000 mm, 134.6000 mm): Pad 8 [JMS_GPIO4_NC] of U13 on F.Cu
[unconnected_items]: Missing connection between items
    Local override; error
    @(178.5000 mm, 135.8000 mm): Pad 11 [M2_PCIE_TXP2] of U13 on F.Cu
    @(216.7500 mm, 159.7250 mm): Pad 25 [M2_PCIE_TXP2] of J3 on F.Cu
[unconnected_items]: Missing connection between items
    Local override; error
    @(178.5000 mm, 136.2000 mm): Pad 12 [M2_PCIE_TXN2] of U13 on F.Cu
    @(216.2500 mm, 159.7250 mm): Pad 23 [M2_PCIE_TXN2] of J3 on F.Cu
[unconnected_items]: Missing connection between items
    Local override; error
    @(178.5000 mm, 137.4000 mm): Pad 15 [M2_PCIE_TXP3] of U13 on F.Cu
    @(213.7500 mm, 159.7250 mm): Pad 13 [M2_PCIE_TXP3] of J3 on F.Cu
[unconnected_items]: Missing connection between items
    Local override; error
    @(178.5000 mm, 137.8000 mm): Pad 16 [M2_PCIE_TXN3] of U13 on F.Cu
    @(213.2500 mm, 159.7250 mm): Pad 11 [M2_PCIE_TXN3] of J3 on F.Cu
[unconnected_items]: Missing connection between items
    Local override; error
    @(155.6000 mm, 139.5000 mm): Pad 18 [NC_18] of U12 on F.Cu
    @(180.6000 mm, 139.5000 mm): Pad 18 [NC_18] of U13 on F.Cu
[unconnected_items]: Missing connection between items
    Local override; error
    @(120.5000 mm, 122.0000 mm): Pad 2 [JMS_PCIE_TXN1] of C93 on F.Cu
    @(181.5000 mm, 137.4000 mm): Pad 24 [JMS_PCIE_TXN1] of U13 on F.Cu
[unconnected_items]: Missing connection between items
    Local override; error
    @(138.0000 mm, 119.5000 mm): Pad 2 [JMS_PCIE_TXP1] of C92 on F.Cu
    @(181.5000 mm, 137.0000 mm): Pad 25 [JMS_PCIE_TXP1] of U13 on F.Cu
[unconnected_items]: Missing connection between items
    Local override; error
    @(181.5000 mm, 136.6000 mm): Pad 26 [NC_26] of U13 on F.Cu
    @(217.0000 mm, 167.2750 mm): Pad 26 [NC_26] of J3 on F.Cu
[unconnected_items]: Missing connection between items
    Local override; error
    @(181.5000 mm, 135.8000 mm): Pad 28 [NC_28] of U13 on F.Cu
    @(217.5000 mm, 167.2750 mm): Pad 28 [NC_28] of J3 on F.Cu
[unconnected_items]: Missing connection between items
    Local override; error
    @(134.5000 mm, 119.5000 mm): Pad 2 [JMS_PCIE_TXN0] of C91 on F.Cu
    @(181.5000 mm, 133.8000 mm): Pad 33 [JMS_PCIE_TXN0] of U13 on F.Cu
[unconnected_items]: Missing connection between items
    Local override; error
    @(131.0000 mm, 119.5000 mm): Pad 2 [JMS_PCIE_TXP0] of C90 on F.Cu
    @(181.5000 mm, 133.4000 mm): Pad 34 [JMS_PCIE_TXP0] of U13 on F.Cu
[unconnected_items]: Missing connection between items
    Local override; error
    @(154.4000 mm, 130.5000 mm): Pad 39 [NC_39] of U12 on F.Cu
    @(179.4000 mm, 130.5000 mm): Pad 39 [NC_39] of U13 on F.Cu
[unconnected_items]: Missing connection between items
    Local override; error
    @(137.0000 mm, 131.4000 mm): Pad 49 [JMS_AVDDL] of U11 on F.Cu
    @(143.6500 mm, 132.8000 mm): Pad 46 [JMS_AVDDL] of U11 on F.Cu
[unconnected_items]: Missing connection between items
    Local override; error
    @(139.8000 mm, 138.6000 mm): Pad 25 [JMS_AVDDL] of U11 on F.Cu
    @(137.8000 mm, 138.6000 mm): Pad 30 [JMS_AVDDL] of U11 on F.Cu
[unconnected_items]: Missing connection between items
    Local override; error
    @(141.8000 mm, 138.6000 mm): Track [JMS_AVDDL] on F.Cu, length 15.2266 mm
    @(139.8000 mm, 138.6000 mm): Pad 25 [JMS_AVDDL] of U11 on F.Cu
[unconnected_items]: Missing connection between items
    Local override; error
    @(143.6500 mm, 134.0000 mm): Pad 43 [JMS_AVDDL] of U11 on F.Cu
    @(143.6500 mm, 135.2000 mm): Pad 40 [JMS_AVDDL] of U11 on F.Cu
[unconnected_items]: Missing connection between items
    Local override; error
    @(143.6500 mm, 134.0000 mm): Pad 43 [JMS_AVDDL] of U11 on F.Cu
    @(143.6500 mm, 132.8000 mm): Pad 46 [JMS_AVDDL] of U11 on F.Cu
[unconnected_items]: Missing connection between items
    Local override; error
    @(143.6500 mm, 135.2000 mm): Pad 40 [JMS_AVDDL] of U11 on F.Cu
    @(143.6500 mm, 136.8000 mm): Pad 36 [JMS_AVDDL] of U11 on F.Cu
[unconnected_items]: Missing connection between items
    Local override; error
    @(143.6500 mm, 136.8000 mm): Pad 36 [JMS_AVDDL] of U11 on F.Cu
    @(143.6500 mm, 138.0000 mm): Pad 33 [JMS_AVDDL] of U11 on F.Cu
[unconnected_items]: Missing connection between items
    Local override; error
    @(143.6500 mm, 138.0000 mm): Pad 33 [JMS_AVDDL] of U11 on F.Cu
    @(141.8000 mm, 138.6000 mm): Track [JMS_AVDDL] on F.Cu, length 15.2266 mm
[unconnected_items]: Missing connection between items
    Local override; error
    @(156.5000 mm, 132.6000 mm): Pad 36 [JMS_AVDDL] of U12 on F.Cu
    @(154.8000 mm, 130.5000 mm): Pad 40 [JMS_AVDDL] of U12 on F.Cu
[unconnected_items]: Missing connection between items
    Local override; error
    @(156.5000 mm, 132.6000 mm): Pad 36 [JMS_AVDDL] of U12 on F.Cu
    @(154.5000 mm, 142.0000 mm): Track [JMS_AVDDL] on F.Cu, length 5.0000 mm
[unconnected_items]: Missing connection between items
    Local override; error
    @(179.8000 mm, 130.5000 mm): Pad 40 [JMS_AVDDL] of U13 on F.Cu
    @(156.5000 mm, 132.6000 mm): Pad 36 [JMS_AVDDL] of U12 on F.Cu
[unconnected_items]: Missing connection between items
    Local override; error
    @(179.8000 mm, 130.5000 mm): Pad 40 [JMS_AVDDL] of U13 on F.Cu
    @(215.5000 mm, 167.2750 mm): Pad 20 [JMS_AVDDL] of J3 on F.Cu
[unconnected_items]: Missing connection between items
    Local override; error
    @(215.5000 mm, 167.2750 mm): Pad 20 [JMS_AVDDL] of J3 on F.Cu
    @(218.0000 mm, 167.2750 mm): Pad 30 [JMS_AVDDL] of J3 on F.Cu
[unconnected_items]: Missing connection between items
    Local override; error
    @(218.0000 mm, 167.2750 mm): Pad 30 [JMS_AVDDL] of J3 on F.Cu
    @(219.5000 mm, 167.2750 mm): Pad 36 [JMS_AVDDL] of J3 on F.Cu
[unconnected_items]: Missing connection between items
    Local override; error
    @(219.5000 mm, 167.2750 mm): Pad 36 [JMS_AVDDL] of J3 on F.Cu
    @(220.5000 mm, 167.2750 mm): Pad 40 [JMS_AVDDL] of J3 on F.Cu
[unconnected_items]: Missing connection between items
    Local override; error
    @(220.5000 mm, 167.2750 mm): Pad 40 [JMS_AVDDL] of J3 on F.Cu
    @(222.0000 mm, 167.2750 mm): Pad 46 [JMS_AVDDL] of J3 on F.Cu
[unconnected_items]: Missing connection between items
    Local override; error
    @(155.2000 mm, 130.5000 mm): Pad 41 [NC_41] of U12 on F.Cu
    @(180.2000 mm, 130.5000 mm): Pad 41 [NC_41] of U13 on F.Cu
[unconnected_items]: Missing connection between items
    Local override; error
    @(180.6000 mm, 130.5000 mm): Pad 42 [NC_42] of U13 on F.Cu
    @(155.6000 mm, 130.5000 mm): Pad 42 [NC_42] of U12 on F.Cu
[unconnected_items]: Missing connection between items
    Local override; error
    @(221.0000 mm, 167.2750 mm): Pad 42 [NC_42] of J3 on F.Cu
    @(180.6000 mm, 130.5000 mm): Pad 42 [NC_42] of U13 on F.Cu
[unconnected_items]: Missing connection between items
    Local override; error
    @(10.0000 mm, 108.0000 mm): PTH pad 2 [12V_PROTECTED] of Q2
    @(18.5500 mm, 96.4500 mm): Pad 4 [12V_PROTECTED] of U2 on F.Cu
[unconnected_items]: Missing connection between items
    Local override; error
    @(18.5500 mm, 76.4500 mm): Pad 4 [12V_PROTECTED] of U1 on F.Cu
    @(18.5500 mm, 96.4500 mm): Pad 4 [12V_PROTECTED] of U2 on F.Cu
[unconnected_items]: Missing connection between items
    Local override; error
    @(18.5500 mm, 96.4500 mm): Pad 4 [12V_PROTECTED] of U2 on F.Cu
    @(68.9000 mm, 120.0000 mm): Pad 1 [12V_PROTECTED] of C14 on F.Cu
[unconnected_items]: Missing connection between items
    Local override; error
    @(30.0000 mm, 78.0000 mm): PTH pad 2 [12V_PROTECTED] of Q1
    @(18.5500 mm, 76.4500 mm): Pad 4 [12V_PROTECTED] of U1 on F.Cu
[unconnected_items]: Missing connection between items
    Local override; error
    @(62.2500 mm, 162.0000 mm): Track [12V_PROTECTED] on F.Cu, length 1.0000 mm
    @(62.2500 mm, 164.2500 mm): Pad 14 [12V_PROTECTED] of U3 on F.Cu
[unconnected_items]: Missing connection between items
    Local override; error
    @(62.2500 mm, 164.2500 mm): Pad 14 [12V_PROTECTED] of U3 on F.Cu
    @(118.9000 mm, 170.0000 mm): Pad 1 [12V_PROTECTED] of C23 on F.Cu
[unconnected_items]: Missing connection between items
    Local override; error
    @(68.9000 mm, 120.0000 mm): Pad 1 [12V_PROTECTED] of C14 on F.Cu
    @(53.1000 mm, 162.0000 mm): Track [12V_PROTECTED] on F.Cu, length 9.1500 mm
[unconnected_items]: Missing connection between items
    Local override; error
    @(76.9000 mm, 120.0000 mm): Pad 1 [12V_PROTECTED] of C15 on F.Cu
    @(68.9000 mm, 120.0000 mm): Pad 1 [12V_PROTECTED] of C14 on F.Cu
[unconnected_items]: Missing connection between items
    Local override; error
    @(76.9000 mm, 120.0000 mm): Pad 1 [12V_PROTECTED] of C15 on F.Cu
    @(125.2350 mm, 95.7150 mm): Pad K40 [12V_PROTECTED] of J1 on F.Cu
[unconnected_items]: Missing connection between items
    Local override; error
    @(118.9000 mm, 170.0000 mm): Pad 1 [12V_PROTECTED] of C23 on F.Cu
    @(127.0500 mm, 170.0000 mm): Pad 1 [12V_PROTECTED] of C24 on F.Cu
[unconnected_items]: Missing connection between items
    Local override; error
    @(125.2350 mm, 85.5550 mm): Pad B40 [12V_PROTECTED] of J1 on F.Cu
    @(125.2350 mm, 84.2850 mm): Pad A40 [12V_PROTECTED] of J1 on F.Cu
[unconnected_items]: Missing connection between items
    Local override; error
    @(125.2350 mm, 86.8250 mm): Pad C40 [12V_PROTECTED] of J1 on F.Cu
    @(125.2350 mm, 85.5550 mm): Pad B40 [12V_PROTECTED] of J1 on F.Cu
[unconnected_items]: Missing connection between items
    Local override; error
    @(125.2350 mm, 88.0950 mm): Pad D40 [12V_PROTECTED] of J1 on F.Cu
    @(125.2350 mm, 86.8250 mm): Pad C40 [12V_PROTECTED] of J1 on F.Cu
[unconnected_items]: Missing connection between items
    Local override; error
    @(125.2350 mm, 89.3650 mm): Pad E40 [12V_PROTECTED] of J1 on F.Cu
    @(125.2350 mm, 88.0950 mm): Pad D40 [12V_PROTECTED] of J1 on F.Cu
[unconnected_items]: Missing connection between items
    Local override; error
    @(125.2350 mm, 90.6350 mm): Pad F40 [12V_PROTECTED] of J1 on F.Cu
    @(125.2350 mm, 89.3650 mm): Pad E40 [12V_PROTECTED] of J1 on F.Cu
[unconnected_items]: Missing connection between items
    Local override; error
    @(125.2350 mm, 91.9050 mm): Pad G40 [12V_PROTECTED] of J1 on F.Cu
    @(125.2350 mm, 90.6350 mm): Pad F40 [12V_PROTECTED] of J1 on F.Cu
[unconnected_items]: Missing connection between items
    Local override; error
    @(125.2350 mm, 93.1750 mm): Pad H40 [12V_PROTECTED] of J1 on F.Cu
    @(125.2350 mm, 91.9050 mm): Pad G40 [12V_PROTECTED] of J1 on F.Cu
[unconnected_items]: Missing connection between items
    Local override; error
    @(125.2350 mm, 94.4450 mm): Pad J40 [12V_PROTECTED] of J1 on F.Cu
    @(125.2350 mm, 93.1750 mm): Pad H40 [12V_PROTECTED] of J1 on F.Cu
[unconnected_items]: Missing connection between items
    Local override; error
    @(125.2350 mm, 94.4450 mm): Pad J40 [12V_PROTECTED] of J1 on F.Cu
    @(127.7750 mm, 94.4450 mm): Pad J38 [12V_PROTECTED] of J1 on F.Cu
[unconnected_items]: Missing connection between items
    Local override; error
    @(125.2350 mm, 95.7150 mm): Pad K40 [12V_PROTECTED] of J1 on F.Cu
    @(125.2350 mm, 94.4450 mm): Pad J40 [12V_PROTECTED] of J1 on F.Cu
[unconnected_items]: Missing connection between items
    Local override; error
    @(127.0500 mm, 170.0000 mm): Pad 1 [12V_PROTECTED] of C24 on F.Cu
    @(134.9000 mm, 170.0000 mm): Pad 1 [12V_PROTECTED] of C25 on F.Cu
[unconnected_items]: Missing connection between items
    Local override; error
    @(127.7750 mm, 84.2850 mm): Pad A38 [12V_PROTECTED] of J1 on F.Cu
    @(129.0450 mm, 84.2850 mm): Pad A37 [12V_PROTECTED] of J1 on F.Cu
[unconnected_items]: Missing connection between items
    Local override; error
    @(127.7750 mm, 85.5550 mm): Pad B38 [12V_PROTECTED] of J1 on F.Cu
    @(127.7750 mm, 84.2850 mm): Pad A38 [12V_PROTECTED] of J1 on F.Cu
[unconnected_items]: Missing connection between items
    Local override; error
    @(127.7750 mm, 86.8250 mm): Pad C38 [12V_PROTECTED] of J1 on F.Cu
    @(129.0450 mm, 86.8250 mm): Pad C37 [12V_PROTECTED] of J1 on F.Cu
[unconnected_items]: Missing connection between items
    Local override; error
    @(127.7750 mm, 89.3650 mm): Pad E38 [12V_PROTECTED] of J1 on F.Cu
    @(127.7750 mm, 90.6350 mm): Pad F38 [12V_PROTECTED] of J1 on F.Cu
[unconnected_items]: Missing connection between items
    Local override; error
    @(127.7750 mm, 89.3650 mm): Pad E38 [12V_PROTECTED] of J1 on F.Cu
    @(127.7750 mm, 88.0950 mm): Pad D38 [12V_PROTECTED] of J1 on F.Cu
[unconnected_items]: Missing connection between items
    Local override; error
    @(127.7750 mm, 90.6350 mm): Pad F38 [12V_PROTECTED] of J1 on F.Cu
    @(129.0450 mm, 90.6350 mm): Pad F37 [12V_PROTECTED] of J1 on F.Cu
[unconnected_items]: Missing connection between items
    Local override; error
    @(127.7750 mm, 91.9050 mm): Pad G38 [12V_PROTECTED] of J1 on F.Cu
    @(127.7750 mm, 90.6350 mm): Pad F38 [12V_PROTECTED] of J1 on F.Cu
[unconnected_items]: Missing connection between items
    Local override; error
    @(127.7750 mm, 93.1750 mm): Pad H38 [12V_PROTECTED] of J1 on F.Cu
    @(129.0450 mm, 93.1750 mm): Pad H37 [12V_PROTECTED] of J1 on F.Cu
[unconnected_items]: Missing connection between items
    Local override; error
    @(129.0450 mm, 85.5550 mm): Pad B37 [12V_PROTECTED] of J1 on F.Cu
    @(127.7750 mm, 85.5550 mm): Pad B38 [12V_PROTECTED] of J1 on F.Cu
[unconnected_items]: Missing connection between items
    Local override; error
    @(129.0450 mm, 86.8250 mm): Pad C37 [12V_PROTECTED] of J1 on F.Cu
    @(129.0450 mm, 85.5550 mm): Pad B37 [12V_PROTECTED] of J1 on F.Cu
[unconnected_items]: Missing connection between items
    Local override; error
    @(129.0450 mm, 88.0950 mm): Pad D37 [12V_PROTECTED] of J1 on F.Cu
    @(129.0450 mm, 86.8250 mm): Pad C37 [12V_PROTECTED] of J1 on F.Cu
[unconnected_items]: Missing connection between items
    Local override; error
    @(129.0450 mm, 88.0950 mm): Pad D37 [12V_PROTECTED] of J1 on F.Cu
    @(129.0450 mm, 89.3650 mm): Pad E37 [12V_PROTECTED] of J1 on F.Cu
[unconnected_items]: Missing connection between items
    Local override; error
    @(129.0450 mm, 89.3650 mm): Pad E37 [12V_PROTECTED] of J1 on F.Cu
    @(129.0450 mm, 90.6350 mm): Pad F37 [12V_PROTECTED] of J1 on F.Cu
[unconnected_items]: Missing connection between items
    Local override; error
    @(129.0450 mm, 91.9050 mm): Pad G37 [12V_PROTECTED] of J1 on F.Cu
    @(127.7750 mm, 91.9050 mm): Pad G38 [12V_PROTECTED] of J1 on F.Cu
[unconnected_items]: Missing connection between items
    Local override; error
    @(129.0450 mm, 93.1750 mm): Pad H37 [12V_PROTECTED] of J1 on F.Cu
    @(129.0450 mm, 94.4450 mm): Pad J37 [12V_PROTECTED] of J1 on F.Cu
[unconnected_items]: Missing connection between items
    Local override; error
    @(129.0450 mm, 93.1750 mm): Pad H37 [12V_PROTECTED] of J1 on F.Cu
    @(129.0450 mm, 91.9050 mm): Pad G37 [12V_PROTECTED] of J1 on F.Cu
[unconnected_items]: Missing connection between items
    Local override; error
    @(129.0450 mm, 94.4450 mm): Pad J37 [12V_PROTECTED] of J1 on F.Cu
    @(129.0450 mm, 95.7150 mm): Pad K37 [12V_PROTECTED] of J1 on F.Cu
[unconnected_items]: Missing connection between items
    Local override; error
    @(129.0450 mm, 94.4450 mm): Pad J37 [12V_PROTECTED] of J1 on F.Cu
    @(127.7750 mm, 94.4450 mm): Pad J38 [12V_PROTECTED] of J1 on F.Cu
[unconnected_items]: Missing connection between items
    Local override; error
    @(129.0450 mm, 95.7150 mm): Pad K37 [12V_PROTECTED] of J1 on F.Cu
    @(127.7750 mm, 95.7150 mm): Pad K38 [12V_PROTECTED] of J1 on F.Cu
[unconnected_items]: Missing connection between items
    Local override; error
    @(131.5850 mm, 84.2850 mm): Pad A35 [12V_PROTECTED] of J1 on F.Cu
    @(132.8550 mm, 84.2850 mm): Pad A34 [12V_PROTECTED] of J1 on F.Cu
[unconnected_items]: Missing connection between items
    Local override; error
    @(131.5850 mm, 85.5550 mm): Pad B35 [12V_PROTECTED] of J1 on F.Cu
    @(132.8550 mm, 85.5550 mm): Pad B34 [12V_PROTECTED] of J1 on F.Cu
[unconnected_items]: Missing connection between items
    Local override; error
    @(131.5850 mm, 86.8250 mm): Pad C35 [12V_PROTECTED] of J1 on F.Cu
    @(131.5850 mm, 85.5550 mm): Pad B35 [12V_PROTECTED] of J1 on F.Cu
[unconnected_items]: Missing connection between items
    Local override; error
    @(131.5850 mm, 86.8250 mm): Pad C35 [12V_PROTECTED] of J1 on F.Cu
    @(129.0450 mm, 86.8250 mm): Pad C37 [12V_PROTECTED] of J1 on F.Cu
[unconnected_items]: Missing connection between items
    Local override; error
    @(131.5850 mm, 89.3650 mm): Pad E35 [12V_PROTECTED] of J1 on F.Cu
    @(131.5850 mm, 88.0950 mm): Pad D35 [12V_PROTECTED] of J1 on F.Cu
[unconnected_items]: Missing connection between items
    Local override; error
    @(131.5850 mm, 91.9050 mm): Pad G35 [12V_PROTECTED] of J1 on F.Cu
    @(131.5850 mm, 90.6350 mm): Pad F35 [12V_PROTECTED] of J1 on F.Cu
[unconnected_items]: Missing connection between items
    Local override; error
    @(131.5850 mm, 93.1750 mm): Pad H35 [12V_PROTECTED] of J1 on F.Cu
    @(131.5850 mm, 91.9050 mm): Pad G35 [12V_PROTECTED] of J1 on F.Cu
[unconnected_items]: Missing connection between items
    Local override; error
    @(131.5850 mm, 93.1750 mm): Pad H35 [12V_PROTECTED] of J1 on F.Cu
    @(131.5850 mm, 94.4450 mm): Pad J35 [12V_PROTECTED] of J1 on F.Cu
[unconnected_items]: Missing connection between items
    Local override; error
    @(131.5850 mm, 93.1750 mm): Pad H35 [12V_PROTECTED] of J1 on F.Cu
    @(132.8550 mm, 93.1750 mm): Pad H34 [12V_PROTECTED] of J1 on F.Cu
[unconnected_items]: Missing connection between items
    Local override; error
    @(131.5850 mm, 94.4450 mm): Pad J35 [12V_PROTECTED] of J1 on F.Cu
    @(131.5850 mm, 95.7150 mm): Pad K35 [12V_PROTECTED] of J1 on F.Cu
[unconnected_items]: Missing connection between items
    Local override; error
    @(131.5850 mm, 94.4450 mm): Pad J35 [12V_PROTECTED] of J1 on F.Cu
    @(132.8550 mm, 94.4450 mm): Pad J34 [12V_PROTECTED] of J1 on F.Cu
[unconnected_items]: Missing connection between items
    Local override; error
    @(132.8550 mm, 84.2850 mm): Pad A34 [12V_PROTECTED] of J1 on F.Cu
    @(132.8550 mm, 85.5550 mm): Pad B34 [12V_PROTECTED] of J1 on F.Cu
[unconnected_items]: Missing connection between items
    Local override; error
    @(132.8550 mm, 86.8250 mm): Pad C34 [12V_PROTECTED] of J1 on F.Cu
    @(132.8550 mm, 88.0950 mm): Pad D34 [12V_PROTECTED] of J1 on F.Cu
[unconnected_items]: Missing connection between items
    Local override; error
    @(132.8550 mm, 86.8250 mm): Pad C34 [12V_PROTECTED] of J1 on F.Cu
    @(131.5850 mm, 86.8250 mm): Pad C35 [12V_PROTECTED] of J1 on F.Cu
[unconnected_items]: Missing connection between items
    Local override; error
    @(132.8550 mm, 88.0950 mm): Pad D34 [12V_PROTECTED] of J1 on F.Cu
    @(132.8550 mm, 89.3650 mm): Pad E34 [12V_PROTECTED] of J1 on F.Cu
[unconnected_items]: Missing connection between items
    Local override; error
    @(132.8550 mm, 89.3650 mm): Pad E34 [12V_PROTECTED] of J1 on F.Cu
    @(131.5850 mm, 89.3650 mm): Pad E35 [12V_PROTECTED] of J1 on F.Cu
[unconnected_items]: Missing connection between items
    Local override; error
    @(132.8550 mm, 90.6350 mm): Pad F34 [12V_PROTECTED] of J1 on F.Cu
    @(132.8550 mm, 89.3650 mm): Pad E34 [12V_PROTECTED] of J1 on F.Cu
[unconnected_items]: Missing connection between items
    Local override; error
    @(132.8550 mm, 90.6350 mm): Pad F34 [12V_PROTECTED] of J1 on F.Cu
    @(132.8550 mm, 91.9050 mm): Pad G34 [12V_PROTECTED] of J1 on F.Cu
[unconnected_items]: Missing connection between items
    Local override; error
    @(132.8550 mm, 91.9050 mm): Pad G34 [12V_PROTECTED] of J1 on F.Cu
    @(132.8550 mm, 93.1750 mm): Pad H34 [12V_PROTECTED] of J1 on F.Cu
[unconnected_items]: Missing connection between items
    Local override; error
    @(132.8550 mm, 95.7150 mm): Pad K34 [12V_PROTECTED] of J1 on F.Cu
    @(131.5850 mm, 95.7150 mm): Pad K35 [12V_PROTECTED] of J1 on F.Cu
[unconnected_items]: Missing connection between items
    Local override; error
    @(135.3950 mm, 85.5550 mm): Pad B32 [12V_PROTECTED] of J1 on F.Cu
    @(135.3950 mm, 84.2850 mm): Pad A32 [12V_PROTECTED] of J1 on F.Cu
[unconnected_items]: Missing connection between items
    Local override; error
    @(135.3950 mm, 89.3650 mm): Pad E32 [12V_PROTECTED] of J1 on F.Cu
    @(135.3950 mm, 90.6350 mm): Pad F32 [12V_PROTECTED] of J1 on F.Cu
[unconnected_items]: Missing connection between items
    Local override; error
    @(135.3950 mm, 90.6350 mm): Pad F32 [12V_PROTECTED] of J1 on F.Cu
    @(135.3950 mm, 91.9050 mm): Pad G32 [12V_PROTECTED] of J1 on F.Cu
[unconnected_items]: Missing connection between items
    Local override; error
    @(135.3950 mm, 90.6350 mm): Pad F32 [12V_PROTECTED] of J1 on F.Cu
    @(136.6650 mm, 90.6350 mm): Pad F31 [12V_PROTECTED] of J1 on F.Cu
[unconnected_items]: Missing connection between items
    Local override; error
    @(135.3950 mm, 91.9050 mm): Pad G32 [12V_PROTECTED] of J1 on F.Cu
    @(136.6650 mm, 91.9050 mm): Pad G31 [12V_PROTECTED] of J1 on F.Cu
[unconnected_items]: Missing connection between items
    Local override; error
    @(135.3950 mm, 91.9050 mm): Pad G32 [12V_PROTECTED] of J1 on F.Cu
    @(135.3950 mm, 93.1750 mm): Pad H32 [12V_PROTECTED] of J1 on F.Cu
[unconnected_items]: Missing connection between items
    Local override; error
    @(135.3950 mm, 91.9050 mm): Pad G32 [12V_PROTECTED] of J1 on F.Cu
    @(132.8550 mm, 91.9050 mm): Pad G34 [12V_PROTECTED] of J1 on F.Cu
[unconnected_items]: Missing connection between items
    Local override; error
    @(135.3950 mm, 93.1750 mm): Pad H32 [12V_PROTECTED] of J1 on F.Cu
    @(136.6650 mm, 93.1750 mm): Pad H31 [12V_PROTECTED] of J1 on F.Cu
[unconnected_items]: Missing connection between items
    Local override; error
    @(135.3950 mm, 94.4450 mm): Pad J32 [12V_PROTECTED] of J1 on F.Cu
    @(135.3950 mm, 93.1750 mm): Pad H32 [12V_PROTECTED] of J1 on F.Cu
[unconnected_items]: Missing connection between items
    Local override; error
    @(135.3950 mm, 94.4450 mm): Pad J32 [12V_PROTECTED] of J1 on F.Cu
    @(136.6650 mm, 94.4450 mm): Pad J31 [12V_PROTECTED] of J1 on F.Cu
[unconnected_items]: Missing connection between items
    Local override; error
    @(135.3950 mm, 94.4450 mm): Pad J32 [12V_PROTECTED] of J1 on F.Cu
    @(135.3950 mm, 95.7150 mm): Pad K32 [12V_PROTECTED] of J1 on F.Cu
[unconnected_items]: Missing connection between items
    Local override; error
    @(136.6650 mm, 84.2850 mm): Pad A31 [12V_PROTECTED] of J1 on F.Cu
    @(136.6650 mm, 85.5550 mm): Pad B31 [12V_PROTECTED] of J1 on F.Cu
[unconnected_items]: Missing connection between items
    Local override; error
    @(136.6650 mm, 84.2850 mm): Pad A31 [12V_PROTECTED] of J1 on F.Cu
    @(135.3950 mm, 84.2850 mm): Pad A32 [12V_PROTECTED] of J1 on F.Cu
[unconnected_items]: Missing connection between items
    Local override; error
    @(136.6650 mm, 85.5550 mm): Pad B31 [12V_PROTECTED] of J1 on F.Cu
    @(136.6650 mm, 86.8250 mm): Pad C31 [12V_PROTECTED] of J1 on F.Cu
[unconnected_items]: Missing connection between items
    Local override; error
    @(136.6650 mm, 86.8250 mm): Pad C31 [12V_PROTECTED] of J1 on F.Cu
    @(136.6650 mm, 88.0950 mm): Pad D31 [12V_PROTECTED] of J1 on F.Cu
[unconnected_items]: Missing connection between items
    Local override; error
    @(136.6650 mm, 86.8250 mm): Pad C31 [12V_PROTECTED] of J1 on F.Cu
    @(135.3950 mm, 86.8250 mm): Pad C32 [12V_PROTECTED] of J1 on F.Cu
[unconnected_items]: Missing connection between items
    Local override; error
    @(136.6650 mm, 88.0950 mm): Pad D31 [12V_PROTECTED] of J1 on F.Cu
    @(136.6650 mm, 89.3650 mm): Pad E31 [12V_PROTECTED] of J1 on F.Cu
[unconnected_items]: Missing connection between items
    Local override; error
    @(136.6650 mm, 88.0950 mm): Pad D31 [12V_PROTECTED] of J1 on F.Cu
    @(135.3950 mm, 88.0950 mm): Pad D32 [12V_PROTECTED] of J1 on F.Cu
[unconnected_items]: Missing connection between items
    Local override; error
    @(136.6650 mm, 89.3650 mm): Pad E31 [12V_PROTECTED] of J1 on F.Cu
    @(136.6650 mm, 90.6350 mm): Pad F31 [12V_PROTECTED] of J1 on F.Cu
[unconnected_items]: Missing connection between items
    Local override; error
    @(136.6650 mm, 90.6350 mm): Pad F31 [12V_PROTECTED] of J1 on F.Cu
    @(139.2050 mm, 90.6350 mm): Pad F29 [12V_PROTECTED] of J1 on F.Cu
[unconnected_items]: Missing connection between items
    Local override; error
    @(136.6650 mm, 95.7150 mm): Pad K31 [12V_PROTECTED] of J1 on F.Cu
    @(135.3950 mm, 95.7150 mm): Pad K32 [12V_PROTECTED] of J1 on F.Cu
[unconnected_items]: Missing connection between items
    Local override; error
    @(139.2050 mm, 85.5550 mm): Pad B29 [12V_PROTECTED] of J1 on F.Cu
    @(139.2050 mm, 84.2850 mm): Pad A29 [12V_PROTECTED] of J1 on F.Cu
[unconnected_items]: Missing connection between items
    Local override; error
    @(139.2050 mm, 86.8250 mm): Pad C29 [12V_PROTECTED] of J1 on F.Cu
    @(139.2050 mm, 85.5550 mm): Pad B29 [12V_PROTECTED] of J1 on F.Cu
[unconnected_items]: Missing connection between items
    Local override; error
    @(139.2050 mm, 90.6350 mm): Pad F29 [12V_PROTECTED] of J1 on F.Cu
    @(139.2050 mm, 89.3650 mm): Pad E29 [12V_PROTECTED] of J1 on F.Cu
[unconnected_items]: Missing connection between items
    Local override; error
    @(139.2050 mm, 91.9050 mm): Pad G29 [12V_PROTECTED] of J1 on F.Cu
    @(139.2050 mm, 90.6350 mm): Pad F29 [12V_PROTECTED] of J1 on F.Cu
[unconnected_items]: Missing connection between items
    Local override; error
    @(139.2050 mm, 93.1750 mm): Pad H29 [12V_PROTECTED] of J1 on F.Cu
    @(140.4750 mm, 93.1750 mm): Pad H28 [12V_PROTECTED] of J1 on F.Cu
[unconnected_items]: Missing connection between items
    Local override; error
    @(139.2050 mm, 93.1750 mm): Pad H29 [12V_PROTECTED] of J1 on F.Cu
    @(139.2050 mm, 94.4450 mm): Pad J29 [12V_PROTECTED] of J1 on F.Cu
[unconnected_items]: Missing connection between items
    Local override; error
    @(140.4750 mm, 85.5550 mm): Pad B28 [12V_PROTECTED] of J1 on F.Cu
    @(140.4750 mm, 84.2850 mm): Pad A28 [12V_PROTECTED] of J1 on F.Cu
[unconnected_items]: Missing connection between items
    Local override; error
    @(140.4750 mm, 85.5550 mm): Pad B28 [12V_PROTECTED] of J1 on F.Cu
    @(139.2050 mm, 85.5550 mm): Pad B29 [12V_PROTECTED] of J1 on F.Cu
[unconnected_items]: Missing connection between items
    Local override; error
    @(140.4750 mm, 86.8250 mm): Pad C28 [12V_PROTECTED] of J1 on F.Cu
    @(139.2050 mm, 86.8250 mm): Pad C29 [12V_PROTECTED] of J1 on F.Cu
[unconnected_items]: Missing connection between items
    Local override; error
    @(140.4750 mm, 88.0950 mm): Pad D28 [12V_PROTECTED] of J1 on F.Cu
    @(140.4750 mm, 86.8250 mm): Pad C28 [12V_PROTECTED] of J1 on F.Cu
[unconnected_items]: Missing connection between items
    Local override; error
    @(140.4750 mm, 88.0950 mm): Pad D28 [12V_PROTECTED] of J1 on F.Cu
    @(139.2050 mm, 88.0950 mm): Pad D29 [12V_PROTECTED] of J1 on F.Cu
[unconnected_items]: Missing connection between items
    Local override; error
    @(140.4750 mm, 89.3650 mm): Pad E28 [12V_PROTECTED] of J1 on F.Cu
    @(140.4750 mm, 88.0950 mm): Pad D28 [12V_PROTECTED] of J1 on F.Cu
[unconnected_items]: Missing connection between items
    Local override; error
    @(140.4750 mm, 89.3650 mm): Pad E28 [12V_PROTECTED] of J1 on F.Cu
    @(140.4750 mm, 90.6350 mm): Pad F28 [12V_PROTECTED] of J1 on F.Cu
[unconnected_items]: Missing connection between items
    Local override; error
    @(140.4750 mm, 89.3650 mm): Pad E28 [12V_PROTECTED] of J1 on F.Cu
    @(139.2050 mm, 89.3650 mm): Pad E29 [12V_PROTECTED] of J1 on F.Cu
[unconnected_items]: Missing connection between items
    Local override; error
    @(140.4750 mm, 90.6350 mm): Pad F28 [12V_PROTECTED] of J1 on F.Cu
    @(140.4750 mm, 91.9050 mm): Pad G28 [12V_PROTECTED] of J1 on F.Cu
[unconnected_items]: Missing connection between items
    Local override; error
    @(140.4750 mm, 91.9050 mm): Pad G28 [12V_PROTECTED] of J1 on F.Cu
    @(140.4750 mm, 93.1750 mm): Pad H28 [12V_PROTECTED] of J1 on F.Cu
[unconnected_items]: Missing connection between items
    Local override; error
    @(140.4750 mm, 93.1750 mm): Pad H28 [12V_PROTECTED] of J1 on F.Cu
    @(140.4750 mm, 94.4450 mm): Pad J28 [12V_PROTECTED] of J1 on F.Cu
[unconnected_items]: Missing connection between items
    Local override; error
    @(140.4750 mm, 94.4450 mm): Pad J28 [12V_PROTECTED] of J1 on F.Cu
    @(140.4750 mm, 95.7150 mm): Pad K28 [12V_PROTECTED] of J1 on F.Cu
[unconnected_items]: Missing connection between items
    Local override; error
    @(140.4750 mm, 95.7150 mm): Pad K28 [12V_PROTECTED] of J1 on F.Cu
    @(139.2050 mm, 95.7150 mm): Pad K29 [12V_PROTECTED] of J1 on F.Cu
[unconnected_items]: Missing connection between items
    Local override; error
    @(143.0150 mm, 85.5550 mm): Pad B26 [12V_PROTECTED] of J1 on F.Cu
    @(143.0150 mm, 86.8250 mm): Pad C26 [12V_PROTECTED] of J1 on F.Cu
[unconnected_items]: Missing connection between items
    Local override; error
    @(143.0150 mm, 85.5550 mm): Pad B26 [12V_PROTECTED] of J1 on F.Cu
    @(143.0150 mm, 84.2850 mm): Pad A26 [12V_PROTECTED] of J1 on F.Cu
[unconnected_items]: Missing connection between items
    Local override; error
    @(143.0150 mm, 85.5550 mm): Pad B26 [12V_PROTECTED] of J1 on F.Cu
    @(140.4750 mm, 85.5550 mm): Pad B28 [12V_PROTECTED] of J1 on F.Cu
[unconnected_items]: Missing connection between items
    Local override; error
    @(143.0150 mm, 86.8250 mm): Pad C26 [12V_PROTECTED] of J1 on F.Cu
    @(143.0150 mm, 88.0950 mm): Pad D26 [12V_PROTECTED] of J1 on F.Cu
[unconnected_items]: Missing connection between items
    Local override; error
    @(143.0150 mm, 88.0950 mm): Pad D26 [12V_PROTECTED] of J1 on F.Cu
    @(143.0150 mm, 89.3650 mm): Pad E26 [12V_PROTECTED] of J1 on F.Cu
[unconnected_items]: Missing connection between items
    Local override; error
    @(143.0150 mm, 88.0950 mm): Pad D26 [12V_PROTECTED] of J1 on F.Cu
    @(144.2850 mm, 88.0950 mm): Pad D25 [12V_PROTECTED] of J1 on F.Cu
[unconnected_items]: Missing connection between items
    Local override; error
    @(143.0150 mm, 89.3650 mm): Pad E26 [12V_PROTECTED] of J1 on F.Cu
    @(143.0150 mm, 90.6350 mm): Pad F26 [12V_PROTECTED] of J1 on F.Cu
[unconnected_items]: Missing connection between items
    Local override; error
    @(143.0150 mm, 89.3650 mm): Pad E26 [12V_PROTECTED] of J1 on F.Cu
    @(144.2850 mm, 89.3650 mm): Pad E25 [12V_PROTECTED] of J1 on F.Cu
[unconnected_items]: Missing connection between items
    Local override; error
    @(143.0150 mm, 90.6350 mm): Pad F26 [12V_PROTECTED] of J1 on F.Cu
    @(144.2850 mm, 90.6350 mm): Pad F25 [12V_PROTECTED] of J1 on F.Cu
[unconnected_items]: Missing connection between items
    Local override; error
    @(143.0150 mm, 90.6350 mm): Pad F26 [12V_PROTECTED] of J1 on F.Cu
    @(143.0150 mm, 91.9050 mm): Pad G26 [12V_PROTECTED] of J1 on F.Cu
[unconnected_items]: Missing connection between items
    Local override; error
    @(143.0150 mm, 91.9050 mm): Pad G26 [12V_PROTECTED] of J1 on F.Cu
    @(144.2850 mm, 91.9050 mm): Pad G25 [12V_PROTECTED] of J1 on F.Cu
[unconnected_items]: Missing connection between items
    Local override; error
    @(143.0150 mm, 91.9050 mm): Pad G26 [12V_PROTECTED] of J1 on F.Cu
    @(143.0150 mm, 93.1750 mm): Pad H26 [12V_PROTECTED] of J1 on F.Cu
[unconnected_items]: Missing connection between items
    Local override; error
    @(143.0150 mm, 93.1750 mm): Pad H26 [12V_PROTECTED] of J1 on F.Cu
    @(143.0150 mm, 94.4450 mm): Pad J26 [12V_PROTECTED] of J1 on F.Cu
[unconnected_items]: Missing connection between items
    Local override; error
    @(143.0150 mm, 93.1750 mm): Pad H26 [12V_PROTECTED] of J1 on F.Cu
    @(144.2850 mm, 93.1750 mm): Pad H25 [12V_PROTECTED] of J1 on F.Cu
[unconnected_items]: Missing connection between items
    Local override; error
    @(143.0150 mm, 94.4450 mm): Pad J26 [12V_PROTECTED] of J1 on F.Cu
    @(144.2850 mm, 94.4450 mm): Pad J25 [12V_PROTECTED] of J1 on F.Cu
[unconnected_items]: Missing connection between items
    Local override; error
    @(143.0150 mm, 94.4450 mm): Pad J26 [12V_PROTECTED] of J1 on F.Cu
    @(143.0150 mm, 95.7150 mm): Pad K26 [12V_PROTECTED] of J1 on F.Cu
[unconnected_items]: Missing connection between items
    Local override; error
    @(144.2850 mm, 84.2850 mm): Pad A25 [12V_PROTECTED] of J1 on F.Cu
    @(144.2850 mm, 85.5550 mm): Pad B25 [12V_PROTECTED] of J1 on F.Cu
[unconnected_items]: Missing connection between items
    Local override; error
    @(144.2850 mm, 85.5550 mm): Pad B25 [12V_PROTECTED] of J1 on F.Cu
    @(144.2850 mm, 86.8250 mm): Pad C25 [12V_PROTECTED] of J1 on F.Cu
[unconnected_items]: Missing connection between items
    Local override; error
    @(144.2850 mm, 85.5550 mm): Pad B25 [12V_PROTECTED] of J1 on F.Cu
    @(143.0150 mm, 85.5550 mm): Pad B26 [12V_PROTECTED] of J1 on F.Cu
[unconnected_items]: Missing connection between items
    Local override; error
    @(144.2850 mm, 86.8250 mm): Pad C25 [12V_PROTECTED] of J1 on F.Cu
    @(146.8250 mm, 86.8250 mm): Pad C23 [12V_PROTECTED] of J1 on F.Cu
[unconnected_items]: Missing connection between items
    Local override; error
    @(144.2850 mm, 95.7150 mm): Pad K25 [12V_PROTECTED] of J1 on F.Cu
    @(144.2850 mm, 94.4450 mm): Pad J25 [12V_PROTECTED] of J1 on F.Cu
[unconnected_items]: Missing connection between items
    Local override; error
    @(146.8250 mm, 84.2850 mm): Pad A23 [12V_PROTECTED] of J1 on F.Cu
    @(146.8250 mm, 85.5550 mm): Pad B23 [12V_PROTECTED] of J1 on F.Cu
[unconnected_items]: Missing connection between items
    Local override; error
    @(146.8250 mm, 85.5550 mm): Pad B23 [12V_PROTECTED] of J1 on F.Cu
    @(148.0950 mm, 85.5550 mm): Pad B22 [12V_PROTECTED] of J1 on F.Cu
[unconnected_items]: Missing connection between items
    Local override; error
    @(146.8250 mm, 86.8250 mm): Pad C23 [12V_PROTECTED] of J1 on F.Cu
    @(146.8250 mm, 85.5550 mm): Pad B23 [12V_PROTECTED] of J1 on F.Cu
[unconnected_items]: Missing connection between items
    Local override; error
    @(146.8250 mm, 86.8250 mm): Pad C23 [12V_PROTECTED] of J1 on F.Cu
    @(146.8250 mm, 88.0950 mm): Pad D23 [12V_PROTECTED] of J1 on F.Cu
[unconnected_items]: Missing connection between items
    Local override; error
    @(146.8250 mm, 86.8250 mm): Pad C23 [12V_PROTECTED] of J1 on F.Cu
    @(148.0950 mm, 86.8250 mm): Pad C22 [12V_PROTECTED] of J1 on F.Cu
[unconnected_items]: Missing connection between items
    Local override; error
    @(146.8250 mm, 88.0950 mm): Pad D23 [12V_PROTECTED] of J1 on F.Cu
    @(148.0950 mm, 88.0950 mm): Pad D22 [12V_PROTECTED] of J1 on F.Cu
[unconnected_items]: Missing connection between items
    Local override; error
    @(146.8250 mm, 94.4450 mm): Pad J23 [12V_PROTECTED] of J1 on F.Cu
    @(148.0950 mm, 94.4450 mm): Pad J22 [12V_PROTECTED] of J1 on F.Cu
[unconnected_items]: Missing connection between items
    Local override; error
    @(148.0950 mm, 84.2850 mm): Pad A22 [12V_PROTECTED] of J1 on F.Cu
    @(146.8250 mm, 84.2850 mm): Pad A23 [12V_PROTECTED] of J1 on F.Cu
[unconnected_items]: Missing connection between items
    Local override; error
    @(148.0950 mm, 89.3650 mm): Pad E22 [12V_PROTECTED] of J1 on F.Cu
    @(146.8250 mm, 89.3650 mm): Pad E23 [12V_PROTECTED] of J1 on F.Cu
[unconnected_items]: Missing connection between items
    Local override; error
    @(148.0950 mm, 89.3650 mm): Pad E22 [12V_PROTECTED] of J1 on F.Cu
    @(148.0950 mm, 88.0950 mm): Pad D22 [12V_PROTECTED] of J1 on F.Cu
[unconnected_items]: Missing connection between items
    Local override; error
    @(148.0950 mm, 90.6350 mm): Pad F22 [12V_PROTECTED] of J1 on F.Cu
    @(146.8250 mm, 90.6350 mm): Pad F23 [12V_PROTECTED] of J1 on F.Cu
[unconnected_items]: Missing connection between items
    Local override; error
    @(148.0950 mm, 90.6350 mm): Pad F22 [12V_PROTECTED] of J1 on F.Cu
    @(148.0950 mm, 89.3650 mm): Pad E22 [12V_PROTECTED] of J1 on F.Cu
[unconnected_items]: Missing connection between items
    Local override; error
    @(148.0950 mm, 91.9050 mm): Pad G22 [12V_PROTECTED] of J1 on F.Cu
    @(146.8250 mm, 91.9050 mm): Pad G23 [12V_PROTECTED] of J1 on F.Cu
[unconnected_items]: Missing connection between items
    Local override; error
    @(148.0950 mm, 91.9050 mm): Pad G22 [12V_PROTECTED] of J1 on F.Cu
    @(148.0950 mm, 90.6350 mm): Pad F22 [12V_PROTECTED] of J1 on F.Cu
[unconnected_items]: Missing connection between items
    Local override; error
    @(148.0950 mm, 93.1750 mm): Pad H22 [12V_PROTECTED] of J1 on F.Cu
    @(146.8250 mm, 93.1750 mm): Pad H23 [12V_PROTECTED] of J1 on F.Cu
[unconnected_items]: Missing connection between items
    Local override; error
    @(148.0950 mm, 93.1750 mm): Pad H22 [12V_PROTECTED] of J1 on F.Cu
    @(148.0950 mm, 91.9050 mm): Pad G22 [12V_PROTECTED] of J1 on F.Cu
[unconnected_items]: Missing connection between items
    Local override; error
    @(148.0950 mm, 94.4450 mm): Pad J22 [12V_PROTECTED] of J1 on F.Cu
    @(148.0950 mm, 93.1750 mm): Pad H22 [12V_PROTECTED] of J1 on F.Cu
[unconnected_items]: Missing connection between items
    Local override; error
    @(148.0950 mm, 95.7150 mm): Pad K22 [12V_PROTECTED] of J1 on F.Cu
    @(148.0950 mm, 94.4450 mm): Pad J22 [12V_PROTECTED] of J1 on F.Cu
[unconnected_items]: Missing connection between items
    Local override; error
    @(148.0950 mm, 95.7150 mm): Pad K22 [12V_PROTECTED] of J1 on F.Cu
    @(146.8250 mm, 95.7150 mm): Pad K23 [12V_PROTECTED] of J1 on F.Cu
[unconnected_items]: Missing connection between items
    Local override; error
    @(222.7500 mm, 103.0000 mm): Pad 1 [12V_PROTECTED] of U4 on F.Cu
    @(148.0950 mm, 95.7150 mm): Pad K22 [12V_PROTECTED] of J1 on F.Cu
[unconnected_items]: Missing connection between items
    Local override; error
    @(227.2500 mm, 103.0000 mm): Pad 16 [12V_PROTECTED] of U4 on F.Cu
    @(222.7500 mm, 103.0000 mm): Pad 1 [12V_PROTECTED] of U4 on F.Cu
[unconnected_items]: Missing connection between items
    Local override; error
    @(227.2500 mm, 103.0000 mm): Pad 16 [12V_PROTECTED] of U4 on F.Cu
    @(232.7500 mm, 103.0000 mm): Pad 1 [12V_PROTECTED] of U5 on F.Cu
[unconnected_items]: Missing connection between items
    Local override; error
    @(227.2500 mm, 104.2500 mm): Pad 14 [12V_PROTECTED] of U4 on F.Cu
    @(227.2500 mm, 103.0000 mm): Pad 16 [12V_PROTECTED] of U4 on F.Cu
[unconnected_items]: Missing connection between items
    Local override; error
    @(232.7500 mm, 103.0000 mm): Pad 1 [12V_PROTECTED] of U5 on F.Cu
    @(237.2500 mm, 103.0000 mm): Pad 16 [12V_PROTECTED] of U5 on F.Cu
[unconnected_items]: Missing connection between items
    Local override; error
    @(237.2500 mm, 104.2500 mm): Pad 14 [12V_PROTECTED] of U5 on F.Cu
    @(237.2500 mm, 103.0000 mm): Pad 16 [12V_PROTECTED] of U5 on F.Cu
[unconnected_items]: Missing connection between items
    Local override; error
    @(99.6500 mm, 112.0000 mm): Pad 1 [/REGULATORS/BRIDGE_3V3] of C17 on F.Cu
    @(105.6500 mm, 112.0000 mm): Pad 1 [/REGULATORS/BRIDGE_3V3] of C19 on F.Cu
[unconnected_items]: Missing connection between items
    Local override; error
    @(99.6500 mm, 112.0000 mm): Pad 1 [/REGULATORS/BRIDGE_3V3] of C17 on F.Cu
    @(93.6500 mm, 112.0000 mm): Pad 1 [/REGULATORS/BRIDGE_3V3] of C16 on F.Cu
[unconnected_items]: Missing connection between items
    Local override; error
    @(105.6500 mm, 112.0000 mm): Pad 1 [/REGULATORS/BRIDGE_3V3] of C19 on F.Cu
    @(214.5000 mm, 95.0000 mm): Pad 1 [/REGULATORS/BRIDGE_3V3] of R11 on F.Cu
[unconnected_items]: Missing connection between items
    Local override; error
    @(220.9500 mm, 95.0000 mm): Pad 2 [/REGULATORS/BRIDGE_3V3] of C18 on F.Cu
    @(214.5000 mm, 95.0000 mm): Pad 1 [/REGULATORS/BRIDGE_3V3] of R11 on F.Cu
[unconnected_items]: Missing connection between items
    Local override; error
    @(220.9500 mm, 95.0000 mm): Pad 2 [/REGULATORS/BRIDGE_3V3] of C18 on F.Cu
    @(222.7500 mm, 105.2500 mm): Pad 5 [/REGULATORS/BRIDGE_3V3] of U4 on F.Cu
[unconnected_items]: Missing connection between items
    Local override; error
    @(222.7500 mm, 105.2500 mm): Pad 5 [/REGULATORS/BRIDGE_3V3] of U4 on F.Cu
    @(222.7500 mm, 107.0000 mm): Pad 8 [/REGULATORS/BRIDGE_3V3] of U4 on F.Cu
[unconnected_items]: Missing connection between items
    Local override; error
    @(222.7500 mm, 107.0000 mm): Pad 8 [/REGULATORS/BRIDGE_3V3] of U4 on F.Cu
    @(219.5000 mm, 115.0000 mm): Pad 1 [/REGULATORS/BRIDGE_3V3] of R14 on F.Cu
[unconnected_items]: Missing connection between items
    Local override; error
    @(227.2500 mm, 107.0000 mm): Pad 9 [/REGULATORS/BRIDGE_3V3] of U4 on F.Cu
    @(222.7500 mm, 107.0000 mm): Pad 8 [/REGULATORS/BRIDGE_3V3] of U4 on F.Cu
[unconnected_items]: Missing connection between items
    Local override; error
    @(215.5000 mm, 95.0000 mm): Pad 2 [/REGULATORS/FB_BRIDGE_3V3] of R11 on F.Cu
    @(214.5000 mm, 100.0000 mm): Pad 1 [/REGULATORS/FB_BRIDGE_3V3] of R12 on F.Cu
[unconnected_items]: Missing connection between items
    Local override; error
    @(219.0500 mm, 95.0000 mm): Pad 1 [/REGULATORS/FB_BRIDGE_3V3] of C18 on F.Cu
    @(215.5000 mm, 95.0000 mm): Pad 2 [/REGULATORS/FB_BRIDGE_3V3] of R11 on F.Cu
[unconnected_items]: Missing connection between items
    Local override; error
    @(227.2500 mm, 106.2500 mm): Pad 10 [/REGULATORS/FB_BRIDGE_3V3] of U4 on F.Cu
    @(219.0500 mm, 95.0000 mm): Pad 1 [/REGULATORS/FB_BRIDGE_3V3] of C18 on F.Cu
[unconnected_items]: Missing connection between items
    Local override; error
    @(237.2500 mm, 106.2500 mm): Pad 10 [/REGULATORS/FB_BRIDGE_1V1] of U5 on F.Cu
    @(242.0000 mm, 117.5000 mm): Pad 2 [/REGULATORS/FB_BRIDGE_1V1] of R19 on F.Cu
[unconnected_items]: Missing connection between items
    Local override; error
    @(242.0000 mm, 117.5000 mm): Pad 2 [/REGULATORS/FB_BRIDGE_1V1] of R19 on F.Cu
    @(245.5000 mm, 118.0000 mm): Pad 1 [/REGULATORS/FB_BRIDGE_1V1] of R20 on F.Cu
[unconnected_items]: Missing connection between items
    Local override; error
    @(237.2500 mm, 105.2500 mm): Pad 12 [/REGULATORS/RT_BRIDGE_1V1] of U5 on F.Cu
    @(245.5000 mm, 90.0000 mm): Pad 1 [/REGULATORS/RT_BRIDGE_1V1] of R21 on F.Cu
[unconnected_items]: Missing connection between items
    Local override; error
    @(237.2500 mm, 104.7500 mm): Pad 13 [/REGULATORS/PG_BRIDGE_1V1] of U5 on F.Cu
    @(240.5000 mm, 115.0000 mm): Pad 2 [/REGULATORS/PG_BRIDGE_1V1] of R22 on F.Cu
[unconnected_items]: Missing connection between items
    Local override; error
    @(242.5000 mm, 103.0000 mm): PTH pad 1 [/REGULATORS/PG_BRIDGE_1V1] of TP7
    @(237.2500 mm, 104.7500 mm): Pad 13 [/REGULATORS/PG_BRIDGE_1V1] of U5 on F.Cu
[unconnected_items]: Missing connection between items
    Local override; error
    @(227.2500 mm, 103.7500 mm): Pad 15 [/REGULATORS/NC] of U4 on F.Cu
    @(62.2500 mm, 163.7500 mm): Pad 15 [/REGULATORS/NC] of U3 on F.Cu
[unconnected_items]: Missing connection between items
    Local override; error
    @(237.2500 mm, 103.7500 mm): Pad 15 [/REGULATORS/NC] of U5 on F.Cu
    @(227.2500 mm, 103.7500 mm): Pad 15 [/REGULATORS/NC] of U4 on F.Cu
[unconnected_items]: Missing connection between items
    Local override; error
    @(211.0000 mm, 167.2750 mm): Pad 2 [M2_3V3] of J3 on F.Cu
    @(211.5000 mm, 167.2750 mm): Pad 4 [M2_3V3] of J3 on F.Cu
[unconnected_items]: Missing connection between items
    Local override; error
    @(211.5000 mm, 167.2750 mm): Pad 4 [M2_3V3] of J3 on F.Cu
    @(213.5000 mm, 167.2750 mm): Pad 12 [M2_3V3] of J3 on F.Cu
[unconnected_items]: Missing connection between items
    Local override; error
    @(213.5000 mm, 167.2750 mm): Pad 12 [M2_3V3] of J3 on F.Cu
    @(214.0000 mm, 167.2750 mm): Pad 14 [M2_3V3] of J3 on F.Cu
[unconnected_items]: Missing connection between items
    Local override; error
    @(214.0000 mm, 167.2750 mm): Pad 14 [M2_3V3] of J3 on F.Cu
    @(214.5000 mm, 167.2750 mm): Pad 16 [M2_3V3] of J3 on F.Cu
[unconnected_items]: Missing connection between items
    Local override; error
    @(214.5000 mm, 167.2750 mm): Pad 16 [M2_3V3] of J3 on F.Cu
    @(215.0000 mm, 167.2750 mm): Pad 18 [M2_3V3] of J3 on F.Cu
[unconnected_items]: Missing connection between items
    Local override; error
    @(215.0000 mm, 167.2750 mm): Pad 18 [M2_3V3] of J3 on F.Cu
    @(228.0000 mm, 167.2750 mm): Pad 70 [M2_3V3] of J3 on F.Cu
[unconnected_items]: Missing connection between items
    Local override; error
    @(228.0000 mm, 167.2750 mm): Pad 70 [M2_3V3] of J3 on F.Cu
    @(228.5000 mm, 167.2750 mm): Pad 72 [M2_3V3] of J3 on F.Cu
[unconnected_items]: Missing connection between items
    Local override; error
    @(228.5000 mm, 167.2750 mm): Pad 72 [M2_3V3] of J3 on F.Cu
    @(229.0000 mm, 167.2750 mm): Pad 74 [M2_3V3] of J3 on F.Cu
[unconnected_items]: Missing connection between items
    Local override; error
    @(129.4000 mm, 113.8000 mm): Zone [JMS_VCCO] on F.Cu, priority 0
    @(136.3500 mm, 136.0000 mm): Pad 11 [JMS_VCCO] of U11 on F.Cu
[unconnected_items]: Missing connection between items
    Local override; error
    @(137.0000 mm, 138.6000 mm): Pad 32 [JMS_VCCO] of U11 on F.Cu
    @(136.3500 mm, 136.0000 mm): Pad 11 [JMS_VCCO] of U11 on F.Cu
[unconnected_items]: Missing connection between items
    Local override; error
    @(139.8000 mm, 131.4000 mm): Pad 56 [JMS_VCCO] of U11 on F.Cu
    @(129.4000 mm, 113.8000 mm): Zone [JMS_VCCO] on F.Cu, priority 0
[unconnected_items]: Missing connection between items
    Local override; error
    @(147.0000 mm, 147.0000 mm): Track [JMS_VCCO] on F.Cu, length 0.5000 mm
    @(212.0000 mm, 167.2750 mm): Pad 6 [JMS_VCCO] of J3 on F.Cu
[unconnected_items]: Missing connection between items
    Local override; error
    @(212.0000 mm, 167.2750 mm): Pad 6 [JMS_VCCO] of J3 on F.Cu
    @(218.5000 mm, 167.2750 mm): Pad 32 [JMS_VCCO] of J3 on F.Cu
[unconnected_items]: Missing connection between items
    Local override; error
    @(120.5000 mm, 124.5000 mm): Pad 2 [BRIDGE_USB_VBUS] of R32 on F.Cu
    @(98.6000 mm, 127.8000 mm): Pad 50 [BRIDGE_USB_VBUS] of U7 on F.Cu
[unconnected_items]: Missing connection between items
    Local override; error
    @(123.0000 mm, 124.5000 mm): Pad 1 [BRIDGE_USB_VBUS] of R33 on F.Cu
    @(120.5000 mm, 124.5000 mm): Pad 2 [BRIDGE_USB_VBUS] of R32 on F.Cu
[unconnected_items]: Missing connection between items
    Local override; error
    @(135.9000 mm, 124.6000 mm): Zone [JMS_VDDREG_5V] on F.Cu, priority 0
    @(153.5000 mm, 131.8000 mm): Pad 1 [JMS_VDDREG_5V] of U12 on F.Cu
[unconnected_items]: Missing connection between items
    Local override; error
    @(153.5000 mm, 131.8000 mm): Pad 1 [JMS_VDDREG_5V] of U12 on F.Cu
    @(208.9000 mm, 149.0500 mm): Pad 1 [JMS_VDDREG_5V] of U14 on F.Cu
[unconnected_items]: Missing connection between items
    Local override; error
    @(136.3500 mm, 132.4000 mm): Track [JMS_VCCK] on F.Cu, length 22.2953 mm
    @(137.4000 mm, 138.6000 mm): Pad 31 [JMS_VCCK] of U11 on F.Cu
[unconnected_items]: Missing connection between items
    Local override; error
    @(138.6000 mm, 131.4000 mm): Pad 53 [JMS_VCCK] of U11 on F.Cu
    @(136.3500 mm, 132.4000 mm): Track [JMS_VCCK] on F.Cu, length 22.2953 mm
[unconnected_items]: Missing connection between items
    Local override; error
    @(153.5000 mm, 132.2000 mm): Pad 2 [JMS_VCCK] of U12 on F.Cu
    @(138.6000 mm, 131.4000 mm): Pad 53 [JMS_VCCK] of U11 on F.Cu
[unconnected_items]: Missing connection between items
    Local override; error
    @(136.3500 mm, 132.8000 mm): Pad 3 [JMS_SPI_SO_DNP] of U11 on F.Cu
    @(153.5000 mm, 132.6000 mm): Pad 3 [JMS_SPI_SO_DNP] of U12 on F.Cu
[unconnected_items]: Missing connection between items
    Local override; error
    @(136.3500 mm, 133.2000 mm): Pad 4 [JMS_SPI_SCK_DNP] of U11 on F.Cu
    @(153.5000 mm, 133.0000 mm): Pad 4 [JMS_SPI_SCK_DNP] of U12 on F.Cu
[unconnected_items]: Missing connection between items
    Local override; error
    @(136.3500 mm, 133.6000 mm): Pad 5 [JMS_SPI_SI_DNP] of U11 on F.Cu
    @(153.5000 mm, 133.4000 mm): Pad 5 [JMS_SPI_SI_DNP] of U12 on F.Cu
[unconnected_items]: Missing connection between items
    Local override; error
    @(70.0400 mm, 106.7000 mm): Pad 142 [CM5_USB3_TX_P] of J7 on F.Cu
    @(92.2000 mm, 126.2000 mm): Pad 46 [CM5_USB3_TX_P] of U7 on F.Cu
[unconnected_items]: Missing connection between items
    Local override; error
    @(70.0400 mm, 106.3000 mm): Pad 140 [CM5_USB3_TX_N] of J7 on F.Cu
    @(92.2000 mm, 125.8000 mm): Pad 45 [CM5_USB3_TX_N] of U7 on F.Cu
[unconnected_items]: Missing connection between items
    Local override; error
    @(70.0400 mm, 104.3000 mm): Track [CM5_USB3_RX_P] on F.Cu, length 15.1358 mm
    @(92.2000 mm, 125.0000 mm): Pad 43 [CM5_USB3_RX_P] of U7 on F.Cu
[unconnected_items]: Missing connection between items
    Local override; error
    @(70.0400 mm, 103.9000 mm): Track [CM5_USB3_RX_N] on F.Cu, length 16.1732 mm
    @(92.2000 mm, 124.6000 mm): Pad 42 [CM5_USB3_RX_N] of U7 on F.Cu
[unconnected_items]: Missing connection between items
    Local override; error
    @(92.2000 mm, 122.2000 mm): Pad 36 [BRIDGE_USB_DP] of U7 on F.Cu
    @(156.5000 mm, 134.6000 mm): Pad 31 [BRIDGE_USB_DP] of U12 on F.Cu
[unconnected_items]: Missing connection between items
    Local override; error
    @(92.2000 mm, 121.8000 mm): Pad 35 [BRIDGE_USB_DM] of U7 on F.Cu
    @(156.5000 mm, 134.2000 mm): Pad 32 [BRIDGE_USB_DM] of U12 on F.Cu
[unconnected_items]: Missing connection between items
    Local override; error
    @(142.6000 mm, 138.6000 mm): Pad 18 [USB_DP] of U11 on F.Cu
    @(156.5000 mm, 133.8000 mm): Pad 33 [USB_DP] of U12 on F.Cu
[unconnected_items]: Missing connection between items
    Local override; error
    @(143.0000 mm, 138.6000 mm): Pad 17 [USB_DM] of U11 on F.Cu
    @(156.5000 mm, 133.4000 mm): Pad 34 [USB_DM] of U12 on F.Cu
[unconnected_items]: Missing connection between items
    Local override; error
    @(92.2000 mm, 121.0000 mm): Pad 33 [BRIDGE_1V1] of U7 on F.Cu
    @(92.2000 mm, 124.2000 mm): Pad 41 [BRIDGE_1V1] of U7 on F.Cu
[unconnected_items]: Missing connection between items
    Local override; error
    @(92.2000 mm, 124.2000 mm): Pad 41 [BRIDGE_1V1] of U7 on F.Cu
    @(92.2000 mm, 126.6000 mm): Pad 47 [BRIDGE_1V1] of U7 on F.Cu
[unconnected_items]: Missing connection between items
    Local override; error
    @(92.2000 mm, 126.6000 mm): Pad 47 [BRIDGE_1V1] of U7 on F.Cu
    @(93.4000 mm, 127.8000 mm): Pad 63 [BRIDGE_1V1] of U7 on F.Cu
[unconnected_items]: Missing connection between items
    Local override; error
    @(93.4000 mm, 127.8000 mm): Pad 63 [BRIDGE_1V1] of U7 on F.Cu
    @(94.2000 mm, 127.8000 mm): Pad 61 [BRIDGE_1V1] of U7 on F.Cu
[unconnected_items]: Missing connection between items
    Local override; error
    @(93.8000 mm, 120.2000 mm): Pad 19 [BRIDGE_1V1] of U7 on F.Cu
    @(92.2000 mm, 121.0000 mm): Pad 33 [BRIDGE_1V1] of U7 on F.Cu
[unconnected_items]: Missing connection between items
    Local override; error
    @(94.2000 mm, 127.8000 mm): Pad 61 [BRIDGE_1V1] of U7 on F.Cu
    @(96.6000 mm, 127.8000 mm): Pad 55 [BRIDGE_1V1] of U7 on F.Cu
[unconnected_items]: Missing connection between items
    Local override; error
    @(96.6000 mm, 127.8000 mm): Pad 55 [BRIDGE_1V1] of U7 on F.Cu
    @(99.0000 mm, 127.8000 mm): Pad 49 [BRIDGE_1V1] of U7 on F.Cu
[unconnected_items]: Missing connection between items
    Local override; error
    @(99.0000 mm, 127.8000 mm): Pad 49 [BRIDGE_1V1] of U7 on F.Cu
    @(99.8000 mm, 127.0000 mm): Pad 1 [BRIDGE_1V1] of U7 on F.Cu
[unconnected_items]: Missing connection between items
    Local override; error
    @(99.8000 mm, 122.6000 mm): Pad 12 [BRIDGE_1V1] of U7 on F.Cu
    @(99.0000 mm, 120.2000 mm): Pad 32 [BRIDGE_1V1] of U7 on F.Cu
[unconnected_items]: Missing connection between items
    Local override; error
    @(99.8000 mm, 127.0000 mm): Pad 1 [BRIDGE_1V1] of U7 on F.Cu
    @(99.8000 mm, 122.6000 mm): Pad 12 [BRIDGE_1V1] of U7 on F.Cu
[unconnected_items]: Missing connection between items
    Local override; error
    @(92.2000 mm, 121.4000 mm): Pad 34 [BRIDGE_3V3] of U7 on F.Cu
    @(92.2000 mm, 123.8000 mm): Pad 40 [BRIDGE_3V3] of U7 on F.Cu
[unconnected_items]: Missing connection between items
    Local override; error
    @(92.2000 mm, 123.8000 mm): Pad 40 [BRIDGE_3V3] of U7 on F.Cu
    @(92.2000 mm, 127.0000 mm): Pad 48 [BRIDGE_3V3] of U7 on F.Cu
[unconnected_items]: Missing connection between items
    Local override; error
    @(92.2000 mm, 127.0000 mm): Pad 48 [BRIDGE_3V3] of U7 on F.Cu
    @(93.8000 mm, 127.8000 mm): Pad 62 [BRIDGE_3V3] of U7 on F.Cu
[unconnected_items]: Missing connection between items
    Local override; error
    @(93.8000 mm, 127.8000 mm): Pad 62 [BRIDGE_3V3] of U7 on F.Cu
    @(98.2000 mm, 127.8000 mm): Pad 51 [BRIDGE_3V3] of U7 on F.Cu
[unconnected_items]: Missing connection between items
    Local override; error
    @(95.8000 mm, 120.2000 mm): Pad 24 [BRIDGE_3V3] of U7 on F.Cu
    @(92.2000 mm, 121.4000 mm): Pad 34 [BRIDGE_3V3] of U7 on F.Cu
[unconnected_items]: Missing connection between items
    Local override; error
    @(98.2000 mm, 120.2000 mm): Pad 30 [BRIDGE_3V3] of U7 on F.Cu
    @(95.8000 mm, 120.2000 mm): Pad 24 [BRIDGE_3V3] of U7 on F.Cu
[unconnected_items]: Missing connection between items
    Local override; error
    @(98.2000 mm, 127.8000 mm): Pad 51 [BRIDGE_3V3] of U7 on F.Cu
    @(99.8000 mm, 124.6000 mm): Pad 7 [BRIDGE_3V3] of U7 on F.Cu
[unconnected_items]: Missing connection between items
    Local override; error
    @(98.6000 mm, 120.2000 mm): Pad 31 [BRIDGE_3V3] of U7 on F.Cu
    @(98.2000 mm, 120.2000 mm): Pad 30 [BRIDGE_3V3] of U7 on F.Cu
[unconnected_items]: Missing connection between items
    Local override; error
    @(32.9600 mm, 98.7000 mm): Pad 1 [/CORE_CM5/POWER_GND] of J7 on F.Cu
    @(32.9600 mm, 99.9000 mm): Pad 7 [/CORE_CM5/POWER_GND] of J7 on F.Cu
[unconnected_items]: Missing connection between items
    Local override; error
    @(32.9600 mm, 99.9000 mm): Pad 7 [/CORE_CM5/POWER_GND] of J7 on F.Cu
    @(32.9600 mm, 101.1000 mm): Pad 13 [/CORE_CM5/POWER_GND] of J7 on F.Cu
[unconnected_items]: Missing connection between items
    Local override; error
    @(32.9600 mm, 101.1000 mm): Pad 13 [/CORE_CM5/POWER_GND] of J7 on F.Cu
    @(32.9600 mm, 103.1000 mm): Pad 23 [/CORE_CM5/POWER_GND] of J7 on F.Cu
[unconnected_items]: Missing connection between items
    Local override; error
    @(32.9600 mm, 101.1000 mm): Pad 13 [/CORE_CM5/POWER_GND] of J7 on F.Cu
    @(36.0400 mm, 101.1000 mm): Pad 14 [/CORE_CM5/POWER_GND] of J7 on F.Cu
[unconnected_items]: Missing connection between items
    Local override; error
    @(32.9600 mm, 103.1000 mm): Pad 23 [/CORE_CM5/POWER_GND] of J7 on F.Cu
    @(32.9600 mm, 105.1000 mm): Pad 33 [/CORE_CM5/POWER_GND] of J7 on F.Cu
[unconnected_items]: Missing connection between items
    Local override; error
    @(32.9600 mm, 105.1000 mm): Pad 33 [/CORE_CM5/POWER_GND] of J7 on F.Cu
    @(32.9600 mm, 107.1000 mm): Pad 43 [/CORE_CM5/POWER_GND] of J7 on F.Cu
[unconnected_items]: Missing connection between items
    Local override; error
    @(32.9600 mm, 107.1000 mm): Pad 43 [/CORE_CM5/POWER_GND] of J7 on F.Cu
    @(32.9600 mm, 109.1000 mm): Pad 53 [/CORE_CM5/POWER_GND] of J7 on F.Cu
[unconnected_items]: Missing connection between items
    Local override; error
    @(32.9600 mm, 109.1000 mm): Pad 53 [/CORE_CM5/POWER_GND] of J7 on F.Cu
    @(32.9600 mm, 110.3000 mm): Pad 59 [/CORE_CM5/POWER_GND] of J7 on F.Cu
[unconnected_items]: Missing connection between items
    Local override; error
    @(32.9600 mm, 110.3000 mm): Pad 59 [/CORE_CM5/POWER_GND] of J7 on F.Cu
    @(32.9600 mm, 111.5000 mm): Pad 65 [/CORE_CM5/POWER_GND] of J7 on F.Cu
[unconnected_items]: Missing connection between items
    Local override; error
    @(32.9600 mm, 111.5000 mm): Pad 65 [/CORE_CM5/POWER_GND] of J7 on F.Cu
    @(32.9600 mm, 112.7000 mm): Pad 71 [/CORE_CM5/POWER_GND] of J7 on F.Cu
[unconnected_items]: Missing connection between items
    Local override; error
    @(36.0400 mm, 98.7000 mm): Pad 2 [/CORE_CM5/POWER_GND] of J7 on F.Cu
    @(36.0400 mm, 99.9000 mm): Pad 8 [/CORE_CM5/POWER_GND] of J7 on F.Cu
[unconnected_items]: Missing connection between items
    Local override; error
    @(36.0400 mm, 99.9000 mm): Pad 8 [/CORE_CM5/POWER_GND] of J7 on F.Cu
    @(36.0400 mm, 101.1000 mm): Pad 14 [/CORE_CM5/POWER_GND] of J7 on F.Cu
[unconnected_items]: Missing connection between items
    Local override; error
    @(36.0400 mm, 101.1000 mm): Pad 14 [/CORE_CM5/POWER_GND] of J7 on F.Cu
    @(36.0400 mm, 102.7000 mm): Pad 22 [/CORE_CM5/POWER_GND] of J7 on F.Cu
[unconnected_items]: Missing connection between items
    Local override; error
    @(36.0400 mm, 102.7000 mm): Pad 22 [/CORE_CM5/POWER_GND] of J7 on F.Cu
    @(36.0400 mm, 104.7000 mm): Pad 32 [/CORE_CM5/POWER_GND] of J7 on F.Cu
[unconnected_items]: Missing connection between items
    Local override; error
    @(36.0400 mm, 106.7000 mm): Pad 42 [/CORE_CM5/POWER_GND] of J7 on F.Cu
    @(36.0400 mm, 104.7000 mm): Pad 32 [/CORE_CM5/POWER_GND] of J7 on F.Cu
[unconnected_items]: Missing connection between items
    Local override; error
    @(36.0400 mm, 106.7000 mm): Pad 42 [/CORE_CM5/POWER_GND] of J7 on F.Cu
    @(36.0400 mm, 108.7000 mm): Pad 52 [/CORE_CM5/POWER_GND] of J7 on F.Cu
[unconnected_items]: Missing connection between items
    Local override; error
    @(36.0400 mm, 108.7000 mm): Pad 52 [/CORE_CM5/POWER_GND] of J7 on F.Cu
    @(36.0400 mm, 110.3000 mm): Pad 60 [/CORE_CM5/POWER_GND] of J7 on F.Cu
[unconnected_items]: Missing connection between items
    Local override; error
    @(36.0400 mm, 111.5000 mm): Pad 66 [/CORE_CM5/POWER_GND] of J7 on F.Cu
    @(36.0400 mm, 110.3000 mm): Pad 60 [/CORE_CM5/POWER_GND] of J7 on F.Cu
[unconnected_items]: Missing connection between items
    Local override; error
    @(36.0400 mm, 111.5000 mm): Pad 66 [/CORE_CM5/POWER_GND] of J7 on F.Cu
    @(36.0400 mm, 113.1000 mm): Pad 74 [/CORE_CM5/POWER_GND] of J7 on F.Cu
[unconnected_items]: Missing connection between items
    Local override; error
    @(36.0400 mm, 113.1000 mm): Pad 74 [/CORE_CM5/POWER_GND] of J7 on F.Cu
    @(36.0400 mm, 117.9000 mm): Pad 98 [/CORE_CM5/POWER_GND] of J7 on F.Cu
[unconnected_items]: Missing connection between items
    Local override; error
    @(36.0400 mm, 117.9000 mm): Pad 98 [/CORE_CM5/POWER_GND] of J7 on F.Cu
    @(66.9600 mm, 117.9000 mm): Pad 197 [/CORE_CM5/POWER_GND] of J7 on F.Cu
[unconnected_items]: Missing connection between items
    Local override; error
    @(66.9600 mm, 99.9000 mm): Pad 107 [/CORE_CM5/POWER_GND] of J7 on F.Cu
    @(66.9600 mm, 101.1000 mm): Pad 113 [/CORE_CM5/POWER_GND] of J7 on F.Cu
[unconnected_items]: Missing connection between items
    Local override; error
    @(66.9600 mm, 101.1000 mm): Pad 113 [/CORE_CM5/POWER_GND] of J7 on F.Cu
    @(66.9600 mm, 102.3000 mm): Pad 119 [/CORE_CM5/POWER_GND] of J7 on F.Cu
[unconnected_items]: Missing connection between items
    Local override; error
    @(66.9600 mm, 102.3000 mm): Pad 119 [/CORE_CM5/POWER_GND] of J7 on F.Cu
    @(66.9600 mm, 103.5000 mm): Pad 125 [/CORE_CM5/POWER_GND] of J7 on F.Cu
[unconnected_items]: Missing connection between items
    Local override; error
    @(66.9600 mm, 103.5000 mm): Pad 125 [/CORE_CM5/POWER_GND] of J7 on F.Cu
    @(66.9600 mm, 104.7000 mm): Pad 131 [/CORE_CM5/POWER_GND] of J7 on F.Cu
[unconnected_items]: Missing connection between items
    Local override; error
    @(66.9600 mm, 105.9000 mm): Pad 137 [/CORE_CM5/POWER_GND] of J7 on F.Cu
    @(66.9600 mm, 104.7000 mm): Pad 131 [/CORE_CM5/POWER_GND] of J7 on F.Cu

** Found 0 Footprint errors **

** Ignored checks **
    - Footprint has no courtyard defined
    - Track endpoint not centered on via
    - Tuning profile track geometries
    - Footprint doesn't match symbol's footprint filters
    - Footprint component type doesn't match footprint pads

** End of Report **
