** Drc report for PHASE24_STORAGE_SELECTOR_ROT90_JLC_V109.kicad_pcb **
** Created on 2026-09-10T01:40:03 **
** Report includes: Errors, Warnings **

** Found 134 DRC violations **
[courtyards_overlap]: Courtyards overlap
    Rule: board setup constraints courtyard; error
    @(65.0000 mm, 168.5000 mm): Footprint C7
    @(65.0000 mm, 170.5000 mm): Footprint C8
[courtyards_overlap]: Courtyards overlap
    Rule: board setup constraints courtyard; error
    @(220.0000 mm, 165.0000 mm): Footprint J3
    @(260.0000 mm, 160.0000 mm): Footprint MECH_M2_2280
[pth_inside_courtyard]: PTH inside courtyard
    Local override; error
    @(230.3500 mm, 163.5000 mm): PTH pad M2 [<no net>] of J3
    @(260.0000 mm, 160.0000 mm): Footprint MECH_M2_2280
[courtyards_overlap]: Courtyards overlap
    Rule: board setup constraints courtyard; error
    @(260.0000 mm, 165.0000 mm): Footprint J8
    @(260.0000 mm, 160.0000 mm): Footprint MECH_M2_2280
[pth_inside_courtyard]: PTH inside courtyard
    Local override; error
    @(258.7300 mm, 163.7300 mm): PTH pad 1 [FORCE_SATA] of J8
    @(260.0000 mm, 160.0000 mm): Footprint MECH_M2_2280
[pth_inside_courtyard]: PTH inside courtyard
    Local override; error
    @(261.2700 mm, 163.7300 mm): PTH pad 2 [AUTO_PEDET] of J8
    @(260.0000 mm, 160.0000 mm): Footprint MECH_M2_2280
[pth_inside_courtyard]: PTH inside courtyard
    Local override; error
    @(258.7300 mm, 166.2700 mm): PTH pad 3 [FORCE_NVME] of J8
    @(260.0000 mm, 160.0000 mm): Footprint MECH_M2_2280
[pth_inside_courtyard]: PTH inside courtyard
    Local override; error
    @(261.2700 mm, 166.2700 mm): PTH pad 4 [MODE_IN] of J8
    @(260.0000 mm, 160.0000 mm): Footprint MECH_M2_2280
[courtyards_overlap]: Courtyards overlap
    Rule: board setup constraints courtyard; error
    @(260.0000 mm, 160.0000 mm): Footprint MECH_M2_2280
    @(245.0000 mm, 150.0000 mm): Footprint J5
[pth_inside_courtyard]: PTH inside courtyard
    Local override; error
    @(243.7300 mm, 148.7300 mm): PTH pad 1 [12V_IN_A] of J5
    @(260.0000 mm, 160.0000 mm): Footprint MECH_M2_2280
[pth_inside_courtyard]: PTH inside courtyard
    Local override; error
    @(246.2700 mm, 148.7300 mm): PTH pad 2 [POWER_GND] of J5
    @(260.0000 mm, 160.0000 mm): Footprint MECH_M2_2280
[pth_inside_courtyard]: PTH inside courtyard
    Local override; error
    @(243.7300 mm, 151.2700 mm): PTH pad 3 [<no net>] of J5
    @(260.0000 mm, 160.0000 mm): Footprint MECH_M2_2280
[pth_inside_courtyard]: PTH inside courtyard
    Local override; error
    @(246.2700 mm, 151.2700 mm): PTH pad 4 [<no net>] of J5
    @(260.0000 mm, 160.0000 mm): Footprint MECH_M2_2280
[courtyards_overlap]: Courtyards overlap
    Rule: board setup constraints courtyard; error
    @(35.0000 mm, 130.0000 mm): Footprint J7
    @(70.0000 mm, 120.0000 mm): Footprint C14
[courtyards_overlap]: Courtyards overlap
    Rule: board setup constraints courtyard; error
    @(52.0000 mm, 163.0000 mm): Footprint C5
    @(52.0000 mm, 165.2500 mm): Footprint C6
[copper_edge_clearance]: Board edge clearance violation (board setup constraints edge clearance 0.5000 mm; actual 0.0000 mm)
    Rule: board setup constraints edge; error
    @(0.0000 mm, 0.0000 mm): Rectangle on Edge.Cuts
    @(219.2000 mm, 180.0000 mm): Pad 1 [ETH_CT1] of C48 on F.Cu
[copper_edge_clearance]: Board edge clearance violation (board setup constraints edge clearance 0.5000 mm; actual 0.0000 mm)
    Rule: board setup constraints edge; error
    @(0.0000 mm, 0.0000 mm): Rectangle on Edge.Cuts
    @(220.8000 mm, 180.0000 mm): Pad 2 [ETH_CT_BRANCH_1] of C48 on F.Cu
[copper_edge_clearance]: Board edge clearance violation (board setup constraints edge clearance 0.5000 mm; actual 0.0000 mm)
    Rule: board setup constraints edge; error
    @(0.0000 mm, 0.0000 mm): Rectangle on Edge.Cuts
    @(231.2000 mm, 180.0000 mm): Pad 1 [ETH_CT4] of C51 on F.Cu
[copper_edge_clearance]: Board edge clearance violation (board setup constraints edge clearance 0.5000 mm; actual 0.0000 mm)
    Rule: board setup constraints edge; error
    @(0.0000 mm, 0.0000 mm): Rectangle on Edge.Cuts
    @(232.8000 mm, 180.0000 mm): Pad 2 [ETH_CT_BRANCH_4] of C51 on F.Cu
[copper_edge_clearance]: Board edge clearance violation (board setup constraints edge clearance 0.5000 mm; actual 0.0000 mm)
    Rule: board setup constraints edge; error
    @(0.0000 mm, 0.0000 mm): Rectangle on Edge.Cuts
    @(223.2000 mm, 180.0000 mm): Pad 1 [ETH_CT2] of C49 on F.Cu
[copper_edge_clearance]: Board edge clearance violation (board setup constraints edge clearance 0.5000 mm; actual 0.0000 mm)
    Rule: board setup constraints edge; error
    @(0.0000 mm, 0.0000 mm): Rectangle on Edge.Cuts
    @(224.8000 mm, 180.0000 mm): Pad 2 [ETH_CT_BRANCH_2] of C49 on F.Cu
[copper_edge_clearance]: Board edge clearance violation (board setup constraints edge clearance 0.5000 mm; actual 0.0000 mm)
    Rule: board setup constraints edge; error
    @(0.0000 mm, 0.0000 mm): Rectangle on Edge.Cuts
    @(227.2000 mm, 180.0000 mm): Pad 1 [ETH_CT3] of C50 on F.Cu
[copper_edge_clearance]: Board edge clearance violation (board setup constraints edge clearance 0.5000 mm; actual 0.0000 mm)
    Rule: board setup constraints edge; error
    @(0.0000 mm, 0.0000 mm): Rectangle on Edge.Cuts
    @(228.8000 mm, 180.0000 mm): Pad 2 [ETH_CT_BRANCH_3] of C50 on F.Cu
[track_dangling]: Track has unconnected end
    Local override; warning
    @(180.0000 mm, 136.5000 mm): Track [STORAGE_SEL] on F.Cu, length 2.5000 mm
[track_dangling]: Track has unconnected end
    Local override; warning
    @(211.1000 mm, 150.9500 mm): Track [STORAGE_SEL] on F.Cu, length 2.9000 mm
[track_dangling]: Track has unconnected end
    Local override; warning
    @(155.0000 mm, 136.5000 mm): Track [STORAGE_SEL] on F.Cu, length 2.5000 mm
[text_height]: Text height out of range (board setup constraints silk text height min height 0.8000 mm; actual 0.7000 mm)
    Rule: board setup constraints silk text height; warning
    @(137.5000 mm, 121.1000 mm): Reference field of R24
[text_height]: Text height out of range (board setup constraints silk text height min height 0.8000 mm; actual 0.7000 mm)
    Rule: board setup constraints silk text height; warning
    @(130.5000 mm, 116.1000 mm): Reference field of R82
[text_height]: Text height out of range (board setup constraints silk text height min height 0.8000 mm; actual 0.7000 mm)
    Rule: board setup constraints silk text height; warning
    @(215.0000 mm, 94.1000 mm): Reference field of R11
[text_height]: Text height out of range (board setup constraints silk text height min height 0.8000 mm; actual 0.7000 mm)
    Rule: board setup constraints silk text height; warning
    @(123.5000 mm, 123.6000 mm): Reference field of R33
[text_height]: Text height out of range (board setup constraints silk text height min height 0.8000 mm; actual 0.7000 mm)
    Rule: board setup constraints silk text height; warning
    @(220.0000 mm, 183.1000 mm): Reference field of R26
[text_height]: Text height out of range (board setup constraints silk text height min height 0.8000 mm; actual 0.7000 mm)
    Rule: board setup constraints silk text height; warning
    @(246.0000 mm, 117.1000 mm): Reference field of R20
[text_height]: Text height out of range (board setup constraints silk text height min height 0.8000 mm; actual 0.7000 mm)
    Rule: board setup constraints silk text height; warning
    @(86.0000 mm, 164.9000 mm): Reference field of R3
[text_height]: Text height out of range (board setup constraints silk text height min height 0.8000 mm; actual 0.7000 mm)
    Rule: board setup constraints silk text height; warning
    @(240.0000 mm, 114.1000 mm): Reference field of R22
[text_height]: Text height out of range (board setup constraints silk text height min height 0.8000 mm; actual 0.7000 mm)
    Rule: board setup constraints silk text height; warning
    @(68.0000 mm, 160.9000 mm): Reference field of R6
[text_height]: Text height out of range (board setup constraints silk text height min height 0.8000 mm; actual 0.7000 mm)
    Rule: board setup constraints silk text height; warning
    @(241.1000 mm, 118.0000 mm): Reference field of R19
[text_height]: Text height out of range (board setup constraints silk text height min height 0.8000 mm; actual 0.7000 mm)
    Rule: board setup constraints silk text height; warning
    @(220.0000 mm, 187.1000 mm): Reference field of R30
[text_height]: Text height out of range (board setup constraints silk text height min height 0.8000 mm; actual 0.7000 mm)
    Rule: board setup constraints silk text height; warning
    @(232.0000 mm, 183.1000 mm): Reference field of R28
[text_height]: Text height out of range (board setup constraints silk text height min height 0.8000 mm; actual 0.7000 mm)
    Rule: board setup constraints silk text height; warning
    @(125.0000 mm, 144.1000 mm): Reference field of R81
[text_height]: Text height out of range (board setup constraints silk text height min height 0.8000 mm; actual 0.7000 mm)
    Rule: board setup constraints silk text height; warning
    @(69.0000 mm, 167.1000 mm): Reference field of R5
[text_height]: Text height out of range (board setup constraints silk text height min height 0.8000 mm; actual 0.7000 mm)
    Rule: board setup constraints silk text height; warning
    @(215.0000 mm, 99.1000 mm): Reference field of R12
[text_height]: Text height out of range (board setup constraints silk text height min height 0.8000 mm; actual 0.7000 mm)
    Rule: board setup constraints silk text height; warning
    @(236.0000 mm, 183.1000 mm): Reference field of R29
[text_height]: Text height out of range (board setup constraints silk text height min height 0.8000 mm; actual 0.7000 mm)
    Rule: board setup constraints silk text height; warning
    @(224.0000 mm, 187.1000 mm): Reference field of R31
[text_height]: Text height out of range (board setup constraints silk text height min height 0.8000 mm; actual 0.7000 mm)
    Rule: board setup constraints silk text height; warning
    @(218.0000 mm, 114.1000 mm): Reference field of R13
[text_height]: Text height out of range (board setup constraints silk text height min height 0.8000 mm; actual 0.7000 mm)
    Rule: board setup constraints silk text height; warning
    @(79.1000 mm, 145.0000 mm): Reference field of R2
[text_height]: Text height out of range (board setup constraints silk text height min height 0.8000 mm; actual 0.7000 mm)
    Rule: board setup constraints silk text height; warning
    @(246.0000 mm, 89.1000 mm): Reference field of R21
[text_height]: Text height out of range (board setup constraints silk text height min height 0.8000 mm; actual 0.7000 mm)
    Rule: board setup constraints silk text height; warning
    @(134.0000 mm, 116.1000 mm): Reference field of R83
[text_height]: Text height out of range (board setup constraints silk text height min height 0.8000 mm; actual 0.7000 mm)
    Rule: board setup constraints silk text height; warning
    @(59.1000 mm, 145.0000 mm): Reference field of R1
[text_height]: Text height out of range (board setup constraints silk text height min height 0.8000 mm; actual 0.7000 mm)
    Rule: board setup constraints silk text height; warning
    @(120.0000 mm, 123.6000 mm): Reference field of R32
[text_height]: Text height out of range (board setup constraints silk text height min height 0.8000 mm; actual 0.7000 mm)
    Rule: board setup constraints silk text height; warning
    @(220.0000 mm, 114.1000 mm): Reference field of R14
[text_height]: Text height out of range (board setup constraints silk text height min height 0.8000 mm; actual 0.7000 mm)
    Rule: board setup constraints silk text height; warning
    @(82.0000 mm, 135.1000 mm): Reference field of R23
[text_height]: Text height out of range (board setup constraints silk text height min height 0.8000 mm; actual 0.7000 mm)
    Rule: board setup constraints silk text height; warning
    @(90.0000 mm, 163.1000 mm): Reference field of R4
[text_height]: Text height out of range (board setup constraints silk text height min height 0.8000 mm; actual 0.7000 mm)
    Rule: board setup constraints silk text height; warning
    @(224.0000 mm, 183.1000 mm): Reference field of R27
[text_height]: Text height out of range (board setup constraints silk text height min height 0.8000 mm; actual 0.7000 mm)
    Rule: board setup constraints silk text height; warning
    @(148.0000 mm, 129.1000 mm): Reference field of R80
[silk_overlap]: Silkscreen clearance
    Rule: board setup constraints silk; warning
    @(70.0000 mm, 120.0000 mm): Reference field of C14
    @(67.0600 mm, 119.9000 mm): Segment of J7 on f.silkscreen
[silk_overlap]: Silkscreen clearance
    Rule: board setup constraints silk; warning
    @(70.0000 mm, 120.0000 mm): Reference field of C14
    @(69.9400 mm, 119.9000 mm): Segment of J7 on f.silkscreen
[silk_overlap]: Silkscreen clearance
    Rule: board setup constraints silk; warning
    @(70.0000 mm, 120.0000 mm): Reference field of C14
    @(71.5000 mm, 130.0000 mm): Segment of J7 on f.silkscreen
[silk_overlap]: Silkscreen clearance
    Rule: board setup constraints silk; warning
    @(147.0000 mm, 147.9000 mm): Reference field of C87
    @(147.5500 mm, 146.6000 mm): Segment of C81 on f.silkscreen
[silk_over_copper]: Silkscreen clipped by solder mask
    Local override; warning
    @(65.0000 mm, 168.5000 mm): Reference field of C7
    @(63.6500 mm, 168.5000 mm): Pad 1 [CM5_5V] of C7 on F.Cu
[silk_over_copper]: Silkscreen clipped by solder mask
    Local override; warning
    @(65.0000 mm, 168.5000 mm): Reference field of C7
    @(66.3500 mm, 168.5000 mm): Pad 2 [POWER_GND] of C7 on F.Cu
[silk_over_copper]: Silkscreen clipped by solder mask
    Local override; warning
    @(65.0000 mm, 170.5000 mm): Reference field of C8
    @(63.6500 mm, 170.5000 mm): Pad 1 [CM5_5V] of C8 on F.Cu
[silk_over_copper]: Silkscreen clipped by solder mask
    Local override; warning
    @(70.0000 mm, 120.0000 mm): Reference field of C14
    @(68.9000 mm, 120.0000 mm): Pad 1 [12V_PROTECTED] of C14 on F.Cu
[silk_over_copper]: Silkscreen clipped by solder mask
    Local override; warning
    @(67.0600 mm, 119.9000 mm): Segment of J7 on f.silkscreen
    @(68.9000 mm, 120.0000 mm): Pad 1 [12V_PROTECTED] of C14 on F.Cu
[silk_over_copper]: Silkscreen clipped by solder mask
    Local override; warning
    @(70.0000 mm, 120.0000 mm): Reference field of C14
    @(71.1000 mm, 120.0000 mm): Pad 2 [POWER_GND] of C14 on F.Cu
[silk_over_copper]: Silkscreen clipped by solder mask
    Local override; warning
    @(78.0000 mm, 120.0000 mm): Reference field of C15
    @(76.9000 mm, 120.0000 mm): Pad 1 [12V_PROTECTED] of C15 on F.Cu
[silk_over_copper]: Silkscreen clipped by solder mask
    Local override; warning
    @(78.0000 mm, 120.0000 mm): Reference field of C15
    @(79.1000 mm, 120.0000 mm): Pad 2 [POWER_GND] of C15 on F.Cu
[silk_over_copper]: Silkscreen clipped by solder mask
    Local override; warning
    @(123.0500 mm, 119.1000 mm): Segment of C88 on f.silkscreen
    @(123.0000 mm, 119.5000 mm): Pad 1 [USB_TXP2] of C88 on F.Cu
[silk_over_copper]: Silkscreen clipped by solder mask
    Local override; warning
    @(119.5500 mm, 121.6000 mm): Segment of C93 on f.silkscreen
    @(119.5000 mm, 122.0000 mm): Pad 1 [PCIE_TXN1] of C93 on F.Cu
[silk_over_copper]: Silkscreen clipped by solder mask
    Local override; warning
    @(65.0000 mm, 170.5000 mm): Reference field of C8
    @(66.3500 mm, 170.5000 mm): Pad 2 [POWER_GND] of C8 on F.Cu
[silk_over_copper]: Silkscreen clipped by solder mask
    Local override; warning
    @(52.0000 mm, 163.0000 mm): Reference field of C5
    @(50.9000 mm, 163.0000 mm): Pad 2 [POWER_GND] of C5 on F.Cu
[silk_over_copper]: Silkscreen clipped by solder mask
    Local override; warning
    @(52.0000 mm, 163.0000 mm): Reference field of C5
    @(53.1000 mm, 163.0000 mm): Pad 1 [12V_PROTECTED] of C5 on F.Cu
[silk_over_copper]: Silkscreen clipped by solder mask
    Local override; warning
    @(52.0000 mm, 165.2500 mm): Reference field of C6
    @(50.9000 mm, 165.2500 mm): Pad 2 [POWER_GND] of C6 on F.Cu
[silk_over_copper]: Silkscreen clipped by solder mask
    Local override; warning
    @(52.0000 mm, 165.2500 mm): Reference field of C6
    @(53.1000 mm, 165.2500 mm): Pad 1 [12V_PROTECTED] of C6 on F.Cu
[silk_over_copper]: Silkscreen clipped by solder mask
    Local override; warning
    @(71.5000 mm, 130.0000 mm): Segment of J7 on f.silkscreen
    @(71.1000 mm, 120.0000 mm): Pad 2 [POWER_GND] of C14 on F.Cu
[silk_over_copper]: Silkscreen clipped by solder mask
    Local override; warning
    @(28.0000 mm, 76.4500 mm): Circle of TP1 on f.silkscreen
    @(27.4600 mm, 78.0000 mm): PTH pad 1 [FUSED_12V_A] of Q1
[silk_over_copper]: Silkscreen clipped by solder mask
    Local override; warning
    @(11.0000 mm, 36.7000 mm): Rectangle of J6 on f.silkscreen
    @(12.0000 mm, 37.7000 mm): NPTH pad of J6
[silk_over_copper]: Silkscreen clipped by solder mask
    Local override; warning
    @(11.0000 mm, 36.7000 mm): Rectangle of J6 on f.silkscreen
    @(12.0000 mm, 45.0000 mm): PTH pad 1 [12V_IN_B] of J6
[silk_over_copper]: Silkscreen clipped by solder mask
    Local override; warning
    @(11.0000 mm, 36.7000 mm): Rectangle of J6 on f.silkscreen
    @(12.0000 mm, 50.5000 mm): PTH pad 2 [POWER_GND] of J6
[silk_over_copper]: Silkscreen clipped by solder mask
    Local override; warning
    @(101.0000 mm, 112.0000 mm): Reference field of C17
    @(99.6500 mm, 112.0000 mm): Pad 1 [BRIDGE_3V3] of C17 on F.Cu
[silk_over_copper]: Silkscreen clipped by solder mask
    Local override; warning
    @(101.0000 mm, 112.0000 mm): Reference field of C17
    @(102.3500 mm, 112.0000 mm): Pad 2 [POWER_GND] of C17 on F.Cu
[silk_over_copper]: Silkscreen clipped by solder mask
    Local override; warning
    @(107.0000 mm, 112.0000 mm): Reference field of C19
    @(105.6500 mm, 112.0000 mm): Pad 1 [BRIDGE_3V3] of C19 on F.Cu
[silk_over_copper]: Silkscreen clipped by solder mask
    Local override; warning
    @(107.0000 mm, 112.0000 mm): Reference field of C19
    @(108.3500 mm, 112.0000 mm): Pad 2 [POWER_GND] of C19 on F.Cu
[silk_over_copper]: Silkscreen clipped by solder mask
    Local override; warning
    @(103.9500 mm, 116.4000 mm): Segment of C30 on f.silkscreen
    @(104.0000 mm, 116.0000 mm): Pad 1 [TUSB_SATA_TXP] of C30 on F.Cu
[silk_over_copper]: Silkscreen clipped by solder mask
    Local override; warning
    @(95.0000 mm, 112.0000 mm): Reference field of C16
    @(93.6500 mm, 112.0000 mm): Pad 1 [BRIDGE_3V3] of C16 on F.Cu
[silk_over_copper]: Silkscreen clipped by solder mask
    Local override; warning
    @(95.0000 mm, 112.0000 mm): Reference field of C16
    @(96.3500 mm, 112.0000 mm): Pad 2 [POWER_GND] of C16 on F.Cu
[silk_over_copper]: Silkscreen clipped by solder mask
    Local override; warning
    @(182.0000 mm, 168.0000 mm): Reference field of C38
    @(183.3500 mm, 168.0000 mm): Pad 2 [POWER_GND] of C38 on F.Cu
[silk_over_copper]: Silkscreen clipped by solder mask
    Local override; warning
    @(190.0000 mm, 168.0000 mm): Reference field of C39
    @(188.6500 mm, 168.0000 mm): Pad 1 [BRIDGE_1V1] of C39 on F.Cu
[silk_over_copper]: Silkscreen clipped by solder mask
    Local override; warning
    @(198.0000 mm, 168.0000 mm): Reference field of C40
    @(196.6500 mm, 168.0000 mm): Pad 1 [BRIDGE_1V1] of C40 on F.Cu
[silk_over_copper]: Silkscreen clipped by solder mask
    Local override; warning
    @(198.0000 mm, 168.0000 mm): Reference field of C40
    @(199.3500 mm, 168.0000 mm): Pad 2 [POWER_GND] of C40 on F.Cu
[silk_over_copper]: Silkscreen clipped by solder mask
    Local override; warning
    @(209.1000 mm, 149.1000 mm): Segment of U14 on f.silkscreen
    @(208.9000 mm, 149.0500 mm): Pad 1 [JMS_VDDREG_5V] of U14 on F.Cu
[silk_over_copper]: Silkscreen clipped by solder mask
    Local override; warning
    @(209.1000 mm, 149.1000 mm): Segment of U14 on f.silkscreen
    @(208.9000 mm, 149.0500 mm): Pad 1 [JMS_VDDREG_5V] of U14 on F.Cu
[silk_over_copper]: Silkscreen clipped by solder mask
    Local override; warning
    @(190.0000 mm, 168.0000 mm): Reference field of C39
    @(191.3500 mm, 168.0000 mm): Pad 2 [POWER_GND] of C39 on F.Cu
[silk_over_copper]: Silkscreen clipped by solder mask
    Local override; warning
    @(206.0000 mm, 168.0000 mm): Reference field of C41
    @(204.6500 mm, 168.0000 mm): Pad 1 [BRIDGE_1V1] of C41 on F.Cu
[silk_over_copper]: Silkscreen clipped by solder mask
    Local override; warning
    @(206.0000 mm, 168.0000 mm): Reference field of C41
    @(207.3500 mm, 168.0000 mm): Pad 2 [POWER_GND] of C41 on F.Cu
[silk_over_copper]: Silkscreen clipped by solder mask
    Local override; warning
    @(137.0500 mm, 119.1000 mm): Segment of C92 on f.silkscreen
    @(137.0000 mm, 119.5000 mm): Pad 1 [PCIE_TXP1] of C92 on F.Cu
[silk_over_copper]: Silkscreen clipped by solder mask
    Local override; warning
    @(148.4000 mm, 113.7500 mm): Rectangle of Y10 on f.silkscreen
    @(148.9000 mm, 114.1500 mm): Pad 1 [XIN] of Y10 on F.Cu
[silk_over_copper]: Silkscreen clipped by solder mask
    Local override; warning
    @(148.4000 mm, 113.7500 mm): Rectangle of Y10 on f.silkscreen
    @(151.1000 mm, 114.1500 mm): Pad 4 [POWER_GND] of Y10 on F.Cu
[silk_over_copper]: Silkscreen clipped by solder mask
    Local override; warning
    @(148.4000 mm, 113.7500 mm): Rectangle of Y10 on f.silkscreen
    @(151.1000 mm, 115.8500 mm): Pad 3 [POWER_GND] of Y10 on F.Cu
[silk_over_copper]: Silkscreen clipped by solder mask
    Local override; warning
    @(148.4000 mm, 113.7500 mm): Rectangle of Y10 on f.silkscreen
    @(148.9000 mm, 115.8500 mm): Pad 2 [XOUT] of Y10 on F.Cu
[silk_over_copper]: Silkscreen clipped by solder mask
    Local override; warning
    @(149.5500 mm, 119.6000 mm): Segment of C84 on f.silkscreen
    @(149.5000 mm, 120.0000 mm): Pad 1 [JMS_XAVDDH] of C84 on F.Cu
[silk_over_copper]: Silkscreen clipped by solder mask
    Local override; warning
    @(120.0000 mm, 170.0000 mm): Reference field of C23
    @(118.9000 mm, 170.0000 mm): Pad 1 [12V_PROTECTED] of C23 on F.Cu
[silk_over_copper]: Silkscreen clipped by solder mask
    Local override; warning
    @(120.0000 mm, 170.0000 mm): Reference field of C23
    @(121.1000 mm, 170.0000 mm): Pad 2 [POWER_GND] of C23 on F.Cu
[silk_over_copper]: Silkscreen clipped by solder mask
    Local override; warning
    @(119.5500 mm, 146.6000 mm): Segment of C82 on f.silkscreen
    @(119.5000 mm, 147.0000 mm): Pad 1 [JMS_VCCK] of C82 on F.Cu
[silk_over_copper]: Silkscreen clipped by solder mask
    Local override; warning
    @(130.0500 mm, 119.1000 mm): Segment of C90 on f.silkscreen
    @(130.0000 mm, 119.5000 mm): Pad 1 [PCIE_TXP0] of C90 on F.Cu
[silk_over_copper]: Silkscreen clipped by solder mask
    Local override; warning
    @(126.5500 mm, 119.1000 mm): Segment of C89 on f.silkscreen
    @(126.5000 mm, 119.5000 mm): Pad 1 [USB_TXN2] of C89 on F.Cu
[silk_over_copper]: Silkscreen clipped by solder mask
    Local override; warning
    @(133.5500 mm, 119.1000 mm): Segment of C91 on f.silkscreen
    @(133.5000 mm, 119.5000 mm): Pad 1 [PCIE_TXN0] of C91 on F.Cu
[silk_over_copper]: Silkscreen clipped by solder mask
    Local override; warning
    @(103.9500 mm, 132.4000 mm): Segment of C31 on f.silkscreen
    @(104.0000 mm, 132.0000 mm): Pad 1 [TUSB_SATA_TXN] of C31 on F.Cu
[silk_over_copper]: Silkscreen clipped by solder mask
    Local override; warning
    @(103.9500 mm, 128.4000 mm): Segment of C33 on f.silkscreen
    @(104.0000 mm, 128.0000 mm): Pad 1 [TUSB_SATA_RXN] of C33 on F.Cu
[silk_over_copper]: Silkscreen clipped by solder mask
    Local override; warning
    @(103.9500 mm, 120.4000 mm): Segment of C32 on f.silkscreen
    @(104.0000 mm, 120.0000 mm): Pad 1 [TUSB_SATA_RXP] of C32 on F.Cu
[silk_over_copper]: Silkscreen clipped by solder mask
    Local override; warning
    @(166.0000 mm, 160.0000 mm): Reference field of C28
    @(164.6500 mm, 160.0000 mm): Pad 1 [BRIDGE_1V1] of C28 on F.Cu
[silk_over_copper]: Silkscreen clipped by solder mask
    Local override; warning
    @(166.0000 mm, 160.0000 mm): Reference field of C28
    @(167.3500 mm, 160.0000 mm): Pad 2 [POWER_GND] of C28 on F.Cu
[silk_over_copper]: Silkscreen clipped by solder mask
    Local override; warning
    @(174.0000 mm, 160.0000 mm): Reference field of C29
    @(172.6500 mm, 160.0000 mm): Pad 1 [BRIDGE_1V1] of C29 on F.Cu
[silk_over_copper]: Silkscreen clipped by solder mask
    Local override; warning
    @(158.0000 mm, 168.0000 mm): Reference field of C35
    @(156.6500 mm, 168.0000 mm): Pad 1 [BRIDGE_1V1] of C35 on F.Cu
[silk_over_copper]: Silkscreen clipped by solder mask
    Local override; warning
    @(150.0000 mm, 168.0000 mm): Reference field of C34
    @(148.6500 mm, 168.0000 mm): Pad 1 [BRIDGE_1V1] of C34 on F.Cu
[silk_over_copper]: Silkscreen clipped by solder mask
    Local override; warning
    @(150.0000 mm, 168.0000 mm): Reference field of C34
    @(151.3500 mm, 168.0000 mm): Pad 2 [POWER_GND] of C34 on F.Cu
[silk_over_copper]: Silkscreen clipped by solder mask
    Local override; warning
    @(150.0000 mm, 160.0000 mm): Reference field of C26
    @(151.3500 mm, 160.0000 mm): Pad 2 [POWER_GND] of C26 on F.Cu
[silk_over_copper]: Silkscreen clipped by solder mask
    Local override; warning
    @(154.5500 mm, 146.6000 mm): Segment of C83 on f.silkscreen
    @(154.5000 mm, 147.0000 mm): Pad 1 [JMS_AVDDL] of C83 on F.Cu
[silk_over_copper]: Silkscreen clipped by solder mask
    Local override; warning
    @(158.0000 mm, 160.0000 mm): Reference field of C27
    @(156.6500 mm, 160.0000 mm): Pad 1 [BRIDGE_1V1] of C27 on F.Cu
[silk_over_copper]: Silkscreen clipped by solder mask
    Local override; warning
    @(158.0000 mm, 160.0000 mm): Reference field of C27
    @(159.3500 mm, 160.0000 mm): Pad 2 [POWER_GND] of C27 on F.Cu
[silk_over_copper]: Silkscreen clipped by solder mask
    Local override; warning
    @(147.5500 mm, 142.6000 mm): Segment of C80 on f.silkscreen
    @(147.5000 mm, 143.0000 mm): Pad 1 [JMS_AVDD33] of C80 on F.Cu
[silk_over_copper]: Silkscreen clipped by solder mask
    Local override; warning
    @(182.0000 mm, 168.0000 mm): Reference field of C38
    @(180.6500 mm, 168.0000 mm): Pad 1 [BRIDGE_1V1] of C38 on F.Cu
[silk_over_copper]: Silkscreen clipped by solder mask
    Local override; warning
    @(174.0000 mm, 168.0000 mm): Reference field of C37
    @(172.6500 mm, 168.0000 mm): Pad 1 [BRIDGE_1V1] of C37 on F.Cu
[silk_over_copper]: Silkscreen clipped by solder mask
    Local override; warning
    @(174.0000 mm, 168.0000 mm): Reference field of C37
    @(175.3500 mm, 168.0000 mm): Pad 2 [POWER_GND] of C37 on F.Cu
[silk_over_copper]: Silkscreen clipped by solder mask
    Local override; warning
    @(158.0000 mm, 168.0000 mm): Reference field of C35
    @(159.3500 mm, 168.0000 mm): Pad 2 [POWER_GND] of C35 on F.Cu
[silk_over_copper]: Silkscreen clipped by solder mask
    Local override; warning
    @(166.0000 mm, 168.0000 mm): Reference field of C36
    @(164.6500 mm, 168.0000 mm): Pad 1 [BRIDGE_1V1] of C36 on F.Cu
[silk_over_copper]: Silkscreen clipped by solder mask
    Local override; warning
    @(166.0000 mm, 168.0000 mm): Reference field of C36
    @(167.3500 mm, 168.0000 mm): Pad 2 [POWER_GND] of C36 on F.Cu
[silk_over_copper]: Silkscreen clipped by solder mask
    Local override; warning
    @(174.0000 mm, 160.0000 mm): Reference field of C29
    @(175.3500 mm, 160.0000 mm): Pad 2 [POWER_GND] of C29 on F.Cu
[silk_over_copper]: Silkscreen clipped by solder mask
    Local override; warning
    @(129.5500 mm, 144.6000 mm): Segment of C85 on f.silkscreen
    @(129.5000 mm, 145.0000 mm): Pad 1 [JMS_RESET_N] of C85 on F.Cu
[silk_over_copper]: Silkscreen clipped by solder mask
    Local override; warning
    @(136.0000 mm, 170.0000 mm): Reference field of C25
    @(134.9000 mm, 170.0000 mm): Pad 1 [12V_PROTECTED] of C25 on F.Cu
[silk_over_copper]: Silkscreen clipped by solder mask
    Local override; warning
    @(136.0000 mm, 170.0000 mm): Reference field of C25
    @(137.1000 mm, 170.0000 mm): Pad 2 [POWER_GND] of C25 on F.Cu
[silk_over_copper]: Silkscreen clipped by solder mask
    Local override; warning
    @(146.5500 mm, 144.6000 mm): Segment of C86 on f.silkscreen
    @(146.5000 mm, 145.0000 mm): Pad 1 [USB_TXP1] of C86 on F.Cu
[silk_over_copper]: Silkscreen clipped by solder mask
    Local override; warning
    @(150.0000 mm, 160.0000 mm): Reference field of C26
    @(148.6500 mm, 160.0000 mm): Pad 1 [BRIDGE_1V1] of C26 on F.Cu
[silk_over_copper]: Silkscreen clipped by solder mask
    Local override; warning
    @(146.5500 mm, 148.6000 mm): Segment of C87 on f.silkscreen
    @(146.5000 mm, 149.0000 mm): Pad 1 [USB_TXN1] of C87 on F.Cu
[silk_over_copper]: Silkscreen clipped by solder mask
    Local override; warning
    @(147.5500 mm, 146.6000 mm): Segment of C81 on f.silkscreen
    @(147.5000 mm, 147.0000 mm): Pad 1 [JMS_VCCO] of C81 on F.Cu

** Found 489 unconnected pads **
[unconnected_items]: Missing connection between items
    Local override; error
    @(32.9600 mm, 100.7000 mm): Pad 11 [CM5_GBE_TD2_P] of J7 on F.Cu
    @(49.0000 mm, 88.3850 mm): Pad 10 [CM5_GBE_TD2_P] of U9 on F.Cu
[unconnected_items]: Missing connection between items
    Local override; error
    @(32.9600 mm, 100.7000 mm): Pad 11 [CM5_GBE_TD2_P] of J7 on F.Cu
    @(13.0950 mm, 153.8900 mm): PTH pad 7 [CM5_GBE_TD2_P] of J2
[unconnected_items]: Missing connection between items
    Local override; error
    @(49.0000 mm, 88.3850 mm): Pad 10 [CM5_GBE_TD2_P] of U9 on F.Cu
    @(49.0000 mm, 87.6150 mm): Pad 1 [CM5_GBE_TD2_P] of U9 on F.Cu
[unconnected_items]: Missing connection between items
    Local override; error
    @(32.9600 mm, 100.3000 mm): Pad 9 [CM5_GBE_TD2_N] of J7 on F.Cu
    @(48.5000 mm, 88.3850 mm): Pad 9 [CM5_GBE_TD2_N] of U9 on F.Cu
[unconnected_items]: Missing connection between items
    Local override; error
    @(32.9600 mm, 100.3000 mm): Pad 9 [CM5_GBE_TD2_N] of J7 on F.Cu
    @(11.8250 mm, 151.3500 mm): PTH pad 8 [CM5_GBE_TD2_N] of J2
[unconnected_items]: Missing connection between items
    Local override; error
    @(48.5000 mm, 88.3850 mm): Pad 9 [CM5_GBE_TD2_N] of U9 on F.Cu
    @(48.5000 mm, 87.6150 mm): Pad 2 [CM5_GBE_TD2_N] of U9 on F.Cu
[unconnected_items]: Missing connection between items
    Local override; error
    @(21.4500 mm, 73.5500 mm): Pad 2 [POWER_GND] of U1 on F.Cu
    @(21.4500 mm, 93.5500 mm): Pad 2 [POWER_GND] of U2 on F.Cu
[unconnected_items]: Missing connection between items
    Local override; error
    @(21.4500 mm, 73.5500 mm): Pad 2 [POWER_GND] of U1 on F.Cu
    @(12.0000 mm, 50.5000 mm): PTH pad 2 [POWER_GND] of J6
[unconnected_items]: Missing connection between items
    Local override; error
    @(32.9600 mm, 98.7000 mm): Pad 1 [POWER_GND] of J7 on F.Cu
    @(32.9600 mm, 99.9000 mm): Pad 7 [POWER_GND] of J7 on F.Cu
[unconnected_items]: Missing connection between items
    Local override; error
    @(32.9600 mm, 98.7000 mm): Pad 1 [POWER_GND] of J7 on F.Cu
    @(21.4500 mm, 93.5500 mm): Pad 2 [POWER_GND] of U2 on F.Cu
[unconnected_items]: Missing connection between items
    Local override; error
    @(32.9600 mm, 101.1000 mm): Pad 13 [POWER_GND] of J7 on F.Cu
    @(32.9600 mm, 99.9000 mm): Pad 7 [POWER_GND] of J7 on F.Cu
[unconnected_items]: Missing connection between items
    Local override; error
    @(32.9600 mm, 103.1000 mm): Pad 23 [POWER_GND] of J7 on F.Cu
    @(32.9600 mm, 101.1000 mm): Pad 13 [POWER_GND] of J7 on F.Cu
[unconnected_items]: Missing connection between items
    Local override; error
    @(32.9600 mm, 105.1000 mm): Pad 33 [POWER_GND] of J7 on F.Cu
    @(32.9600 mm, 103.1000 mm): Pad 23 [POWER_GND] of J7 on F.Cu
[unconnected_items]: Missing connection between items
    Local override; error
    @(32.9600 mm, 105.1000 mm): Pad 33 [POWER_GND] of J7 on F.Cu
    @(32.9600 mm, 107.1000 mm): Pad 43 [POWER_GND] of J7 on F.Cu
[unconnected_items]: Missing connection between items
    Local override; error
    @(32.9600 mm, 107.1000 mm): Pad 43 [POWER_GND] of J7 on F.Cu
    @(32.9600 mm, 109.1000 mm): Pad 53 [POWER_GND] of J7 on F.Cu
[unconnected_items]: Missing connection between items
    Local override; error
    @(32.9600 mm, 109.1000 mm): Pad 53 [POWER_GND] of J7 on F.Cu
    @(32.9600 mm, 110.3000 mm): Pad 59 [POWER_GND] of J7 on F.Cu
[unconnected_items]: Missing connection between items
    Local override; error
    @(32.9600 mm, 110.3000 mm): Pad 59 [POWER_GND] of J7 on F.Cu
    @(32.9600 mm, 111.5000 mm): Pad 65 [POWER_GND] of J7 on F.Cu
[unconnected_items]: Missing connection between items
    Local override; error
    @(32.9600 mm, 112.7000 mm): Pad 71 [POWER_GND] of J7 on F.Cu
    @(32.9600 mm, 111.5000 mm): Pad 65 [POWER_GND] of J7 on F.Cu
[unconnected_items]: Missing connection between items
    Local override; error
    @(36.0400 mm, 98.7000 mm): Pad 2 [POWER_GND] of J7 on F.Cu
    @(36.0400 mm, 99.9000 mm): Pad 8 [POWER_GND] of J7 on F.Cu
[unconnected_items]: Missing connection between items
    Local override; error
    @(36.0400 mm, 98.7000 mm): Pad 2 [POWER_GND] of J7 on F.Cu
    @(32.9600 mm, 98.7000 mm): Pad 1 [POWER_GND] of J7 on F.Cu
[unconnected_items]: Missing connection between items
    Local override; error
    @(36.0400 mm, 99.9000 mm): Pad 8 [POWER_GND] of J7 on F.Cu
    @(36.0400 mm, 101.1000 mm): Pad 14 [POWER_GND] of J7 on F.Cu
[unconnected_items]: Missing connection between items
    Local override; error
    @(36.0400 mm, 101.1000 mm): Pad 14 [POWER_GND] of J7 on F.Cu
    @(36.0400 mm, 102.7000 mm): Pad 22 [POWER_GND] of J7 on F.Cu
[unconnected_items]: Missing connection between items
    Local override; error
    @(36.0400 mm, 102.7000 mm): Pad 22 [POWER_GND] of J7 on F.Cu
    @(36.0400 mm, 104.7000 mm): Pad 32 [POWER_GND] of J7 on F.Cu
[unconnected_items]: Missing connection between items
    Local override; error
    @(36.0400 mm, 106.7000 mm): Pad 42 [POWER_GND] of J7 on F.Cu
    @(36.0400 mm, 104.7000 mm): Pad 32 [POWER_GND] of J7 on F.Cu
[unconnected_items]: Missing connection between items
    Local override; error
    @(36.0400 mm, 108.7000 mm): Pad 52 [POWER_GND] of J7 on F.Cu
    @(36.0400 mm, 106.7000 mm): Pad 42 [POWER_GND] of J7 on F.Cu
[unconnected_items]: Missing connection between items
    Local override; error
    @(36.0400 mm, 110.3000 mm): Pad 60 [POWER_GND] of J7 on F.Cu
    @(36.0400 mm, 108.7000 mm): Pad 52 [POWER_GND] of J7 on F.Cu
[unconnected_items]: Missing connection between items
    Local override; error
    @(36.0400 mm, 111.5000 mm): Pad 66 [POWER_GND] of J7 on F.Cu
    @(36.0400 mm, 110.3000 mm): Pad 60 [POWER_GND] of J7 on F.Cu
[unconnected_items]: Missing connection between items
    Local override; error
    @(36.0400 mm, 113.1000 mm): Pad 74 [POWER_GND] of J7 on F.Cu
    @(36.0400 mm, 111.5000 mm): Pad 66 [POWER_GND] of J7 on F.Cu
[unconnected_items]: Missing connection between items
    Local override; error
    @(36.0400 mm, 113.1000 mm): Pad 74 [POWER_GND] of J7 on F.Cu
    @(36.0400 mm, 117.9000 mm): Pad 98 [POWER_GND] of J7 on F.Cu
[unconnected_items]: Missing connection between items
    Local override; error
    @(42.0000 mm, 87.6150 mm): Pad 3 [POWER_GND] of U6 on F.Cu
    @(48.0000 mm, 87.6150 mm): Pad 3 [POWER_GND] of U9 on F.Cu
[unconnected_items]: Missing connection between items
    Local override; error
    @(42.0000 mm, 88.3850 mm): Pad 8 [POWER_GND] of U6 on F.Cu
    @(42.0000 mm, 87.6150 mm): Pad 3 [POWER_GND] of U6 on F.Cu
[unconnected_items]: Missing connection between items
    Local override; error
    @(42.0000 mm, 88.3850 mm): Pad 8 [POWER_GND] of U6 on F.Cu
    @(36.0400 mm, 98.7000 mm): Pad 2 [POWER_GND] of J7 on F.Cu
[unconnected_items]: Missing connection between items
    Local override; error
    @(48.0000 mm, 87.6150 mm): Pad 3 [POWER_GND] of U9 on F.Cu
    @(48.0000 mm, 88.3850 mm): Pad 8 [POWER_GND] of U9 on F.Cu
[unconnected_items]: Missing connection between items
    Local override; error
    @(50.9000 mm, 165.2500 mm): Pad 2 [POWER_GND] of C6 on F.Cu
    @(50.9000 mm, 163.0000 mm): Pad 2 [POWER_GND] of C5 on F.Cu
[unconnected_items]: Missing connection between items
    Local override; error
    @(57.7500 mm, 165.7500 mm): Pad 6 [POWER_GND] of U3 on F.Cu
    @(50.9000 mm, 165.2500 mm): Pad 2 [POWER_GND] of C6 on F.Cu
[unconnected_items]: Missing connection between items
    Local override; error
    @(60.0000 mm, 163.8750 mm): Pad 17 [POWER_GND] of U3 on F.Cu
    @(60.0000 mm, 164.6250 mm): Pad 18 [POWER_GND] of U3 on F.Cu
[unconnected_items]: Missing connection between items
    Local override; error
    @(60.0000 mm, 164.6250 mm): Pad 18 [POWER_GND] of U3 on F.Cu
    @(60.0000 mm, 165.3750 mm): Pad 19 [POWER_GND] of U3 on F.Cu
[unconnected_items]: Missing connection between items
    Local override; error
    @(60.0000 mm, 165.3750 mm): Pad 19 [POWER_GND] of U3 on F.Cu
    @(60.0000 mm, 166.1250 mm): Pad 20 [POWER_GND] of U3 on F.Cu
[unconnected_items]: Missing connection between items
    Local override; error
    @(60.0000 mm, 165.3750 mm): Pad 19 [POWER_GND] of U3 on F.Cu
    @(62.2500 mm, 165.7500 mm): Pad 11 [POWER_GND] of U3 on F.Cu
[unconnected_items]: Missing connection between items
    Local override; error
    @(60.0000 mm, 166.1250 mm): Pad 20 [POWER_GND] of U3 on F.Cu
    @(57.7500 mm, 165.7500 mm): Pad 6 [POWER_GND] of U3 on F.Cu
[unconnected_items]: Missing connection between items
    Local override; error
    @(62.2500 mm, 165.7500 mm): Pad 11 [POWER_GND] of U3 on F.Cu
    @(66.3500 mm, 168.5000 mm): Pad 2 [POWER_GND] of C7 on F.Cu
[unconnected_items]: Missing connection between items
    Local override; error
    @(66.9600 mm, 99.9000 mm): Pad 107 [POWER_GND] of J7 on F.Cu
    @(48.0000 mm, 88.3850 mm): Pad 8 [POWER_GND] of U9 on F.Cu
[unconnected_items]: Missing connection between items
    Local override; error
    @(66.9600 mm, 101.1000 mm): Pad 113 [POWER_GND] of J7 on F.Cu
    @(66.9600 mm, 99.9000 mm): Pad 107 [POWER_GND] of J7 on F.Cu
[unconnected_items]: Missing connection between items
    Local override; error
    @(66.9600 mm, 101.1000 mm): Pad 113 [POWER_GND] of J7 on F.Cu
    @(66.9600 mm, 102.3000 mm): Pad 119 [POWER_GND] of J7 on F.Cu
[unconnected_items]: Missing connection between items
    Local override; error
    @(66.9600 mm, 102.3000 mm): Pad 119 [POWER_GND] of J7 on F.Cu
    @(66.9600 mm, 103.5000 mm): Pad 125 [POWER_GND] of J7 on F.Cu
[unconnected_items]: Missing connection between items
    Local override; error
    @(66.9600 mm, 103.5000 mm): Pad 125 [POWER_GND] of J7 on F.Cu
    @(66.9600 mm, 104.7000 mm): Pad 131 [POWER_GND] of J7 on F.Cu
[unconnected_items]: Missing connection between items
    Local override; error
    @(66.9600 mm, 104.7000 mm): Pad 131 [POWER_GND] of J7 on F.Cu
    @(66.9600 mm, 105.9000 mm): Pad 137 [POWER_GND] of J7 on F.Cu
[unconnected_items]: Missing connection between items
    Local override; error
    @(66.9600 mm, 109.5000 mm): Pad 155 [POWER_GND] of J7 on F.Cu
    @(66.9600 mm, 110.7000 mm): Pad 161 [POWER_GND] of J7 on F.Cu
[unconnected_items]: Missing connection between items
    Local override; error
    @(66.9600 mm, 110.7000 mm): Pad 161 [POWER_GND] of J7 on F.Cu
    @(66.9600 mm, 111.9000 mm): Pad 167 [POWER_GND] of J7 on F.Cu
[unconnected_items]: Missing connection between items
    Local override; error
    @(66.9600 mm, 111.9000 mm): Pad 167 [POWER_GND] of J7 on F.Cu
    @(66.9600 mm, 113.1000 mm): Pad 173 [POWER_GND] of J7 on F.Cu
[unconnected_items]: Missing connection between items
    Local override; error
    @(66.9600 mm, 113.1000 mm): Pad 173 [POWER_GND] of J7 on F.Cu
    @(66.9600 mm, 114.3000 mm): Pad 179 [POWER_GND] of J7 on F.Cu
[unconnected_items]: Missing connection between items
    Local override; error
    @(66.9600 mm, 114.3000 mm): Pad 179 [POWER_GND] of J7 on F.Cu
    @(66.9600 mm, 115.5000 mm): Pad 185 [POWER_GND] of J7 on F.Cu
[unconnected_items]: Missing connection between items
    Local override; error
    @(66.9600 mm, 115.5000 mm): Pad 185 [POWER_GND] of J7 on F.Cu
    @(66.9600 mm, 116.7000 mm): Pad 191 [POWER_GND] of J7 on F.Cu
[unconnected_items]: Missing connection between items
    Local override; error
    @(66.9600 mm, 115.5000 mm): Pad 185 [POWER_GND] of J7 on F.Cu
    @(70.0400 mm, 115.5000 mm): Pad 186 [POWER_GND] of J7 on F.Cu
[unconnected_items]: Missing connection between items
    Local override; error
    @(66.9600 mm, 116.7000 mm): Pad 191 [POWER_GND] of J7 on F.Cu
    @(66.9600 mm, 117.9000 mm): Pad 197 [POWER_GND] of J7 on F.Cu
[unconnected_items]: Missing connection between items
    Local override; error
    @(69.5000 mm, 168.0000 mm): Pad 2 [POWER_GND] of R5 on F.Cu
    @(66.3500 mm, 168.5000 mm): Pad 2 [POWER_GND] of C7 on F.Cu
[unconnected_items]: Missing connection between items
    Local override; error
    @(69.5000 mm, 168.0000 mm): Pad 2 [POWER_GND] of R5 on F.Cu
    @(90.5000 mm, 164.0000 mm): Pad 2 [POWER_GND] of R4 on F.Cu
[unconnected_items]: Missing connection between items
    Local override; error
    @(70.0400 mm, 99.9000 mm): Pad 108 [POWER_GND] of J7 on F.Cu
    @(70.0400 mm, 101.1000 mm): Pad 114 [POWER_GND] of J7 on F.Cu
[unconnected_items]: Missing connection between items
    Local override; error
    @(70.0400 mm, 102.3000 mm): Pad 120 [POWER_GND] of J7 on F.Cu
    @(70.0400 mm, 101.1000 mm): Pad 114 [POWER_GND] of J7 on F.Cu
[unconnected_items]: Missing connection between items
    Local override; error
    @(70.0400 mm, 102.3000 mm): Pad 120 [POWER_GND] of J7 on F.Cu
    @(70.0400 mm, 103.5000 mm): Pad 126 [POWER_GND] of J7 on F.Cu
[unconnected_items]: Missing connection between items
    Local override; error
    @(70.0400 mm, 104.7000 mm): Pad 132 [POWER_GND] of J7 on F.Cu
    @(70.0400 mm, 103.5000 mm): Pad 126 [POWER_GND] of J7 on F.Cu
[unconnected_items]: Missing connection between items
    Local override; error
    @(70.0400 mm, 105.9000 mm): Pad 138 [POWER_GND] of J7 on F.Cu
    @(70.0400 mm, 104.7000 mm): Pad 132 [POWER_GND] of J7 on F.Cu
[unconnected_items]: Missing connection between items
    Local override; error
    @(70.0400 mm, 105.9000 mm): Pad 138 [POWER_GND] of J7 on F.Cu
    @(66.9600 mm, 105.9000 mm): Pad 137 [POWER_GND] of J7 on F.Cu
[unconnected_items]: Missing connection between items
    Local override; error
    @(70.0400 mm, 107.1000 mm): Pad 144 [POWER_GND] of J7 on F.Cu
    @(70.0400 mm, 105.9000 mm): Pad 138 [POWER_GND] of J7 on F.Cu
[unconnected_items]: Missing connection between items
    Local override; error
    @(70.0400 mm, 108.3000 mm): Pad 150 [POWER_GND] of J7 on F.Cu
    @(70.0400 mm, 107.1000 mm): Pad 144 [POWER_GND] of J7 on F.Cu
[unconnected_items]: Missing connection between items
    Local override; error
    @(70.0400 mm, 109.5000 mm): Pad 156 [POWER_GND] of J7 on F.Cu
    @(70.0400 mm, 110.7000 mm): Pad 162 [POWER_GND] of J7 on F.Cu
[unconnected_items]: Missing connection between items
    Local override; error
    @(70.0400 mm, 109.5000 mm): Pad 156 [POWER_GND] of J7 on F.Cu
    @(70.0400 mm, 108.3000 mm): Pad 150 [POWER_GND] of J7 on F.Cu
[unconnected_items]: Missing connection between items
    Local override; error
    @(70.0400 mm, 111.9000 mm): Pad 168 [POWER_GND] of J7 on F.Cu
    @(70.0400 mm, 110.7000 mm): Pad 162 [POWER_GND] of J7 on F.Cu
[unconnected_items]: Missing connection between items
    Local override; error
    @(70.0400 mm, 113.1000 mm): Pad 174 [POWER_GND] of J7 on F.Cu
    @(70.0400 mm, 111.9000 mm): Pad 168 [POWER_GND] of J7 on F.Cu
[unconnected_items]: Missing connection between items
    Local override; error
    @(70.0400 mm, 113.1000 mm): Pad 174 [POWER_GND] of J7 on F.Cu
    @(70.0400 mm, 114.3000 mm): Pad 180 [POWER_GND] of J7 on F.Cu
[unconnected_items]: Missing connection between items
    Local override; error
    @(70.0400 mm, 114.3000 mm): Pad 180 [POWER_GND] of J7 on F.Cu
    @(70.0400 mm, 115.5000 mm): Pad 186 [POWER_GND] of J7 on F.Cu
[unconnected_items]: Missing connection between items
    Local override; error
    @(70.0400 mm, 116.7000 mm): Pad 192 [POWER_GND] of J7 on F.Cu
    @(70.0400 mm, 115.5000 mm): Pad 186 [POWER_GND] of J7 on F.Cu
[unconnected_items]: Missing connection between items
    Local override; error
    @(70.0400 mm, 117.9000 mm): Pad 198 [POWER_GND] of J7 on F.Cu
    @(70.0400 mm, 116.7000 mm): Pad 192 [POWER_GND] of J7 on F.Cu
[unconnected_items]: Missing connection between items
    Local override; error
    @(71.1000 mm, 120.0000 mm): Pad 2 [POWER_GND] of C14 on F.Cu
    @(70.0400 mm, 117.9000 mm): Pad 198 [POWER_GND] of J7 on F.Cu
[unconnected_items]: Missing connection between items
    Local override; error
    @(79.1000 mm, 120.0000 mm): Pad 2 [POWER_GND] of C15 on F.Cu
    @(71.1000 mm, 120.0000 mm): Pad 2 [POWER_GND] of C14 on F.Cu
[unconnected_items]: Missing connection between items
    Local override; error
    @(79.1000 mm, 120.0000 mm): Pad 2 [POWER_GND] of C15 on F.Cu
    @(92.2000 mm, 125.4000 mm): Pad 44 [POWER_GND] of U7 on F.Cu
[unconnected_items]: Missing connection between items
    Local override; error
    @(92.2000 mm, 125.4000 mm): Pad 44 [POWER_GND] of U7 on F.Cu
    @(95.4000 mm, 127.8000 mm): Pad 58 [POWER_GND] of U7 on F.Cu
[unconnected_items]: Missing connection between items
    Local override; error
    @(95.4000 mm, 127.8000 mm): Pad 58 [POWER_GND] of U7 on F.Cu
    @(96.0000 mm, 124.0000 mm): Pad 65 [POWER_GND] of U7 on F.Cu
[unconnected_items]: Missing connection between items
    Local override; error
    @(96.3500 mm, 112.0000 mm): Pad 2 [POWER_GND] of C16 on F.Cu
    @(102.3500 mm, 112.0000 mm): Pad 2 [POWER_GND] of C17 on F.Cu
[unconnected_items]: Missing connection between items
    Local override; error
    @(96.3500 mm, 112.0000 mm): Pad 2 [POWER_GND] of C16 on F.Cu
    @(96.0000 mm, 124.0000 mm): Pad 65 [POWER_GND] of U7 on F.Cu
[unconnected_items]: Missing connection between items
    Local override; error
    @(102.3500 mm, 112.0000 mm): Pad 2 [POWER_GND] of C17 on F.Cu
    @(108.3500 mm, 112.0000 mm): Pad 2 [POWER_GND] of C19 on F.Cu
[unconnected_items]: Missing connection between items
    Local override; error
    @(108.3500 mm, 112.0000 mm): Pad 2 [POWER_GND] of C19 on F.Cu
    @(124.0000 mm, 124.5000 mm): Pad 2 [POWER_GND] of R33 on F.Cu
[unconnected_items]: Missing connection between items
    Local override; error
    @(108.3500 mm, 112.0000 mm): Pad 2 [POWER_GND] of C19 on F.Cu
    @(112.0000 mm, 72.0000 mm): Pad 2 [POWER_GND] of D2 on F.Cu
[unconnected_items]: Missing connection between items
    Local override; error
    @(112.0000 mm, 72.0000 mm): Pad 2 [POWER_GND] of D2 on F.Cu
    @(112.0000 mm, 32.0000 mm): Pad 2 [POWER_GND] of D1 on F.Cu
[unconnected_items]: Missing connection between items
    Local override; error
    @(120.5000 mm, 147.0000 mm): Pad 2 [POWER_GND] of C82 on F.Cu
    @(130.5000 mm, 145.0000 mm): Pad 2 [POWER_GND] of C85 on F.Cu
[unconnected_items]: Missing connection between items
    Local override; error
    @(121.1000 mm, 170.0000 mm): Pad 2 [POWER_GND] of C23 on F.Cu
    @(90.5000 mm, 164.0000 mm): Pad 2 [POWER_GND] of R4 on F.Cu
[unconnected_items]: Missing connection between items
    Local override; error
    @(128.9500 mm, 170.0000 mm): Pad 2 [POWER_GND] of C24 on F.Cu
    @(121.1000 mm, 170.0000 mm): Pad 2 [POWER_GND] of C23 on F.Cu
[unconnected_items]: Missing connection between items
    Local override; error
    @(134.5000 mm, 117.0000 mm): Pad 2 [POWER_GND] of R83 on F.Cu
    @(124.0000 mm, 124.5000 mm): Pad 2 [POWER_GND] of R33 on F.Cu
[unconnected_items]: Missing connection between items
    Local override; error
    @(137.1000 mm, 170.0000 mm): Pad 2 [POWER_GND] of C25 on F.Cu
    @(128.9500 mm, 170.0000 mm): Pad 2 [POWER_GND] of C24 on F.Cu
[unconnected_items]: Missing connection between items
    Local override; error
    @(137.1000 mm, 170.0000 mm): Pad 2 [POWER_GND] of C25 on F.Cu
    @(151.3500 mm, 168.0000 mm): Pad 2 [POWER_GND] of C34 on F.Cu
[unconnected_items]: Missing connection between items
    Local override; error
    @(141.4000 mm, 131.4000 mm): Pad 60 [POWER_GND] of U11 on F.Cu
    @(142.6000 mm, 131.4000 mm): Pad 63 [POWER_GND] of U11 on F.Cu
[unconnected_items]: Missing connection between items
    Local override; error
    @(141.4000 mm, 131.4000 mm): Pad 60 [POWER_GND] of U11 on F.Cu
    @(134.5000 mm, 117.0000 mm): Pad 2 [POWER_GND] of R83 on F.Cu
[unconnected_items]: Missing connection between items
    Local override; error
    @(141.4000 mm, 131.4000 mm): Pad 60 [POWER_GND] of U11 on F.Cu
    @(130.5000 mm, 145.0000 mm): Pad 2 [POWER_GND] of C85 on F.Cu
[unconnected_items]: Missing connection between items
    Local override; error
    @(148.5000 mm, 130.0000 mm): Pad 2 [POWER_GND] of R80 on F.Cu
    @(142.6000 mm, 131.4000 mm): Pad 63 [POWER_GND] of U11 on F.Cu
[unconnected_items]: Missing connection between items
    Local override; error
    @(148.5000 mm, 130.0000 mm): Pad 2 [POWER_GND] of R80 on F.Cu
    @(150.5000 mm, 120.0000 mm): Pad 2 [POWER_GND] of C84 on F.Cu
[unconnected_items]: Missing connection between items
    Local override; error
    @(148.5000 mm, 143.0000 mm): Pad 2 [POWER_GND] of C80 on F.Cu
    @(148.5000 mm, 147.0000 mm): Pad 2 [POWER_GND] of C81 on F.Cu
[unconnected_items]: Missing connection between items
    Local override; error
    @(148.5000 mm, 147.0000 mm): Pad 2 [POWER_GND] of C81 on F.Cu
    @(155.5000 mm, 147.0000 mm): Pad 2 [POWER_GND] of C83 on F.Cu
[unconnected_items]: Missing connection between items
    Local override; error
    @(148.5000 mm, 147.0000 mm): Pad 2 [POWER_GND] of C81 on F.Cu
    @(151.3500 mm, 160.0000 mm): Pad 2 [POWER_GND] of C26 on F.Cu
[unconnected_items]: Missing connection between items
    Local override; error
    @(150.5000 mm, 120.0000 mm): Pad 2 [POWER_GND] of C84 on F.Cu
    @(151.1000 mm, 115.8500 mm): Pad 3 [POWER_GND] of Y10 on F.Cu
[unconnected_items]: Missing connection between items
    Local override; error
    @(151.1000 mm, 115.8500 mm): Pad 3 [POWER_GND] of Y10 on F.Cu
    @(151.1000 mm, 114.1500 mm): Pad 4 [POWER_GND] of Y10 on F.Cu
[unconnected_items]: Missing connection between items
    Local override; error
    @(151.3500 mm, 160.0000 mm): Pad 2 [POWER_GND] of C26 on F.Cu
    @(151.3500 mm, 168.0000 mm): Pad 2 [POWER_GND] of C34 on F.Cu
[unconnected_items]: Missing connection between items
    Local override; error
    @(155.0000 mm, 135.0000 mm): Pad 43 [POWER_GND] of U12 on F.Cu
    @(155.4000 mm, 136.5000 mm): Pad 10 [POWER_GND] of U12 on F.Cu
[unconnected_items]: Missing connection between items
    Local override; error
    @(155.0000 mm, 135.0000 mm): Pad 43 [POWER_GND] of U12 on F.Cu
    @(148.5000 mm, 130.0000 mm): Pad 2 [POWER_GND] of R80 on F.Cu
[unconnected_items]: Missing connection between items
    Local override; error
    @(155.4000 mm, 136.5000 mm): Pad 10 [POWER_GND] of U12 on F.Cu
    @(148.5000 mm, 143.0000 mm): Pad 2 [POWER_GND] of C80 on F.Cu
[unconnected_items]: Missing connection between items
    Local override; error
    @(157.0000 mm, 136.5000 mm): Pad 14 [POWER_GND] of U12 on F.Cu
    @(155.4000 mm, 136.5000 mm): Pad 10 [POWER_GND] of U12 on F.Cu
[unconnected_items]: Missing connection between items
    Local override; error
    @(158.2000 mm, 136.5000 mm): Pad 17 [POWER_GND] of U12 on F.Cu
    @(157.0000 mm, 136.5000 mm): Pad 14 [POWER_GND] of U12 on F.Cu
[unconnected_items]: Missing connection between items
    Local override; error
    @(159.3500 mm, 160.0000 mm): Pad 2 [POWER_GND] of C27 on F.Cu
    @(167.3500 mm, 160.0000 mm): Pad 2 [POWER_GND] of C28 on F.Cu
[unconnected_items]: Missing connection between items
    Local override; error
    @(159.3500 mm, 160.0000 mm): Pad 2 [POWER_GND] of C27 on F.Cu
    @(159.3500 mm, 168.0000 mm): Pad 2 [POWER_GND] of C35 on F.Cu
[unconnected_items]: Missing connection between items
    Local override; error
    @(159.3500 mm, 168.0000 mm): Pad 2 [POWER_GND] of C35 on F.Cu
    @(151.3500 mm, 168.0000 mm): Pad 2 [POWER_GND] of C34 on F.Cu
[unconnected_items]: Missing connection between items
    Local override; error
    @(159.5000 mm, 134.8000 mm): Pad 19 [POWER_GND] of U12 on F.Cu
    @(159.5000 mm, 135.6000 mm): Pad 21 [POWER_GND] of U12 on F.Cu
[unconnected_items]: Missing connection between items
    Local override; error
    @(159.5000 mm, 135.6000 mm): Pad 21 [POWER_GND] of U12 on F.Cu
    @(158.2000 mm, 136.5000 mm): Pad 17 [POWER_GND] of U12 on F.Cu
[unconnected_items]: Missing connection between items
    Local override; error
    @(167.3500 mm, 168.0000 mm): Pad 2 [POWER_GND] of C36 on F.Cu
    @(159.3500 mm, 168.0000 mm): Pad 2 [POWER_GND] of C35 on F.Cu
[unconnected_items]: Missing connection between items
    Local override; error
    @(175.3500 mm, 160.0000 mm): Pad 2 [POWER_GND] of C29 on F.Cu
    @(175.3500 mm, 168.0000 mm): Pad 2 [POWER_GND] of C37 on F.Cu
[unconnected_items]: Missing connection between items
    Local override; error
    @(175.3500 mm, 168.0000 mm): Pad 2 [POWER_GND] of C37 on F.Cu
    @(183.3500 mm, 168.0000 mm): Pad 2 [POWER_GND] of C38 on F.Cu
[unconnected_items]: Missing connection between items
    Local override; error
    @(175.3500 mm, 168.0000 mm): Pad 2 [POWER_GND] of C37 on F.Cu
    @(167.3500 mm, 168.0000 mm): Pad 2 [POWER_GND] of C36 on F.Cu
[unconnected_items]: Missing connection between items
    Local override; error
    @(176.8000 mm, 136.5000 mm): Pad 1 [POWER_GND] of U13 on F.Cu
    @(159.5000 mm, 135.6000 mm): Pad 21 [POWER_GND] of U12 on F.Cu
[unconnected_items]: Missing connection between items
    Local override; error
    @(178.0000 mm, 136.5000 mm): Pad 4 [POWER_GND] of U13 on F.Cu
    @(176.8000 mm, 136.5000 mm): Pad 1 [POWER_GND] of U13 on F.Cu
[unconnected_items]: Missing connection between items
    Local override; error
    @(180.0000 mm, 135.0000 mm): Pad 43 [POWER_GND] of U13 on F.Cu
    @(180.4000 mm, 136.5000 mm): Pad 10 [POWER_GND] of U13 on F.Cu
[unconnected_items]: Missing connection between items
    Local override; error
    @(180.4000 mm, 136.5000 mm): Pad 10 [POWER_GND] of U13 on F.Cu
    @(182.0000 mm, 136.5000 mm): Pad 14 [POWER_GND] of U13 on F.Cu
[unconnected_items]: Missing connection between items
    Local override; error
    @(180.4000 mm, 136.5000 mm): Pad 10 [POWER_GND] of U13 on F.Cu
    @(178.0000 mm, 136.5000 mm): Pad 4 [POWER_GND] of U13 on F.Cu
[unconnected_items]: Missing connection between items
    Local override; error
    @(182.0000 mm, 136.5000 mm): Pad 14 [POWER_GND] of U13 on F.Cu
    @(183.2000 mm, 136.5000 mm): Pad 17 [POWER_GND] of U13 on F.Cu
[unconnected_items]: Missing connection between items
    Local override; error
    @(184.5000 mm, 135.6000 mm): Pad 21 [POWER_GND] of U13 on F.Cu
    @(184.5000 mm, 134.8000 mm): Pad 19 [POWER_GND] of U13 on F.Cu
[unconnected_items]: Missing connection between items
    Local override; error
    @(184.5000 mm, 135.6000 mm): Pad 21 [POWER_GND] of U13 on F.Cu
    @(183.2000 mm, 136.5000 mm): Pad 17 [POWER_GND] of U13 on F.Cu
[unconnected_items]: Missing connection between items
    Local override; error
    @(191.3500 mm, 168.0000 mm): Pad 2 [POWER_GND] of C39 on F.Cu
    @(183.3500 mm, 168.0000 mm): Pad 2 [POWER_GND] of C38 on F.Cu
[unconnected_items]: Missing connection between items
    Local override; error
    @(199.3500 mm, 168.0000 mm): Pad 2 [POWER_GND] of C40 on F.Cu
    @(207.3500 mm, 168.0000 mm): Pad 2 [POWER_GND] of C41 on F.Cu
[unconnected_items]: Missing connection between items
    Local override; error
    @(199.3500 mm, 168.0000 mm): Pad 2 [POWER_GND] of C40 on F.Cu
    @(191.3500 mm, 168.0000 mm): Pad 2 [POWER_GND] of C39 on F.Cu
[unconnected_items]: Missing connection between items
    Local override; error
    @(207.3500 mm, 168.0000 mm): Pad 2 [POWER_GND] of C41 on F.Cu
    @(211.2500 mm, 159.7250 mm): Pad 3 [POWER_GND] of J3 on F.Cu
[unconnected_items]: Missing connection between items
    Local override; error
    @(208.9000 mm, 150.9500 mm): Pad 3 [POWER_GND] of U14 on F.Cu
    @(211.2500 mm, 159.7250 mm): Pad 3 [POWER_GND] of J3 on F.Cu
[unconnected_items]: Missing connection between items
    Local override; error
    @(211.2500 mm, 159.7250 mm): Pad 3 [POWER_GND] of J3 on F.Cu
    @(212.7500 mm, 159.7250 mm): Pad 9 [POWER_GND] of J3 on F.Cu
[unconnected_items]: Missing connection between items
    Local override; error
    @(214.2500 mm, 159.7250 mm): Pad 15 [POWER_GND] of J3 on F.Cu
    @(212.7500 mm, 159.7250 mm): Pad 9 [POWER_GND] of J3 on F.Cu
[unconnected_items]: Missing connection between items
    Local override; error
    @(217.2500 mm, 159.7250 mm): Pad 27 [POWER_GND] of J3 on F.Cu
    @(218.7500 mm, 159.7250 mm): Pad 33 [POWER_GND] of J3 on F.Cu
[unconnected_items]: Missing connection between items
    Local override; error
    @(217.2500 mm, 159.7250 mm): Pad 27 [POWER_GND] of J3 on F.Cu
    @(214.2500 mm, 159.7250 mm): Pad 15 [POWER_GND] of J3 on F.Cu
[unconnected_items]: Missing connection between items
    Local override; error
    @(218.7500 mm, 159.7250 mm): Pad 33 [POWER_GND] of J3 on F.Cu
    @(220.2500 mm, 159.7250 mm): Pad 39 [POWER_GND] of J3 on F.Cu
[unconnected_items]: Missing connection between items
    Local override; error
    @(220.2500 mm, 159.7250 mm): Pad 39 [POWER_GND] of J3 on F.Cu
    @(221.7500 mm, 159.7250 mm): Pad 45 [POWER_GND] of J3 on F.Cu
[unconnected_items]: Missing connection between items
    Local override; error
    @(222.7500 mm, 105.7500 mm): Pad 6 [POWER_GND] of U4 on F.Cu
    @(215.5000 mm, 100.0000 mm): Pad 2 [POWER_GND] of R12 on F.Cu
[unconnected_items]: Missing connection between items
    Local override; error
    @(222.7500 mm, 105.7500 mm): Pad 6 [POWER_GND] of U4 on F.Cu
    @(218.5000 mm, 115.0000 mm): Pad 2 [POWER_GND] of R13 on F.Cu
[unconnected_items]: Missing connection between items
    Local override; error
    @(223.2500 mm, 159.7250 mm): Pad 51 [POWER_GND] of J3 on F.Cu
    @(224.7500 mm, 159.7250 mm): Pad 57 [POWER_GND] of J3 on F.Cu
[unconnected_items]: Missing connection between items
    Local override; error
    @(223.2500 mm, 159.7250 mm): Pad 51 [POWER_GND] of J3 on F.Cu
    @(221.7500 mm, 159.7250 mm): Pad 45 [POWER_GND] of J3 on F.Cu
[unconnected_items]: Missing connection between items
    Local override; error
    @(224.7500 mm, 159.7250 mm): Pad 57 [POWER_GND] of J3 on F.Cu
    @(228.2500 mm, 159.7250 mm): Pad 71 [POWER_GND] of J3 on F.Cu
[unconnected_items]: Missing connection between items
    Local override; error
    @(225.0000 mm, 103.8750 mm): Pad 17 [POWER_GND] of U4 on F.Cu
    @(225.0000 mm, 104.6250 mm): Pad 18 [POWER_GND] of U4 on F.Cu
[unconnected_items]: Missing connection between items
    Local override; error
    @(225.0000 mm, 104.6250 mm): Pad 18 [POWER_GND] of U4 on F.Cu
    @(225.0000 mm, 105.3750 mm): Pad 19 [POWER_GND] of U4 on F.Cu
[unconnected_items]: Missing connection between items
    Local override; error
    @(225.0000 mm, 105.3750 mm): Pad 19 [POWER_GND] of U4 on F.Cu
    @(225.0000 mm, 106.1250 mm): Pad 20 [POWER_GND] of U4 on F.Cu
[unconnected_items]: Missing connection between items
    Local override; error
    @(225.0000 mm, 105.3750 mm): Pad 19 [POWER_GND] of U4 on F.Cu
    @(227.2500 mm, 105.7500 mm): Pad 11 [POWER_GND] of U4 on F.Cu
[unconnected_items]: Missing connection between items
    Local override; error
    @(225.0000 mm, 106.1250 mm): Pad 20 [POWER_GND] of U4 on F.Cu
    @(222.7500 mm, 105.7500 mm): Pad 6 [POWER_GND] of U4 on F.Cu
[unconnected_items]: Missing connection between items
    Local override; error
    @(227.2500 mm, 105.7500 mm): Pad 11 [POWER_GND] of U4 on F.Cu
    @(232.7500 mm, 105.7500 mm): Pad 6 [POWER_GND] of U5 on F.Cu
[unconnected_items]: Missing connection between items
    Local override; error
    @(228.2500 mm, 159.7250 mm): Pad 71 [POWER_GND] of J3 on F.Cu
    @(228.7500 mm, 159.7250 mm): Pad 73 [POWER_GND] of J3 on F.Cu
[unconnected_items]: Missing connection between items
    Local override; error
    @(228.7500 mm, 159.7250 mm): Pad 73 [POWER_GND] of J3 on F.Cu
    @(246.2700 mm, 148.7300 mm): PTH pad 2 [POWER_GND] of J5
[unconnected_items]: Missing connection between items
    Local override; error
    @(235.0000 mm, 103.8750 mm): Pad 17 [POWER_GND] of U5 on F.Cu
    @(235.0000 mm, 104.6250 mm): Pad 18 [POWER_GND] of U5 on F.Cu
[unconnected_items]: Missing connection between items
    Local override; error
    @(235.0000 mm, 104.6250 mm): Pad 18 [POWER_GND] of U5 on F.Cu
    @(235.0000 mm, 105.3750 mm): Pad 19 [POWER_GND] of U5 on F.Cu
[unconnected_items]: Missing connection between items
    Local override; error
    @(235.0000 mm, 105.3750 mm): Pad 19 [POWER_GND] of U5 on F.Cu
    @(235.0000 mm, 106.1250 mm): Pad 20 [POWER_GND] of U5 on F.Cu
[unconnected_items]: Missing connection between items
    Local override; error
    @(235.0000 mm, 105.3750 mm): Pad 19 [POWER_GND] of U5 on F.Cu
    @(237.2500 mm, 105.7500 mm): Pad 11 [POWER_GND] of U5 on F.Cu
[unconnected_items]: Missing connection between items
    Local override; error
    @(235.0000 mm, 105.3750 mm): Pad 19 [POWER_GND] of U5 on F.Cu
    @(232.7500 mm, 105.7500 mm): Pad 6 [POWER_GND] of U5 on F.Cu
[unconnected_items]: Missing connection between items
    Local override; error
    @(246.2700 mm, 148.7300 mm): PTH pad 2 [POWER_GND] of J5
    @(250.0000 mm, 136.6500 mm): Pad 2 [POWER_GND] of C46 on F.Cu
[unconnected_items]: Missing connection between items
    Local override; error
    @(246.5000 mm, 90.0000 mm): Pad 2 [POWER_GND] of R21 on F.Cu
    @(235.0000 mm, 103.8750 mm): Pad 17 [POWER_GND] of U5 on F.Cu
[unconnected_items]: Missing connection between items
    Local override; error
    @(246.5000 mm, 90.0000 mm): Pad 2 [POWER_GND] of R21 on F.Cu
    @(282.0000 mm, 20.0000 mm): PTH pad 1 [POWER_GND] of TP9
[unconnected_items]: Missing connection between items
    Local override; error
    @(246.5000 mm, 118.0000 mm): Pad 2 [POWER_GND] of R20 on F.Cu
    @(250.0000 mm, 126.6500 mm): Pad 2 [POWER_GND] of C44 on F.Cu
[unconnected_items]: Missing connection between items
    Local override; error
    @(246.5000 mm, 118.0000 mm): Pad 2 [POWER_GND] of R20 on F.Cu
    @(237.2500 mm, 105.7500 mm): Pad 11 [POWER_GND] of U5 on F.Cu
[unconnected_items]: Missing connection between items
    Local override; error
    @(250.0000 mm, 136.6500 mm): Pad 2 [POWER_GND] of C46 on F.Cu
    @(258.0000 mm, 136.6500 mm): Pad 2 [POWER_GND] of C47 on F.Cu
[unconnected_items]: Missing connection between items
    Local override; error
    @(250.0000 mm, 136.6500 mm): Pad 2 [POWER_GND] of C46 on F.Cu
    @(250.0000 mm, 126.6500 mm): Pad 2 [POWER_GND] of C44 on F.Cu
[unconnected_items]: Missing connection between items
    Local override; error
    @(258.0000 mm, 126.6500 mm): Pad 2 [POWER_GND] of C45 on F.Cu
    @(250.0000 mm, 126.6500 mm): Pad 2 [POWER_GND] of C44 on F.Cu
[unconnected_items]: Missing connection between items
    Local override; error
    @(32.9600 mm, 99.5000 mm): Pad 5 [CM5_GBE_TD3_N] of J7 on F.Cu
    @(47.5000 mm, 88.3850 mm): Pad 7 [CM5_GBE_TD3_N] of U9 on F.Cu
[unconnected_items]: Missing connection between items
    Local override; error
    @(32.9600 mm, 99.5000 mm): Pad 5 [CM5_GBE_TD3_N] of J7 on F.Cu
    @(9.2850 mm, 151.3500 mm): PTH pad 10 [CM5_GBE_TD3_N] of J2
[unconnected_items]: Missing connection between items
    Local override; error
    @(47.5000 mm, 88.3850 mm): Pad 7 [CM5_GBE_TD3_N] of U9 on F.Cu
    @(47.5000 mm, 87.6150 mm): Pad 4 [CM5_GBE_TD3_N] of U9 on F.Cu
[unconnected_items]: Missing connection between items
    Local override; error
    @(32.9600 mm, 99.1000 mm): Pad 3 [CM5_GBE_TD3_P] of J7 on F.Cu
    @(47.0000 mm, 88.3850 mm): Pad 6 [CM5_GBE_TD3_P] of U9 on F.Cu
[unconnected_items]: Missing connection between items
    Local override; error
    @(32.9600 mm, 99.1000 mm): Pad 3 [CM5_GBE_TD3_P] of J7 on F.Cu
    @(10.5550 mm, 153.8900 mm): PTH pad 9 [CM5_GBE_TD3_P] of J2
[unconnected_items]: Missing connection between items
    Local override; error
    @(47.0000 mm, 88.3850 mm): Pad 6 [CM5_GBE_TD3_P] of U9 on F.Cu
    @(47.0000 mm, 87.6150 mm): Pad 5 [CM5_GBE_TD3_P] of U9 on F.Cu
[unconnected_items]: Missing connection between items
    Local override; error
    @(36.0400 mm, 100.7000 mm): Pad 12 [CM5_GBE_TD0_P] of J7 on F.Cu
    @(43.0000 mm, 88.3850 mm): Pad 10 [CM5_GBE_TD0_P] of U6 on F.Cu
[unconnected_items]: Missing connection between items
    Local override; error
    @(36.0400 mm, 100.7000 mm): Pad 12 [CM5_GBE_TD0_P] of J7 on F.Cu
    @(20.7150 mm, 153.8900 mm): PTH pad 1 [CM5_GBE_TD0_P] of J2
[unconnected_items]: Missing connection between items
    Local override; error
    @(43.0000 mm, 88.3850 mm): Pad 10 [CM5_GBE_TD0_P] of U6 on F.Cu
    @(43.0000 mm, 87.6150 mm): Pad 1 [CM5_GBE_TD0_P] of U6 on F.Cu
[unconnected_items]: Missing connection between items
    Local override; error
    @(36.0400 mm, 100.3000 mm): Pad 10 [CM5_GBE_TD0_N] of J7 on F.Cu
    @(42.5000 mm, 88.3850 mm): Pad 9 [CM5_GBE_TD0_N] of U6 on F.Cu
[unconnected_items]: Missing connection between items
    Local override; error
    @(36.0400 mm, 100.3000 mm): Pad 10 [CM5_GBE_TD0_N] of J7 on F.Cu
    @(19.4450 mm, 151.3500 mm): PTH pad 2 [CM5_GBE_TD0_N] of J2
[unconnected_items]: Missing connection between items
    Local override; error
    @(42.5000 mm, 88.3850 mm): Pad 9 [CM5_GBE_TD0_N] of U6 on F.Cu
    @(42.5000 mm, 87.6150 mm): Pad 2 [CM5_GBE_TD0_N] of U6 on F.Cu
[unconnected_items]: Missing connection between items
    Local override; error
    @(36.0400 mm, 99.5000 mm): Pad 6 [CM5_GBE_TD1_N] of J7 on F.Cu
    @(41.5000 mm, 88.3850 mm): Pad 7 [CM5_GBE_TD1_N] of U6 on F.Cu
[unconnected_items]: Missing connection between items
    Local override; error
    @(36.0400 mm, 99.5000 mm): Pad 6 [CM5_GBE_TD1_N] of J7 on F.Cu
    @(14.3650 mm, 151.3500 mm): PTH pad 6 [CM5_GBE_TD1_N] of J2
[unconnected_items]: Missing connection between items
    Local override; error
    @(41.5000 mm, 88.3850 mm): Pad 7 [CM5_GBE_TD1_N] of U6 on F.Cu
    @(41.5000 mm, 87.6150 mm): Pad 4 [CM5_GBE_TD1_N] of U6 on F.Cu
[unconnected_items]: Missing connection between items
    Local override; error
    @(36.0400 mm, 99.1000 mm): Pad 4 [CM5_GBE_TD1_P] of J7 on F.Cu
    @(41.0000 mm, 88.3850 mm): Pad 6 [CM5_GBE_TD1_P] of U6 on F.Cu
[unconnected_items]: Missing connection between items
    Local override; error
    @(36.0400 mm, 99.1000 mm): Pad 4 [CM5_GBE_TD1_P] of J7 on F.Cu
    @(18.1750 mm, 153.8900 mm): PTH pad 3 [CM5_GBE_TD1_P] of J2
[unconnected_items]: Missing connection between items
    Local override; error
    @(41.0000 mm, 88.3850 mm): Pad 6 [CM5_GBE_TD1_P] of U6 on F.Cu
    @(41.0000 mm, 87.6150 mm): Pad 5 [CM5_GBE_TD1_P] of U6 on F.Cu
[unconnected_items]: Missing connection between items
    Local override; error
    @(32.9600 mm, 113.9000 mm): Pad 77 [CM5_5V] of J7 on F.Cu
    @(32.9600 mm, 114.3000 mm): Pad 79 [CM5_5V] of J7 on F.Cu
[unconnected_items]: Missing connection between items
    Local override; error
    @(32.9600 mm, 114.3000 mm): Pad 79 [CM5_5V] of J7 on F.Cu
    @(32.9600 mm, 114.7000 mm): Pad 81 [CM5_5V] of J7 on F.Cu
[unconnected_items]: Missing connection between items
    Local override; error
    @(32.9600 mm, 114.7000 mm): Pad 81 [CM5_5V] of J7 on F.Cu
    @(32.9600 mm, 115.1000 mm): Pad 83 [CM5_5V] of J7 on F.Cu
[unconnected_items]: Missing connection between items
    Local override; error
    @(32.9600 mm, 115.1000 mm): Pad 83 [CM5_5V] of J7 on F.Cu
    @(32.9600 mm, 115.5000 mm): Pad 85 [CM5_5V] of J7 on F.Cu
[unconnected_items]: Missing connection between items
    Local override; error
    @(32.9600 mm, 115.5000 mm): Pad 85 [CM5_5V] of J7 on F.Cu
    @(32.9600 mm, 115.9000 mm): Pad 87 [CM5_5V] of J7 on F.Cu
[unconnected_items]: Missing connection between items
    Local override; error
    @(32.9600 mm, 115.9000 mm): Pad 87 [CM5_5V] of J7 on F.Cu
    @(66.5000 mm, 157.0000 mm): PTH pad 1 [CM5_5V] of TP4
[unconnected_items]: Missing connection between items
    Local override; error
    @(57.7500 mm, 167.0000 mm): Pad 8 [CM5_5V] of U3 on F.Cu
    @(57.7500 mm, 165.2500 mm): Pad 5 [CM5_5V] of U3 on F.Cu
[unconnected_items]: Missing connection between items
    Local override; error
    @(62.2500 mm, 167.0000 mm): Pad 9 [CM5_5V] of U3 on F.Cu
    @(57.7500 mm, 167.0000 mm): Pad 8 [CM5_5V] of U3 on F.Cu
[unconnected_items]: Missing connection between items
    Local override; error
    @(62.2500 mm, 167.0000 mm): Pad 9 [CM5_5V] of U3 on F.Cu
    @(68.5000 mm, 160.0000 mm): Pad 1 [CM5_5V] of R6 on F.Cu
[unconnected_items]: Missing connection between items
    Local override; error
    @(63.6500 mm, 168.5000 mm): Pad 1 [CM5_5V] of C7 on F.Cu
    @(62.2500 mm, 167.0000 mm): Pad 9 [CM5_5V] of U3 on F.Cu
[unconnected_items]: Missing connection between items
    Local override; error
    @(68.5000 mm, 160.0000 mm): Pad 1 [CM5_5V] of R6 on F.Cu
    @(66.5000 mm, 157.0000 mm): PTH pad 1 [CM5_5V] of TP4
[unconnected_items]: Missing connection between items
    Local override; error
    @(68.5000 mm, 160.0000 mm): Pad 1 [CM5_5V] of R6 on F.Cu
    @(81.9500 mm, 164.0000 mm): Pad 2 [CM5_5V] of C9 on F.Cu
[unconnected_items]: Missing connection between items
    Local override; error
    @(86.5000 mm, 164.0000 mm): Pad 1 [CM5_5V] of R3 on F.Cu
    @(81.9500 mm, 164.0000 mm): Pad 2 [CM5_5V] of C9 on F.Cu
[unconnected_items]: Missing connection between items
    Local override; error
    @(86.5000 mm, 164.0000 mm): Pad 1 [CM5_5V] of R3 on F.Cu
    @(119.5000 mm, 124.5000 mm): Pad 1 [CM5_5V] of R32 on F.Cu
[unconnected_items]: Missing connection between items
    Local override; error
    @(92.2000 mm, 121.0000 mm): Pad 33 [BRIDGE_1V1] of U7 on F.Cu
    @(92.2000 mm, 124.2000 mm): Pad 41 [BRIDGE_1V1] of U7 on F.Cu
[unconnected_items]: Missing connection between items
    Local override; error
    @(92.2000 mm, 124.2000 mm): Pad 41 [BRIDGE_1V1] of U7 on F.Cu
    @(92.2000 mm, 126.6000 mm): Pad 47 [BRIDGE_1V1] of U7 on F.Cu
[unconnected_items]: Missing connection between items
    Local override; error
    @(92.2000 mm, 126.6000 mm): Pad 47 [BRIDGE_1V1] of U7 on F.Cu
    @(93.4000 mm, 127.8000 mm): Pad 63 [BRIDGE_1V1] of U7 on F.Cu
[unconnected_items]: Missing connection between items
    Local override; error
    @(93.8000 mm, 120.2000 mm): Pad 19 [BRIDGE_1V1] of U7 on F.Cu
    @(92.2000 mm, 121.0000 mm): Pad 33 [BRIDGE_1V1] of U7 on F.Cu
[unconnected_items]: Missing connection between items
    Local override; error
    @(94.2000 mm, 127.8000 mm): Pad 61 [BRIDGE_1V1] of U7 on F.Cu
    @(93.4000 mm, 127.8000 mm): Pad 63 [BRIDGE_1V1] of U7 on F.Cu
[unconnected_items]: Missing connection between items
    Local override; error
    @(94.2000 mm, 127.8000 mm): Pad 61 [BRIDGE_1V1] of U7 on F.Cu
    @(96.6000 mm, 127.8000 mm): Pad 55 [BRIDGE_1V1] of U7 on F.Cu
[unconnected_items]: Missing connection between items
    Local override; error
    @(99.0000 mm, 120.2000 mm): Pad 32 [BRIDGE_1V1] of U7 on F.Cu
    @(99.8000 mm, 122.6000 mm): Pad 12 [BRIDGE_1V1] of U7 on F.Cu
[unconnected_items]: Missing connection between items
    Local override; error
    @(99.0000 mm, 127.8000 mm): Pad 49 [BRIDGE_1V1] of U7 on F.Cu
    @(99.8000 mm, 127.0000 mm): Pad 1 [BRIDGE_1V1] of U7 on F.Cu
[unconnected_items]: Missing connection between items
    Local override; error
    @(99.0000 mm, 127.8000 mm): Pad 49 [BRIDGE_1V1] of U7 on F.Cu
    @(96.6000 mm, 127.8000 mm): Pad 55 [BRIDGE_1V1] of U7 on F.Cu
[unconnected_items]: Missing connection between items
    Local override; error
    @(99.8000 mm, 127.0000 mm): Pad 1 [BRIDGE_1V1] of U7 on F.Cu
    @(99.8000 mm, 122.6000 mm): Pad 12 [BRIDGE_1V1] of U7 on F.Cu
[unconnected_items]: Missing connection between items
    Local override; error
    @(99.8000 mm, 127.0000 mm): Pad 1 [BRIDGE_1V1] of U7 on F.Cu
    @(148.6500 mm, 160.0000 mm): Pad 1 [BRIDGE_1V1] of C26 on F.Cu
[unconnected_items]: Missing connection between items
    Local override; error
    @(148.6500 mm, 160.0000 mm): Pad 1 [BRIDGE_1V1] of C26 on F.Cu
    @(156.6500 mm, 160.0000 mm): Pad 1 [BRIDGE_1V1] of C27 on F.Cu
[unconnected_items]: Missing connection between items
    Local override; error
    @(148.6500 mm, 168.0000 mm): Pad 1 [BRIDGE_1V1] of C34 on F.Cu
    @(148.6500 mm, 160.0000 mm): Pad 1 [BRIDGE_1V1] of C26 on F.Cu
[unconnected_items]: Missing connection between items
    Local override; error
    @(156.6500 mm, 160.0000 mm): Pad 1 [BRIDGE_1V1] of C27 on F.Cu
    @(164.6500 mm, 160.0000 mm): Pad 1 [BRIDGE_1V1] of C28 on F.Cu
[unconnected_items]: Missing connection between items
    Local override; error
    @(156.6500 mm, 168.0000 mm): Pad 1 [BRIDGE_1V1] of C35 on F.Cu
    @(156.6500 mm, 160.0000 mm): Pad 1 [BRIDGE_1V1] of C27 on F.Cu
[unconnected_items]: Missing connection between items
    Local override; error
    @(164.6500 mm, 160.0000 mm): Pad 1 [BRIDGE_1V1] of C28 on F.Cu
    @(172.6500 mm, 160.0000 mm): Pad 1 [BRIDGE_1V1] of C29 on F.Cu
[unconnected_items]: Missing connection between items
    Local override; error
    @(164.6500 mm, 168.0000 mm): Pad 1 [BRIDGE_1V1] of C36 on F.Cu
    @(164.6500 mm, 160.0000 mm): Pad 1 [BRIDGE_1V1] of C28 on F.Cu
[unconnected_items]: Missing connection between items
    Local override; error
    @(172.6500 mm, 160.0000 mm): Pad 1 [BRIDGE_1V1] of C29 on F.Cu
    @(172.6500 mm, 168.0000 mm): Pad 1 [BRIDGE_1V1] of C37 on F.Cu
[unconnected_items]: Missing connection between items
    Local override; error
    @(172.6500 mm, 168.0000 mm): Pad 1 [BRIDGE_1V1] of C37 on F.Cu
    @(180.6500 mm, 168.0000 mm): Pad 1 [BRIDGE_1V1] of C38 on F.Cu
[unconnected_items]: Missing connection between items
    Local override; error
    @(180.6500 mm, 168.0000 mm): Pad 1 [BRIDGE_1V1] of C38 on F.Cu
    @(188.6500 mm, 168.0000 mm): Pad 1 [BRIDGE_1V1] of C39 on F.Cu
[unconnected_items]: Missing connection between items
    Local override; error
    @(188.6500 mm, 168.0000 mm): Pad 1 [BRIDGE_1V1] of C39 on F.Cu
    @(196.6500 mm, 168.0000 mm): Pad 1 [BRIDGE_1V1] of C40 on F.Cu
[unconnected_items]: Missing connection between items
    Local override; error
    @(196.6500 mm, 168.0000 mm): Pad 1 [BRIDGE_1V1] of C40 on F.Cu
    @(204.6500 mm, 168.0000 mm): Pad 1 [BRIDGE_1V1] of C41 on F.Cu
[unconnected_items]: Missing connection between items
    Local override; error
    @(232.7500 mm, 107.0000 mm): Pad 8 [BRIDGE_1V1] of U5 on F.Cu
    @(232.7500 mm, 105.2500 mm): Pad 5 [BRIDGE_1V1] of U5 on F.Cu
[unconnected_items]: Missing connection between items
    Local override; error
    @(232.7500 mm, 107.0000 mm): Pad 8 [BRIDGE_1V1] of U5 on F.Cu
    @(237.2500 mm, 107.0000 mm): Pad 9 [BRIDGE_1V1] of U5 on F.Cu
[unconnected_items]: Missing connection between items
    Local override; error
    @(239.5000 mm, 115.0000 mm): Pad 1 [BRIDGE_1V1] of R22 on F.Cu
    @(242.0000 mm, 118.5000 mm): Pad 1 [BRIDGE_1V1] of R19 on F.Cu
[unconnected_items]: Missing connection between items
    Local override; error
    @(239.5000 mm, 115.0000 mm): Pad 1 [BRIDGE_1V1] of R22 on F.Cu
    @(237.2500 mm, 107.0000 mm): Pad 9 [BRIDGE_1V1] of U5 on F.Cu
[unconnected_items]: Missing connection between items
    Local override; error
    @(250.0000 mm, 129.3500 mm): Pad 1 [BRIDGE_1V1] of C44 on F.Cu
    @(242.0000 mm, 118.5000 mm): Pad 1 [BRIDGE_1V1] of R19 on F.Cu
[unconnected_items]: Missing connection between items
    Local override; error
    @(250.0000 mm, 139.3500 mm): Pad 1 [BRIDGE_1V1] of C46 on F.Cu
    @(258.0000 mm, 139.3500 mm): Pad 1 [BRIDGE_1V1] of C47 on F.Cu
[unconnected_items]: Missing connection between items
    Local override; error
    @(250.0000 mm, 139.3500 mm): Pad 1 [BRIDGE_1V1] of C46 on F.Cu
    @(250.0000 mm, 129.3500 mm): Pad 1 [BRIDGE_1V1] of C44 on F.Cu
[unconnected_items]: Missing connection between items
    Local override; error
    @(250.0000 mm, 139.3500 mm): Pad 1 [BRIDGE_1V1] of C46 on F.Cu
    @(204.6500 mm, 168.0000 mm): Pad 1 [BRIDGE_1V1] of C41 on F.Cu
[unconnected_items]: Missing connection between items
    Local override; error
    @(258.0000 mm, 129.3500 mm): Pad 1 [BRIDGE_1V1] of C45 on F.Cu
    @(250.0000 mm, 129.3500 mm): Pad 1 [BRIDGE_1V1] of C44 on F.Cu
[unconnected_items]: Missing connection between items
    Local override; error
    @(92.2000 mm, 123.0000 mm): Pad 38 [BRIDGE_R1] of U7 on F.Cu
    @(137.0000 mm, 122.0000 mm): Pad 1 [BRIDGE_R1] of R24 on F.Cu
[unconnected_items]: Missing connection between items
    Local override; error
    @(92.2000 mm, 123.4000 mm): Pad 39 [BRIDGE_R1RTN] of U7 on F.Cu
    @(138.0000 mm, 122.0000 mm): Pad 2 [BRIDGE_R1RTN] of R24 on F.Cu
[unconnected_items]: Missing connection between items
    Local override; error
    @(130.0000 mm, 117.0000 mm): Pad 1 [VBUS] of R82 on F.Cu
    @(136.3500 mm, 138.0000 mm): Pad 16 [VBUS] of U11 on F.Cu
[unconnected_items]: Missing connection between items
    Local override; error
    @(133.5000 mm, 117.0000 mm): Pad 1 [JMS_VBUS_SENSE] of R83 on F.Cu
    @(131.0000 mm, 117.0000 mm): Pad 2 [JMS_VBUS_SENSE] of R82 on F.Cu
[unconnected_items]: Missing connection between items
    Local override; error
    @(136.3500 mm, 135.6000 mm): Pad 10 [JMS_VBUS_SENSE] of U11 on F.Cu
    @(133.5000 mm, 117.0000 mm): Pad 1 [JMS_VBUS_SENSE] of R83 on F.Cu
[unconnected_items]: Missing connection between items
    Local override; error
    @(177.2000 mm, 136.5000 mm): Pad 2 [M2_SATA_A_P_PCIE_TXP0] of U13 on F.Cu
    @(222.7500 mm, 159.7250 mm): Pad 49 [M2_SATA_A_P_PCIE_TXP0] of J3 on F.Cu
[unconnected_items]: Missing connection between items
    Local override; error
    @(177.6000 mm, 136.5000 mm): Pad 3 [M2_SATA_A_N_PCIE_TXN0] of U13 on F.Cu
    @(222.2500 mm, 159.7250 mm): Pad 47 [M2_SATA_A_N_PCIE_TXN0] of J3 on F.Cu
[unconnected_items]: Missing connection between items
    Local override; error
    @(155.0000 mm, 133.5000 mm): Pad 30 [STORAGE_3V3] of U12 on F.Cu
    @(125.5000 mm, 145.0000 mm): Pad 2 [STORAGE_3V3] of R81 on F.Cu
[unconnected_items]: Missing connection between items
    Local override; error
    @(156.6000 mm, 136.5000 mm): Pad 13 [STORAGE_3V3] of U12 on F.Cu
    @(159.5000 mm, 135.2000 mm): Pad 20 [STORAGE_3V3] of U12 on F.Cu
[unconnected_items]: Missing connection between items
    Local override; error
    @(156.6000 mm, 136.5000 mm): Pad 13 [STORAGE_3V3] of U12 on F.Cu
    @(155.0000 mm, 133.5000 mm): Pad 30 [STORAGE_3V3] of U12 on F.Cu
[unconnected_items]: Missing connection between items
    Local override; error
    @(159.5000 mm, 135.2000 mm): Pad 20 [STORAGE_3V3] of U12 on F.Cu
    @(178.4000 mm, 136.5000 mm): Pad 5 [STORAGE_3V3] of U13 on F.Cu
[unconnected_items]: Missing connection between items
    Local override; error
    @(178.4000 mm, 136.5000 mm): Pad 5 [STORAGE_3V3] of U13 on F.Cu
    @(181.6000 mm, 136.5000 mm): Pad 13 [STORAGE_3V3] of U13 on F.Cu
[unconnected_items]: Missing connection between items
    Local override; error
    @(181.6000 mm, 136.5000 mm): Pad 13 [STORAGE_3V3] of U13 on F.Cu
    @(180.0000 mm, 133.5000 mm): Pad 30 [STORAGE_3V3] of U13 on F.Cu
[unconnected_items]: Missing connection between items
    Local override; error
    @(184.5000 mm, 135.2000 mm): Pad 20 [STORAGE_3V3] of U13 on F.Cu
    @(181.6000 mm, 136.5000 mm): Pad 13 [STORAGE_3V3] of U13 on F.Cu
[unconnected_items]: Missing connection between items
    Local override; error
    @(211.0000 mm, 167.2750 mm): Pad 2 [STORAGE_3V3] of J3 on F.Cu
    @(211.5000 mm, 167.2750 mm): Pad 4 [STORAGE_3V3] of J3 on F.Cu
[unconnected_items]: Missing connection between items
    Local override; error
    @(211.0000 mm, 167.2750 mm): Pad 2 [STORAGE_3V3] of J3 on F.Cu
    @(211.1000 mm, 149.0500 mm): Pad 5 [STORAGE_3V3] of U14 on F.Cu
[unconnected_items]: Missing connection between items
    Local override; error
    @(211.1000 mm, 149.0500 mm): Pad 5 [STORAGE_3V3] of U14 on F.Cu
    @(184.5000 mm, 135.2000 mm): Pad 20 [STORAGE_3V3] of U13 on F.Cu
[unconnected_items]: Missing connection between items
    Local override; error
    @(211.5000 mm, 167.2750 mm): Pad 4 [STORAGE_3V3] of J3 on F.Cu
    @(213.5000 mm, 167.2750 mm): Pad 12 [STORAGE_3V3] of J3 on F.Cu
[unconnected_items]: Missing connection between items
    Local override; error
    @(213.5000 mm, 167.2750 mm): Pad 12 [STORAGE_3V3] of J3 on F.Cu
    @(214.0000 mm, 167.2750 mm): Pad 14 [STORAGE_3V3] of J3 on F.Cu
[unconnected_items]: Missing connection between items
    Local override; error
    @(214.0000 mm, 167.2750 mm): Pad 14 [STORAGE_3V3] of J3 on F.Cu
    @(214.5000 mm, 167.2750 mm): Pad 16 [STORAGE_3V3] of J3 on F.Cu
[unconnected_items]: Missing connection between items
    Local override; error
    @(214.5000 mm, 167.2750 mm): Pad 16 [STORAGE_3V3] of J3 on F.Cu
    @(215.0000 mm, 167.2750 mm): Pad 18 [STORAGE_3V3] of J3 on F.Cu
[unconnected_items]: Missing connection between items
    Local override; error
    @(215.0000 mm, 167.2750 mm): Pad 18 [STORAGE_3V3] of J3 on F.Cu
    @(228.0000 mm, 167.2750 mm): Pad 70 [STORAGE_3V3] of J3 on F.Cu
[unconnected_items]: Missing connection between items
    Local override; error
    @(228.0000 mm, 167.2750 mm): Pad 70 [STORAGE_3V3] of J3 on F.Cu
    @(228.5000 mm, 167.2750 mm): Pad 72 [STORAGE_3V3] of J3 on F.Cu
[unconnected_items]: Missing connection between items
    Local override; error
    @(228.5000 mm, 167.2750 mm): Pad 72 [STORAGE_3V3] of J3 on F.Cu
    @(229.0000 mm, 167.2750 mm): Pad 74 [STORAGE_3V3] of J3 on F.Cu
[unconnected_items]: Missing connection between items
    Local override; error
    @(178.8000 mm, 136.5000 mm): Pad 6 [M2_SATA_B_P_PCIE_RXN0] of U13 on F.Cu
    @(220.7500 mm, 159.7250 mm): Pad 41 [M2_SATA_B_P_PCIE_RXN0] of J3 on F.Cu
[unconnected_items]: Missing connection between items
    Local override; error
    @(179.2000 mm, 136.5000 mm): Pad 7 [M2_SATA_B_N_PCIE_RXP0] of U13 on F.Cu
    @(221.2500 mm, 159.7250 mm): Pad 43 [M2_SATA_B_N_PCIE_RXP0] of J3 on F.Cu
[unconnected_items]: Missing connection between items
    Local override; error
    @(179.6000 mm, 136.5000 mm): Pad 8 [JMS_GPIO4_NC] of U13 on F.Cu
    @(136.3500 mm, 134.8000 mm): Pad 8 [JMS_GPIO4_NC] of U11 on F.Cu
[unconnected_items]: Missing connection between items
    Local override; error
    @(212.5000 mm, 167.2750 mm): Pad 8 [JMS_GPIO4_NC] of J3 on F.Cu
    @(179.6000 mm, 136.5000 mm): Pad 8 [JMS_GPIO4_NC] of U13 on F.Cu
[unconnected_items]: Missing connection between items
    Local override; error
    @(180.0000 mm, 136.5000 mm): Track [STORAGE_SEL] on F.Cu, length 2.5000 mm
    @(155.0000 mm, 136.5000 mm): Track [STORAGE_SEL] on F.Cu, length 2.5000 mm
[unconnected_items]: Missing connection between items
    Local override; error
    @(211.1000 mm, 150.9500 mm): Pad 4 [STORAGE_SEL] of U14 on F.Cu
    @(180.0000 mm, 136.5000 mm): Track [STORAGE_SEL] on F.Cu, length 2.5000 mm
[unconnected_items]: Missing connection between items
    Local override; error
    @(180.8000 mm, 136.5000 mm): Pad 11 [M2_PCIE_TXP2] of U13 on F.Cu
    @(216.7500 mm, 159.7250 mm): Pad 25 [M2_PCIE_TXP2] of J3 on F.Cu
[unconnected_items]: Missing connection between items
    Local override; error
    @(181.2000 mm, 136.5000 mm): Pad 12 [M2_PCIE_TXN2] of U13 on F.Cu
    @(216.2500 mm, 159.7250 mm): Pad 23 [M2_PCIE_TXN2] of J3 on F.Cu
[unconnected_items]: Missing connection between items
    Local override; error
    @(182.4000 mm, 136.5000 mm): Pad 15 [M2_PCIE_TXP3] of U13 on F.Cu
    @(213.7500 mm, 159.7250 mm): Pad 13 [M2_PCIE_TXP3] of J3 on F.Cu
[unconnected_items]: Missing connection between items
    Local override; error
    @(182.8000 mm, 136.5000 mm): Pad 16 [M2_PCIE_TXN3] of U13 on F.Cu
    @(213.2500 mm, 159.7250 mm): Pad 11 [M2_PCIE_TXN3] of J3 on F.Cu
[unconnected_items]: Missing connection between items
    Local override; error
    @(159.5000 mm, 134.4000 mm): Pad 18 [NC_18] of U12 on F.Cu
    @(184.5000 mm, 134.4000 mm): Pad 18 [NC_18] of U13 on F.Cu
[unconnected_items]: Missing connection between items
    Local override; error
    @(120.5000 mm, 122.0000 mm): Pad 2 [JMS_PCIE_TXN1] of C93 on F.Cu
    @(182.4000 mm, 133.5000 mm): Pad 24 [JMS_PCIE_TXN1] of U13 on F.Cu
[unconnected_items]: Missing connection between items
    Local override; error
    @(138.0000 mm, 119.5000 mm): Pad 2 [JMS_PCIE_TXP1] of C92 on F.Cu
    @(182.0000 mm, 133.5000 mm): Pad 25 [JMS_PCIE_TXP1] of U13 on F.Cu
[unconnected_items]: Missing connection between items
    Local override; error
    @(181.6000 mm, 133.5000 mm): Pad 26 [NC_26] of U13 on F.Cu
    @(217.0000 mm, 167.2750 mm): Pad 26 [NC_26] of J3 on F.Cu
[unconnected_items]: Missing connection between items
    Local override; error
    @(180.8000 mm, 133.5000 mm): Pad 28 [NC_28] of U13 on F.Cu
    @(217.5000 mm, 167.2750 mm): Pad 28 [NC_28] of J3 on F.Cu
[unconnected_items]: Missing connection between items
    Local override; error
    @(134.5000 mm, 119.5000 mm): Pad 2 [JMS_PCIE_TXN0] of C91 on F.Cu
    @(178.8000 mm, 133.5000 mm): Pad 33 [JMS_PCIE_TXN0] of U13 on F.Cu
[unconnected_items]: Missing connection between items
    Local override; error
    @(131.0000 mm, 119.5000 mm): Pad 2 [JMS_PCIE_TXP0] of C90 on F.Cu
    @(178.4000 mm, 133.5000 mm): Pad 34 [JMS_PCIE_TXP0] of U13 on F.Cu
[unconnected_items]: Missing connection between items
    Local override; error
    @(104.0000 mm, 128.0000 mm): Pad 1 [TUSB_SATA_RXN] of C33 on F.Cu
    @(178.0000 mm, 133.5000 mm): Pad 35 [TUSB_SATA_RXN] of U13 on F.Cu
[unconnected_items]: Missing connection between items
    Local override; error
    @(104.0000 mm, 120.0000 mm): Pad 1 [TUSB_SATA_RXP] of C32 on F.Cu
    @(177.6000 mm, 133.5000 mm): Pad 36 [TUSB_SATA_RXP] of U13 on F.Cu
[unconnected_items]: Missing connection between items
    Local override; error
    @(104.0000 mm, 132.0000 mm): Pad 1 [TUSB_SATA_TXN] of C31 on F.Cu
    @(177.2000 mm, 133.5000 mm): Pad 37 [TUSB_SATA_TXN] of U13 on F.Cu
[unconnected_items]: Missing connection between items
    Local override; error
    @(104.0000 mm, 116.0000 mm): Pad 1 [TUSB_SATA_TXP] of C30 on F.Cu
    @(176.8000 mm, 133.5000 mm): Pad 38 [TUSB_SATA_TXP] of U13 on F.Cu
[unconnected_items]: Missing connection between items
    Local override; error
    @(150.5000 mm, 135.6000 mm): Pad 39 [NC_39] of U12 on F.Cu
    @(175.5000 mm, 135.6000 mm): Pad 39 [NC_39] of U13 on F.Cu
[unconnected_items]: Missing connection between items
    Local override; error
    @(137.8000 mm, 138.6000 mm): Pad 30 [JMS_AVDDL] of U11 on F.Cu
    @(139.8000 mm, 138.6000 mm): Pad 25 [JMS_AVDDL] of U11 on F.Cu
[unconnected_items]: Missing connection between items
    Local override; error
    @(141.8000 mm, 138.6000 mm): Pad 20 [JMS_AVDDL] of U11 on F.Cu
    @(143.6500 mm, 138.0000 mm): Pad 33 [JMS_AVDDL] of U11 on F.Cu
[unconnected_items]: Missing connection between items
    Local override; error
    @(141.8000 mm, 138.6000 mm): Pad 20 [JMS_AVDDL] of U11 on F.Cu
    @(139.8000 mm, 138.6000 mm): Pad 25 [JMS_AVDDL] of U11 on F.Cu
[unconnected_items]: Missing connection between items
    Local override; error
    @(143.6500 mm, 132.8000 mm): Pad 46 [JMS_AVDDL] of U11 on F.Cu
    @(143.6500 mm, 134.0000 mm): Pad 43 [JMS_AVDDL] of U11 on F.Cu
[unconnected_items]: Missing connection between items
    Local override; error
    @(143.6500 mm, 132.8000 mm): Pad 46 [JMS_AVDDL] of U11 on F.Cu
    @(137.0000 mm, 131.4000 mm): Pad 49 [JMS_AVDDL] of U11 on F.Cu
[unconnected_items]: Missing connection between items
    Local override; error
    @(143.6500 mm, 134.0000 mm): Pad 43 [JMS_AVDDL] of U11 on F.Cu
    @(143.6500 mm, 135.2000 mm): Pad 40 [JMS_AVDDL] of U11 on F.Cu
[unconnected_items]: Missing connection between items
    Local override; error
    @(143.6500 mm, 136.8000 mm): Pad 36 [JMS_AVDDL] of U11 on F.Cu
    @(143.6500 mm, 138.0000 mm): Pad 33 [JMS_AVDDL] of U11 on F.Cu
[unconnected_items]: Missing connection between items
    Local override; error
    @(143.6500 mm, 136.8000 mm): Pad 36 [JMS_AVDDL] of U11 on F.Cu
    @(143.6500 mm, 135.2000 mm): Pad 40 [JMS_AVDDL] of U11 on F.Cu
[unconnected_items]: Missing connection between items
    Local override; error
    @(150.5000 mm, 135.2000 mm): Pad 40 [JMS_AVDDL] of U12 on F.Cu
    @(143.6500 mm, 135.2000 mm): Pad 40 [JMS_AVDDL] of U11 on F.Cu
[unconnected_items]: Missing connection between items
    Local override; error
    @(152.6000 mm, 133.5000 mm): Pad 36 [JMS_AVDDL] of U12 on F.Cu
    @(150.5000 mm, 135.2000 mm): Pad 40 [JMS_AVDDL] of U12 on F.Cu
[unconnected_items]: Missing connection between items
    Local override; error
    @(152.6000 mm, 133.5000 mm): Pad 36 [JMS_AVDDL] of U12 on F.Cu
    @(175.5000 mm, 135.2000 mm): Pad 40 [JMS_AVDDL] of U13 on F.Cu
[unconnected_items]: Missing connection between items
    Local override; error
    @(154.5000 mm, 147.0000 mm): Pad 1 [JMS_AVDDL] of C83 on F.Cu
    @(150.5000 mm, 135.2000 mm): Pad 40 [JMS_AVDDL] of U12 on F.Cu
[unconnected_items]: Missing connection between items
    Local override; error
    @(215.5000 mm, 167.2750 mm): Pad 20 [JMS_AVDDL] of J3 on F.Cu
    @(218.0000 mm, 167.2750 mm): Pad 30 [JMS_AVDDL] of J3 on F.Cu
[unconnected_items]: Missing connection between items
    Local override; error
    @(215.5000 mm, 167.2750 mm): Pad 20 [JMS_AVDDL] of J3 on F.Cu
    @(175.5000 mm, 135.2000 mm): Pad 40 [JMS_AVDDL] of U13 on F.Cu
[unconnected_items]: Missing connection between items
    Local override; error
    @(218.0000 mm, 167.2750 mm): Pad 30 [JMS_AVDDL] of J3 on F.Cu
    @(219.5000 mm, 167.2750 mm): Pad 36 [JMS_AVDDL] of J3 on F.Cu
[unconnected_items]: Missing connection between items
    Local override; error
    @(219.5000 mm, 167.2750 mm): Pad 36 [JMS_AVDDL] of J3 on F.Cu
    @(220.5000 mm, 167.2750 mm): Pad 40 [JMS_AVDDL] of J3 on F.Cu
[unconnected_items]: Missing connection between items
    Local override; error
    @(220.5000 mm, 167.2750 mm): Pad 40 [JMS_AVDDL] of J3 on F.Cu
    @(222.0000 mm, 167.2750 mm): Pad 46 [JMS_AVDDL] of J3 on F.Cu
[unconnected_items]: Missing connection between items
    Local override; error
    @(150.5000 mm, 134.8000 mm): Pad 41 [NC_41] of U12 on F.Cu
    @(175.5000 mm, 134.8000 mm): Pad 41 [NC_41] of U13 on F.Cu
[unconnected_items]: Missing connection between items
    Local override; error
    @(175.5000 mm, 134.4000 mm): Pad 42 [NC_42] of U13 on F.Cu
    @(150.5000 mm, 134.4000 mm): Pad 42 [NC_42] of U12 on F.Cu
[unconnected_items]: Missing connection between items
    Local override; error
    @(221.0000 mm, 167.2750 mm): Pad 42 [NC_42] of J3 on F.Cu
    @(175.5000 mm, 134.4000 mm): Pad 42 [NC_42] of U13 on F.Cu
[unconnected_items]: Missing connection between items
    Local override; error
    @(10.0000 mm, 108.0000 mm): PTH pad 2 [12V_PROTECTED] of Q2
    @(18.5500 mm, 96.4500 mm): Pad 4 [12V_PROTECTED] of U2 on F.Cu
[unconnected_items]: Missing connection between items
    Local override; error
    @(18.5500 mm, 76.4500 mm): Pad 4 [12V_PROTECTED] of U1 on F.Cu
    @(13.0000 mm, 76.4500 mm): PTH pad 1 [12V_PROTECTED] of TP3
[unconnected_items]: Missing connection between items
    Local override; error
    @(18.5500 mm, 76.4500 mm): Pad 4 [12V_PROTECTED] of U1 on F.Cu
    @(30.0000 mm, 78.0000 mm): PTH pad 2 [12V_PROTECTED] of Q1
[unconnected_items]: Missing connection between items
    Local override; error
    @(18.5500 mm, 76.4500 mm): Pad 4 [12V_PROTECTED] of U1 on F.Cu
    @(18.5500 mm, 96.4500 mm): Pad 4 [12V_PROTECTED] of U2 on F.Cu
[unconnected_items]: Missing connection between items
    Local override; error
    @(53.1000 mm, 163.0000 mm): Pad 1 [12V_PROTECTED] of C5 on F.Cu
    @(53.1000 mm, 165.2500 mm): Pad 1 [12V_PROTECTED] of C6 on F.Cu
[unconnected_items]: Missing connection between items
    Local override; error
    @(57.7500 mm, 163.0000 mm): Pad 1 [12V_PROTECTED] of U3 on F.Cu
    @(62.2500 mm, 163.0000 mm): Pad 16 [12V_PROTECTED] of U3 on F.Cu
[unconnected_items]: Missing connection between items
    Local override; error
    @(57.7500 mm, 163.0000 mm): Pad 1 [12V_PROTECTED] of U3 on F.Cu
    @(53.1000 mm, 163.0000 mm): Pad 1 [12V_PROTECTED] of C5 on F.Cu
[unconnected_items]: Missing connection between items
    Local override; error
    @(62.2500 mm, 163.0000 mm): Pad 16 [12V_PROTECTED] of U3 on F.Cu
    @(68.9000 mm, 120.0000 mm): Pad 1 [12V_PROTECTED] of C14 on F.Cu
[unconnected_items]: Missing connection between items
    Local override; error
    @(62.2500 mm, 164.2500 mm): Pad 14 [12V_PROTECTED] of U3 on F.Cu
    @(62.2500 mm, 163.0000 mm): Pad 16 [12V_PROTECTED] of U3 on F.Cu
[unconnected_items]: Missing connection between items
    Local override; error
    @(68.9000 mm, 120.0000 mm): Pad 1 [12V_PROTECTED] of C14 on F.Cu
    @(18.5500 mm, 96.4500 mm): Pad 4 [12V_PROTECTED] of U2 on F.Cu
[unconnected_items]: Missing connection between items
    Local override; error
    @(76.9000 mm, 120.0000 mm): Pad 1 [12V_PROTECTED] of C15 on F.Cu
    @(68.9000 mm, 120.0000 mm): Pad 1 [12V_PROTECTED] of C14 on F.Cu
[unconnected_items]: Missing connection between items
    Local override; error
    @(118.9000 mm, 170.0000 mm): Pad 1 [12V_PROTECTED] of C23 on F.Cu
    @(127.0500 mm, 170.0000 mm): Pad 1 [12V_PROTECTED] of C24 on F.Cu
[unconnected_items]: Missing connection between items
    Local override; error
    @(118.9000 mm, 170.0000 mm): Pad 1 [12V_PROTECTED] of C23 on F.Cu
    @(62.2500 mm, 164.2500 mm): Pad 14 [12V_PROTECTED] of U3 on F.Cu
[unconnected_items]: Missing connection between items
    Local override; error
    @(127.0500 mm, 170.0000 mm): Pad 1 [12V_PROTECTED] of C24 on F.Cu
    @(134.9000 mm, 170.0000 mm): Pad 1 [12V_PROTECTED] of C25 on F.Cu
[unconnected_items]: Missing connection between items
    Local override; error
    @(134.9000 mm, 170.0000 mm): Pad 1 [12V_PROTECTED] of C25 on F.Cu
    @(222.7500 mm, 103.0000 mm): Pad 1 [12V_PROTECTED] of U4 on F.Cu
[unconnected_items]: Missing connection between items
    Local override; error
    @(227.2500 mm, 103.0000 mm): Pad 16 [12V_PROTECTED] of U4 on F.Cu
    @(222.7500 mm, 103.0000 mm): Pad 1 [12V_PROTECTED] of U4 on F.Cu
[unconnected_items]: Missing connection between items
    Local override; error
    @(227.2500 mm, 104.2500 mm): Pad 14 [12V_PROTECTED] of U4 on F.Cu
    @(227.2500 mm, 103.0000 mm): Pad 16 [12V_PROTECTED] of U4 on F.Cu
[unconnected_items]: Missing connection between items
    Local override; error
    @(232.7500 mm, 103.0000 mm): Pad 1 [12V_PROTECTED] of U5 on F.Cu
    @(237.2500 mm, 103.0000 mm): Pad 16 [12V_PROTECTED] of U5 on F.Cu
[unconnected_items]: Missing connection between items
    Local override; error
    @(232.7500 mm, 103.0000 mm): Pad 1 [12V_PROTECTED] of U5 on F.Cu
    @(227.2500 mm, 103.0000 mm): Pad 16 [12V_PROTECTED] of U4 on F.Cu
[unconnected_items]: Missing connection between items
    Local override; error
    @(237.2500 mm, 104.2500 mm): Pad 14 [12V_PROTECTED] of U5 on F.Cu
    @(237.2500 mm, 103.0000 mm): Pad 16 [12V_PROTECTED] of U5 on F.Cu
[unconnected_items]: Missing connection between items
    Local override; error
    @(92.2000 mm, 121.4000 mm): Pad 34 [BRIDGE_3V3] of U7 on F.Cu
    @(92.2000 mm, 123.8000 mm): Pad 40 [BRIDGE_3V3] of U7 on F.Cu
[unconnected_items]: Missing connection between items
    Local override; error
    @(92.2000 mm, 121.4000 mm): Pad 34 [BRIDGE_3V3] of U7 on F.Cu
    @(95.8000 mm, 120.2000 mm): Pad 24 [BRIDGE_3V3] of U7 on F.Cu
[unconnected_items]: Missing connection between items
    Local override; error
    @(92.2000 mm, 123.8000 mm): Pad 40 [BRIDGE_3V3] of U7 on F.Cu
    @(92.2000 mm, 127.0000 mm): Pad 48 [BRIDGE_3V3] of U7 on F.Cu
[unconnected_items]: Missing connection between items
    Local override; error
    @(93.6500 mm, 112.0000 mm): Pad 1 [BRIDGE_3V3] of C16 on F.Cu
    @(99.6500 mm, 112.0000 mm): Pad 1 [BRIDGE_3V3] of C17 on F.Cu
[unconnected_items]: Missing connection between items
    Local override; error
    @(93.8000 mm, 127.8000 mm): Pad 62 [BRIDGE_3V3] of U7 on F.Cu
    @(92.2000 mm, 127.0000 mm): Pad 48 [BRIDGE_3V3] of U7 on F.Cu
[unconnected_items]: Missing connection between items
    Local override; error
    @(95.8000 mm, 120.2000 mm): Pad 24 [BRIDGE_3V3] of U7 on F.Cu
    @(98.2000 mm, 120.2000 mm): Pad 30 [BRIDGE_3V3] of U7 on F.Cu
[unconnected_items]: Missing connection between items
    Local override; error
    @(98.2000 mm, 127.8000 mm): Pad 51 [BRIDGE_3V3] of U7 on F.Cu
    @(93.8000 mm, 127.8000 mm): Pad 62 [BRIDGE_3V3] of U7 on F.Cu
[unconnected_items]: Missing connection between items
    Local override; error
    @(98.6000 mm, 120.2000 mm): Pad 31 [BRIDGE_3V3] of U7 on F.Cu
    @(98.2000 mm, 120.2000 mm): Pad 30 [BRIDGE_3V3] of U7 on F.Cu
[unconnected_items]: Missing connection between items
    Local override; error
    @(99.6500 mm, 112.0000 mm): Pad 1 [BRIDGE_3V3] of C17 on F.Cu
    @(105.6500 mm, 112.0000 mm): Pad 1 [BRIDGE_3V3] of C19 on F.Cu
[unconnected_items]: Missing connection between items
    Local override; error
    @(99.6500 mm, 112.0000 mm): Pad 1 [BRIDGE_3V3] of C17 on F.Cu
    @(98.6000 mm, 120.2000 mm): Pad 31 [BRIDGE_3V3] of U7 on F.Cu
[unconnected_items]: Missing connection between items
    Local override; error
    @(99.8000 mm, 124.6000 mm): Pad 7 [BRIDGE_3V3] of U7 on F.Cu
    @(98.2000 mm, 127.8000 mm): Pad 51 [BRIDGE_3V3] of U7 on F.Cu
[unconnected_items]: Missing connection between items
    Local override; error
    @(117.0000 mm, 147.0000 mm): PTH pad 1 [BRIDGE_3V3] of TP5
    @(98.2000 mm, 127.8000 mm): Pad 51 [BRIDGE_3V3] of U7 on F.Cu
[unconnected_items]: Missing connection between items
    Local override; error
    @(117.0000 mm, 147.0000 mm): PTH pad 1 [BRIDGE_3V3] of TP5
    @(219.5000 mm, 115.0000 mm): Pad 1 [BRIDGE_3V3] of R14 on F.Cu
[unconnected_items]: Missing connection between items
    Local override; error
    @(219.5000 mm, 115.0000 mm): Pad 1 [BRIDGE_3V3] of R14 on F.Cu
    @(222.7500 mm, 107.0000 mm): Pad 8 [BRIDGE_3V3] of U4 on F.Cu
[unconnected_items]: Missing connection between items
    Local override; error
    @(220.9500 mm, 95.0000 mm): Pad 2 [BRIDGE_3V3] of C18 on F.Cu
    @(214.5000 mm, 95.0000 mm): Pad 1 [BRIDGE_3V3] of R11 on F.Cu
[unconnected_items]: Missing connection between items
    Local override; error
    @(220.9500 mm, 95.0000 mm): Pad 2 [BRIDGE_3V3] of C18 on F.Cu
    @(222.7500 mm, 105.2500 mm): Pad 5 [BRIDGE_3V3] of U4 on F.Cu
[unconnected_items]: Missing connection between items
    Local override; error
    @(222.7500 mm, 107.0000 mm): Pad 8 [BRIDGE_3V3] of U4 on F.Cu
    @(222.7500 mm, 105.2500 mm): Pad 5 [BRIDGE_3V3] of U4 on F.Cu
[unconnected_items]: Missing connection between items
    Local override; error
    @(222.7500 mm, 107.0000 mm): Pad 8 [BRIDGE_3V3] of U4 on F.Cu
    @(227.2500 mm, 107.0000 mm): Pad 9 [BRIDGE_3V3] of U4 on F.Cu
[unconnected_items]: Missing connection between items
    Local override; error
    @(215.5000 mm, 95.0000 mm): Pad 2 [FB_BRIDGE_3V3] of R11 on F.Cu
    @(214.5000 mm, 100.0000 mm): Pad 1 [FB_BRIDGE_3V3] of R12 on F.Cu
[unconnected_items]: Missing connection between items
    Local override; error
    @(219.0500 mm, 95.0000 mm): Pad 1 [FB_BRIDGE_3V3] of C18 on F.Cu
    @(215.5000 mm, 95.0000 mm): Pad 2 [FB_BRIDGE_3V3] of R11 on F.Cu
[unconnected_items]: Missing connection between items
    Local override; error
    @(227.2500 mm, 106.2500 mm): Pad 10 [FB_BRIDGE_3V3] of U4 on F.Cu
    @(219.0500 mm, 95.0000 mm): Pad 1 [FB_BRIDGE_3V3] of C18 on F.Cu
[unconnected_items]: Missing connection between items
    Local override; error
    @(237.2500 mm, 106.2500 mm): Pad 10 [FB_BRIDGE_1V1] of U5 on F.Cu
    @(242.0000 mm, 117.5000 mm): Pad 2 [FB_BRIDGE_1V1] of R19 on F.Cu
[unconnected_items]: Missing connection between items
    Local override; error
    @(242.0000 mm, 117.5000 mm): Pad 2 [FB_BRIDGE_1V1] of R19 on F.Cu
    @(245.5000 mm, 118.0000 mm): Pad 1 [FB_BRIDGE_1V1] of R20 on F.Cu
[unconnected_items]: Missing connection between items
    Local override; error
    @(237.2500 mm, 105.2500 mm): Pad 12 [RT_BRIDGE_1V1] of U5 on F.Cu
    @(245.5000 mm, 90.0000 mm): Pad 1 [RT_BRIDGE_1V1] of R21 on F.Cu
[unconnected_items]: Missing connection between items
    Local override; error
    @(237.2500 mm, 104.7500 mm): Pad 13 [PG_BRIDGE_1V1] of U5 on F.Cu
    @(240.5000 mm, 115.0000 mm): Pad 2 [PG_BRIDGE_1V1] of R22 on F.Cu
[unconnected_items]: Missing connection between items
    Local override; error
    @(242.5000 mm, 103.0000 mm): PTH pad 1 [PG_BRIDGE_1V1] of TP7
    @(237.2500 mm, 104.7500 mm): Pad 13 [PG_BRIDGE_1V1] of U5 on F.Cu
[unconnected_items]: Missing connection between items
    Local override; error
    @(227.2500 mm, 103.7500 mm): Pad 15 [NC] of U4 on F.Cu
    @(62.2500 mm, 163.7500 mm): Pad 15 [NC] of U3 on F.Cu
[unconnected_items]: Missing connection between items
    Local override; error
    @(237.2500 mm, 103.7500 mm): Pad 15 [NC] of U5 on F.Cu
    @(227.2500 mm, 103.7500 mm): Pad 15 [NC] of U4 on F.Cu
[unconnected_items]: Missing connection between items
    Local override; error
    @(136.3500 mm, 134.0000 mm): Pad 6 [JMS_VCCO] of U11 on F.Cu
    @(136.3500 mm, 136.0000 mm): Pad 11 [JMS_VCCO] of U11 on F.Cu
[unconnected_items]: Missing connection between items
    Local override; error
    @(136.3500 mm, 136.0000 mm): Pad 11 [JMS_VCCO] of U11 on F.Cu
    @(137.0000 mm, 138.6000 mm): Pad 32 [JMS_VCCO] of U11 on F.Cu
[unconnected_items]: Missing connection between items
    Local override; error
    @(137.0000 mm, 138.6000 mm): Pad 32 [JMS_VCCO] of U11 on F.Cu
    @(147.5000 mm, 147.0000 mm): Pad 1 [JMS_VCCO] of C81 on F.Cu
[unconnected_items]: Missing connection between items
    Local override; error
    @(139.8000 mm, 131.4000 mm): Pad 56 [JMS_VCCO] of U11 on F.Cu
    @(136.3500 mm, 134.0000 mm): Pad 6 [JMS_VCCO] of U11 on F.Cu
[unconnected_items]: Missing connection between items
    Local override; error
    @(147.5000 mm, 147.0000 mm): Pad 1 [JMS_VCCO] of C81 on F.Cu
    @(212.0000 mm, 167.2750 mm): Pad 6 [JMS_VCCO] of J3 on F.Cu
[unconnected_items]: Missing connection between items
    Local override; error
    @(212.0000 mm, 167.2750 mm): Pad 6 [JMS_VCCO] of J3 on F.Cu
    @(218.5000 mm, 167.2750 mm): Pad 32 [JMS_VCCO] of J3 on F.Cu
[unconnected_items]: Missing connection between items
    Local override; error
    @(227.7500 mm, 159.7250 mm): Pad 69 [AUTO_PEDET] of J3 on F.Cu
    @(261.2700 mm, 163.7300 mm): PTH pad 2 [AUTO_PEDET] of J8
[unconnected_items]: Missing connection between items
    Local override; error
    @(120.5000 mm, 124.5000 mm): Pad 2 [BRIDGE_USB_VBUS] of R32 on F.Cu
    @(98.6000 mm, 127.8000 mm): Pad 50 [BRIDGE_USB_VBUS] of U7 on F.Cu
[unconnected_items]: Missing connection between items
    Local override; error
    @(123.0000 mm, 124.5000 mm): Pad 1 [BRIDGE_USB_VBUS] of R33 on F.Cu
    @(120.5000 mm, 124.5000 mm): Pad 2 [BRIDGE_USB_VBUS] of R32 on F.Cu
[unconnected_items]: Missing connection between items
    Local override; error
    @(137.4000 mm, 131.4000 mm): Pad 50 [XIN] of U11 on F.Cu
    @(148.9000 mm, 114.1500 mm): Pad 1 [XIN] of Y10 on F.Cu
[unconnected_items]: Missing connection between items
    Local override; error
    @(137.8000 mm, 131.4000 mm): Pad 51 [XOUT] of U11 on F.Cu
    @(148.9000 mm, 115.8500 mm): Pad 2 [XOUT] of Y10 on F.Cu
[unconnected_items]: Missing connection between items
    Local override; error
    @(220.5000 mm, 184.0000 mm): Pad 2 [ETH_CT_COMMON] of R26 on F.Cu
    @(224.5000 mm, 184.0000 mm): Pad 2 [ETH_CT_COMMON] of R27 on F.Cu
[unconnected_items]: Missing connection between items
    Local override; error
    @(224.5000 mm, 184.0000 mm): Pad 2 [ETH_CT_COMMON] of R27 on F.Cu
    @(226.9000 mm, 184.0000 mm): Pad 1 [ETH_CT_COMMON] of C52 on F.Cu
[unconnected_items]: Missing connection between items
    Local override; error
    @(226.9000 mm, 184.0000 mm): Pad 1 [ETH_CT_COMMON] of C52 on F.Cu
    @(232.5000 mm, 184.0000 mm): Pad 2 [ETH_CT_COMMON] of R28 on F.Cu
[unconnected_items]: Missing connection between items
    Local override; error
    @(232.5000 mm, 184.0000 mm): Pad 2 [ETH_CT_COMMON] of R28 on F.Cu
    @(236.5000 mm, 184.0000 mm): Pad 2 [ETH_CT_COMMON] of R29 on F.Cu
[unconnected_items]: Missing connection between items
    Local override; error
    @(22.8750 mm, 148.0500 mm): PTH pad 19 [GBE_SHIELD] of J2
    @(7.1250 mm, 148.0500 mm): PTH pad 20 [GBE_SHIELD] of J2
[unconnected_items]: Missing connection between items
    Local override; error
    @(229.1000 mm, 184.0000 mm): Pad 2 [GBE_SHIELD] of C52 on F.Cu
    @(22.8750 mm, 148.0500 mm): PTH pad 19 [GBE_SHIELD] of J2
[unconnected_items]: Missing connection between items
    Local override; error
    @(219.5000 mm, 184.0000 mm): Pad 1 [ETH_CT_BRANCH_1] of R26 on F.Cu
    @(220.8000 mm, 180.0000 mm): Pad 2 [ETH_CT_BRANCH_1] of C48 on F.Cu
[unconnected_items]: Missing connection between items
    Local override; error
    @(47.0000 mm, 99.7500 mm): Pad B6 [SERVICE_USB2_DP] of J4 on F.Cu
    @(43.0000 mm, 100.2500 mm): Pad A6 [SERVICE_USB2_DP] of J4 on F.Cu
[unconnected_items]: Missing connection between items
    Local override; error
    @(47.0000 mm, 99.7500 mm): Pad B6 [SERVICE_USB2_DP] of J4 on F.Cu
    @(58.4250 mm, 100.3500 mm): Pad 1 [SERVICE_USB2_DP] of U8 on F.Cu
[unconnected_items]: Missing connection between items
    Local override; error
    @(58.4250 mm, 100.3500 mm): Pad 1 [SERVICE_USB2_DP] of U8 on F.Cu
    @(66.9600 mm, 99.5000 mm): Pad 105 [SERVICE_USB2_DP] of J7 on F.Cu
[unconnected_items]: Missing connection between items
    Local override; error
    @(43.0000 mm, 99.7500 mm): Pad A7 [SERVICE_USB2_DM] of J4 on F.Cu
    @(47.0000 mm, 100.2500 mm): Pad B7 [SERVICE_USB2_DM] of J4 on F.Cu
[unconnected_items]: Missing connection between items
    Local override; error
    @(47.0000 mm, 100.2500 mm): Pad B7 [SERVICE_USB2_DM] of J4 on F.Cu
    @(58.4250 mm, 99.6500 mm): Pad 2 [SERVICE_USB2_DM] of U8 on F.Cu
[unconnected_items]: Missing connection between items
    Local override; error
    @(58.4250 mm, 99.6500 mm): Pad 2 [SERVICE_USB2_DM] of U8 on F.Cu
    @(66.9600 mm, 99.1000 mm): Pad 103 [SERVICE_USB2_DM] of J7 on F.Cu
[unconnected_items]: Missing connection between items
    Local override; error
    @(43.0000 mm, 98.2500 mm): Pad A12 [SERVICE_GND] of J4 on F.Cu
    @(43.0000 mm, 101.7500 mm): Pad A1 [SERVICE_GND] of J4 on F.Cu
[unconnected_items]: Missing connection between items
    Local override; error
    @(47.0000 mm, 98.2500 mm): Pad B1 [SERVICE_GND] of J4 on F.Cu
    @(47.0000 mm, 101.7500 mm): Pad B12 [SERVICE_GND] of J4 on F.Cu
[unconnected_items]: Missing connection between items
    Local override; error
    @(47.0000 mm, 101.7500 mm): Pad B12 [SERVICE_GND] of J4 on F.Cu
    @(43.0000 mm, 101.7500 mm): Pad A1 [SERVICE_GND] of J4 on F.Cu
[unconnected_items]: Missing connection between items
    Local override; error
    @(57.5750 mm, 100.0000 mm): Pad 3 [SERVICE_GND] of U8 on F.Cu
    @(47.0000 mm, 101.7500 mm): Pad B12 [SERVICE_GND] of J4 on F.Cu
[unconnected_items]: Missing connection between items
    Local override; error
    @(57.5750 mm, 100.0000 mm): Pad 3 [SERVICE_GND] of U8 on F.Cu
    @(60.0000 mm, 144.5000 mm): Pad 2 [SERVICE_GND] of R1 on F.Cu
[unconnected_items]: Missing connection between items
    Local override; error
    @(60.0000 mm, 144.5000 mm): Pad 2 [SERVICE_GND] of R1 on F.Cu
    @(80.0000 mm, 144.5000 mm): Pad 2 [SERVICE_GND] of R2 on F.Cu
[unconnected_items]: Missing connection between items
    Local override; error
    @(134.8500 mm, 125.0000 mm): Pad 2 [JMS_VDDREG_5V] of L10 on F.Cu
    @(136.3500 mm, 132.0000 mm): Pad 1 [JMS_VDDREG_5V] of U11 on F.Cu
[unconnected_items]: Missing connection between items
    Local override; error
    @(136.3500 mm, 132.0000 mm): Pad 1 [JMS_VDDREG_5V] of U11 on F.Cu
    @(151.8000 mm, 136.5000 mm): Pad 1 [JMS_VDDREG_5V] of U12 on F.Cu
[unconnected_items]: Missing connection between items
    Local override; error
    @(151.8000 mm, 136.5000 mm): Pad 1 [JMS_VDDREG_5V] of U12 on F.Cu
    @(208.9000 mm, 149.0500 mm): Pad 1 [JMS_VDDREG_5V] of U14 on F.Cu
[unconnected_items]: Missing connection between items
    Local override; error
    @(136.3500 mm, 132.4000 mm): Pad 2 [JMS_VCCK] of U11 on F.Cu
    @(137.4000 mm, 138.6000 mm): Pad 31 [JMS_VCCK] of U11 on F.Cu
[unconnected_items]: Missing connection between items
    Local override; error
    @(137.4000 mm, 138.6000 mm): Pad 31 [JMS_VCCK] of U11 on F.Cu
    @(119.5000 mm, 147.0000 mm): Pad 1 [JMS_VCCK] of C82 on F.Cu
[unconnected_items]: Missing connection between items
    Local override; error
    @(138.6000 mm, 131.4000 mm): Pad 53 [JMS_VCCK] of U11 on F.Cu
    @(136.3500 mm, 132.4000 mm): Pad 2 [JMS_VCCK] of U11 on F.Cu
[unconnected_items]: Missing connection between items
    Local override; error
    @(152.2000 mm, 136.5000 mm): Pad 2 [JMS_VCCK] of U12 on F.Cu
    @(138.6000 mm, 131.4000 mm): Pad 53 [JMS_VCCK] of U11 on F.Cu
[unconnected_items]: Missing connection between items
    Local override; error
    @(136.3500 mm, 132.8000 mm): Pad 3 [JMS_SPI_SO_DNP] of U11 on F.Cu
    @(152.6000 mm, 136.5000 mm): Pad 3 [JMS_SPI_SO_DNP] of U12 on F.Cu
[unconnected_items]: Missing connection between items
    Local override; error
    @(136.3500 mm, 133.2000 mm): Pad 4 [JMS_SPI_SCK_DNP] of U11 on F.Cu
    @(153.0000 mm, 136.5000 mm): Pad 4 [JMS_SPI_SCK_DNP] of U12 on F.Cu
[unconnected_items]: Missing connection between items
    Local override; error
    @(136.3500 mm, 133.6000 mm): Pad 5 [JMS_SPI_SI_DNP] of U11 on F.Cu
    @(153.4000 mm, 136.5000 mm): Pad 5 [JMS_SPI_SI_DNP] of U12 on F.Cu
[unconnected_items]: Missing connection between items
    Local override; error
    @(70.0400 mm, 105.5000 mm): Pad 136 [CM5_STORAGE_USB2_DM] of J7 on F.Cu
    @(154.2000 mm, 136.5000 mm): Pad 7 [CM5_STORAGE_USB2_DM] of U12 on F.Cu
[unconnected_items]: Missing connection between items
    Local override; error
    @(70.0400 mm, 105.1000 mm): Pad 134 [CM5_STORAGE_USB2_DP] of J7 on F.Cu
    @(154.6000 mm, 136.5000 mm): Pad 8 [CM5_STORAGE_USB2_DP] of U12 on F.Cu
[unconnected_items]: Missing connection between items
    Local override; error
    @(70.0400 mm, 106.7000 mm): Pad 142 [CM5_USB3_TX_P] of J7 on F.Cu
    @(92.2000 mm, 126.2000 mm): Pad 46 [CM5_USB3_TX_P] of U7 on F.Cu
[unconnected_items]: Missing connection between items
    Local override; error
    @(92.2000 mm, 126.2000 mm): Pad 46 [CM5_USB3_TX_P] of U7 on F.Cu
    @(155.8000 mm, 136.5000 mm): Pad 11 [CM5_USB3_TX_P] of U12 on F.Cu
[unconnected_items]: Missing connection between items
    Local override; error
    @(70.0400 mm, 106.3000 mm): Pad 140 [CM5_USB3_TX_N] of J7 on F.Cu
    @(92.2000 mm, 125.8000 mm): Pad 45 [CM5_USB3_TX_N] of U7 on F.Cu
[unconnected_items]: Missing connection between items
    Local override; error
    @(92.2000 mm, 125.8000 mm): Pad 45 [CM5_USB3_TX_N] of U7 on F.Cu
    @(156.2000 mm, 136.5000 mm): Pad 12 [CM5_USB3_TX_N] of U12 on F.Cu
[unconnected_items]: Missing connection between items
    Local override; error
    @(70.0400 mm, 104.3000 mm): Pad 130 [CM5_USB3_RX_P] of J7 on F.Cu
    @(92.2000 mm, 125.0000 mm): Pad 43 [CM5_USB3_RX_P] of U7 on F.Cu
[unconnected_items]: Missing connection between items
    Local override; error
    @(92.2000 mm, 125.0000 mm): Pad 43 [CM5_USB3_RX_P] of U7 on F.Cu
    @(157.4000 mm, 136.5000 mm): Pad 15 [CM5_USB3_RX_P] of U12 on F.Cu
[unconnected_items]: Missing connection between items
    Local override; error
    @(70.0400 mm, 103.9000 mm): Pad 128 [CM5_USB3_RX_N] of J7 on F.Cu
    @(92.2000 mm, 124.6000 mm): Pad 42 [CM5_USB3_RX_N] of U7 on F.Cu
[unconnected_items]: Missing connection between items
    Local override; error
    @(92.2000 mm, 124.6000 mm): Pad 42 [CM5_USB3_RX_N] of U7 on F.Cu
    @(157.8000 mm, 136.5000 mm): Pad 16 [CM5_USB3_RX_N] of U12 on F.Cu
[unconnected_items]: Missing connection between items
    Local override; error
    @(139.0000 mm, 138.6000 mm): Pad 27 [USB_RXN1] of U11 on F.Cu
    @(158.2000 mm, 133.5000 mm): Pad 22 [USB_RXN1] of U12 on F.Cu
[unconnected_items]: Missing connection between items
    Local override; error
    @(139.4000 mm, 138.6000 mm): Pad 26 [USB_RXP1] of U11 on F.Cu
    @(157.8000 mm, 133.5000 mm): Pad 23 [USB_RXP1] of U12 on F.Cu
[unconnected_items]: Missing connection between items
    Local override; error
    @(147.5000 mm, 149.0000 mm): Pad 2 [JMS_USB3_TXN] of C87 on F.Cu
    @(157.4000 mm, 133.5000 mm): Pad 24 [JMS_USB3_TXN] of U12 on F.Cu
[unconnected_items]: Missing connection between items
    Local override; error
    @(147.5000 mm, 145.0000 mm): Pad 2 [JMS_USB3_TXP] of C86 on F.Cu
    @(157.0000 mm, 133.5000 mm): Pad 25 [JMS_USB3_TXP] of U12 on F.Cu
[unconnected_items]: Missing connection between items
    Local override; error
    @(92.2000 mm, 122.2000 mm): Pad 36 [BRIDGE_USB_DP] of U7 on F.Cu
    @(154.6000 mm, 133.5000 mm): Pad 31 [BRIDGE_USB_DP] of U12 on F.Cu
[unconnected_items]: Missing connection between items
    Local override; error
    @(92.2000 mm, 121.8000 mm): Pad 35 [BRIDGE_USB_DM] of U7 on F.Cu
    @(154.2000 mm, 133.5000 mm): Pad 32 [BRIDGE_USB_DM] of U12 on F.Cu
[unconnected_items]: Missing connection between items
    Local override; error
    @(142.6000 mm, 138.6000 mm): Pad 18 [USB_DP] of U11 on F.Cu
    @(153.8000 mm, 133.5000 mm): Pad 33 [USB_DP] of U12 on F.Cu
[unconnected_items]: Missing connection between items
    Local override; error
    @(143.0000 mm, 138.6000 mm): Pad 17 [USB_DM] of U11 on F.Cu
    @(153.4000 mm, 133.5000 mm): Pad 34 [USB_DM] of U12 on F.Cu
[unconnected_items]: Missing connection between items
    Local override; error
    @(81.5000 mm, 132.0000 mm): Pad 1 [BRIDGE_XI] of C42 on B.Cu
    @(81.5000 mm, 136.0000 mm): Pad 1 [BRIDGE_XI] of R23 on B.Cu
[unconnected_items]: Missing connection between items
    Local override; error
    @(81.5000 mm, 136.0000 mm): Pad 1 [BRIDGE_XI] of R23 on B.Cu
    @(86.9000 mm, 135.1500 mm): Pad 1 [BRIDGE_XI] of Y1 on B.Cu
[unconnected_items]: Missing connection between items
    Local override; error
    @(86.9000 mm, 135.1500 mm): Pad 1 [BRIDGE_XI] of Y1 on B.Cu
    @(97.8000 mm, 127.8000 mm): Pad 52 [BRIDGE_XI] of U7 on F.Cu
[unconnected_items]: Missing connection between items
    Local override; error
    @(82.5000 mm, 132.0000 mm): Pad 2 [BRIDGE_VSSOSC] of C42 on B.Cu
    @(86.9000 mm, 136.8500 mm): Pad 2 [BRIDGE_VSSOSC] of Y1 on B.Cu
[unconnected_items]: Missing connection between items
    Local override; error
    @(82.5000 mm, 140.0000 mm): Pad 2 [BRIDGE_VSSOSC] of C43 on B.Cu
    @(86.9000 mm, 136.8500 mm): Pad 2 [BRIDGE_VSSOSC] of Y1 on B.Cu
[unconnected_items]: Missing connection between items
    Local override; error
    @(86.9000 mm, 136.8500 mm): Pad 2 [BRIDGE_VSSOSC] of Y1 on B.Cu
    @(89.1000 mm, 135.1500 mm): Pad 4 [BRIDGE_VSSOSC] of Y1 on B.Cu
[unconnected_items]: Missing connection between items
    Local override; error
    @(89.1000 mm, 135.1500 mm): Pad 4 [BRIDGE_VSSOSC] of Y1 on B.Cu
    @(97.4000 mm, 127.8000 mm): Pad 53 [BRIDGE_VSSOSC] of U7 on F.Cu
[unconnected_items]: Missing connection between items
    Local override; error
    @(82.5000 mm, 136.0000 mm): Pad 2 [BRIDGE_XO] of R23 on B.Cu
    @(81.5000 mm, 140.0000 mm): Pad 1 [BRIDGE_XO] of C43 on B.Cu
[unconnected_items]: Missing connection between items
    Local override; error
    @(89.1000 mm, 136.8500 mm): Pad 3 [BRIDGE_XO] of Y1 on B.Cu
    @(82.5000 mm, 136.0000 mm): Pad 2 [BRIDGE_XO] of R23 on B.Cu
[unconnected_items]: Missing connection between items
    Local override; error
    @(89.1000 mm, 136.8500 mm): Pad 3 [BRIDGE_XO] of Y1 on B.Cu
    @(97.0000 mm, 127.8000 mm): Pad 54 [BRIDGE_XO] of U7 on F.Cu
[unconnected_items]: Missing connection between items
    Local override; error
    @(96.2000 mm, 127.8000 mm): Pad 56 [BRIDGE_SATA_TX_N] of U7 on F.Cu
    @(103.0000 mm, 132.0000 mm): Pad 2 [BRIDGE_SATA_TX_N] of C31 on F.Cu
[unconnected_items]: Missing connection between items
    Local override; error
    @(95.8000 mm, 127.8000 mm): Pad 57 [BRIDGE_SATA_TX_P] of U7 on F.Cu
    @(103.0000 mm, 116.0000 mm): Pad 2 [BRIDGE_SATA_TX_P] of C30 on F.Cu
[unconnected_items]: Missing connection between items
    Local override; error
    @(95.0000 mm, 127.8000 mm): Pad 59 [BRIDGE_SATA_RX_N] of U7 on F.Cu
    @(103.0000 mm, 128.0000 mm): Pad 2 [BRIDGE_SATA_RX_N] of C33 on F.Cu
[unconnected_items]: Missing connection between items
    Local override; error
    @(94.6000 mm, 127.8000 mm): Pad 60 [BRIDGE_SATA_RX_P] of U7 on F.Cu
    @(103.0000 mm, 120.0000 mm): Pad 2 [BRIDGE_SATA_RX_P] of C32 on F.Cu
[unconnected_items]: Missing connection between items
    Local override; error
    @(123.0000 mm, 119.5000 mm): Pad 1 [USB_TXP2] of C88 on F.Cu
    @(140.2000 mm, 138.6000 mm): Pad 24 [USB_TXP2] of U11 on F.Cu
[unconnected_items]: Missing connection between items
    Local override; error
    @(208.9000 mm, 150.0000 mm): Pad 2 [MODE_IN] of U14 on F.Cu
    @(261.2700 mm, 166.2700 mm): PTH pad 4 [MODE_IN] of J8
[unconnected_items]: Missing connection between items
    Local override; error
    @(12.0000 mm, 45.0000 mm): PTH pad 1 [12V_IN_B] of J6
    @(15.8000 mm, 90.0000 mm): Pad 2 [12V_IN_B] of C4 on F.Cu
[unconnected_items]: Missing connection between items
    Local override; error
    @(15.8000 mm, 90.0000 mm): Pad 2 [12V_IN_B] of C4 on F.Cu
    @(21.4500 mm, 96.4500 mm): Pad 3 [12V_IN_B] of U2 on F.Cu
[unconnected_items]: Missing connection between items
    Local override; error
    @(21.4500 mm, 96.4500 mm): Pad 3 [12V_IN_B] of U2 on F.Cu
    @(43.6000 mm, 118.7500 mm): PTH pad 1 [12V_IN_B] of F2
[unconnected_items]: Missing connection between items
    Local override; error
    @(43.6000 mm, 118.7500 mm): PTH pad 1 [12V_IN_B] of F2
    @(43.6000 mm, 121.2500 mm): PTH pad 2 [12V_IN_B] of F2
[unconnected_items]: Missing connection between items
    Local override; error
    @(47.1000 mm, 118.7500 mm): PTH pad 3 [12V_IN_B] of F2
    @(43.6000 mm, 118.7500 mm): PTH pad 1 [12V_IN_B] of F2
[unconnected_items]: Missing connection between items
    Local override; error
    @(47.1000 mm, 121.2500 mm): PTH pad 4 [12V_IN_B] of F2
    @(47.1000 mm, 118.7500 mm): PTH pad 3 [12V_IN_B] of F2
[unconnected_items]: Missing connection between items
    Local override; error
    @(20.4500 mm, 96.4500 mm): Pad 6 [FUSED_12V_B] of U2 on F.Cu
    @(7.4600 mm, 108.0000 mm): PTH pad 1 [FUSED_12V_B] of Q2
[unconnected_items]: Missing connection between items
    Local override; error
    @(20.4500 mm, 96.4500 mm): Pad 6 [FUSED_12V_B] of U2 on F.Cu
    @(52.9000 mm, 118.7500 mm): PTH pad 5 [FUSED_12V_B] of F2
[unconnected_items]: Missing connection between items
    Local override; error
    @(52.9000 mm, 118.7500 mm): PTH pad 5 [FUSED_12V_B] of F2
    @(52.9000 mm, 121.2500 mm): PTH pad 6 [FUSED_12V_B] of F2
[unconnected_items]: Missing connection between items
    Local override; error
    @(52.9000 mm, 121.2500 mm): PTH pad 6 [FUSED_12V_B] of F2
    @(56.4000 mm, 121.2500 mm): PTH pad 8 [FUSED_12V_B] of F2
[unconnected_items]: Missing connection between items
    Local override; error
    @(56.4000 mm, 118.7500 mm): PTH pad 7 [FUSED_12V_B] of F2
    @(108.0000 mm, 72.0000 mm): Pad 1 [FUSED_12V_B] of D2 on F.Cu
[unconnected_items]: Missing connection between items
    Local override; error
    @(56.4000 mm, 121.2500 mm): PTH pad 8 [FUSED_12V_B] of F2
    @(56.4000 mm, 118.7500 mm): PTH pad 7 [FUSED_12V_B] of F2
[unconnected_items]: Missing connection between items
    Local override; error
    @(138.2000 mm, 131.4000 mm): Pad 52 [JMS_XAVDDH] of U11 on F.Cu
    @(149.5000 mm, 120.0000 mm): Pad 1 [JMS_XAVDDH] of C84 on F.Cu
[unconnected_items]: Missing connection between items
    Local override; error
    @(15.8000 mm, 70.0000 mm): Pad 2 [12V_IN_A] of C3 on F.Cu
    @(21.4500 mm, 76.4500 mm): Pad 3 [12V_IN_A] of U1 on F.Cu
[unconnected_items]: Missing connection between items
    Local override; error
    @(21.4500 mm, 76.4500 mm): Pad 3 [12V_IN_A] of U1 on F.Cu
    @(28.0000 mm, 76.4500 mm): PTH pad 1 [12V_IN_A] of TP1
[unconnected_items]: Missing connection between items
    Local override; error
    @(28.0000 mm, 76.4500 mm): PTH pad 1 [12V_IN_A] of TP1
    @(233.6000 mm, 41.2500 mm): PTH pad 2 [12V_IN_A] of F1
[unconnected_items]: Missing connection between items
    Local override; error
    @(233.6000 mm, 41.2500 mm): PTH pad 2 [12V_IN_A] of F1
    @(233.6000 mm, 38.7500 mm): PTH pad 1 [12V_IN_A] of F1
[unconnected_items]: Missing connection between items
    Local override; error
    @(237.1000 mm, 38.7500 mm): PTH pad 3 [12V_IN_A] of F1
    @(237.1000 mm, 41.2500 mm): PTH pad 4 [12V_IN_A] of F1
[unconnected_items]: Missing connection between items
    Local override; error
    @(237.1000 mm, 41.2500 mm): PTH pad 4 [12V_IN_A] of F1
    @(233.6000 mm, 41.2500 mm): PTH pad 2 [12V_IN_A] of F1
[unconnected_items]: Missing connection between items
    Local override; error
    @(237.1000 mm, 41.2500 mm): PTH pad 4 [12V_IN_A] of F1
    @(243.7300 mm, 148.7300 mm): PTH pad 1 [12V_IN_A] of J5
[unconnected_items]: Missing connection between items
    Local override; error
    @(20.4500 mm, 76.4500 mm): Pad 6 [FUSED_12V_A] of U1 on F.Cu
    @(22.5000 mm, 80.0000 mm): PTH pad 1 [FUSED_12V_A] of TP2
[unconnected_items]: Missing connection between items
    Local override; error
    @(27.4600 mm, 78.0000 mm): PTH pad 1 [FUSED_12V_A] of Q1
    @(22.5000 mm, 80.0000 mm): PTH pad 1 [FUSED_12V_A] of TP2
[unconnected_items]: Missing connection between items
    Local override; error
    @(27.4600 mm, 78.0000 mm): PTH pad 1 [FUSED_12V_A] of Q1
    @(108.0000 mm, 32.0000 mm): Pad 1 [FUSED_12V_A] of D1 on F.Cu
[unconnected_items]: Missing connection between items
    Local override; error
    @(242.9000 mm, 38.7500 mm): PTH pad 5 [FUSED_12V_A] of F1
    @(242.9000 mm, 41.2500 mm): PTH pad 6 [FUSED_12V_A] of F1
[unconnected_items]: Missing connection between items
    Local override; error
    @(242.9000 mm, 38.7500 mm): PTH pad 5 [FUSED_12V_A] of F1
    @(108.0000 mm, 32.0000 mm): Pad 1 [FUSED_12V_A] of D1 on F.Cu
[unconnected_items]: Missing connection between items
    Local override; error
    @(242.9000 mm, 41.2500 mm): PTH pad 6 [FUSED_12V_A] of F1
    @(246.4000 mm, 41.2500 mm): PTH pad 8 [FUSED_12V_A] of F1
[unconnected_items]: Missing connection between items
    Local override; error
    @(246.4000 mm, 41.2500 mm): PTH pad 8 [FUSED_12V_A] of F1
    @(246.4000 mm, 38.7500 mm): PTH pad 7 [FUSED_12V_A] of F1
[unconnected_items]: Missing connection between items
    Local override; error
    @(80.0500 mm, 164.0000 mm): Pad 1 [FB_CM5_5V] of C9 on F.Cu
    @(62.2500 mm, 166.2500 mm): Pad 10 [FB_CM5_5V] of U3 on F.Cu
[unconnected_items]: Missing connection between items
    Local override; error
    @(85.5000 mm, 164.0000 mm): Pad 2 [FB_CM5_5V] of R3 on F.Cu
    @(80.0500 mm, 164.0000 mm): Pad 1 [FB_CM5_5V] of C9 on F.Cu
[unconnected_items]: Missing connection between items
    Local override; error
    @(89.5000 mm, 164.0000 mm): Pad 1 [FB_CM5_5V] of R4 on F.Cu
    @(85.5000 mm, 164.0000 mm): Pad 2 [FB_CM5_5V] of R3 on F.Cu
[unconnected_items]: Missing connection between items
    Local override; error
    @(62.2500 mm, 164.7500 mm): Pad 13 [PG_CM5_5V] of U3 on F.Cu
    @(67.5000 mm, 160.0000 mm): Pad 2 [PG_CM5_5V] of R6 on F.Cu
[unconnected_items]: Missing connection between items
    Local override; error
    @(142.2000 mm, 138.6000 mm): Pad 19 [JMS_AVDD33] of U11 on F.Cu
    @(147.5000 mm, 143.0000 mm): Pad 1 [JMS_AVDD33] of C80 on F.Cu
[unconnected_items]: Missing connection between items
    Local override; error
    @(32.9600 mm, 101.9000 mm): Pad 17 [ETH_LEDY] of J7 on F.Cu
    @(219.5000 mm, 188.0000 mm): Pad 1 [ETH_LEDY] of R30 on F.Cu
[unconnected_items]: Missing connection between items
    Local override; error
    @(19.0900 mm, 140.9400 mm): PTH pad 16 [GBE_LED_Y_K] of J2
    @(220.5000 mm, 188.0000 mm): Pad 2 [GBE_LED_Y_K] of R30 on F.Cu
[unconnected_items]: Missing connection between items
    Local override; error
    @(20.7150 mm, 148.8300 mm): PTH pad 11 [ETH_CT1] of J2
    @(219.2000 mm, 180.0000 mm): Pad 1 [ETH_CT1] of C48 on F.Cu
[unconnected_items]: Missing connection between items
    Local override; error
    @(228.8000 mm, 180.0000 mm): Pad 2 [ETH_CT_BRANCH_3] of C50 on F.Cu
    @(231.5000 mm, 184.0000 mm): Pad 1 [ETH_CT_BRANCH_3] of R28 on F.Cu
[unconnected_items]: Missing connection between items
    Local override; error
    @(124.5000 mm, 145.0000 mm): Pad 1 [JMS_RESET_N] of R81 on F.Cu
    @(129.5000 mm, 145.0000 mm): Pad 1 [JMS_RESET_N] of C85 on F.Cu
[unconnected_items]: Missing connection between items
    Local override; error
    @(129.5000 mm, 145.0000 mm): Pad 1 [JMS_RESET_N] of C85 on F.Cu
    @(136.3500 mm, 137.6000 mm): Pad 15 [JMS_RESET_N] of U11 on F.Cu
[unconnected_items]: Missing connection between items
    Local override; error
    @(62.2500 mm, 165.2500 mm): Pad 12 [RT_CM5_5V] of U3 on F.Cu
    @(68.5000 mm, 168.0000 mm): Pad 1 [RT_CM5_5V] of R5 on F.Cu
[unconnected_items]: Missing connection between items
    Local override; error
    @(14.2000 mm, 90.0000 mm): Pad 1 [VCAP_B] of C4 on F.Cu
    @(18.5500 mm, 93.5500 mm): Pad 1 [VCAP_B] of U2 on F.Cu
[unconnected_items]: Missing connection between items
    Local override; error
    @(12.5400 mm, 108.0000 mm): PTH pad 3 [GATE_B] of Q2
    @(19.5000 mm, 96.4500 mm): Pad 5 [GATE_B] of U2 on F.Cu
[unconnected_items]: Missing connection between items
    Local override; error
    @(232.8000 mm, 180.0000 mm): Pad 2 [ETH_CT_BRANCH_4] of C51 on F.Cu
    @(235.5000 mm, 184.0000 mm): Pad 1 [ETH_CT_BRANCH_4] of R29 on F.Cu
[unconnected_items]: Missing connection between items
    Local override; error
    @(43.0000 mm, 98.7500 mm): Pad A9 [SERVICE_VBUS_SENSE] of J4 on F.Cu
    @(43.0000 mm, 101.2500 mm): Pad A4 [SERVICE_VBUS_SENSE] of J4 on F.Cu
[unconnected_items]: Missing connection between items
    Local override; error
    @(47.0000 mm, 98.7500 mm): Pad B4 [SERVICE_VBUS_SENSE] of J4 on F.Cu
    @(43.0000 mm, 98.7500 mm): Pad A9 [SERVICE_VBUS_SENSE] of J4 on F.Cu
[unconnected_items]: Missing connection between items
    Local override; error
    @(47.0000 mm, 101.2500 mm): Pad B9 [SERVICE_VBUS_SENSE] of J4 on F.Cu
    @(47.0000 mm, 98.7500 mm): Pad B4 [SERVICE_VBUS_SENSE] of J4 on F.Cu
[unconnected_items]: Missing connection between items
    Local override; error
    @(43.0000 mm, 100.7500 mm): Pad A5 [SERVICE_RD_A] of J4 on F.Cu
    @(60.0000 mm, 145.5000 mm): Pad 1 [SERVICE_RD_A] of R1 on F.Cu
[unconnected_items]: Missing connection between items
    Local override; error
    @(47.0000 mm, 99.2500 mm): Pad B5 [SERVICE_RD_B] of J4 on F.Cu
    @(80.0000 mm, 145.5000 mm): Pad 1 [SERVICE_RD_B] of R2 on F.Cu
[unconnected_items]: Missing connection between items
    Local override; error
    @(32.9600 mm, 101.5000 mm): Pad 15 [ETH_LEDG] of J7 on F.Cu
    @(223.5000 mm, 188.0000 mm): Pad 1 [ETH_LEDG] of R31 on F.Cu
[unconnected_items]: Missing connection between items
    Local override; error
    @(8.3700 mm, 140.9400 mm): PTH pad 18 [GBE_LED_G_K] of J2
    @(224.5000 mm, 188.0000 mm): Pad 2 [GBE_LED_G_K] of R31 on F.Cu
[unconnected_items]: Missing connection between items
    Local override; error
    @(119.5000 mm, 122.0000 mm): Pad 1 [PCIE_TXN1] of C93 on F.Cu
    @(143.6500 mm, 136.4000 mm): Pad 37 [PCIE_TXN1] of U11 on F.Cu
[unconnected_items]: Missing connection between items
    Local override; error
    @(217.5000 mm, 115.0000 mm): Pad 1 [RT_BRIDGE_3V3] of R13 on F.Cu
    @(227.2500 mm, 105.2500 mm): Pad 12 [RT_BRIDGE_3V3] of U4 on F.Cu
[unconnected_items]: Missing connection between items
    Local override; error
    @(14.2000 mm, 70.0000 mm): Pad 1 [VCAP_A] of C3 on F.Cu
    @(18.5500 mm, 73.5500 mm): Pad 1 [VCAP_A] of U1 on F.Cu
[unconnected_items]: Missing connection between items
    Local override; error
    @(141.4000 mm, 138.6000 mm): Pad 21 [USB_TXP1] of U11 on F.Cu
    @(146.5000 mm, 145.0000 mm): Pad 1 [USB_TXP1] of C86 on F.Cu
[unconnected_items]: Missing connection between items
    Local override; error
    @(70.0400 mm, 101.5000 mm): Pad 116 [CM5_PER0_P] of J7 on F.Cu
    @(173.4950 mm, 84.2850 mm): Pad A2 [CM5_PER0_P] of J1 on F.Cu
[unconnected_items]: Missing connection between items
    Local override; error
    @(70.0400 mm, 101.9000 mm): Pad 118 [CM5_PER0_N] of J7 on F.Cu
    @(172.2250 mm, 84.2850 mm): Pad A3 [CM5_PER0_N] of J1 on F.Cu
[unconnected_items]: Missing connection between items
    Local override; error
    @(70.0400 mm, 100.3000 mm): Pad 110 [CM5_REFCLK_P] of J7 on F.Cu
    @(167.1450 mm, 89.3650 mm): Pad E7 [CM5_REFCLK_P] of J1 on F.Cu
[unconnected_items]: Missing connection between items
    Local override; error
    @(66.9600 mm, 100.3000 mm): Pad 109 [CM5_PERST] of J7 on F.Cu
    @(64.0000 mm, 125.0000 mm): PTH pad 1 [CM5_PERST] of TP8
[unconnected_items]: Missing connection between items
    Local override; error
    @(153.1750 mm, 89.3650 mm): Pad E18 [CM5_PERST] of J1 on F.Cu
    @(66.9600 mm, 100.3000 mm): Pad 109 [CM5_PERST] of J7 on F.Cu
[unconnected_items]: Missing connection between items
    Local override; error
    @(70.0400 mm, 100.7000 mm): Pad 112 [CM5_REFCLK_N] of J7 on F.Cu
    @(167.1450 mm, 90.6350 mm): Pad F7 [CM5_REFCLK_N] of J1 on F.Cu
[unconnected_items]: Missing connection between items
    Local override; error
    @(174.7650 mm, 91.9050 mm): Pad G1 [V100_PET0_P] of J1 on F.Cu
    @(235.9500 mm, 54.0000 mm): Pad 2 [V100_PET0_P] of C1 on F.Cu
[unconnected_items]: Missing connection between items
    Local override; error
    @(173.4950 mm, 91.9050 mm): Pad G2 [V100_PET0_N] of J1 on F.Cu
    @(245.9500 mm, 54.0000 mm): Pad 2 [V100_PET0_N] of C2 on F.Cu
[unconnected_items]: Missing connection between items
    Local override; error
    @(126.5000 mm, 119.5000 mm): Pad 1 [USB_TXN2] of C89 on F.Cu
    @(140.6000 mm, 138.6000 mm): Pad 23 [USB_TXN2] of U11 on F.Cu
[unconnected_items]: Missing connection between items
    Local override; error
    @(19.5000 mm, 76.4500 mm): Pad 5 [GATE_A] of U1 on F.Cu
    @(32.5400 mm, 78.0000 mm): PTH pad 3 [GATE_A] of Q1
[unconnected_items]: Missing connection between items
    Local override; error
    @(133.5000 mm, 119.5000 mm): Pad 1 [PCIE_TXN0] of C91 on F.Cu
    @(143.6500 mm, 133.6000 mm): Pad 44 [PCIE_TXN0] of U11 on F.Cu
[unconnected_items]: Missing connection between items
    Local override; error
    @(218.5000 mm, 110.0000 mm): PTH pad 1 [PG_BRIDGE_3V3] of TP6
    @(220.5000 mm, 115.0000 mm): Pad 2 [PG_BRIDGE_3V3] of R14 on F.Cu
[unconnected_items]: Missing connection between items
    Local override; error
    @(227.2500 mm, 104.7500 mm): Pad 13 [PG_BRIDGE_3V3] of U4 on F.Cu
    @(218.5000 mm, 110.0000 mm): PTH pad 1 [PG_BRIDGE_3V3] of TP6
[unconnected_items]: Missing connection between items
    Local override; error
    @(137.0000 mm, 119.5000 mm): Pad 1 [PCIE_TXP1] of C92 on F.Cu
    @(143.6500 mm, 136.0000 mm): Pad 38 [PCIE_TXP1] of U11 on F.Cu
[unconnected_items]: Missing connection between items
    Local override; error
    @(137.1500 mm, 125.0000 mm): Pad 1 [LXO] of L10 on F.Cu
    @(143.0000 mm, 131.4000 mm): Pad 64 [LXO] of U11 on F.Cu
[unconnected_items]: Missing connection between items
    Local override; error
    @(18.1750 mm, 147.5600 mm): PTH pad 12 [ETH_CT2] of J2
    @(223.2000 mm, 180.0000 mm): Pad 1 [ETH_CT2] of C49 on F.Cu
[unconnected_items]: Missing connection between items
    Local override; error
    @(11.8250 mm, 147.5600 mm): PTH pad 13 [ETH_CT3] of J2
    @(227.2000 mm, 180.0000 mm): Pad 1 [ETH_CT3] of C50 on F.Cu
[unconnected_items]: Missing connection between items
    Local override; error
    @(9.2850 mm, 148.8300 mm): PTH pad 14 [ETH_CT4] of J2
    @(231.2000 mm, 180.0000 mm): Pad 1 [ETH_CT4] of C51 on F.Cu
[unconnected_items]: Missing connection between items
    Local override; error
    @(10.9100 mm, 140.9400 mm): PTH pad 17 [ETH_POWER] of J2
    @(21.6300 mm, 140.9400 mm): PTH pad 15 [ETH_POWER] of J2
[unconnected_items]: Missing connection between items
    Local override; error
    @(70.0400 mm, 102.7000 mm): Pad 122 [CM5_PET0_P] of J7 on F.Cu
    @(234.0500 mm, 54.0000 mm): Pad 1 [CM5_PET0_P] of C1 on F.Cu
[unconnected_items]: Missing connection between items
    Local override; error
    @(141.0000 mm, 138.6000 mm): Pad 22 [USB_TXN1] of U11 on F.Cu
    @(146.5000 mm, 149.0000 mm): Pad 1 [USB_TXN1] of C87 on F.Cu
[unconnected_items]: Missing connection between items
    Local override; error
    @(70.0400 mm, 103.1000 mm): Pad 124 [CM5_PET0_N] of J7 on F.Cu
    @(244.0500 mm, 54.0000 mm): Pad 1 [CM5_PET0_N] of C2 on F.Cu
[unconnected_items]: Missing connection between items
    Local override; error
    @(130.0000 mm, 119.5000 mm): Pad 1 [PCIE_TXP0] of C90 on F.Cu
    @(143.6500 mm, 133.2000 mm): Pad 45 [PCIE_TXP0] of U11 on F.Cu
[unconnected_items]: Missing connection between items
    Local override; error
    @(223.5000 mm, 184.0000 mm): Pad 1 [ETH_CT_BRANCH_2] of R27 on F.Cu
    @(224.8000 mm, 180.0000 mm): Pad 2 [ETH_CT_BRANCH_2] of C49 on F.Cu
[unconnected_items]: Missing connection between items
    Local override; error
    @(143.6500 mm, 135.6000 mm): Pad 39 [JMS_REXT] of U11 on F.Cu
    @(147.5000 mm, 130.0000 mm): Pad 1 [JMS_REXT] of R80 on F.Cu

** Found 0 Footprint errors **

** Ignored checks **
    - Footprint has no courtyard defined
    - Track endpoint not centered on via
    - Tuning profile track geometries
    - Footprint doesn't match symbol's footprint filters
    - Footprint component type doesn't match footprint pads

** End of Report **
