** Drc report for PHASE24_RTL9210B_RTL1V1_U136_U139_U152_V257.kicad_pcb **
** Created on 2026-09-07T18:31:20 **
** Report includes: Errors, Warnings **

** Found 626 DRC violations **
[clearance]: Clearance violation (zone clearance 0.5000 mm; actual 0.0000 mm)
    Local override; error
    @(95.2000 mm, 58.0500 mm): Track [RTL_5V] on F.Cu, length 2.5500 mm
    @(65.5000 mm, 40.5000 mm): Zone [GND] on F.Cu, priority 0
[clearance]: Clearance violation (zone clearance 0.5000 mm; actual 0.0000 mm)
    Local override; error
    @(95.2000 mm, 55.5000 mm): Via [RTL_5V] on F.Cu - B.Cu
    @(65.5000 mm, 40.5000 mm): Zone [GND] on F.Cu, priority 0
[hole_clearance]: Hole clearance violation (board setup constraints hole clearance 0.2500 mm; actual 0.0000 mm)
    Rule: board setup constraints hole; error
    @(95.2000 mm, 55.5000 mm): Via [RTL_5V] on F.Cu - B.Cu
    @(65.5000 mm, 40.5000 mm): Zone [GND] on F.Cu, priority 0
[clearance]: Clearance violation ( clearance 0.1500 mm; actual 0.1000 mm)
    Local override; error
    @(95.2000 mm, 55.5000 mm): Via [RTL_5V] on F.Cu - B.Cu
    @(92.0000 mm, 55.0000 mm): Track [RTL_1V1] on B.Cu, length 10.5000 mm
[clearance]: Clearance violation (zone clearance 0.5000 mm; actual 0.0000 mm)
    Local override; error
    @(95.2000 mm, 55.5000 mm): Via [RTL_5V] on F.Cu - B.Cu
    @(65.5000 mm, 40.5000 mm): Zone [GND] on B.Cu, priority 0
[hole_clearance]: Hole clearance violation (board setup constraints hole clearance 0.2500 mm; actual 0.0000 mm)
    Rule: board setup constraints hole; error
    @(95.2000 mm, 55.5000 mm): Via [RTL_5V] on F.Cu - B.Cu
    @(65.5000 mm, 40.5000 mm): Zone [GND] on B.Cu, priority 0
[clearance]: Clearance violation (zone clearance 0.5000 mm; actual 0.0000 mm)
    Local override; error
    @(116.4000 mm, 55.5000 mm): Track [RTL_5V] on F.Cu, length 5.5000 mm
    @(65.5000 mm, 40.5000 mm): Zone [GND] on F.Cu, priority 0
[clearance]: Clearance violation (zone clearance 0.5000 mm; actual 0.0000 mm)
    Local override; error
    @(116.4000 mm, 55.5000 mm): Via [RTL_5V] on F.Cu - B.Cu
    @(65.5000 mm, 40.5000 mm): Zone [GND] on F.Cu, priority 0
[hole_clearance]: Hole clearance violation (board setup constraints hole clearance 0.2500 mm; actual 0.0000 mm)
    Rule: board setup constraints hole; error
    @(116.4000 mm, 55.5000 mm): Via [RTL_5V] on F.Cu - B.Cu
    @(65.5000 mm, 40.5000 mm): Zone [GND] on F.Cu, priority 0
[clearance]: Clearance violation (zone clearance 0.5000 mm; actual 0.0000 mm)
    Local override; error
    @(116.4000 mm, 55.5000 mm): Via [RTL_5V] on F.Cu - B.Cu
    @(65.5000 mm, 40.5000 mm): Zone [GND] on B.Cu, priority 0
[hole_clearance]: Hole clearance violation (board setup constraints hole clearance 0.2500 mm; actual 0.0000 mm)
    Rule: board setup constraints hole; error
    @(116.4000 mm, 55.5000 mm): Via [RTL_5V] on F.Cu - B.Cu
    @(65.5000 mm, 40.5000 mm): Zone [GND] on B.Cu, priority 0
[clearance]: Clearance violation (zone clearance 0.5000 mm; actual 0.0000 mm)
    Local override; error
    @(95.2000 mm, 55.5000 mm): Track [RTL_5V] on B.Cu, length 21.2000 mm
    @(65.5000 mm, 40.5000 mm): Zone [GND] on B.Cu, priority 0
[clearance]: Clearance violation (zone clearance 0.5000 mm; actual 0.0000 mm)
    Local override; error
    @(101.9500 mm, 62.4000 mm): Track [PEDET] on F.Cu, length 1.2500 mm
    @(65.5000 mm, 40.5000 mm): Zone [GND] on F.Cu, priority 0
[clearance]: Clearance violation (zone clearance 0.5000 mm; actual 0.0000 mm)
    Local override; error
    @(139.0000 mm, 62.4000 mm): Track [PEDET] on F.Cu, length 1.7808 mm
    @(65.5000 mm, 40.5000 mm): Zone [GND] on F.Cu, priority 0
[clearance]: Clearance violation (zone clearance 0.5000 mm; actual 0.0000 mm)
    Local override; error
    @(139.0000 mm, 62.4000 mm): Via [PEDET] on F.Cu - B.Cu
    @(65.5000 mm, 40.5000 mm): Zone [GND] on F.Cu, priority 0
[hole_clearance]: Hole clearance violation (board setup constraints hole clearance 0.2500 mm; actual 0.0000 mm)
    Rule: board setup constraints hole; error
    @(139.0000 mm, 62.4000 mm): Via [PEDET] on F.Cu - B.Cu
    @(65.5000 mm, 40.5000 mm): Zone [GND] on F.Cu, priority 0
[clearance]: Clearance violation (zone clearance 0.5000 mm; actual 0.0000 mm)
    Local override; error
    @(89.0000 mm, 44.0000 mm): Via [PEDET] on F.Cu - B.Cu
    @(65.5000 mm, 40.5000 mm): Zone [GND] on F.Cu, priority 0
[clearance]: Clearance violation (zone clearance 0.5000 mm; actual 0.0000 mm)
    Local override; error
    @(139.0000 mm, 62.4000 mm): Via [PEDET] on F.Cu - B.Cu
    @(65.5000 mm, 40.5000 mm): Zone [GND] on B.Cu, priority 0
[hole_clearance]: Hole clearance violation (board setup constraints hole clearance 0.2500 mm; actual 0.0000 mm)
    Rule: board setup constraints hole; error
    @(139.0000 mm, 62.4000 mm): Via [PEDET] on F.Cu - B.Cu
    @(65.5000 mm, 40.5000 mm): Zone [GND] on B.Cu, priority 0
[hole_clearance]: Hole clearance violation (board setup constraints hole clearance 0.2500 mm; actual 0.0000 mm)
    Rule: board setup constraints hole; error
    @(89.0000 mm, 44.0000 mm): Via [PEDET] on F.Cu - B.Cu
    @(65.5000 mm, 40.5000 mm): Zone [GND] on F.Cu, priority 0
[clearance]: Clearance violation (zone clearance 0.5000 mm; actual 0.0000 mm)
    Local override; error
    @(89.0000 mm, 48.0000 mm): Track [PEDET] on F.Cu, length 4.0000 mm
    @(65.5000 mm, 40.5000 mm): Zone [GND] on F.Cu, priority 0
[clearance]: Clearance violation (zone clearance 0.5000 mm; actual 0.0000 mm)
    Local override; error
    @(141.5000 mm, 44.0000 mm): Track [PEDET] on B.Cu, length 18.4000 mm
    @(65.5000 mm, 40.5000 mm): Zone [GND] on B.Cu, priority 0
[clearance]: Clearance violation (zone clearance 0.5000 mm; actual 0.0000 mm)
    Local override; error
    @(89.0000 mm, 44.0000 mm): Via [PEDET] on F.Cu - B.Cu
    @(65.5000 mm, 40.5000 mm): Zone [GND] on B.Cu, priority 0
[clearance]: Clearance violation (zone clearance 0.5000 mm; actual 0.0000 mm)
    Local override; error
    @(103.2000 mm, 62.4000 mm): Via [PEDET] on F.Cu - B.Cu
    @(65.5000 mm, 40.5000 mm): Zone [GND] on F.Cu, priority 0
[hole_clearance]: Hole clearance violation (board setup constraints hole clearance 0.2500 mm; actual 0.0000 mm)
    Rule: board setup constraints hole; error
    @(103.2000 mm, 62.4000 mm): Via [PEDET] on F.Cu - B.Cu
    @(65.5000 mm, 40.5000 mm): Zone [GND] on F.Cu, priority 0
[clearance]: Clearance violation (zone clearance 0.5000 mm; actual 0.0000 mm)
    Local override; error
    @(103.2000 mm, 62.4000 mm): Via [PEDET] on F.Cu - B.Cu
    @(65.5000 mm, 40.5000 mm): Zone [GND] on B.Cu, priority 0
[hole_clearance]: Hole clearance violation (board setup constraints hole clearance 0.2500 mm; actual 0.0000 mm)
    Rule: board setup constraints hole; error
    @(103.2000 mm, 62.4000 mm): Via [PEDET] on F.Cu - B.Cu
    @(65.5000 mm, 40.5000 mm): Zone [GND] on B.Cu, priority 0
[hole_clearance]: Hole clearance violation (board setup constraints hole clearance 0.2500 mm; actual 0.0000 mm)
    Rule: board setup constraints hole; error
    @(89.0000 mm, 44.0000 mm): Via [PEDET] on F.Cu - B.Cu
    @(65.5000 mm, 40.5000 mm): Zone [GND] on B.Cu, priority 0
[clearance]: Clearance violation (zone clearance 0.5000 mm; actual 0.0000 mm)
    Local override; error
    @(137.5000 mm, 70.2800 mm): Track [CLKREQ_N] on F.Cu, length 1.0000 mm
    @(65.5000 mm, 40.5000 mm): Zone [GND] on F.Cu, priority 0
[clearance]: Clearance violation (zone clearance 0.5000 mm; actual 0.0000 mm)
    Local override; error
    @(137.5000 mm, 69.5000 mm): Track [CLKREQ_N] on F.Cu, length 0.7800 mm
    @(65.5000 mm, 40.5000 mm): Zone [GND] on F.Cu, priority 0
[clearance]: Clearance violation (zone clearance 0.5000 mm; actual 0.0000 mm)
    Local override; error
    @(141.5000 mm, 62.4000 mm): Track [PEDET] on B.Cu, length 2.5000 mm
    @(65.5000 mm, 40.5000 mm): Zone [GND] on B.Cu, priority 0
[clearance]: Clearance violation (zone clearance 0.5000 mm; actual 0.0000 mm)
    Local override; error
    @(89.0000 mm, 44.0000 mm): Track [PEDET] on B.Cu, length 52.5000 mm
    @(65.5000 mm, 40.5000 mm): Zone [GND] on B.Cu, priority 0
[clearance]: Clearance violation (zone clearance 0.5000 mm; actual 0.0000 mm)
    Local override; error
    @(103.5000 mm, 69.5000 mm): Track [CLKREQ_N] on F.Cu, length 2.0000 mm
    @(65.5000 mm, 40.5000 mm): Zone [GND] on F.Cu, priority 0
[clearance]: Clearance violation (zone clearance 0.5000 mm; actual 0.0000 mm)
    Local override; error
    @(103.2000 mm, 62.4000 mm): Track [PEDET] on B.Cu, length 35.8000 mm
    @(65.5000 mm, 40.5000 mm): Zone [GND] on B.Cu, priority 0
[clearance]: Clearance violation (zone clearance 0.5000 mm; actual 0.0000 mm)
    Local override; error
    @(92.0000 mm, 48.0000 mm): Track [CLKREQ_N] on F.Cu, length 6.0000 mm
    @(65.5000 mm, 40.5000 mm): Zone [GND] on F.Cu, priority 0
[clearance]: Clearance violation (zone clearance 0.5000 mm; actual 0.0000 mm)
    Local override; error
    @(93.8000 mm, 54.5000 mm): Via [RTL_3V3] on F.Cu - B.Cu
    @(65.5000 mm, 40.5000 mm): Zone [GND] on F.Cu, priority 0
[hole_clearance]: Hole clearance violation (board setup constraints hole clearance 0.2500 mm; actual 0.0000 mm)
    Rule: board setup constraints hole; error
    @(93.8000 mm, 54.5000 mm): Via [RTL_3V3] on F.Cu - B.Cu
    @(65.5000 mm, 40.5000 mm): Zone [GND] on F.Cu, priority 0
[clearance]: Clearance violation (zone clearance 0.5000 mm; actual 0.0000 mm)
    Local override; error
    @(98.2000 mm, 57.5000 mm): Track [RTL_1V1] on B.Cu, length 0.2000 mm
    @(65.5000 mm, 40.5000 mm): Zone [GND] on B.Cu, priority 0
[clearance]: Clearance violation (zone clearance 0.5000 mm; actual 0.0000 mm)
    Local override; error
    @(93.8000 mm, 54.5000 mm): Via [RTL_3V3] on F.Cu - B.Cu
    @(65.5000 mm, 40.5000 mm): Zone [GND] on B.Cu, priority 0
[hole_clearance]: Hole clearance violation (board setup constraints hole clearance 0.2500 mm; actual 0.0000 mm)
    Rule: board setup constraints hole; error
    @(93.8000 mm, 54.5000 mm): Via [RTL_3V3] on F.Cu - B.Cu
    @(65.5000 mm, 40.5000 mm): Zone [GND] on B.Cu, priority 0
[clearance]: Clearance violation (zone clearance 0.5000 mm; actual 0.0000 mm)
    Local override; error
    @(99.0000 mm, 60.8000 mm): Track [REFCLK_N] on B.Cu, length 37.7500 mm
    @(65.5000 mm, 40.5000 mm): Zone [GND] on B.Cu, priority 0
[clearance]: Clearance violation (zone clearance 0.5000 mm; actual 0.0000 mm)
    Local override; error
    @(99.0000 mm, 66.8000 mm): Track [REFCLK_N] on B.Cu, length 6.0000 mm
    @(65.5000 mm, 40.5000 mm): Zone [GND] on B.Cu, priority 0
[clearance]: Clearance violation ( clearance 0.1500 mm; actual 0.1385 mm)
    Local override; error
    @(99.2000 mm, 65.9500 mm): Pad 63 [RTL_1V1] of U1 on F.Cu
    @(99.0000 mm, 66.8000 mm): Via [REFCLK_N] on F.Cu - B.Cu
[clearance]: Clearance violation (zone clearance 0.5000 mm; actual 0.0000 mm)
    Local override; error
    @(99.0000 mm, 66.8000 mm): Via [REFCLK_N] on F.Cu - B.Cu
    @(65.5000 mm, 40.5000 mm): Zone [GND] on F.Cu, priority 0
[hole_clearance]: Hole clearance violation (board setup constraints hole clearance 0.2500 mm; actual 0.0000 mm)
    Rule: board setup constraints hole; error
    @(99.0000 mm, 66.8000 mm): Via [REFCLK_N] on F.Cu - B.Cu
    @(65.5000 mm, 40.5000 mm): Zone [GND] on F.Cu, priority 0
[clearance]: Clearance violation (zone clearance 0.5000 mm; actual 0.0000 mm)
    Local override; error
    @(136.7500 mm, 60.8000 mm): Via [REFCLK_N] on F.Cu - B.Cu
    @(65.5000 mm, 40.5000 mm): Zone [GND] on F.Cu, priority 0
[hole_clearance]: Hole clearance violation (board setup constraints hole clearance 0.2500 mm; actual 0.0000 mm)
    Rule: board setup constraints hole; error
    @(136.7500 mm, 60.8000 mm): Via [REFCLK_N] on F.Cu - B.Cu
    @(65.5000 mm, 40.5000 mm): Zone [GND] on F.Cu, priority 0
[clearance]: Clearance violation (zone clearance 0.5000 mm; actual 0.0000 mm)
    Local override; error
    @(136.7500 mm, 60.8000 mm): Via [REFCLK_N] on F.Cu - B.Cu
    @(65.5000 mm, 40.5000 mm): Zone [GND] on B.Cu, priority 0
[hole_clearance]: Hole clearance violation (board setup constraints hole clearance 0.2500 mm; actual 0.0000 mm)
    Rule: board setup constraints hole; error
    @(136.7500 mm, 60.8000 mm): Via [REFCLK_N] on F.Cu - B.Cu
    @(65.5000 mm, 40.5000 mm): Zone [GND] on B.Cu, priority 0
[clearance]: Clearance violation ( clearance 0.1500 mm; actual 0.1432 mm)
    Local override; error
    @(99.2000 mm, 65.9500 mm): Pad 63 [RTL_1V1] of U1 on F.Cu
    @(98.8000 mm, 65.9500 mm): Track [REFCLK_N] on F.Cu, length 0.8732 mm
[clearance]: Clearance violation (zone clearance 0.5000 mm; actual 0.0000 mm)
    Local override; error
    @(98.8000 mm, 65.9500 mm): Track [REFCLK_N] on F.Cu, length 0.8732 mm
    @(65.5000 mm, 40.5000 mm): Zone [GND] on F.Cu, priority 0
[clearance]: Clearance violation (zone clearance 0.5000 mm; actual 0.0000 mm)
    Local override; error
    @(137.5000 mm, 69.5000 mm): Via [CLKREQ_N] on F.Cu - B.Cu
    @(65.5000 mm, 40.5000 mm): Zone [GND] on F.Cu, priority 0
[clearance]: Clearance violation (zone clearance 0.5000 mm; actual 0.0000 mm)
    Local override; error
    @(136.7500 mm, 60.8000 mm): Track [REFCLK_N] on F.Cu, length 1.9250 mm
    @(65.5000 mm, 40.5000 mm): Zone [GND] on F.Cu, priority 0
[clearance]: Clearance violation (zone clearance 0.5000 mm; actual 0.0000 mm)
    Local override; error
    @(98.2000 mm, 66.8000 mm): Track [REFCLK_P] on B.Cu, length 6.8000 mm
    @(65.5000 mm, 40.5000 mm): Zone [GND] on B.Cu, priority 0
[hole_clearance]: Hole clearance violation (board setup constraints hole clearance 0.2500 mm; actual 0.0000 mm)
    Rule: board setup constraints hole; error
    @(137.5000 mm, 69.5000 mm): Via [CLKREQ_N] on F.Cu - B.Cu
    @(65.5000 mm, 40.5000 mm): Zone [GND] on F.Cu, priority 0
[clearance]: Clearance violation (zone clearance 0.5000 mm; actual 0.0000 mm)
    Local override; error
    @(98.2000 mm, 60.0000 mm): Track [REFCLK_P] on B.Cu, length 40.3000 mm
    @(65.5000 mm, 40.5000 mm): Zone [GND] on B.Cu, priority 0
[clearance]: Clearance violation (zone clearance 0.5000 mm; actual 0.0000 mm)
    Local override; error
    @(137.5000 mm, 69.5000 mm): Via [CLKREQ_N] on F.Cu - B.Cu
    @(65.5000 mm, 40.5000 mm): Zone [GND] on B.Cu, priority 0
[clearance]: Clearance violation (zone clearance 0.5000 mm; actual 0.0000 mm)
    Local override; error
    @(92.0000 mm, 42.0000 mm): Via [CLKREQ_N] on F.Cu - B.Cu
    @(65.5000 mm, 40.5000 mm): Zone [GND] on F.Cu, priority 0
[hole_clearance]: Hole clearance violation (board setup constraints hole clearance 0.2500 mm; actual 0.0000 mm)
    Rule: board setup constraints hole; error
    @(92.0000 mm, 42.0000 mm): Via [CLKREQ_N] on F.Cu - B.Cu
    @(65.5000 mm, 40.5000 mm): Zone [GND] on F.Cu, priority 0
[clearance]: Clearance violation (zone clearance 0.5000 mm; actual 0.0000 mm)
    Local override; error
    @(92.0000 mm, 42.0000 mm): Via [CLKREQ_N] on F.Cu - B.Cu
    @(65.5000 mm, 40.5000 mm): Zone [GND] on B.Cu, priority 0
[hole_clearance]: Hole clearance violation (board setup constraints hole clearance 0.2500 mm; actual 0.0000 mm)
    Rule: board setup constraints hole; error
    @(92.0000 mm, 42.0000 mm): Via [CLKREQ_N] on F.Cu - B.Cu
    @(65.5000 mm, 40.5000 mm): Zone [GND] on B.Cu, priority 0
[hole_clearance]: Hole clearance violation (board setup constraints hole clearance 0.2500 mm; actual 0.0000 mm)
    Rule: board setup constraints hole; error
    @(137.5000 mm, 69.5000 mm): Via [CLKREQ_N] on F.Cu - B.Cu
    @(65.5000 mm, 40.5000 mm): Zone [GND] on B.Cu, priority 0
[clearance]: Clearance violation (zone clearance 0.5000 mm; actual 0.0000 mm)
    Local override; error
    @(101.9500 mm, 60.0000 mm): Track [PERST_N] on F.Cu, length 2.5500 mm
    @(65.5000 mm, 40.5000 mm): Zone [GND] on F.Cu, priority 0
[clearance]: Clearance violation ( clearance 0.1500 mm; actual 0.1432 mm)
    Local override; error
    @(98.4000 mm, 65.9500 mm): Track [REFCLK_P] on F.Cu, length 0.8732 mm
    @(98.0000 mm, 65.9500 mm): Pad 60 [RTL_1V1] of U1 on F.Cu
[clearance]: Clearance violation (zone clearance 0.5000 mm; actual 0.0000 mm)
    Local override; error
    @(96.0000 mm, 68.0000 mm): Track [XTAL_OUT] on F.Cu, length 6.8000 mm
    @(65.5000 mm, 40.5000 mm): Zone [GND] on F.Cu, priority 0
[clearance]: Clearance violation (zone clearance 0.5000 mm; actual 0.0000 mm)
    Local override; error
    @(98.4000 mm, 65.9500 mm): Track [REFCLK_P] on F.Cu, length 0.8732 mm
    @(65.5000 mm, 40.5000 mm): Zone [GND] on F.Cu, priority 0
[clearance]: Clearance violation ( clearance 0.1500 mm; actual 0.1256 mm)
    Local override; error
    @(95.6000 mm, 65.9500 mm): Track [XTAL_OUT] on F.Cu, length 2.0887 mm
    @(96.0000 mm, 65.9500 mm): Pad 55 [RTL_1V1] of U1 on F.Cu
[clearance]: Clearance violation (zone clearance 0.5000 mm; actual 0.0000 mm)
    Local override; error
    @(95.6000 mm, 65.9500 mm): Track [XTAL_OUT] on F.Cu, length 2.0887 mm
    @(65.5000 mm, 40.5000 mm): Zone [GND] on F.Cu, priority 0
[clearance]: Clearance violation (zone clearance 0.5000 mm; actual 0.0000 mm)
    Local override; error
    @(90.7000 mm, 60.0000 mm): Track [XTAL_OUT] on F.Cu, length 1.2000 mm
    @(65.5000 mm, 40.5000 mm): Zone [GND] on F.Cu, priority 0
[clearance]: Clearance violation (zone clearance 0.5000 mm; actual 0.0000 mm)
    Local override; error
    @(94.5000 mm, 67.2000 mm): Track [XTAL_IN] on B.Cu, length 7.7801 mm
    @(65.5000 mm, 40.5000 mm): Zone [GND] on B.Cu, priority 0
[clearance]: Clearance violation (zone clearance 0.5000 mm; actual 0.0000 mm)
    Local override; error
    @(89.2000 mm, 68.0000 mm): Track [XTAL_OUT] on F.Cu, length 8.1394 mm
    @(65.5000 mm, 40.5000 mm): Zone [GND] on F.Cu, priority 0
[clearance]: Clearance violation (zone clearance 0.5000 mm; actual 0.0000 mm)
    Local override; error
    @(89.8000 mm, 61.0000 mm): Via [XTAL_IN] on F.Cu - B.Cu
    @(65.5000 mm, 40.5000 mm): Zone [GND] on F.Cu, priority 0
[hole_clearance]: Hole clearance violation (board setup constraints hole clearance 0.2500 mm; actual 0.0000 mm)
    Rule: board setup constraints hole; error
    @(89.8000 mm, 61.0000 mm): Via [XTAL_IN] on F.Cu - B.Cu
    @(65.5000 mm, 40.5000 mm): Zone [GND] on F.Cu, priority 0
[clearance]: Clearance violation (zone clearance 0.5000 mm; actual 0.0000 mm)
    Local override; error
    @(89.8000 mm, 61.0000 mm): Via [XTAL_IN] on F.Cu - B.Cu
    @(65.5000 mm, 40.5000 mm): Zone [GND] on B.Cu, priority 0
[clearance]: Clearance violation (zone clearance 0.5000 mm; actual 0.0000 mm)
    Local override; error
    @(95.2000 mm, 65.9500 mm): Track [XTAL_IN] on F.Cu, length 1.2500 mm
    @(65.5000 mm, 40.5000 mm): Zone [GND] on F.Cu, priority 0
[hole_clearance]: Hole clearance violation (board setup constraints hole clearance 0.2500 mm; actual 0.0000 mm)
    Rule: board setup constraints hole; error
    @(89.8000 mm, 61.0000 mm): Via [XTAL_IN] on F.Cu - B.Cu
    @(65.5000 mm, 40.5000 mm): Zone [GND] on B.Cu, priority 0
[clearance]: Clearance violation (zone clearance 0.5000 mm; actual 0.0000 mm)
    Local override; error
    @(89.8000 mm, 61.0000 mm): Track [XTAL_IN] on F.Cu, length 1.1180 mm
    @(65.5000 mm, 40.5000 mm): Zone [GND] on F.Cu, priority 0
[clearance]: Clearance violation (zone clearance 0.5000 mm; actual 0.0000 mm)
    Local override; error
    @(95.2000 mm, 67.2000 mm): Track [XTAL_IN] on F.Cu, length 0.7000 mm
    @(65.5000 mm, 40.5000 mm): Zone [GND] on F.Cu, priority 0
[clearance]: Clearance violation (zone clearance 0.5000 mm; actual 0.0000 mm)
    Local override; error
    @(89.8000 mm, 61.0000 mm): Track [XTAL_IN] on F.Cu, length 0.5385 mm
    @(65.5000 mm, 40.5000 mm): Zone [GND] on F.Cu, priority 0
[clearance]: Clearance violation (zone clearance 0.5000 mm; actual 0.0000 mm)
    Local override; error
    @(93.4000 mm, 67.5000 mm): Track [RSET] on B.Cu, length 16.0312 mm
    @(65.5000 mm, 40.5000 mm): Zone [GND] on B.Cu, priority 0
[clearance]: Clearance violation (zone clearance 0.5000 mm; actual 0.0000 mm)
    Local override; error
    @(77.4000 mm, 68.5000 mm): Via [RSET] on F.Cu - B.Cu
    @(65.5000 mm, 40.5000 mm): Zone [GND] on F.Cu, priority 0
[clearance]: Clearance violation ( clearance 0.1500 mm; actual 0.1000 mm)
    Local override; error
    @(93.4000 mm, 67.5000 mm): Via [RSET] on F.Cu - B.Cu
    @(96.0000 mm, 68.0000 mm): Track [XTAL_OUT] on F.Cu, length 6.8000 mm
[clearance]: Clearance violation (zone clearance 0.5000 mm; actual 0.0000 mm)
    Local override; error
    @(93.4000 mm, 67.5000 mm): Via [RSET] on F.Cu - B.Cu
    @(65.5000 mm, 40.5000 mm): Zone [GND] on F.Cu, priority 0
[hole_clearance]: Hole clearance violation (board setup constraints hole clearance 0.2500 mm; actual 0.0000 mm)
    Rule: board setup constraints hole; error
    @(93.4000 mm, 67.5000 mm): Via [RSET] on F.Cu - B.Cu
    @(65.5000 mm, 40.5000 mm): Zone [GND] on F.Cu, priority 0
[clearance]: Clearance violation (zone clearance 0.5000 mm; actual 0.0000 mm)
    Local override; error
    @(93.4000 mm, 67.5000 mm): Via [RSET] on F.Cu - B.Cu
    @(65.5000 mm, 40.5000 mm): Zone [GND] on B.Cu, priority 0
[hole_clearance]: Hole clearance violation (board setup constraints hole clearance 0.2500 mm; actual 0.0000 mm)
    Rule: board setup constraints hole; error
    @(93.4000 mm, 67.5000 mm): Via [RSET] on F.Cu - B.Cu
    @(65.5000 mm, 40.5000 mm): Zone [GND] on B.Cu, priority 0
[clearance]: Clearance violation (zone clearance 0.5000 mm; actual 0.0000 mm)
    Local override; error
    @(94.0500 mm, 65.2000 mm): Track [RSET] on F.Cu, length 0.6500 mm
    @(65.5000 mm, 40.5000 mm): Zone [GND] on F.Cu, priority 0
[clearance]: Clearance violation (zone clearance 0.5000 mm; actual 0.0000 mm)
    Local override; error
    @(77.4000 mm, 68.5000 mm): Track [RSET] on F.Cu, length 2.5000 mm
    @(65.5000 mm, 40.5000 mm): Zone [GND] on F.Cu, priority 0
[clearance]: Clearance violation (zone clearance 0.5000 mm; actual 0.0000 mm)
    Local override; error
    @(93.4000 mm, 65.2000 mm): Track [RSET] on F.Cu, length 2.3000 mm
    @(65.5000 mm, 40.5000 mm): Zone [GND] on F.Cu, priority 0
[clearance]: Clearance violation (zone clearance 0.5000 mm; actual 0.0000 mm)
    Local override; error
    @(98.8000 mm, 52.5000 mm): Track [SPICS] on B.Cu, length 17.0000 mm
    @(65.5000 mm, 40.5000 mm): Zone [GND] on B.Cu, priority 0
[clearance]: Clearance violation (zone clearance 0.5000 mm; actual 0.0000 mm)
    Local override; error
    @(98.8000 mm, 52.5000 mm): Via [SPICS] on F.Cu - B.Cu
    @(65.5000 mm, 40.5000 mm): Zone [GND] on F.Cu, priority 0
[hole_clearance]: Hole clearance violation (board setup constraints hole clearance 0.2500 mm; actual 0.0000 mm)
    Rule: board setup constraints hole; error
    @(98.8000 mm, 52.5000 mm): Via [SPICS] on F.Cu - B.Cu
    @(65.5000 mm, 40.5000 mm): Zone [GND] on F.Cu, priority 0
[clearance]: Clearance violation (zone clearance 0.5000 mm; actual 0.0000 mm)
    Local override; error
    @(98.8000 mm, 52.5000 mm): Via [SPICS] on F.Cu - B.Cu
    @(65.5000 mm, 40.5000 mm): Zone [GND] on B.Cu, priority 0
[hole_clearance]: Hole clearance violation (board setup constraints hole clearance 0.2500 mm; actual 0.0000 mm)
    Rule: board setup constraints hole; error
    @(98.8000 mm, 52.5000 mm): Via [SPICS] on F.Cu - B.Cu
    @(65.5000 mm, 40.5000 mm): Zone [GND] on B.Cu, priority 0
[clearance]: Clearance violation (zone clearance 0.5000 mm; actual 0.0000 mm)
    Local override; error
    @(81.8000 mm, 52.5000 mm): Via [SPICS] on F.Cu - B.Cu
    @(65.5000 mm, 40.5000 mm): Zone [GND] on F.Cu, priority 0
[hole_clearance]: Hole clearance violation (board setup constraints hole clearance 0.2500 mm; actual 0.0000 mm)
    Rule: board setup constraints hole; error
    @(81.8000 mm, 52.5000 mm): Via [SPICS] on F.Cu - B.Cu
    @(65.5000 mm, 40.5000 mm): Zone [GND] on F.Cu, priority 0
[clearance]: Clearance violation (zone clearance 0.5000 mm; actual 0.0000 mm)
    Local override; error
    @(138.5000 mm, 60.0000 mm): Via [REFCLK_P] on F.Cu - B.Cu
    @(65.5000 mm, 40.5000 mm): Zone [GND] on F.Cu, priority 0
[hole_clearance]: Hole clearance violation (board setup constraints hole clearance 0.2500 mm; actual 0.0000 mm)
    Rule: board setup constraints hole; error
    @(138.5000 mm, 60.0000 mm): Via [REFCLK_P] on F.Cu - B.Cu
    @(65.5000 mm, 40.5000 mm): Zone [GND] on F.Cu, priority 0
[clearance]: Clearance violation (zone clearance 0.5000 mm; actual 0.0000 mm)
    Local override; error
    @(138.5000 mm, 60.0000 mm): Via [REFCLK_P] on F.Cu - B.Cu
    @(65.5000 mm, 40.5000 mm): Zone [GND] on B.Cu, priority 0
[hole_clearance]: Hole clearance violation (board setup constraints hole clearance 0.2500 mm; actual 0.0000 mm)
    Rule: board setup constraints hole; error
    @(138.5000 mm, 60.0000 mm): Via [REFCLK_P] on F.Cu - B.Cu
    @(65.5000 mm, 40.5000 mm): Zone [GND] on B.Cu, priority 0
[clearance]: Clearance violation (zone clearance 0.5000 mm; actual 0.0000 mm)
    Local override; error
    @(98.8000 mm, 58.0500 mm): Track [SPICS] on F.Cu, length 5.5500 mm
    @(65.5000 mm, 40.5000 mm): Zone [GND] on F.Cu, priority 0
[clearance]: Clearance violation (zone clearance 0.5000 mm; actual 0.0000 mm)
    Local override; error
    @(99.4000 mm, 50.5000 mm): Track [SPISO] on B.Cu, length 16.4000 mm
    @(65.5000 mm, 40.5000 mm): Zone [GND] on B.Cu, priority 0
[clearance]: Clearance violation (zone clearance 0.5000 mm; actual 0.0000 mm)
    Local override; error
    @(83.0000 mm, 50.5000 mm): Via [SPISO] on F.Cu - B.Cu
    @(65.5000 mm, 40.5000 mm): Zone [GND] on F.Cu, priority 0
[hole_clearance]: Hole clearance violation (board setup constraints hole clearance 0.2500 mm; actual 0.0000 mm)
    Rule: board setup constraints hole; error
    @(83.0000 mm, 50.5000 mm): Via [SPISO] on F.Cu - B.Cu
    @(65.5000 mm, 40.5000 mm): Zone [GND] on F.Cu, priority 0
[clearance]: Clearance violation (zone clearance 0.5000 mm; actual 0.0000 mm)
    Local override; error
    @(83.0000 mm, 50.5000 mm): Via [SPISO] on F.Cu - B.Cu
    @(65.5000 mm, 40.5000 mm): Zone [GND] on B.Cu, priority 0
[hole_clearance]: Hole clearance violation (board setup constraints hole clearance 0.2500 mm; actual 0.0000 mm)
    Rule: board setup constraints hole; error
    @(83.0000 mm, 50.5000 mm): Via [SPISO] on F.Cu - B.Cu
    @(65.5000 mm, 40.5000 mm): Zone [GND] on B.Cu, priority 0
[clearance]: Clearance violation (zone clearance 0.5000 mm; actual 0.0000 mm)
    Local override; error
    @(99.4000 mm, 50.5000 mm): Via [SPISO] on F.Cu - B.Cu
    @(65.5000 mm, 40.5000 mm): Zone [GND] on F.Cu, priority 0
[hole_clearance]: Hole clearance violation (board setup constraints hole clearance 0.2500 mm; actual 0.0000 mm)
    Rule: board setup constraints hole; error
    @(99.4000 mm, 50.5000 mm): Via [SPISO] on F.Cu - B.Cu
    @(65.5000 mm, 40.5000 mm): Zone [GND] on F.Cu, priority 0
[clearance]: Clearance violation (zone clearance 0.5000 mm; actual 0.0000 mm)
    Local override; error
    @(99.4000 mm, 50.5000 mm): Via [SPISO] on F.Cu - B.Cu
    @(65.5000 mm, 40.5000 mm): Zone [GND] on B.Cu, priority 0
[hole_clearance]: Hole clearance violation (board setup constraints hole clearance 0.2500 mm; actual 0.0000 mm)
    Rule: board setup constraints hole; error
    @(99.4000 mm, 50.5000 mm): Via [SPISO] on F.Cu - B.Cu
    @(65.5000 mm, 40.5000 mm): Zone [GND] on B.Cu, priority 0
[clearance]: Clearance violation (zone clearance 0.5000 mm; actual 0.0000 mm)
    Local override; error
    @(99.4000 mm, 57.2000 mm): Track [SPISO] on F.Cu, length 6.7000 mm
    @(65.5000 mm, 40.5000 mm): Zone [GND] on F.Cu, priority 0
[clearance]: Clearance violation (zone clearance 0.5000 mm; actual 0.0000 mm)
    Local override; error
    @(83.0000 mm, 50.5000 mm): Track [SPISO] on F.Cu, length 14.0000 mm
    @(65.5000 mm, 40.5000 mm): Zone [GND] on F.Cu, priority 0
[clearance]: Clearance violation (zone clearance 0.5000 mm; actual 0.0000 mm)
    Local override; error
    @(82.6000 mm, 69.5000 mm): Track [SPISO] on F.Cu, length 2.5318 mm
    @(65.5000 mm, 40.5000 mm): Zone [GND] on F.Cu, priority 0
[clearance]: Clearance violation ( clearance 0.1500 mm; actual 0.1092 mm)
    Local override; error
    @(99.6000 mm, 58.0500 mm): Pad 22 [SPISO3] of U1 on F.Cu
    @(99.2000 mm, 58.0500 mm): Track [SPISO] on F.Cu, length 0.8732 mm
[clearance]: Clearance violation (zone clearance 0.5000 mm; actual 0.0000 mm)
    Local override; error
    @(99.2000 mm, 58.0500 mm): Track [SPISO] on F.Cu, length 0.8732 mm
    @(65.5000 mm, 40.5000 mm): Zone [GND] on F.Cu, priority 0
[clearance]: Clearance violation (zone clearance 0.5000 mm; actual 0.0000 mm)
    Local override; error
    @(82.6000 mm, 65.0000 mm): Track [SPISO] on F.Cu, length 4.5000 mm
    @(65.5000 mm, 40.5000 mm): Zone [GND] on F.Cu, priority 0
[hole_clearance]: Hole clearance violation (board setup constraints hole clearance 0.2500 mm; actual 0.0000 mm)
    Rule: board setup constraints hole; error
    @(77.4000 mm, 68.5000 mm): Via [RSET] on F.Cu - B.Cu
    @(65.5000 mm, 40.5000 mm): Zone [GND] on F.Cu, priority 0
[clearance]: Clearance violation (zone clearance 0.5000 mm; actual 0.0000 mm)
    Local override; error
    @(94.5000 mm, 67.2000 mm): Via [XTAL_IN] on F.Cu - B.Cu
    @(65.5000 mm, 40.5000 mm): Zone [GND] on F.Cu, priority 0
[clearance]: Clearance violation (zone clearance 0.5000 mm; actual 0.0000 mm)
    Local override; error
    @(77.4000 mm, 68.5000 mm): Via [RSET] on F.Cu - B.Cu
    @(65.5000 mm, 40.5000 mm): Zone [GND] on B.Cu, priority 0
[hole_clearance]: Hole clearance violation (board setup constraints hole clearance 0.2500 mm; actual 0.0000 mm)
    Rule: board setup constraints hole; error
    @(94.5000 mm, 67.2000 mm): Via [XTAL_IN] on F.Cu - B.Cu
    @(65.5000 mm, 40.5000 mm): Zone [GND] on F.Cu, priority 0
[hole_clearance]: Hole clearance violation (board setup constraints hole clearance 0.2500 mm; actual 0.0000 mm)
    Rule: board setup constraints hole; error
    @(77.4000 mm, 68.5000 mm): Via [RSET] on F.Cu - B.Cu
    @(65.5000 mm, 40.5000 mm): Zone [GND] on B.Cu, priority 0
[clearance]: Clearance violation (zone clearance 0.5000 mm; actual 0.0000 mm)
    Local override; error
    @(94.5000 mm, 67.2000 mm): Via [XTAL_IN] on F.Cu - B.Cu
    @(65.5000 mm, 40.5000 mm): Zone [GND] on B.Cu, priority 0
[hole_clearance]: Hole clearance violation (board setup constraints hole clearance 0.2500 mm; actual 0.0000 mm)
    Rule: board setup constraints hole; error
    @(94.5000 mm, 67.2000 mm): Via [XTAL_IN] on F.Cu - B.Cu
    @(65.5000 mm, 40.5000 mm): Zone [GND] on B.Cu, priority 0
[hole_clearance]: Hole clearance violation (board setup constraints hole clearance 0.2500 mm; actual 0.1500 mm)
    Rule: board setup constraints hole; error
    @(99.4000 mm, 57.2000 mm): Track [SPISO] on F.Cu, length 6.7000 mm
    @(99.8000 mm, 56.8000 mm): Via [SPISO3] on F.Cu - B.Cu
[clearance]: Clearance violation (zone clearance 0.5000 mm; actual 0.0000 mm)
    Local override; error
    @(106.5000 mm, 56.8000 mm): Via [SPISO3] on F.Cu - B.Cu
    @(65.5000 mm, 40.5000 mm): Zone [GND] on F.Cu, priority 0
[hole_clearance]: Hole clearance violation (board setup constraints hole clearance 0.2500 mm; actual 0.0000 mm)
    Rule: board setup constraints hole; error
    @(106.5000 mm, 56.8000 mm): Via [SPISO3] on F.Cu - B.Cu
    @(65.5000 mm, 40.5000 mm): Zone [GND] on F.Cu, priority 0
[clearance]: Clearance violation (zone clearance 0.5000 mm; actual 0.0000 mm)
    Local override; error
    @(89.0000 mm, 74.0000 mm): Track [SPISO3] on F.Cu, length 2.0000 mm
    @(65.5000 mm, 40.5000 mm): Zone [GND] on F.Cu, priority 0
[clearance]: Clearance violation (zone clearance 0.5000 mm; actual 0.0000 mm)
    Local override; error
    @(99.8000 mm, 56.8000 mm): Via [SPISO3] on F.Cu - B.Cu
    @(65.5000 mm, 40.5000 mm): Zone [GND] on F.Cu, priority 0
[clearance]: Clearance violation (zone clearance 0.5000 mm; actual 0.0000 mm)
    Local override; error
    @(106.5000 mm, 56.8000 mm): Via [SPISO3] on F.Cu - B.Cu
    @(65.5000 mm, 40.5000 mm): Zone [GND] on B.Cu, priority 0
[clearance]: Clearance violation ( clearance 0.1500 mm; actual 0.1318 mm)
    Local override; error
    @(99.6000 mm, 58.0500 mm): Track [SPISO3] on F.Cu, length 1.2659 mm
    @(99.4000 mm, 57.2000 mm): Track [SPISO] on F.Cu, length 6.7000 mm
[hole_clearance]: Hole clearance violation (board setup constraints hole clearance 0.2500 mm; actual 0.0000 mm)
    Rule: board setup constraints hole; error
    @(99.8000 mm, 56.8000 mm): Via [SPISO3] on F.Cu - B.Cu
    @(65.5000 mm, 40.5000 mm): Zone [GND] on F.Cu, priority 0
[clearance]: Clearance violation (zone clearance 0.5000 mm; actual 0.0000 mm)
    Local override; error
    @(99.6000 mm, 58.0500 mm): Track [SPISO3] on F.Cu, length 1.2659 mm
    @(65.5000 mm, 40.5000 mm): Zone [GND] on F.Cu, priority 0
[clearance]: Clearance violation (zone clearance 0.5000 mm; actual 0.0000 mm)
    Local override; error
    @(106.5000 mm, 74.0000 mm): Track [SPISO3] on F.Cu, length 17.5000 mm
    @(65.5000 mm, 40.5000 mm): Zone [GND] on F.Cu, priority 0
[clearance]: Clearance violation (zone clearance 0.5000 mm; actual 0.0000 mm)
    Local override; error
    @(106.5000 mm, 56.8000 mm): Track [SPISO3] on F.Cu, length 17.2000 mm
    @(65.5000 mm, 40.5000 mm): Zone [GND] on F.Cu, priority 0
[clearance]: Clearance violation ( clearance 0.1500 mm; actual 0.1385 mm)
    Local override; error
    @(98.2000 mm, 66.8000 mm): Via [REFCLK_P] on F.Cu - B.Cu
    @(98.0000 mm, 65.9500 mm): Pad 60 [RTL_1V1] of U1 on F.Cu
[clearance]: Clearance violation (zone clearance 0.5000 mm; actual 0.0000 mm)
    Local override; error
    @(113.4000 mm, 57.5000 mm): Via [RTL_1V1] on F.Cu - B.Cu
    @(65.5000 mm, 40.5000 mm): Zone [GND] on F.Cu, priority 0
[clearance]: Clearance violation (zone clearance 0.5000 mm; actual 0.0000 mm)
    Local override; error
    @(98.2000 mm, 66.8000 mm): Via [REFCLK_P] on F.Cu - B.Cu
    @(65.5000 mm, 40.5000 mm): Zone [GND] on F.Cu, priority 0
[hole_clearance]: Hole clearance violation (board setup constraints hole clearance 0.2500 mm; actual 0.0000 mm)
    Rule: board setup constraints hole; error
    @(98.2000 mm, 66.8000 mm): Via [REFCLK_P] on F.Cu - B.Cu
    @(65.5000 mm, 40.5000 mm): Zone [GND] on F.Cu, priority 0
[clearance]: Clearance violation (zone clearance 0.5000 mm; actual 0.0000 mm)
    Local override; error
    @(92.5000 mm, 60.4000 mm): Track [RTL_3V3] on B.Cu, length 3.9000 mm
    @(65.5000 mm, 40.5000 mm): Zone [GND] on B.Cu, priority 0
[hole_clearance]: Hole clearance violation (board setup constraints hole clearance 0.2500 mm; actual 0.0000 mm)
    Rule: board setup constraints hole; error
    @(113.4000 mm, 57.5000 mm): Via [RTL_1V1] on F.Cu - B.Cu
    @(65.5000 mm, 40.5000 mm): Zone [GND] on F.Cu, priority 0
[clearance]: Clearance violation (zone clearance 0.5000 mm; actual 0.0000 mm)
    Local override; error
    @(98.2000 mm, 66.8000 mm): Via [REFCLK_P] on F.Cu - B.Cu
    @(65.5000 mm, 40.5000 mm): Zone [GND] on B.Cu, priority 0
[clearance]: Clearance violation (zone clearance 0.5000 mm; actual 0.0000 mm)
    Local override; error
    @(100.4000 mm, 54.5000 mm): Track [RTL_3V3] on B.Cu, length 6.6000 mm
    @(65.5000 mm, 40.5000 mm): Zone [GND] on B.Cu, priority 0
[hole_clearance]: Hole clearance violation (board setup constraints hole clearance 0.2500 mm; actual 0.0000 mm)
    Rule: board setup constraints hole; error
    @(98.2000 mm, 66.8000 mm): Via [REFCLK_P] on F.Cu - B.Cu
    @(65.5000 mm, 40.5000 mm): Zone [GND] on B.Cu, priority 0
[clearance]: Clearance violation (zone clearance 0.5000 mm; actual 0.0000 mm)
    Local override; error
    @(113.4000 mm, 57.5000 mm): Via [RTL_1V1] on F.Cu - B.Cu
    @(65.5000 mm, 40.5000 mm): Zone [GND] on B.Cu, priority 0
[clearance]: Clearance violation (zone clearance 0.5000 mm; actual 0.0000 mm)
    Local override; error
    @(93.0000 mm, 63.5000 mm): Track [RTL_3V3] on B.Cu, length 7.0000 mm
    @(65.5000 mm, 40.5000 mm): Zone [GND] on B.Cu, priority 0
[hole_clearance]: Hole clearance violation (board setup constraints hole clearance 0.2500 mm; actual 0.0000 mm)
    Rule: board setup constraints hole; error
    @(113.4000 mm, 57.5000 mm): Via [RTL_1V1] on F.Cu - B.Cu
    @(65.5000 mm, 40.5000 mm): Zone [GND] on B.Cu, priority 0
[hole_clearance]: Hole clearance violation (board setup constraints hole clearance 0.2500 mm; actual 0.0500 mm)
    Rule: board setup constraints hole; error
    @(93.8000 mm, 56.5000 mm): Track [RTL_3V3] on B.Cu, length 16.6000 mm
    @(106.5000 mm, 56.8000 mm): Via [SPISO3] on F.Cu - B.Cu
[clearance]: Clearance violation (zone clearance 0.5000 mm; actual 0.0000 mm)
    Local override; error
    @(93.8000 mm, 56.5000 mm): Track [RTL_3V3] on B.Cu, length 16.6000 mm
    @(65.5000 mm, 40.5000 mm): Zone [GND] on B.Cu, priority 0
[clearance]: Clearance violation (zone clearance 0.5000 mm; actual 0.0000 mm)
    Local override; error
    @(93.0000 mm, 56.5000 mm): Track [RTL_3V3] on B.Cu, length 0.8000 mm
    @(65.5000 mm, 40.5000 mm): Zone [GND] on B.Cu, priority 0
[clearance]: Clearance violation (zone clearance 0.5000 mm; actual 0.0000 mm)
    Local override; error
    @(93.0000 mm, 63.5000 mm): Via [RTL_3V3] on F.Cu - B.Cu
    @(65.5000 mm, 40.5000 mm): Zone [GND] on F.Cu, priority 0
[hole_clearance]: Hole clearance violation (board setup constraints hole clearance 0.2500 mm; actual 0.0000 mm)
    Rule: board setup constraints hole; error
    @(93.0000 mm, 63.5000 mm): Via [RTL_3V3] on F.Cu - B.Cu
    @(65.5000 mm, 40.5000 mm): Zone [GND] on F.Cu, priority 0
[clearance]: Clearance violation (zone clearance 0.5000 mm; actual 0.0000 mm)
    Local override; error
    @(93.0000 mm, 63.5000 mm): Via [RTL_3V3] on F.Cu - B.Cu
    @(65.5000 mm, 40.5000 mm): Zone [GND] on B.Cu, priority 0
[hole_clearance]: Hole clearance violation (board setup constraints hole clearance 0.2500 mm; actual 0.0500 mm)
    Rule: board setup constraints hole; error
    @(91.9000 mm, 60.0000 mm): Pad 1 [XTAL_OUT] of C2 on F.Cu
    @(92.5000 mm, 60.4000 mm): Via [RTL_3V3] on F.Cu - B.Cu
[hole_clearance]: Hole clearance violation (board setup constraints hole clearance 0.2500 mm; actual 0.0000 mm)
    Rule: board setup constraints hole; error
    @(106.5000 mm, 56.8000 mm): Via [SPISO3] on F.Cu - B.Cu
    @(65.5000 mm, 40.5000 mm): Zone [GND] on B.Cu, priority 0
[clearance]: Clearance violation (zone clearance 0.5000 mm; actual 0.0000 mm)
    Local override; error
    @(138.5000 mm, 60.0000 mm): Track [REFCLK_P] on F.Cu, length 2.9980 mm
    @(65.5000 mm, 40.5000 mm): Zone [GND] on F.Cu, priority 0
[clearance]: Clearance violation (zone clearance 0.5000 mm; actual 0.0000 mm)
    Local override; error
    @(99.8000 mm, 56.8000 mm): Via [SPISO3] on F.Cu - B.Cu
    @(65.5000 mm, 40.5000 mm): Zone [GND] on B.Cu, priority 0
[hole_clearance]: Hole clearance violation (board setup constraints hole clearance 0.2500 mm; actual 0.0000 mm)
    Rule: board setup constraints hole; error
    @(99.8000 mm, 56.8000 mm): Via [SPISO3] on F.Cu - B.Cu
    @(65.5000 mm, 40.5000 mm): Zone [GND] on B.Cu, priority 0
[clearance]: Clearance violation ( clearance 0.1500 mm; actual 0.1162 mm)
    Local override; error
    @(94.0500 mm, 63.2000 mm): Pad 46 [USB_RXP0] of U1 on F.Cu
    @(94.7000 mm, 63.5000 mm): Track [RTL_3V3] on F.Cu, length 0.2000 mm
[clearance]: Clearance violation (zone clearance 0.5000 mm; actual 0.0000 mm)
    Local override; error
    @(94.7000 mm, 63.5000 mm): Track [RTL_3V3] on F.Cu, length 0.2000 mm
    @(65.5000 mm, 40.5000 mm): Zone [GND] on F.Cu, priority 0
[clearance]: Clearance violation (zone clearance 0.5000 mm; actual 0.0000 mm)
    Local override; error
    @(110.4000 mm, 56.5000 mm): Via [RTL_3V3] on F.Cu - B.Cu
    @(65.5000 mm, 40.5000 mm): Zone [GND] on F.Cu, priority 0
[clearance]: Clearance violation ( clearance 0.1500 mm; actual 0.1000 mm)
    Local override; error
    @(94.0500 mm, 63.2000 mm): Pad 46 [USB_RXP0] of U1 on F.Cu
    @(94.5000 mm, 63.5000 mm): Track [RTL_3V3] on F.Cu, length 1.5000 mm
[clearance]: Clearance violation (zone clearance 0.5000 mm; actual 0.0000 mm)
    Local override; error
    @(94.5000 mm, 63.5000 mm): Track [RTL_3V3] on F.Cu, length 1.5000 mm
    @(65.5000 mm, 40.5000 mm): Zone [GND] on F.Cu, priority 0
[hole_clearance]: Hole clearance violation (board setup constraints hole clearance 0.2500 mm; actual 0.0000 mm)
    Rule: board setup constraints hole; error
    @(110.4000 mm, 56.5000 mm): Via [RTL_3V3] on F.Cu - B.Cu
    @(65.5000 mm, 40.5000 mm): Zone [GND] on F.Cu, priority 0
[clearance]: Clearance violation (zone clearance 0.5000 mm; actual 0.0000 mm)
    Local override; error
    @(94.8000 mm, 65.9500 mm): Track [RTL_3V3] on F.Cu, length 0.1000 mm
    @(65.5000 mm, 40.5000 mm): Zone [GND] on F.Cu, priority 0
[clearance]: Clearance violation (zone clearance 0.5000 mm; actual 0.0000 mm)
    Local override; error
    @(100.4000 mm, 58.0500 mm): Track [RTL_3V3] on F.Cu, length 3.5500 mm
    @(65.5000 mm, 40.5000 mm): Zone [GND] on F.Cu, priority 0
[clearance]: Clearance violation (zone clearance 0.5000 mm; actual 0.0000 mm)
    Local override; error
    @(110.4000 mm, 56.5000 mm): Via [RTL_3V3] on F.Cu - B.Cu
    @(65.5000 mm, 40.5000 mm): Zone [GND] on B.Cu, priority 0
[clearance]: Clearance violation (zone clearance 0.5000 mm; actual 0.0000 mm)
    Local override; error
    @(93.8000 mm, 54.5000 mm): Track [RTL_3V3] on F.Cu, length 2.0000 mm
    @(65.5000 mm, 40.5000 mm): Zone [GND] on F.Cu, priority 0
[hole_clearance]: Hole clearance violation (board setup constraints hole clearance 0.2500 mm; actual 0.0000 mm)
    Rule: board setup constraints hole; error
    @(110.4000 mm, 56.5000 mm): Via [RTL_3V3] on F.Cu - B.Cu
    @(65.5000 mm, 40.5000 mm): Zone [GND] on B.Cu, priority 0
[clearance]: Clearance violation ( clearance 0.1500 mm; actual 0.1000 mm)
    Local override; error
    @(94.7000 mm, 65.9500 mm): Track [RTL_3V3] on F.Cu, length 2.4500 mm
    @(94.0500 mm, 63.6000 mm): Pad 47 [USB_RXN0] of U1 on F.Cu
[clearance]: Clearance violation ( clearance 0.1500 mm; actual 0.1000 mm)
    Local override; error
    @(91.9000 mm, 60.0000 mm): Pad 1 [XTAL_OUT] of C2 on F.Cu
    @(94.0500 mm, 60.4000 mm): Track [RTL_3V3] on F.Cu, length 1.5500 mm
[clearance]: Clearance violation (zone clearance 0.5000 mm; actual 0.0000 mm)
    Local override; error
    @(81.8000 mm, 52.5000 mm): Via [SPICS] on F.Cu - B.Cu
    @(65.5000 mm, 40.5000 mm): Zone [GND] on B.Cu, priority 0
[clearance]: Clearance violation (zone clearance 0.5000 mm; actual 0.0000 mm)
    Local override; error
    @(99.8000 mm, 56.8000 mm): Track [SPISO3] on B.Cu, length 6.7000 mm
    @(65.5000 mm, 40.5000 mm): Zone [GND] on B.Cu, priority 0
[clearance]: Clearance violation (zone clearance 0.5000 mm; actual 0.0000 mm)
    Local override; error
    @(94.8000 mm, 58.0500 mm): Track [RTL_3V3] on F.Cu, length 1.8446 mm
    @(65.5000 mm, 40.5000 mm): Zone [GND] on F.Cu, priority 0
[clearance]: Clearance violation ( clearance 0.1500 mm; actual 0.1000 mm)
    Local override; error
    @(101.4000 mm, 50.0000 mm): Track [SPICLK] on B.Cu, length 13.6000 mm
    @(99.4000 mm, 50.5000 mm): Via [SPISO] on F.Cu - B.Cu
[clearance]: Clearance violation (zone clearance 0.5000 mm; actual 0.0000 mm)
    Local override; error
    @(101.4000 mm, 50.0000 mm): Track [SPICLK] on B.Cu, length 13.6000 mm
    @(65.5000 mm, 40.5000 mm): Zone [GND] on B.Cu, priority 0
[clearance]: Clearance violation (zone clearance 0.5000 mm; actual 0.0000 mm)
    Local override; error
    @(87.8000 mm, 50.0000 mm): Via [SPICLK] on F.Cu - B.Cu
    @(65.5000 mm, 40.5000 mm): Zone [GND] on F.Cu, priority 0
[clearance]: Clearance violation (zone clearance 0.5000 mm; actual 0.0000 mm)
    Local override; error
    @(94.0500 mm, 60.4000 mm): Track [RTL_3V3] on F.Cu, length 1.5500 mm
    @(65.5000 mm, 40.5000 mm): Zone [GND] on F.Cu, priority 0
[clearance]: Clearance violation (zone clearance 0.5000 mm; actual 0.0000 mm)
    Local override; error
    @(92.5000 mm, 60.4000 mm): Via [RTL_3V3] on F.Cu - B.Cu
    @(65.5000 mm, 40.5000 mm): Zone [GND] on F.Cu, priority 0
[hole_clearance]: Hole clearance violation (board setup constraints hole clearance 0.2500 mm; actual 0.0000 mm)
    Rule: board setup constraints hole; error
    @(81.8000 mm, 52.5000 mm): Via [SPICS] on F.Cu - B.Cu
    @(65.5000 mm, 40.5000 mm): Zone [GND] on B.Cu, priority 0
[hole_clearance]: Hole clearance violation (board setup constraints hole clearance 0.2500 mm; actual 0.0000 mm)
    Rule: board setup constraints hole; error
    @(92.5000 mm, 60.4000 mm): Via [RTL_3V3] on F.Cu - B.Cu
    @(65.5000 mm, 40.5000 mm): Zone [GND] on F.Cu, priority 0
[clearance]: Clearance violation (zone clearance 0.5000 mm; actual 0.0000 mm)
    Local override; error
    @(101.4000 mm, 50.0000 mm): Via [SPICLK] on F.Cu - B.Cu
    @(65.5000 mm, 40.5000 mm): Zone [GND] on F.Cu, priority 0
[hole_clearance]: Hole clearance violation (board setup constraints hole clearance 0.2500 mm; actual 0.0000 mm)
    Rule: board setup constraints hole; error
    @(101.4000 mm, 50.0000 mm): Via [SPICLK] on F.Cu - B.Cu
    @(65.5000 mm, 40.5000 mm): Zone [GND] on F.Cu, priority 0
[clearance]: Clearance violation (zone clearance 0.5000 mm; actual 0.0000 mm)
    Local override; error
    @(101.4000 mm, 50.0000 mm): Via [SPICLK] on F.Cu - B.Cu
    @(65.5000 mm, 40.5000 mm): Zone [GND] on B.Cu, priority 0
[clearance]: Clearance violation (zone clearance 0.5000 mm; actual 0.0000 mm)
    Local override; error
    @(92.5000 mm, 56.5000 mm): Track [RTL_3V3] on B.Cu, length 1.3000 mm
    @(65.5000 mm, 40.5000 mm): Zone [GND] on B.Cu, priority 0
[clearance]: Clearance violation (zone clearance 0.5000 mm; actual 0.0000 mm)
    Local override; error
    @(99.0000 mm, 66.8000 mm): Via [REFCLK_N] on F.Cu - B.Cu
    @(65.5000 mm, 40.5000 mm): Zone [GND] on B.Cu, priority 0
[clearance]: Clearance violation (zone clearance 0.5000 mm; actual 0.0000 mm)
    Local override; error
    @(94.7000 mm, 65.9500 mm): Track [RTL_3V3] on F.Cu, length 2.4500 mm
    @(65.5000 mm, 40.5000 mm): Zone [GND] on F.Cu, priority 0
[clearance]: Clearance violation ( clearance 0.1500 mm; actual 0.1000 mm)
    Local override; error
    @(88.4000 mm, 61.5000 mm): Pad 2 [GND] of C1 on F.Cu
    @(87.8000 mm, 50.0000 mm): Track [SPICLK] on F.Cu, length 22.0000 mm
[hole_clearance]: Hole clearance violation (board setup constraints hole clearance 0.2500 mm; actual 0.0000 mm)
    Rule: board setup constraints hole; error
    @(99.0000 mm, 66.8000 mm): Via [REFCLK_N] on F.Cu - B.Cu
    @(65.5000 mm, 40.5000 mm): Zone [GND] on B.Cu, priority 0
[clearance]: Clearance violation (zone clearance 0.5000 mm; actual 0.0000 mm)
    Local override; error
    @(87.8000 mm, 50.0000 mm): Track [SPICLK] on F.Cu, length 22.0000 mm
    @(65.5000 mm, 40.5000 mm): Zone [GND] on F.Cu, priority 0
[hole_clearance]: Hole clearance violation (board setup constraints hole clearance 0.2500 mm; actual 0.0000 mm)
    Rule: board setup constraints hole; error
    @(101.4000 mm, 50.0000 mm): Via [SPICLK] on F.Cu - B.Cu
    @(65.5000 mm, 40.5000 mm): Zone [GND] on B.Cu, priority 0
[clearance]: Clearance violation (zone clearance 0.5000 mm; actual 0.0000 mm)
    Local override; error
    @(86.6000 mm, 46.5000 mm): Via [SPISI] on F.Cu - B.Cu
    @(65.5000 mm, 40.5000 mm): Zone [GND] on F.Cu, priority 0
[hole_clearance]: Hole clearance violation (board setup constraints hole clearance 0.2500 mm; actual 0.0000 mm)
    Rule: board setup constraints hole; error
    @(86.6000 mm, 46.5000 mm): Via [SPISI] on F.Cu - B.Cu
    @(65.5000 mm, 40.5000 mm): Zone [GND] on F.Cu, priority 0
[clearance]: Clearance violation (zone clearance 0.5000 mm; actual 0.0000 mm)
    Local override; error
    @(102.6000 mm, 46.5000 mm): Track [SPISI] on B.Cu, length 16.0000 mm
    @(65.5000 mm, 40.5000 mm): Zone [GND] on B.Cu, priority 0
[clearance]: Clearance violation (zone clearance 0.5000 mm; actual 0.0000 mm)
    Local override; error
    @(110.4000 mm, 56.5000 mm): Track [RTL_3V3] on F.Cu, length 4.5000 mm
    @(65.5000 mm, 40.5000 mm): Zone [GND] on F.Cu, priority 0
[hole_clearance]: Hole clearance violation (board setup constraints hole clearance 0.2500 mm; actual 0.0000 mm)
    Rule: board setup constraints hole; error
    @(93.0000 mm, 63.5000 mm): Via [RTL_3V3] on F.Cu - B.Cu
    @(65.5000 mm, 40.5000 mm): Zone [GND] on B.Cu, priority 0
[clearance]: Clearance violation (zone clearance 0.5000 mm; actual 0.0000 mm)
    Local override; error
    @(101.2000 mm, 57.2000 mm): Track [SPISI] on F.Cu, length 1.4000 mm
    @(65.5000 mm, 40.5000 mm): Zone [GND] on F.Cu, priority 0
[clearance]: Clearance violation (zone clearance 0.5000 mm; actual 0.0000 mm)
    Local override; error
    @(86.6000 mm, 46.5000 mm): Track [SPISI] on F.Cu, length 25.5000 mm
    @(65.5000 mm, 40.5000 mm): Zone [GND] on F.Cu, priority 0
[clearance]: Clearance violation (zone clearance 0.5000 mm; actual 0.0000 mm)
    Local override; error
    @(81.8000 mm, 52.5000 mm): Track [SPICS] on F.Cu, length 19.5000 mm
    @(65.5000 mm, 40.5000 mm): Zone [GND] on F.Cu, priority 0
[clearance]: Clearance violation (zone clearance 0.5000 mm; actual 0.0000 mm)
    Local override; error
    @(101.4000 mm, 56.8000 mm): Track [SPICLK] on F.Cu, length 6.8000 mm
    @(65.5000 mm, 40.5000 mm): Zone [GND] on F.Cu, priority 0
[hole_clearance]: Hole clearance violation (board setup constraints hole clearance 0.2500 mm; actual 0.0000 mm)
    Rule: board setup constraints hole; error
    @(87.8000 mm, 50.0000 mm): Via [SPICLK] on F.Cu - B.Cu
    @(65.5000 mm, 40.5000 mm): Zone [GND] on F.Cu, priority 0
[clearance]: Clearance violation (zone clearance 0.5000 mm; actual 0.0000 mm)
    Local override; error
    @(102.6000 mm, 57.2000 mm): Track [SPISI] on F.Cu, length 10.7000 mm
    @(65.5000 mm, 40.5000 mm): Zone [GND] on F.Cu, priority 0
[clearance]: Clearance violation (zone clearance 0.5000 mm; actual 0.0000 mm)
    Local override; error
    @(100.4000 mm, 54.5000 mm): Via [RTL_3V3] on F.Cu - B.Cu
    @(65.5000 mm, 40.5000 mm): Zone [GND] on F.Cu, priority 0
[clearance]: Clearance violation (zone clearance 0.5000 mm; actual 0.0000 mm)
    Local override; error
    @(101.2000 mm, 58.0500 mm): Track [SPISI] on F.Cu, length 0.8500 mm
    @(65.5000 mm, 40.5000 mm): Zone [GND] on F.Cu, priority 0
[clearance]: Clearance violation (zone clearance 0.5000 mm; actual 0.0000 mm)
    Local override; error
    @(100.2000 mm, 57.5000 mm): Track [RTL_1V1] on B.Cu, length 0.2000 mm
    @(65.5000 mm, 40.5000 mm): Zone [GND] on B.Cu, priority 0
[clearance]: Clearance violation (zone clearance 0.5000 mm; actual 0.0000 mm)
    Local override; error
    @(86.6000 mm, 46.5000 mm): Via [SPISI] on F.Cu - B.Cu
    @(65.5000 mm, 40.5000 mm): Zone [GND] on B.Cu, priority 0
[clearance]: Clearance violation (zone clearance 0.5000 mm; actual 0.0000 mm)
    Local override; error
    @(97.6000 mm, 57.5000 mm): Track [RTL_1V1] on B.Cu, length 0.2000 mm
    @(65.5000 mm, 40.5000 mm): Zone [GND] on B.Cu, priority 0
[hole_clearance]: Hole clearance violation (board setup constraints hole clearance 0.2500 mm; actual 0.0000 mm)
    Rule: board setup constraints hole; error
    @(86.6000 mm, 46.5000 mm): Via [SPISI] on F.Cu - B.Cu
    @(65.5000 mm, 40.5000 mm): Zone [GND] on B.Cu, priority 0
[hole_clearance]: Hole clearance violation (board setup constraints hole clearance 0.2500 mm; actual 0.0000 mm)
    Rule: board setup constraints hole; error
    @(100.4000 mm, 54.5000 mm): Via [RTL_3V3] on F.Cu - B.Cu
    @(65.5000 mm, 40.5000 mm): Zone [GND] on F.Cu, priority 0
[clearance]: Clearance violation (zone clearance 0.5000 mm; actual 0.0000 mm)
    Local override; error
    @(94.0000 mm, 60.2000 mm): Track [RTL_1V1] on B.Cu, length 0.2000 mm
    @(65.5000 mm, 40.5000 mm): Zone [GND] on B.Cu, priority 0
[clearance]: Clearance violation (zone clearance 0.5000 mm; actual 0.0000 mm)
    Local override; error
    @(96.6000 mm, 57.5000 mm): Track [RTL_1V1] on B.Cu, length 0.2000 mm
    @(65.5000 mm, 40.5000 mm): Zone [GND] on B.Cu, priority 0
[clearance]: Clearance violation (zone clearance 0.5000 mm; actual 0.0000 mm)
    Local override; error
    @(94.4000 mm, 57.5000 mm): Track [RTL_1V1] on B.Cu, length 0.2000 mm
    @(65.5000 mm, 40.5000 mm): Zone [GND] on B.Cu, priority 0
[clearance]: Clearance violation (zone clearance 0.5000 mm; actual 0.0000 mm)
    Local override; error
    @(100.8000 mm, 56.8000 mm): Track [SPICLK] on F.Cu, length 0.6000 mm
    @(65.5000 mm, 40.5000 mm): Zone [GND] on F.Cu, priority 0
[clearance]: Clearance violation (zone clearance 0.5000 mm; actual 0.0000 mm)
    Local override; error
    @(94.0000 mm, 57.5000 mm): Track [RTL_1V1] on B.Cu, length 0.2000 mm
    @(65.5000 mm, 40.5000 mm): Zone [GND] on B.Cu, priority 0
[clearance]: Clearance violation (zone clearance 0.5000 mm; actual 0.0000 mm)
    Local override; error
    @(94.0000 mm, 60.4000 mm): Track [RTL_1V1] on B.Cu, length 0.2000 mm
    @(65.5000 mm, 40.5000 mm): Zone [GND] on B.Cu, priority 0
[clearance]: Clearance violation (zone clearance 0.5000 mm; actual 0.0000 mm)
    Local override; error
    @(100.4000 mm, 54.5000 mm): Via [RTL_3V3] on F.Cu - B.Cu
    @(65.5000 mm, 40.5000 mm): Zone [GND] on B.Cu, priority 0
[clearance]: Clearance violation (zone clearance 0.5000 mm; actual 0.0000 mm)
    Local override; error
    @(93.8000 mm, 56.5000 mm): Via [RTL_3V3] on F.Cu - B.Cu
    @(65.5000 mm, 40.5000 mm): Zone [GND] on F.Cu, priority 0
[hole_clearance]: Hole clearance violation (board setup constraints hole clearance 0.2500 mm; actual 0.0000 mm)
    Rule: board setup constraints hole; error
    @(100.4000 mm, 54.5000 mm): Via [RTL_3V3] on F.Cu - B.Cu
    @(65.5000 mm, 40.5000 mm): Zone [GND] on B.Cu, priority 0
[clearance]: Clearance violation (zone clearance 0.5000 mm; actual 0.0000 mm)
    Local override; error
    @(94.0000 mm, 59.8000 mm): Track [RTL_1V1] on B.Cu, length 0.2000 mm
    @(65.5000 mm, 40.5000 mm): Zone [GND] on B.Cu, priority 0
[hole_clearance]: Hole clearance violation (board setup constraints hole clearance 0.2500 mm; actual 0.0000 mm)
    Rule: board setup constraints hole; error
    @(93.8000 mm, 56.5000 mm): Via [RTL_3V3] on F.Cu - B.Cu
    @(65.5000 mm, 40.5000 mm): Zone [GND] on F.Cu, priority 0
[clearance]: Clearance violation (zone clearance 0.5000 mm; actual 0.0000 mm)
    Local override; error
    @(103.5000 mm, 57.5000 mm): Track [RTL_1V1] on B.Cu, length 9.9000 mm
    @(65.5000 mm, 40.5000 mm): Zone [GND] on B.Cu, priority 0
[clearance]: Clearance violation (zone clearance 0.5000 mm; actual 0.0000 mm)
    Local override; error
    @(102.0000 mm, 57.5000 mm): Track [RTL_1V1] on B.Cu, length 0.2000 mm
    @(65.5000 mm, 40.5000 mm): Zone [GND] on B.Cu, priority 0
[clearance]: Clearance violation (zone clearance 0.5000 mm; actual 0.0000 mm)
    Local override; error
    @(99.8000 mm, 57.5000 mm): Track [RTL_1V1] on B.Cu, length 0.2000 mm
    @(65.5000 mm, 40.5000 mm): Zone [GND] on B.Cu, priority 0
[clearance]: Clearance violation (zone clearance 0.5000 mm; actual 0.0000 mm)
    Local override; error
    @(93.8000 mm, 56.5000 mm): Via [RTL_3V3] on F.Cu - B.Cu
    @(65.5000 mm, 40.5000 mm): Zone [GND] on B.Cu, priority 0
[clearance]: Clearance violation (zone clearance 0.5000 mm; actual 0.0000 mm)
    Local override; error
    @(94.0000 mm, 57.6000 mm): Track [RTL_1V1] on B.Cu, length 0.1000 mm
    @(65.5000 mm, 40.5000 mm): Zone [GND] on B.Cu, priority 0
[clearance]: Clearance violation (zone clearance 0.5000 mm; actual 0.0000 mm)
    Local override; error
    @(99.0000 mm, 57.5000 mm): Track [RTL_1V1] on B.Cu, length 0.2000 mm
    @(65.5000 mm, 40.5000 mm): Zone [GND] on B.Cu, priority 0
[clearance]: Clearance violation (zone clearance 0.5000 mm; actual 0.0000 mm)
    Local override; error
    @(94.0000 mm, 58.4000 mm): Track [RTL_1V1] on B.Cu, length 0.2000 mm
    @(65.5000 mm, 40.5000 mm): Zone [GND] on B.Cu, priority 0
[clearance]: Clearance violation ( clearance 0.1500 mm; actual 0.1000 mm)
    Local override; error
    @(93.8000 mm, 54.5000 mm): Via [RTL_3V3] on F.Cu - B.Cu
    @(92.0000 mm, 55.0000 mm): Track [RTL_1V1] on B.Cu, length 10.5000 mm
[clearance]: Clearance violation (zone clearance 0.5000 mm; actual 0.0000 mm)
    Local override; error
    @(103.2000 mm, 57.5000 mm): Track [RTL_1V1] on B.Cu, length 0.2000 mm
    @(65.5000 mm, 40.5000 mm): Zone [GND] on B.Cu, priority 0
[clearance]: Clearance violation (zone clearance 0.5000 mm; actual 0.0000 mm)
    Local override; error
    @(92.0000 mm, 55.0000 mm): Track [RTL_1V1] on B.Cu, length 10.5000 mm
    @(65.5000 mm, 40.5000 mm): Zone [GND] on B.Cu, priority 0
[clearance]: Clearance violation (zone clearance 0.5000 mm; actual 0.0000 mm)
    Local override; error
    @(99.4000 mm, 57.5000 mm): Track [RTL_1V1] on B.Cu, length 0.2000 mm
    @(65.5000 mm, 40.5000 mm): Zone [GND] on B.Cu, priority 0
[clearance]: Clearance violation (zone clearance 0.5000 mm; actual 0.0000 mm)
    Local override; error
    @(97.2000 mm, 57.5000 mm): Track [RTL_1V1] on B.Cu, length 0.2000 mm
    @(65.5000 mm, 40.5000 mm): Zone [GND] on B.Cu, priority 0
[clearance]: Clearance violation (zone clearance 0.5000 mm; actual 0.0000 mm)
    Local override; error
    @(102.4000 mm, 57.5000 mm): Track [RTL_1V1] on B.Cu, length 0.2000 mm
    @(65.5000 mm, 40.5000 mm): Zone [GND] on B.Cu, priority 0
[clearance]: Clearance violation (zone clearance 0.5000 mm; actual 0.0000 mm)
    Local override; error
    @(103.4000 mm, 57.5000 mm): Track [RTL_1V1] on B.Cu, length 0.1000 mm
    @(65.5000 mm, 40.5000 mm): Zone [GND] on B.Cu, priority 0
[clearance]: Clearance violation (zone clearance 0.5000 mm; actual 0.0000 mm)
    Local override; error
    @(95.0000 mm, 57.5000 mm): Track [RTL_1V1] on B.Cu, length 0.2000 mm
    @(65.5000 mm, 40.5000 mm): Zone [GND] on B.Cu, priority 0
[clearance]: Clearance violation (zone clearance 0.5000 mm; actual 0.0000 mm)
    Local override; error
    @(94.0000 mm, 60.8000 mm): Track [RTL_1V1] on B.Cu, length 0.2000 mm
    @(65.5000 mm, 40.5000 mm): Zone [GND] on B.Cu, priority 0
[clearance]: Clearance violation (zone clearance 0.5000 mm; actual 0.0000 mm)
    Local override; error
    @(98.6000 mm, 57.5000 mm): Track [RTL_1V1] on B.Cu, length 0.2000 mm
    @(65.5000 mm, 40.5000 mm): Zone [GND] on B.Cu, priority 0
[clearance]: Clearance violation (zone clearance 0.5000 mm; actual 0.0000 mm)
    Local override; error
    @(97.0000 mm, 57.5000 mm): Track [RTL_1V1] on B.Cu, length 0.2000 mm
    @(65.5000 mm, 40.5000 mm): Zone [GND] on B.Cu, priority 0
[clearance]: Clearance violation (zone clearance 0.5000 mm; actual 0.0000 mm)
    Local override; error
    @(100.6000 mm, 57.5000 mm): Track [RTL_1V1] on B.Cu, length 0.2000 mm
    @(65.5000 mm, 40.5000 mm): Zone [GND] on B.Cu, priority 0
[clearance]: Clearance violation (zone clearance 0.5000 mm; actual 0.0000 mm)
    Local override; error
    @(95.4000 mm, 57.5000 mm): Track [RTL_1V1] on B.Cu, length 0.2000 mm
    @(65.5000 mm, 40.5000 mm): Zone [GND] on B.Cu, priority 0
[clearance]: Clearance violation (zone clearance 0.5000 mm; actual 0.0000 mm)
    Local override; error
    @(101.2000 mm, 57.5000 mm): Track [RTL_1V1] on B.Cu, length 0.2000 mm
    @(65.5000 mm, 40.5000 mm): Zone [GND] on B.Cu, priority 0
[clearance]: Clearance violation (zone clearance 0.5000 mm; actual 0.0000 mm)
    Local override; error
    @(96.2000 mm, 57.5000 mm): Track [RTL_1V1] on B.Cu, length 0.2000 mm
    @(65.5000 mm, 40.5000 mm): Zone [GND] on B.Cu, priority 0
[clearance]: Clearance violation (zone clearance 0.5000 mm; actual 0.0000 mm)
    Local override; error
    @(94.0000 mm, 59.6000 mm): Track [RTL_1V1] on B.Cu, length 0.2000 mm
    @(65.5000 mm, 40.5000 mm): Zone [GND] on B.Cu, priority 0
[clearance]: Clearance violation (zone clearance 0.5000 mm; actual 0.0000 mm)
    Local override; error
    @(100.8000 mm, 57.5000 mm): Track [RTL_1V1] on B.Cu, length 0.2000 mm
    @(65.5000 mm, 40.5000 mm): Zone [GND] on B.Cu, priority 0
[clearance]: Clearance violation (zone clearance 0.5000 mm; actual 0.0000 mm)
    Local override; error
    @(96.8000 mm, 57.5000 mm): Track [RTL_1V1] on B.Cu, length 0.2000 mm
    @(65.5000 mm, 40.5000 mm): Zone [GND] on B.Cu, priority 0
[clearance]: Clearance violation (zone clearance 0.5000 mm; actual 0.0000 mm)
    Local override; error
    @(102.6000 mm, 46.5000 mm): Via [SPISI] on F.Cu - B.Cu
    @(65.5000 mm, 40.5000 mm): Zone [GND] on F.Cu, priority 0
[clearance]: Clearance violation (zone clearance 0.5000 mm; actual 0.0000 mm)
    Local override; error
    @(92.0000 mm, 59.2000 mm): Track [RTL_1V1] on B.Cu, length 4.2000 mm
    @(65.5000 mm, 40.5000 mm): Zone [GND] on B.Cu, priority 0
[clearance]: Clearance violation (zone clearance 0.5000 mm; actual 0.0000 mm)
    Local override; error
    @(98.8000 mm, 57.5000 mm): Track [RTL_1V1] on B.Cu, length 0.2000 mm
    @(65.5000 mm, 40.5000 mm): Zone [GND] on B.Cu, priority 0
[clearance]: Clearance violation (zone clearance 0.5000 mm; actual 0.0000 mm)
    Local override; error
    @(102.6000 mm, 57.5000 mm): Track [RTL_1V1] on B.Cu, length 0.2000 mm
    @(65.5000 mm, 40.5000 mm): Zone [GND] on B.Cu, priority 0
[clearance]: Clearance violation (zone clearance 0.5000 mm; actual 0.0000 mm)
    Local override; error
    @(92.5000 mm, 60.4000 mm): Via [RTL_3V3] on F.Cu - B.Cu
    @(65.5000 mm, 40.5000 mm): Zone [GND] on B.Cu, priority 0
[clearance]: Clearance violation (zone clearance 0.5000 mm; actual 0.0000 mm)
    Local override; error
    @(95.8000 mm, 57.5000 mm): Track [RTL_1V1] on B.Cu, length 0.2000 mm
    @(65.5000 mm, 40.5000 mm): Zone [GND] on B.Cu, priority 0
[clearance]: Clearance violation (zone clearance 0.5000 mm; actual 0.0000 mm)
    Local override; error
    @(94.0000 mm, 58.8000 mm): Track [RTL_1V1] on B.Cu, length 0.2000 mm
    @(65.5000 mm, 40.5000 mm): Zone [GND] on B.Cu, priority 0
[hole_clearance]: Hole clearance violation (board setup constraints hole clearance 0.2500 mm; actual 0.0000 mm)
    Rule: board setup constraints hole; error
    @(92.5000 mm, 60.4000 mm): Via [RTL_3V3] on F.Cu - B.Cu
    @(65.5000 mm, 40.5000 mm): Zone [GND] on B.Cu, priority 0
[clearance]: Clearance violation (zone clearance 0.5000 mm; actual 0.0000 mm)
    Local override; error
    @(95.6000 mm, 57.5000 mm): Track [RTL_1V1] on B.Cu, length 0.2000 mm
    @(65.5000 mm, 40.5000 mm): Zone [GND] on B.Cu, priority 0
[clearance]: Clearance violation (zone clearance 0.5000 mm; actual 0.0000 mm)
    Local override; error
    @(102.8000 mm, 57.5000 mm): Track [RTL_1V1] on B.Cu, length 0.2000 mm
    @(65.5000 mm, 40.5000 mm): Zone [GND] on B.Cu, priority 0
[clearance]: Clearance violation (zone clearance 0.5000 mm; actual 0.0000 mm)
    Local override; error
    @(94.0000 mm, 58.2000 mm): Track [RTL_1V1] on B.Cu, length 0.2000 mm
    @(65.5000 mm, 40.5000 mm): Zone [GND] on B.Cu, priority 0
[clearance]: Clearance violation (zone clearance 0.5000 mm; actual 0.0000 mm)
    Local override; error
    @(94.0000 mm, 58.6000 mm): Track [RTL_1V1] on B.Cu, length 0.2000 mm
    @(65.5000 mm, 40.5000 mm): Zone [GND] on B.Cu, priority 0
[clearance]: Clearance violation (zone clearance 0.5000 mm; actual 0.0000 mm)
    Local override; error
    @(94.2000 mm, 57.5000 mm): Track [RTL_1V1] on B.Cu, length 0.2000 mm
    @(65.5000 mm, 40.5000 mm): Zone [GND] on B.Cu, priority 0
[clearance]: Clearance violation (zone clearance 0.5000 mm; actual 0.0000 mm)
    Local override; error
    @(100.0000 mm, 57.5000 mm): Track [RTL_1V1] on B.Cu, length 0.2000 mm
    @(65.5000 mm, 40.5000 mm): Zone [GND] on B.Cu, priority 0
[clearance]: Clearance violation (zone clearance 0.5000 mm; actual 0.0000 mm)
    Local override; error
    @(97.8000 mm, 57.5000 mm): Track [RTL_1V1] on B.Cu, length 0.2000 mm
    @(65.5000 mm, 40.5000 mm): Zone [GND] on B.Cu, priority 0
[clearance]: Clearance violation (zone clearance 0.5000 mm; actual 0.0000 mm)
    Local override; error
    @(96.4000 mm, 57.5000 mm): Track [RTL_1V1] on B.Cu, length 0.2000 mm
    @(65.5000 mm, 40.5000 mm): Zone [GND] on B.Cu, priority 0
[clearance]: Clearance violation (zone clearance 0.5000 mm; actual 0.0000 mm)
    Local override; error
    @(94.0000 mm, 59.4000 mm): Track [RTL_1V1] on B.Cu, length 0.2000 mm
    @(65.5000 mm, 40.5000 mm): Zone [GND] on B.Cu, priority 0
[clearance]: Clearance violation (zone clearance 0.5000 mm; actual 0.0000 mm)
    Local override; error
    @(94.6000 mm, 57.5000 mm): Track [RTL_1V1] on B.Cu, length 0.2000 mm
    @(65.5000 mm, 40.5000 mm): Zone [GND] on B.Cu, priority 0
[clearance]: Clearance violation (zone clearance 0.5000 mm; actual 0.0000 mm)
    Local override; error
    @(94.0000 mm, 60.0000 mm): Track [RTL_1V1] on B.Cu, length 0.2000 mm
    @(65.5000 mm, 40.5000 mm): Zone [GND] on B.Cu, priority 0
[clearance]: Clearance violation (zone clearance 0.5000 mm; actual 0.0000 mm)
    Local override; error
    @(102.5000 mm, 55.0000 mm): Track [RTL_1V1] on B.Cu, length 1.5000 mm
    @(65.5000 mm, 40.5000 mm): Zone [GND] on B.Cu, priority 0
[clearance]: Clearance violation (zone clearance 0.5000 mm; actual 0.0000 mm)
    Local override; error
    @(94.8000 mm, 57.5000 mm): Track [RTL_1V1] on B.Cu, length 0.2000 mm
    @(65.5000 mm, 40.5000 mm): Zone [GND] on B.Cu, priority 0
[clearance]: Clearance violation (zone clearance 0.5000 mm; actual 0.0000 mm)
    Local override; error
    @(98.0000 mm, 57.5000 mm): Track [RTL_1V1] on B.Cu, length 0.2000 mm
    @(65.5000 mm, 40.5000 mm): Zone [GND] on B.Cu, priority 0
[clearance]: Clearance violation (zone clearance 0.5000 mm; actual 0.0000 mm)
    Local override; error
    @(97.4000 mm, 57.5000 mm): Track [RTL_1V1] on B.Cu, length 0.2000 mm
    @(65.5000 mm, 40.5000 mm): Zone [GND] on B.Cu, priority 0
[clearance]: Clearance violation (zone clearance 0.5000 mm; actual 0.0000 mm)
    Local override; error
    @(94.0000 mm, 57.8000 mm): Track [RTL_1V1] on B.Cu, length 0.2000 mm
    @(65.5000 mm, 40.5000 mm): Zone [GND] on B.Cu, priority 0
[clearance]: Clearance violation (zone clearance 0.5000 mm; actual 0.0000 mm)
    Local override; error
    @(102.2000 mm, 57.5000 mm): Track [RTL_1V1] on B.Cu, length 0.2000 mm
    @(65.5000 mm, 40.5000 mm): Zone [GND] on B.Cu, priority 0
[clearance]: Clearance violation (zone clearance 0.5000 mm; actual 0.0000 mm)
    Local override; error
    @(99.2000 mm, 57.5000 mm): Track [RTL_1V1] on B.Cu, length 0.2000 mm
    @(65.5000 mm, 40.5000 mm): Zone [GND] on B.Cu, priority 0
[clearance]: Clearance violation (zone clearance 0.5000 mm; actual 0.0000 mm)
    Local override; error
    @(94.0000 mm, 60.6000 mm): Track [RTL_1V1] on B.Cu, length 0.2000 mm
    @(65.5000 mm, 40.5000 mm): Zone [GND] on B.Cu, priority 0
[clearance]: Clearance violation (zone clearance 0.5000 mm; actual 0.0000 mm)
    Local override; error
    @(94.0000 mm, 59.2000 mm): Track [RTL_1V1] on B.Cu, length 0.2000 mm
    @(65.5000 mm, 40.5000 mm): Zone [GND] on B.Cu, priority 0
[clearance]: Clearance violation (zone clearance 0.5000 mm; actual 0.0000 mm)
    Local override; error
    @(101.4000 mm, 57.5000 mm): Track [RTL_1V1] on B.Cu, length 0.2000 mm
    @(65.5000 mm, 40.5000 mm): Zone [GND] on B.Cu, priority 0
[clearance]: Clearance violation (zone clearance 0.5000 mm; actual 0.0000 mm)
    Local override; error
    @(103.0000 mm, 57.5000 mm): Track [RTL_1V1] on B.Cu, length 0.2000 mm
    @(65.5000 mm, 40.5000 mm): Zone [GND] on B.Cu, priority 0
[clearance]: Clearance violation (zone clearance 0.5000 mm; actual 0.0000 mm)
    Local override; error
    @(101.6000 mm, 57.5000 mm): Track [RTL_1V1] on B.Cu, length 0.2000 mm
    @(65.5000 mm, 40.5000 mm): Zone [GND] on B.Cu, priority 0
[clearance]: Clearance violation (zone clearance 0.5000 mm; actual 0.0000 mm)
    Local override; error
    @(95.2000 mm, 57.5000 mm): Track [RTL_1V1] on B.Cu, length 0.2000 mm
    @(65.5000 mm, 40.5000 mm): Zone [GND] on B.Cu, priority 0
[clearance]: Clearance violation (zone clearance 0.5000 mm; actual 0.0000 mm)
    Local override; error
    @(101.8000 mm, 57.5000 mm): Track [RTL_1V1] on B.Cu, length 0.2000 mm
    @(65.5000 mm, 40.5000 mm): Zone [GND] on B.Cu, priority 0
[clearance]: Clearance violation (zone clearance 0.5000 mm; actual 0.0000 mm)
    Local override; error
    @(99.6000 mm, 57.5000 mm): Track [RTL_1V1] on B.Cu, length 0.2000 mm
    @(65.5000 mm, 40.5000 mm): Zone [GND] on B.Cu, priority 0
[clearance]: Clearance violation (zone clearance 0.5000 mm; actual 0.0000 mm)
    Local override; error
    @(98.4000 mm, 57.5000 mm): Track [RTL_1V1] on B.Cu, length 0.2000 mm
    @(65.5000 mm, 40.5000 mm): Zone [GND] on B.Cu, priority 0
[clearance]: Clearance violation (zone clearance 0.5000 mm; actual 0.0000 mm)
    Local override; error
    @(103.5000 mm, 57.5000 mm): Via [RTL_1V1] on F.Cu - B.Cu
    @(65.5000 mm, 40.5000 mm): Zone [GND] on F.Cu, priority 0
[hole_clearance]: Hole clearance violation (board setup constraints hole clearance 0.2500 mm; actual 0.0000 mm)
    Rule: board setup constraints hole; error
    @(103.5000 mm, 57.5000 mm): Via [RTL_1V1] on F.Cu - B.Cu
    @(65.5000 mm, 40.5000 mm): Zone [GND] on F.Cu, priority 0
[clearance]: Clearance violation (zone clearance 0.5000 mm; actual 0.0000 mm)
    Local override; error
    @(103.5000 mm, 57.5000 mm): Via [RTL_1V1] on F.Cu - B.Cu
    @(65.5000 mm, 40.5000 mm): Zone [GND] on B.Cu, priority 0
[clearance]: Clearance violation (zone clearance 0.5000 mm; actual 0.0000 mm)
    Local override; error
    @(94.0000 mm, 59.0000 mm): Track [RTL_1V1] on B.Cu, length 0.2000 mm
    @(65.5000 mm, 40.5000 mm): Zone [GND] on B.Cu, priority 0
[clearance]: Clearance violation (zone clearance 0.5000 mm; actual 0.0000 mm)
    Local override; error
    @(100.4000 mm, 57.5000 mm): Track [RTL_1V1] on B.Cu, length 0.2000 mm
    @(65.5000 mm, 40.5000 mm): Zone [GND] on B.Cu, priority 0
[hole_clearance]: Hole clearance violation (board setup constraints hole clearance 0.2500 mm; actual 0.0000 mm)
    Rule: board setup constraints hole; error
    @(102.6000 mm, 46.5000 mm): Via [SPISI] on F.Cu - B.Cu
    @(65.5000 mm, 40.5000 mm): Zone [GND] on F.Cu, priority 0
[clearance]: Clearance violation (zone clearance 0.5000 mm; actual 0.0000 mm)
    Local override; error
    @(104.0000 mm, 55.0000 mm): Via [RTL_1V1] on F.Cu - B.Cu
    @(65.5000 mm, 40.5000 mm): Zone [GND] on F.Cu, priority 0
[clearance]: Clearance violation (zone clearance 0.5000 mm; actual 0.0000 mm)
    Local override; error
    @(100.8000 mm, 58.0500 mm): Track [SPICLK] on F.Cu, length 1.2500 mm
    @(65.5000 mm, 40.5000 mm): Zone [GND] on F.Cu, priority 0
[clearance]: Clearance violation ( clearance 0.1500 mm; actual 0.0500 mm)
    Local override; error
    @(94.0500 mm, 60.8000 mm): Via [RTL_1V1] on F.Cu - B.Cu
    @(94.0500 mm, 60.4000 mm): Track [RTL_3V3] on F.Cu, length 1.5500 mm
[clearance]: Clearance violation (zone clearance 0.5000 mm; actual 0.0000 mm)
    Local override; error
    @(103.5000 mm, 57.5000 mm): Via [RTL_1V1] on F.Cu - B.Cu
    @(65.5000 mm, 40.5000 mm): Zone [GND] on F.Cu, priority 0
[hole_clearance]: Hole clearance violation (board setup constraints hole clearance 0.2500 mm; actual 0.0000 mm)
    Rule: board setup constraints hole; error
    @(103.5000 mm, 57.5000 mm): Via [RTL_1V1] on F.Cu - B.Cu
    @(65.5000 mm, 40.5000 mm): Zone [GND] on F.Cu, priority 0
[clearance]: Clearance violation (zone clearance 0.5000 mm; actual 0.0000 mm)
    Local override; error
    @(102.6000 mm, 46.5000 mm): Via [SPISI] on F.Cu - B.Cu
    @(65.5000 mm, 40.5000 mm): Zone [GND] on B.Cu, priority 0
[clearance]: Clearance violation (zone clearance 0.5000 mm; actual 0.0000 mm)
    Local override; error
    @(103.5000 mm, 57.5000 mm): Via [RTL_1V1] on F.Cu - B.Cu
    @(65.5000 mm, 40.5000 mm): Zone [GND] on B.Cu, priority 0
[hole_clearance]: Hole clearance violation (board setup constraints hole clearance 0.2500 mm; actual 0.0000 mm)
    Rule: board setup constraints hole; error
    @(103.5000 mm, 57.5000 mm): Via [RTL_1V1] on F.Cu - B.Cu
    @(65.5000 mm, 40.5000 mm): Zone [GND] on B.Cu, priority 0
[hole_clearance]: Hole clearance violation (board setup constraints hole clearance 0.2500 mm; actual 0.0000 mm)
    Rule: board setup constraints hole; error
    @(102.6000 mm, 46.5000 mm): Via [SPISI] on F.Cu - B.Cu
    @(65.5000 mm, 40.5000 mm): Zone [GND] on B.Cu, priority 0
[clearance]: Clearance violation (zone clearance 0.5000 mm; actual 0.0000 mm)
    Local override; error
    @(96.0000 mm, 57.5000 mm): Track [RTL_1V1] on B.Cu, length 0.2000 mm
    @(65.5000 mm, 40.5000 mm): Zone [GND] on B.Cu, priority 0
[clearance]: Clearance violation (zone clearance 0.5000 mm; actual 0.0000 mm)
    Local override; error
    @(94.0500 mm, 59.2000 mm): Track [RTL_1V1] on F.Cu, length 2.0500 mm
    @(65.5000 mm, 40.5000 mm): Zone [GND] on F.Cu, priority 0
[clearance]: Clearance violation (zone clearance 0.5000 mm; actual 0.0000 mm)
    Local override; error
    @(104.0000 mm, 55.0000 mm): Track [RTL_1V1] on F.Cu, length 0.5000 mm
    @(65.5000 mm, 40.5000 mm): Zone [GND] on F.Cu, priority 0
[clearance]: Clearance violation (zone clearance 0.5000 mm; actual 0.0000 mm)
    Local override; error
    @(103.5000 mm, 55.0000 mm): Track [RTL_1V1] on F.Cu, length 2.5000 mm
    @(65.5000 mm, 40.5000 mm): Zone [GND] on F.Cu, priority 0
[clearance]: Clearance violation (zone clearance 0.5000 mm; actual 0.0000 mm)
    Local override; error
    @(113.4000 mm, 57.5000 mm): Track [RTL_1V1] on F.Cu, length 3.5000 mm
    @(65.5000 mm, 40.5000 mm): Zone [GND] on F.Cu, priority 0
[clearance]: Clearance violation (zone clearance 0.5000 mm; actual 0.0000 mm)
    Local override; error
    @(104.5000 mm, 63.0000 mm): Track [PERST_N] on B.Cu, length 9.0000 mm
    @(65.5000 mm, 40.5000 mm): Zone [GND] on B.Cu, priority 0
[clearance]: Clearance violation (zone clearance 0.5000 mm; actual 0.0000 mm)
    Local override; error
    @(104.5000 mm, 72.0000 mm): Track [PERST_N] on B.Cu, length 30.0000 mm
    @(65.5000 mm, 40.5000 mm): Zone [GND] on B.Cu, priority 0
[clearance]: Clearance violation (zone clearance 0.5000 mm; actual 0.0000 mm)
    Local override; error
    @(134.5000 mm, 72.0000 mm): Via [PERST_N] on F.Cu - B.Cu
    @(65.5000 mm, 40.5000 mm): Zone [GND] on F.Cu, priority 0
[clearance]: Clearance violation (zone clearance 0.5000 mm; actual 0.0000 mm)
    Local override; error
    @(101.9500 mm, 59.2000 mm): Track [RTL_1V1] on F.Cu, length 1.5500 mm
    @(65.5000 mm, 40.5000 mm): Zone [GND] on F.Cu, priority 0
[clearance]: Clearance violation (zone clearance 0.5000 mm; actual 0.0000 mm)
    Local override; error
    @(103.5000 mm, 59.2000 mm): Track [RTL_1V1] on F.Cu, length 1.7000 mm
    @(65.5000 mm, 40.5000 mm): Zone [GND] on F.Cu, priority 0
[clearance]: Clearance violation (zone clearance 0.5000 mm; actual 0.0000 mm)
    Local override; error
    @(104.5000 mm, 63.0000 mm): Via [PERST_N] on F.Cu - B.Cu
    @(65.5000 mm, 40.5000 mm): Zone [GND] on F.Cu, priority 0
[hole_clearance]: Hole clearance violation (board setup constraints hole clearance 0.2500 mm; actual 0.0000 mm)
    Rule: board setup constraints hole; error
    @(103.5000 mm, 57.5000 mm): Via [RTL_1V1] on F.Cu - B.Cu
    @(65.5000 mm, 40.5000 mm): Zone [GND] on B.Cu, priority 0
[clearance]: Clearance violation (zone clearance 0.5000 mm; actual 0.0000 mm)
    Local override; error
    @(134.5000 mm, 72.0000 mm): Track [PERST_N] on F.Cu, length 2.2822 mm
    @(65.5000 mm, 40.5000 mm): Zone [GND] on F.Cu, priority 0
[hole_clearance]: Hole clearance violation (board setup constraints hole clearance 0.2500 mm; actual 0.0000 mm)
    Rule: board setup constraints hole; error
    @(104.5000 mm, 63.0000 mm): Via [PERST_N] on F.Cu - B.Cu
    @(65.5000 mm, 40.5000 mm): Zone [GND] on F.Cu, priority 0
[clearance]: Clearance violation (zone clearance 0.5000 mm; actual 0.0000 mm)
    Local override; error
    @(102.4000 mm, 69.5000 mm): Track [CLKREQ_N] on B.Cu, length 1.1000 mm
    @(65.5000 mm, 40.5000 mm): Zone [GND] on B.Cu, priority 0
[clearance]: Clearance violation ( clearance 0.1500 mm; actual 0.0340 mm)
    Local override; error
    @(99.0000 mm, 60.8000 mm): Track [REFCLK_N] on B.Cu, length 37.7500 mm
    @(102.4000 mm, 61.0000 mm): Track [CLKREQ_N] on B.Cu, length 8.5000 mm
[clearance]: Clearance violation (zone clearance 0.5000 mm; actual 0.0000 mm)
    Local override; error
    @(104.5000 mm, 63.0000 mm): Via [PERST_N] on F.Cu - B.Cu
    @(65.5000 mm, 40.5000 mm): Zone [GND] on B.Cu, priority 0
[clearance]: Clearance violation (zone clearance 0.5000 mm; actual 0.0000 mm)
    Local override; error
    @(102.4000 mm, 61.0000 mm): Track [CLKREQ_N] on B.Cu, length 8.5000 mm
    @(65.5000 mm, 40.5000 mm): Zone [GND] on B.Cu, priority 0
[clearance]: Clearance violation (zone clearance 0.5000 mm; actual 0.0000 mm)
    Local override; error
    @(75.0000 mm, 42.0000 mm): Track [CLKREQ_N] on B.Cu, length 27.5000 mm
    @(65.5000 mm, 40.5000 mm): Zone [GND] on B.Cu, priority 0
[hole_clearance]: Hole clearance violation (board setup constraints hole clearance 0.2500 mm; actual 0.0000 mm)
    Rule: board setup constraints hole; error
    @(104.5000 mm, 63.0000 mm): Via [PERST_N] on F.Cu - B.Cu
    @(65.5000 mm, 40.5000 mm): Zone [GND] on B.Cu, priority 0
[clearance]: Clearance violation (zone clearance 0.5000 mm; actual 0.0000 mm)
    Local override; error
    @(104.5000 mm, 60.0000 mm): Track [PERST_N] on F.Cu, length 3.0000 mm
    @(65.5000 mm, 40.5000 mm): Zone [GND] on F.Cu, priority 0
[clearance]: Clearance violation (zone clearance 0.5000 mm; actual 0.0000 mm)
    Local override; error
    @(105.5000 mm, 69.5000 mm): Track [CLKREQ_N] on B.Cu, length 32.0000 mm
    @(65.5000 mm, 40.5000 mm): Zone [GND] on B.Cu, priority 0
[clearance]: Clearance violation (zone clearance 0.5000 mm; actual 0.0000 mm)
    Local override; error
    @(75.0000 mm, 69.5000 mm): Track [CLKREQ_N] on B.Cu, length 27.4000 mm
    @(65.5000 mm, 40.5000 mm): Zone [GND] on B.Cu, priority 0
[clearance]: Clearance violation (zone clearance 0.5000 mm; actual 0.0000 mm)
    Local override; error
    @(92.0000 mm, 42.0000 mm): Track [CLKREQ_N] on B.Cu, length 17.0000 mm
    @(65.5000 mm, 40.5000 mm): Zone [GND] on B.Cu, priority 0
[clearance]: Clearance violation (zone clearance 0.5000 mm; actual 0.0000 mm)
    Local override; error
    @(105.5000 mm, 69.5000 mm): Via [CLKREQ_N] on F.Cu - B.Cu
    @(65.5000 mm, 40.5000 mm): Zone [GND] on F.Cu, priority 0
[clearance]: Clearance violation ( clearance 0.1500 mm; actual 0.1236 mm)
    Local override; error
    @(102.4000 mm, 61.0000 mm): Via [CLKREQ_N] on F.Cu - B.Cu
    @(101.9500 mm, 60.8000 mm): Pad 12 [ISOLATEB] of U1 on F.Cu
[clearance]: Clearance violation (zone clearance 0.5000 mm; actual 0.0000 mm)
    Local override; error
    @(103.5000 mm, 69.5000 mm): Via [CLKREQ_N] on F.Cu - B.Cu
    @(65.5000 mm, 40.5000 mm): Zone [GND] on F.Cu, priority 0
[shorting_items]: Items shorting two nets (nets ISOLATEB and CLKREQ_N)
    Local override; error
    @(101.9500 mm, 60.8000 mm): Pad 12 [ISOLATEB] of U1 on F.Cu
    @(101.9500 mm, 60.4000 mm): Track [CLKREQ_N] on F.Cu, length 0.7500 mm
[hole_clearance]: Hole clearance violation (board setup constraints hole clearance 0.2500 mm; actual 0.0000 mm)
    Rule: board setup constraints hole; error
    @(103.5000 mm, 69.5000 mm): Via [CLKREQ_N] on F.Cu - B.Cu
    @(65.5000 mm, 40.5000 mm): Zone [GND] on F.Cu, priority 0
[hole_clearance]: Hole clearance violation (board setup constraints hole clearance 0.2500 mm; actual 0.0000 mm)
    Rule: board setup constraints hole; error
    @(105.5000 mm, 69.5000 mm): Via [CLKREQ_N] on F.Cu - B.Cu
    @(65.5000 mm, 40.5000 mm): Zone [GND] on F.Cu, priority 0
[clearance]: Clearance violation (zone clearance 0.5000 mm; actual 0.0000 mm)
    Local override; error
    @(101.9500 mm, 60.4000 mm): Track [CLKREQ_N] on F.Cu, length 0.7500 mm
    @(65.5000 mm, 40.5000 mm): Zone [GND] on F.Cu, priority 0
[clearance]: Clearance violation (zone clearance 0.5000 mm; actual 0.0000 mm)
    Local override; error
    @(103.5000 mm, 69.5000 mm): Via [CLKREQ_N] on F.Cu - B.Cu
    @(65.5000 mm, 40.5000 mm): Zone [GND] on B.Cu, priority 0
[hole_clearance]: Hole clearance violation (board setup constraints hole clearance 0.2500 mm; actual 0.0000 mm)
    Rule: board setup constraints hole; error
    @(103.5000 mm, 69.5000 mm): Via [CLKREQ_N] on F.Cu - B.Cu
    @(65.5000 mm, 40.5000 mm): Zone [GND] on B.Cu, priority 0
[clearance]: Clearance violation (zone clearance 0.5000 mm; actual 0.0000 mm)
    Local override; error
    @(105.5000 mm, 69.5000 mm): Via [CLKREQ_N] on F.Cu - B.Cu
    @(65.5000 mm, 40.5000 mm): Zone [GND] on B.Cu, priority 0
[hole_clearance]: Hole clearance violation (board setup constraints hole clearance 0.2500 mm; actual 0.0000 mm)
    Rule: board setup constraints hole; error
    @(104.0000 mm, 55.0000 mm): Via [RTL_1V1] on F.Cu - B.Cu
    @(65.5000 mm, 40.5000 mm): Zone [GND] on F.Cu, priority 0
[hole_clearance]: Hole clearance violation (board setup constraints hole clearance 0.2500 mm; actual 0.0000 mm)
    Rule: board setup constraints hole; error
    @(105.5000 mm, 69.5000 mm): Via [CLKREQ_N] on F.Cu - B.Cu
    @(65.5000 mm, 40.5000 mm): Zone [GND] on B.Cu, priority 0
[clearance]: Clearance violation (zone clearance 0.5000 mm; actual 0.0000 mm)
    Local override; error
    @(104.0000 mm, 55.0000 mm): Via [RTL_1V1] on F.Cu - B.Cu
    @(65.5000 mm, 40.5000 mm): Zone [GND] on B.Cu, priority 0
[hole_clearance]: Hole clearance violation (board setup constraints hole clearance 0.2500 mm; actual 0.0000 mm)
    Rule: board setup constraints hole; error
    @(104.0000 mm, 55.0000 mm): Via [RTL_1V1] on F.Cu - B.Cu
    @(65.5000 mm, 40.5000 mm): Zone [GND] on B.Cu, priority 0
[clearance]: Clearance violation (zone clearance 0.5000 mm; actual 0.0000 mm)
    Local override; error
    @(94.0500 mm, 60.8000 mm): Via [RTL_1V1] on F.Cu - B.Cu
    @(65.5000 mm, 40.5000 mm): Zone [GND] on F.Cu, priority 0
[clearance]: Clearance violation (zone clearance 0.5000 mm; actual 0.0000 mm)
    Local override; error
    @(101.0000 mm, 57.5000 mm): Track [RTL_1V1] on B.Cu, length 0.2000 mm
    @(65.5000 mm, 40.5000 mm): Zone [GND] on B.Cu, priority 0
[hole_clearance]: Hole clearance violation (board setup constraints hole clearance 0.2500 mm; actual 0.0000 mm)
    Rule: board setup constraints hole; error
    @(94.0500 mm, 60.8000 mm): Via [RTL_1V1] on F.Cu - B.Cu
    @(65.5000 mm, 40.5000 mm): Zone [GND] on F.Cu, priority 0
[clearance]: Clearance violation (zone clearance 0.5000 mm; actual 0.0000 mm)
    Local override; error
    @(94.0500 mm, 60.8000 mm): Via [RTL_1V1] on F.Cu - B.Cu
    @(65.5000 mm, 40.5000 mm): Zone [GND] on B.Cu, priority 0
[hole_clearance]: Hole clearance violation (board setup constraints hole clearance 0.2500 mm; actual 0.0000 mm)
    Rule: board setup constraints hole; error
    @(134.5000 mm, 72.0000 mm): Via [PERST_N] on F.Cu - B.Cu
    @(65.5000 mm, 40.5000 mm): Zone [GND] on F.Cu, priority 0
[hole_clearance]: Hole clearance violation (board setup constraints hole clearance 0.2500 mm; actual 0.0000 mm)
    Rule: board setup constraints hole; error
    @(94.0500 mm, 60.8000 mm): Via [RTL_1V1] on F.Cu - B.Cu
    @(65.5000 mm, 40.5000 mm): Zone [GND] on B.Cu, priority 0
[clearance]: Clearance violation ( clearance 0.1500 mm; actual 0.1000 mm)
    Local override; error
    @(87.8000 mm, 50.0000 mm): Via [SPICLK] on F.Cu - B.Cu
    @(99.4000 mm, 50.5000 mm): Track [SPISO] on B.Cu, length 16.4000 mm
[clearance]: Clearance violation (zone clearance 0.5000 mm; actual 0.0000 mm)
    Local override; error
    @(134.5000 mm, 72.0000 mm): Via [PERST_N] on F.Cu - B.Cu
    @(65.5000 mm, 40.5000 mm): Zone [GND] on B.Cu, priority 0
[hole_clearance]: Hole clearance violation (board setup constraints hole clearance 0.2500 mm; actual 0.0000 mm)
    Rule: board setup constraints hole; error
    @(134.5000 mm, 72.0000 mm): Via [PERST_N] on F.Cu - B.Cu
    @(65.5000 mm, 40.5000 mm): Zone [GND] on B.Cu, priority 0
[clearance]: Clearance violation (zone clearance 0.5000 mm; actual 0.0000 mm)
    Local override; error
    @(87.8000 mm, 50.0000 mm): Via [SPICLK] on F.Cu - B.Cu
    @(65.5000 mm, 40.5000 mm): Zone [GND] on B.Cu, priority 0
[hole_clearance]: Hole clearance violation (board setup constraints hole clearance 0.2500 mm; actual 0.0000 mm)
    Rule: board setup constraints hole; error
    @(87.8000 mm, 50.0000 mm): Via [SPICLK] on F.Cu - B.Cu
    @(65.5000 mm, 40.5000 mm): Zone [GND] on B.Cu, priority 0
[clearance]: Clearance violation (zone clearance 0.5000 mm; actual 0.0000 mm)
    Local override; error
    @(94.0000 mm, 58.0000 mm): Track [RTL_1V1] on B.Cu, length 0.2000 mm
    @(65.5000 mm, 40.5000 mm): Zone [GND] on B.Cu, priority 0
[hole_clearance]: Hole clearance violation (board setup constraints hole clearance 0.2500 mm; actual 0.0000 mm)
    Rule: board setup constraints hole; error
    @(93.8000 mm, 56.5000 mm): Via [RTL_3V3] on F.Cu - B.Cu
    @(65.5000 mm, 40.5000 mm): Zone [GND] on B.Cu, priority 0
[clearance]: Clearance violation (zone clearance 0.5000 mm; actual 0.0000 mm)
    Local override; error
    @(92.0000 mm, 59.2000 mm): Via [RTL_1V1] on F.Cu - B.Cu
    @(65.5000 mm, 40.5000 mm): Zone [GND] on F.Cu, priority 0
[hole_clearance]: Hole clearance violation (board setup constraints hole clearance 0.2500 mm; actual 0.0000 mm)
    Rule: board setup constraints hole; error
    @(92.0000 mm, 59.2000 mm): Via [RTL_1V1] on F.Cu - B.Cu
    @(65.5000 mm, 40.5000 mm): Zone [GND] on F.Cu, priority 0
[clearance]: Clearance violation (zone clearance 0.5000 mm; actual 0.0000 mm)
    Local override; error
    @(92.0000 mm, 59.2000 mm): Via [RTL_1V1] on F.Cu - B.Cu
    @(65.5000 mm, 40.5000 mm): Zone [GND] on B.Cu, priority 0
[hole_clearance]: Hole clearance violation (board setup constraints hole clearance 0.2500 mm; actual 0.0000 mm)
    Rule: board setup constraints hole; error
    @(92.0000 mm, 59.2000 mm): Via [RTL_1V1] on F.Cu - B.Cu
    @(65.5000 mm, 40.5000 mm): Zone [GND] on B.Cu, priority 0
[clearance]: Clearance violation (zone clearance 0.5000 mm; actual 0.0000 mm)
    Local override; error
    @(102.4000 mm, 61.0000 mm): Via [CLKREQ_N] on F.Cu - B.Cu
    @(65.5000 mm, 40.5000 mm): Zone [GND] on F.Cu, priority 0
[hole_clearance]: Hole clearance violation (board setup constraints hole clearance 0.2500 mm; actual 0.0000 mm)
    Rule: board setup constraints hole; error
    @(102.4000 mm, 61.0000 mm): Via [CLKREQ_N] on F.Cu - B.Cu
    @(65.5000 mm, 40.5000 mm): Zone [GND] on F.Cu, priority 0
[clearance]: Clearance violation ( clearance 0.1500 mm; actual 0.1340 mm)
    Local override; error
    @(102.4000 mm, 61.0000 mm): Via [CLKREQ_N] on F.Cu - B.Cu
    @(99.0000 mm, 60.8000 mm): Track [REFCLK_N] on B.Cu, length 37.7500 mm
[clearance]: Clearance violation (zone clearance 0.5000 mm; actual 0.0000 mm)
    Local override; error
    @(102.4000 mm, 61.0000 mm): Via [CLKREQ_N] on F.Cu - B.Cu
    @(65.5000 mm, 40.5000 mm): Zone [GND] on B.Cu, priority 0
[hole_clearance]: Hole clearance violation (board setup constraints hole clearance 0.2500 mm; actual 0.0000 mm)
    Rule: board setup constraints hole; error
    @(102.4000 mm, 61.0000 mm): Via [CLKREQ_N] on F.Cu - B.Cu
    @(65.5000 mm, 40.5000 mm): Zone [GND] on B.Cu, priority 0
[clearance]: Clearance violation (zone clearance 0.5000 mm; actual 0.0000 mm)
    Local override; error
    @(89.6000 mm, 61.5000 mm): Pad 1 [XTAL_IN] of C1 on F.Cu
    @(65.5000 mm, 40.5000 mm): Zone [GND] on F.Cu, priority 0
[clearance]: Clearance violation (zone clearance 0.5000 mm; actual 0.0000 mm)
    Local override; error
    @(110.4000 mm, 61.0000 mm): Pad 1 [RTL_3V3] of C3 on F.Cu
    @(65.5000 mm, 40.5000 mm): Zone [GND] on F.Cu, priority 0
[clearance]: Clearance violation (zone clearance 0.5000 mm; actual 0.0000 mm)
    Local override; error
    @(113.4000 mm, 61.0000 mm): Pad 1 [RTL_1V1] of C4 on F.Cu
    @(65.5000 mm, 40.5000 mm): Zone [GND] on F.Cu, priority 0
[hole_clearance]: Hole clearance violation (board setup constraints hole clearance 0.2500 mm; actual 0.0500 mm)
    Rule: board setup constraints hole; error
    @(91.9000 mm, 60.0000 mm): Pad 1 [XTAL_OUT] of C2 on F.Cu
    @(92.5000 mm, 60.4000 mm): Via [RTL_3V3] on F.Cu - B.Cu
[clearance]: Clearance violation (zone clearance 0.5000 mm; actual 0.0000 mm)
    Local override; error
    @(81.8000 mm, 72.0000 mm): Pad 1 [SPICS] of U2 on F.Cu
    @(65.5000 mm, 40.5000 mm): Zone [GND] on F.Cu, priority 0
[clearance]: Clearance violation (zone clearance 0.5000 mm; actual 0.0000 mm)
    Local override; error
    @(89.0000 mm, 48.0000 mm): Pad 1 [PEDET] of R2 on F.Cu
    @(65.5000 mm, 40.5000 mm): Zone [GND] on F.Cu, priority 0
[clearance]: Clearance violation (zone clearance 0.5000 mm; actual 0.0000 mm)
    Local override; error
    @(83.0000 mm, 72.0000 mm): Pad 2 [SPISO] of U2 on F.Cu
    @(65.5000 mm, 40.5000 mm): Zone [GND] on F.Cu, priority 0
[clearance]: Clearance violation (zone clearance 0.5000 mm; actual 0.0000 mm)
    Local override; error
    @(90.2000 mm, 48.0000 mm): Pad 2 [RTL_3V3] of R2 on F.Cu
    @(65.5000 mm, 40.5000 mm): Zone [GND] on F.Cu, priority 0
[clearance]: Clearance violation (zone clearance 0.5000 mm; actual 0.0000 mm)
    Local override; error
    @(84.2000 mm, 72.0000 mm): Pad 3 [RTL_3V3] of U2 on F.Cu
    @(65.5000 mm, 40.5000 mm): Zone [GND] on F.Cu, priority 0
[clearance]: Clearance violation (zone clearance 0.5000 mm; actual 0.0000 mm)
    Local override; error
    @(89.3000 mm, 60.0000 mm): Pad 1 [XTAL_IN] of Y1 on F.Cu
    @(65.5000 mm, 40.5000 mm): Zone [GND] on F.Cu, priority 0
[clearance]: Clearance violation (zone clearance 0.5000 mm; actual 0.0000 mm)
    Local override; error
    @(91.9000 mm, 60.0000 mm): Pad 1 [XTAL_OUT] of C2 on F.Cu
    @(65.5000 mm, 40.5000 mm): Zone [GND] on F.Cu, priority 0
[clearance]: Clearance violation (zone clearance 0.5000 mm; actual 0.0000 mm)
    Local override; error
    @(86.6000 mm, 72.0000 mm): Pad 5 [SPISI] of U2 on F.Cu
    @(65.5000 mm, 40.5000 mm): Zone [GND] on F.Cu, priority 0
[clearance]: Clearance violation (zone clearance 0.5000 mm; actual 0.0000 mm)
    Local override; error
    @(90.7000 mm, 60.0000 mm): Pad 2 [XTAL_OUT] of Y1 on F.Cu
    @(65.5000 mm, 40.5000 mm): Zone [GND] on F.Cu, priority 0
[hole_clearance]: Hole clearance violation (board setup constraints hole clearance 0.2500 mm; actual 0.0500 mm)
    Rule: board setup constraints hole; error
    @(93.1000 mm, 60.0000 mm): Pad 2 [GND] of C2 on F.Cu
    @(92.5000 mm, 60.4000 mm): Via [RTL_3V3] on F.Cu - B.Cu
[clearance]: Clearance violation (zone clearance 0.5000 mm; actual 0.0000 mm)
    Local override; error
    @(87.8000 mm, 72.0000 mm): Pad 6 [SPICLK] of U2 on F.Cu
    @(65.5000 mm, 40.5000 mm): Zone [GND] on F.Cu, priority 0
[clearance]: Clearance violation (zone clearance 0.5000 mm; actual 0.0000 mm)
    Local override; error
    @(101.9500 mm, 65.2000 mm): Pad 1 [<no net>] of U1 on F.Cu
    @(65.5000 mm, 40.5000 mm): Zone [GND] on F.Cu, priority 0
[clearance]: Clearance violation (zone clearance 0.5000 mm; actual 0.0000 mm)
    Local override; error
    @(89.0000 mm, 72.0000 mm): Pad 7 [SPISO3] of U2 on F.Cu
    @(65.5000 mm, 40.5000 mm): Zone [GND] on F.Cu, priority 0
[clearance]: Clearance violation (zone clearance 0.5000 mm; actual 0.0000 mm)
    Local override; error
    @(90.2000 mm, 72.0000 mm): Pad 8 [RTL_3V3] of U2 on F.Cu
    @(65.5000 mm, 40.5000 mm): Zone [GND] on F.Cu, priority 0
[clearance]: Clearance violation (zone clearance 0.5000 mm; actual 0.0000 mm)
    Local override; error
    @(101.9500 mm, 64.8000 mm): Pad 2 [<no net>] of U1 on F.Cu
    @(65.5000 mm, 40.5000 mm): Zone [GND] on F.Cu, priority 0
[clearance]: Clearance violation (zone clearance 0.5000 mm; actual 0.0000 mm)
    Local override; error
    @(101.9500 mm, 64.4000 mm): Pad 3 [RESET_N] of U1 on F.Cu
    @(65.5000 mm, 40.5000 mm): Zone [GND] on F.Cu, priority 0
[clearance]: Clearance violation (zone clearance 0.5000 mm; actual 0.0000 mm)
    Local override; error
    @(101.9500 mm, 64.0000 mm): Pad 4 [<no net>] of U1 on F.Cu
    @(65.5000 mm, 40.5000 mm): Zone [GND] on F.Cu, priority 0
[clearance]: Clearance violation (zone clearance 0.5000 mm; actual 0.0000 mm)
    Local override; error
    @(101.9500 mm, 63.6000 mm): Pad 5 [JTAG_TCK] of U1 on F.Cu
    @(65.5000 mm, 40.5000 mm): Zone [GND] on F.Cu, priority 0
[clearance]: Clearance violation (zone clearance 0.5000 mm; actual 0.0000 mm)
    Local override; error
    @(101.9500 mm, 63.2000 mm): Pad 6 [JTAG_TDI] of U1 on F.Cu
    @(65.5000 mm, 40.5000 mm): Zone [GND] on F.Cu, priority 0
[clearance]: Clearance violation (zone clearance 0.5000 mm; actual 0.0000 mm)
    Local override; error
    @(101.9500 mm, 62.8000 mm): Pad 7 [<no net>] of U1 on F.Cu
    @(65.5000 mm, 40.5000 mm): Zone [GND] on F.Cu, priority 0
[clearance]: Clearance violation (zone clearance 0.5000 mm; actual 0.0000 mm)
    Local override; error
    @(101.9500 mm, 62.4000 mm): Pad 8 [PEDET] of U1 on F.Cu
    @(65.5000 mm, 40.5000 mm): Zone [GND] on F.Cu, priority 0
[clearance]: Clearance violation (zone clearance 0.5000 mm; actual 0.0000 mm)
    Local override; error
    @(116.4000 mm, 61.0000 mm): Pad 1 [RTL_5V] of C5 on F.Cu
    @(65.5000 mm, 40.5000 mm): Zone [GND] on F.Cu, priority 0
[clearance]: Clearance violation (zone clearance 0.5000 mm; actual 0.0000 mm)
    Local override; error
    @(92.0000 mm, 48.0000 mm): Pad 1 [CLKREQ_N] of R3 on F.Cu
    @(65.5000 mm, 40.5000 mm): Zone [GND] on F.Cu, priority 0
[clearance]: Clearance violation (zone clearance 0.5000 mm; actual 0.0000 mm)
    Local override; error
    @(93.2000 mm, 48.0000 mm): Pad 2 [RTL_3V3] of R3 on F.Cu
    @(65.5000 mm, 40.5000 mm): Zone [GND] on F.Cu, priority 0
[clearance]: Clearance violation (zone clearance 0.5000 mm; actual 0.0000 mm)
    Local override; error
    @(101.9500 mm, 62.0000 mm): Pad 9 [JTAG_TDO] of U1 on F.Cu
    @(65.5000 mm, 40.5000 mm): Zone [GND] on F.Cu, priority 0
[clearance]: Clearance violation (zone clearance 0.5000 mm; actual 0.4767 mm)
    Local override; error
    @(77.4000 mm, 66.0000 mm): Pad 1 [RSET] of R1 on F.Cu
    @(65.5000 mm, 40.5000 mm): Zone [GND] on F.Cu, priority 0
[clearance]: Clearance violation (zone clearance 0.5000 mm; actual 0.0000 mm)
    Local override; error
    @(101.9500 mm, 61.6000 mm): Pad 10 [<no net>] of U1 on F.Cu
    @(65.5000 mm, 40.5000 mm): Zone [GND] on F.Cu, priority 0
[hole_clearance]: Hole clearance violation (board setup constraints hole clearance 0.2500 mm; actual 0.0000 mm)
    Rule: board setup constraints hole; error
    @(101.9500 mm, 61.2000 mm): Pad 11 [<no net>] of U1 on F.Cu
    @(102.4000 mm, 61.0000 mm): Via [CLKREQ_N] on F.Cu - B.Cu
[clearance]: Clearance violation (zone clearance 0.5000 mm; actual 0.0000 mm)
    Local override; error
    @(101.9500 mm, 61.2000 mm): Pad 11 [<no net>] of U1 on F.Cu
    @(65.5000 mm, 40.5000 mm): Zone [GND] on F.Cu, priority 0
[hole_clearance]: Hole clearance violation (board setup constraints hole clearance 0.2500 mm; actual 0.0000 mm)
    Rule: board setup constraints hole; error
    @(101.9500 mm, 60.8000 mm): Pad 12 [ISOLATEB] of U1 on F.Cu
    @(102.4000 mm, 61.0000 mm): Via [CLKREQ_N] on F.Cu - B.Cu
[clearance]: Clearance violation (zone clearance 0.5000 mm; actual 0.0000 mm)
    Local override; error
    @(101.9500 mm, 60.8000 mm): Pad 12 [ISOLATEB] of U1 on F.Cu
    @(65.5000 mm, 40.5000 mm): Zone [GND] on F.Cu, priority 0
[clearance]: Clearance violation (zone clearance 0.5000 mm; actual 0.0000 mm)
    Local override; error
    @(101.9500 mm, 60.4000 mm): Pad 13 [CLKREQ_N] of U1 on F.Cu
    @(65.5000 mm, 40.5000 mm): Zone [GND] on F.Cu, priority 0
[clearance]: Clearance violation (zone clearance 0.5000 mm; actual 0.0000 mm)
    Local override; error
    @(101.9500 mm, 60.0000 mm): Pad 14 [PERST_N] of U1 on F.Cu
    @(65.5000 mm, 40.5000 mm): Zone [GND] on F.Cu, priority 0
[clearance]: Clearance violation (zone clearance 0.5000 mm; actual 0.0000 mm)
    Local override; error
    @(101.9500 mm, 59.6000 mm): Pad 15 [<no net>] of U1 on F.Cu
    @(65.5000 mm, 40.5000 mm): Zone [GND] on F.Cu, priority 0
[clearance]: Clearance violation (zone clearance 0.5000 mm; actual 0.0000 mm)
    Local override; error
    @(101.9500 mm, 59.2000 mm): Pad 16 [RTL_1V1] of U1 on F.Cu
    @(65.5000 mm, 40.5000 mm): Zone [GND] on F.Cu, priority 0
[clearance]: Clearance violation (zone clearance 0.5000 mm; actual 0.0000 mm)
    Local override; error
    @(101.9500 mm, 58.8000 mm): Pad 17 [RTL_5V] of U1 on F.Cu
    @(65.5000 mm, 40.5000 mm): Zone [GND] on F.Cu, priority 0
[clearance]: Clearance violation (zone clearance 0.5000 mm; actual 0.0000 mm)
    Local override; error
    @(101.2000 mm, 58.0500 mm): Pad 18 [SPISI] of U1 on F.Cu
    @(65.5000 mm, 40.5000 mm): Zone [GND] on F.Cu, priority 0
[clearance]: Clearance violation (zone clearance 0.5000 mm; actual 0.0000 mm)
    Local override; error
    @(100.8000 mm, 58.0500 mm): Pad 19 [SPICLK] of U1 on F.Cu
    @(65.5000 mm, 40.5000 mm): Zone [GND] on F.Cu, priority 0
[clearance]: Clearance violation (zone clearance 0.5000 mm; actual 0.0000 mm)
    Local override; error
    @(100.4000 mm, 58.0500 mm): Pad 20 [RTL_3V3] of U1 on F.Cu
    @(65.5000 mm, 40.5000 mm): Zone [GND] on F.Cu, priority 0
[clearance]: Clearance violation (zone clearance 0.5000 mm; actual 0.0000 mm)
    Local override; error
    @(100.0000 mm, 58.0500 mm): Pad 21 [SPISO2] of U1 on F.Cu
    @(65.5000 mm, 40.5000 mm): Zone [GND] on F.Cu, priority 0
[clearance]: Clearance violation (zone clearance 0.5000 mm; actual 0.0000 mm)
    Local override; error
    @(99.6000 mm, 58.0500 mm): Pad 22 [SPISO3] of U1 on F.Cu
    @(65.5000 mm, 40.5000 mm): Zone [GND] on F.Cu, priority 0
[clearance]: Clearance violation (zone clearance 0.5000 mm; actual 0.0000 mm)
    Local override; error
    @(99.2000 mm, 58.0500 mm): Pad 23 [SPISO] of U1 on F.Cu
    @(65.5000 mm, 40.5000 mm): Zone [GND] on F.Cu, priority 0
[clearance]: Clearance violation (zone clearance 0.5000 mm; actual 0.0000 mm)
    Local override; error
    @(98.8000 mm, 58.0500 mm): Pad 24 [SPICS] of U1 on F.Cu
    @(65.5000 mm, 40.5000 mm): Zone [GND] on F.Cu, priority 0
[clearance]: Clearance violation (zone clearance 0.5000 mm; actual 0.0000 mm)
    Local override; error
    @(98.4000 mm, 58.0500 mm): Pad 25 [RTL_1V1] of U1 on F.Cu
    @(65.5000 mm, 40.5000 mm): Zone [GND] on F.Cu, priority 0
[clearance]: Clearance violation (zone clearance 0.5000 mm; actual 0.0000 mm)
    Local override; error
    @(98.0000 mm, 58.0500 mm): Pad 26 [DEVSLP] of U1 on F.Cu
    @(65.5000 mm, 40.5000 mm): Zone [GND] on F.Cu, priority 0
[clearance]: Clearance violation (zone clearance 0.5000 mm; actual 0.0000 mm)
    Local override; error
    @(97.6000 mm, 58.0500 mm): Pad 27 [<no net>] of U1 on F.Cu
    @(65.5000 mm, 40.5000 mm): Zone [GND] on F.Cu, priority 0
[clearance]: Clearance violation (zone clearance 0.5000 mm; actual 0.0000 mm)
    Local override; error
    @(97.2000 mm, 58.0500 mm): Pad 28 [<no net>] of U1 on F.Cu
    @(65.5000 mm, 40.5000 mm): Zone [GND] on F.Cu, priority 0
[clearance]: Clearance violation (zone clearance 0.5000 mm; actual 0.0000 mm)
    Local override; error
    @(96.8000 mm, 58.0500 mm): Pad 29 [<no net>] of U1 on F.Cu
    @(65.5000 mm, 40.5000 mm): Zone [GND] on F.Cu, priority 0
[clearance]: Clearance violation (zone clearance 0.5000 mm; actual 0.0000 mm)
    Local override; error
    @(96.4000 mm, 58.0500 mm): Pad 30 [<no net>] of U1 on F.Cu
    @(65.5000 mm, 40.5000 mm): Zone [GND] on F.Cu, priority 0
[clearance]: Clearance violation (zone clearance 0.5000 mm; actual 0.0000 mm)
    Local override; error
    @(96.0000 mm, 58.0500 mm): Pad 31 [<no net>] of U1 on F.Cu
    @(65.5000 mm, 40.5000 mm): Zone [GND] on F.Cu, priority 0
[clearance]: Clearance violation (zone clearance 0.5000 mm; actual 0.0000 mm)
    Local override; error
    @(95.6000 mm, 58.0500 mm): Pad 32 [<no net>] of U1 on F.Cu
    @(65.5000 mm, 40.5000 mm): Zone [GND] on F.Cu, priority 0
[clearance]: Clearance violation (zone clearance 0.5000 mm; actual 0.0000 mm)
    Local override; error
    @(95.2000 mm, 58.0500 mm): Pad 33 [RTL_5V] of U1 on F.Cu
    @(65.5000 mm, 40.5000 mm): Zone [GND] on F.Cu, priority 0
[clearance]: Clearance violation (zone clearance 0.5000 mm; actual 0.0000 mm)
    Local override; error
    @(94.8000 mm, 58.0500 mm): Pad 34 [RTL_3V3] of U1 on F.Cu
    @(65.5000 mm, 40.5000 mm): Zone [GND] on F.Cu, priority 0
[clearance]: Clearance violation (zone clearance 0.5000 mm; actual 0.0000 mm)
    Local override; error
    @(94.0500 mm, 58.8000 mm): Pad 35 [<no net>] of U1 on F.Cu
    @(65.5000 mm, 40.5000 mm): Zone [GND] on F.Cu, priority 0
[clearance]: Clearance violation (zone clearance 0.5000 mm; actual 0.0000 mm)
    Local override; error
    @(94.0500 mm, 59.2000 mm): Pad 36 [RTL_1V1] of U1 on F.Cu
    @(65.5000 mm, 40.5000 mm): Zone [GND] on F.Cu, priority 0
[clearance]: Clearance violation ( clearance 0.1500 mm; actual 0.1000 mm)
    Local override; error
    @(94.0500 mm, 59.6000 mm): Pad 37 [USB_DP] of U1 on F.Cu
    @(93.1000 mm, 60.0000 mm): Pad 2 [GND] of C2 on F.Cu
[clearance]: Clearance violation (zone clearance 0.5000 mm; actual 0.0000 mm)
    Local override; error
    @(94.0500 mm, 59.6000 mm): Pad 37 [USB_DP] of U1 on F.Cu
    @(65.5000 mm, 40.5000 mm): Zone [GND] on F.Cu, priority 0
[clearance]: Clearance violation ( clearance 0.1500 mm; actual 0.1000 mm)
    Local override; error
    @(94.0500 mm, 60.0000 mm): Pad 38 [USB_DM] of U1 on F.Cu
    @(93.1000 mm, 60.0000 mm): Pad 2 [GND] of C2 on F.Cu
[clearance]: Clearance violation (zone clearance 0.5000 mm; actual 0.0000 mm)
    Local override; error
    @(94.0500 mm, 60.0000 mm): Pad 38 [USB_DM] of U1 on F.Cu
    @(65.5000 mm, 40.5000 mm): Zone [GND] on F.Cu, priority 0
[hole_clearance]: Hole clearance violation (board setup constraints hole clearance 0.2500 mm; actual 0.1750 mm)
    Rule: board setup constraints hole; error
    @(94.0500 mm, 60.4000 mm): Pad 39 [RTL_3V3] of U1 on F.Cu
    @(94.0500 mm, 60.8000 mm): Via [RTL_1V1] on F.Cu - B.Cu
[clearance]: Clearance violation ( clearance 0.1500 mm; actual 0.1000 mm)
    Local override; error
    @(94.0500 mm, 60.4000 mm): Pad 39 [RTL_3V3] of U1 on F.Cu
    @(93.1000 mm, 60.0000 mm): Pad 2 [GND] of C2 on F.Cu
[clearance]: Clearance violation (zone clearance 0.5000 mm; actual 0.0000 mm)
    Local override; error
    @(94.0500 mm, 60.4000 mm): Pad 39 [RTL_3V3] of U1 on F.Cu
    @(65.5000 mm, 40.5000 mm): Zone [GND] on F.Cu, priority 0
[clearance]: Clearance violation (zone clearance 0.5000 mm; actual 0.0000 mm)
    Local override; error
    @(94.0500 mm, 60.8000 mm): Pad 40 [RTL_1V1] of U1 on F.Cu
    @(65.5000 mm, 40.5000 mm): Zone [GND] on F.Cu, priority 0
[hole_clearance]: Hole clearance violation (board setup constraints hole clearance 0.2500 mm; actual 0.1750 mm)
    Rule: board setup constraints hole; error
    @(94.0500 mm, 61.2000 mm): Pad 41 [USB_TXP0] of U1 on F.Cu
    @(94.0500 mm, 60.8000 mm): Via [RTL_1V1] on F.Cu - B.Cu
[clearance]: Clearance violation (zone clearance 0.5000 mm; actual 0.0000 mm)
    Local override; error
    @(94.0500 mm, 61.2000 mm): Pad 41 [USB_TXP0] of U1 on F.Cu
    @(65.5000 mm, 40.5000 mm): Zone [GND] on F.Cu, priority 0
[clearance]: Clearance violation (zone clearance 0.5000 mm; actual 0.0000 mm)
    Local override; error
    @(94.0500 mm, 61.6000 mm): Pad 42 [USB_TXN0] of U1 on F.Cu
    @(65.5000 mm, 40.5000 mm): Zone [GND] on F.Cu, priority 0
[clearance]: Clearance violation (zone clearance 0.5000 mm; actual 0.0000 mm)
    Local override; error
    @(94.0500 mm, 62.0000 mm): Pad 43 [<no net>] of U1 on F.Cu
    @(65.5000 mm, 40.5000 mm): Zone [GND] on F.Cu, priority 0
[clearance]: Clearance violation (zone clearance 0.5000 mm; actual 0.0000 mm)
    Local override; error
    @(94.0500 mm, 62.4000 mm): Pad 44 [<no net>] of U1 on F.Cu
    @(65.5000 mm, 40.5000 mm): Zone [GND] on F.Cu, priority 0
[clearance]: Clearance violation (zone clearance 0.5000 mm; actual 0.0000 mm)
    Local override; error
    @(94.0500 mm, 63.2000 mm): Pad 46 [USB_RXP0] of U1 on F.Cu
    @(65.5000 mm, 40.5000 mm): Zone [GND] on F.Cu, priority 0
[clearance]: Clearance violation (zone clearance 0.5000 mm; actual 0.0000 mm)
    Local override; error
    @(94.0500 mm, 63.6000 mm): Pad 47 [USB_RXN0] of U1 on F.Cu
    @(65.5000 mm, 40.5000 mm): Zone [GND] on F.Cu, priority 0
[clearance]: Clearance violation (zone clearance 0.5000 mm; actual 0.0000 mm)
    Local override; error
    @(94.0500 mm, 64.0000 mm): Pad 48 [<no net>] of U1 on F.Cu
    @(65.5000 mm, 40.5000 mm): Zone [GND] on F.Cu, priority 0
[clearance]: Clearance violation (zone clearance 0.5000 mm; actual 0.0000 mm)
    Local override; error
    @(94.0500 mm, 64.4000 mm): Pad 49 [<no net>] of U1 on F.Cu
    @(65.5000 mm, 40.5000 mm): Zone [GND] on F.Cu, priority 0
[clearance]: Clearance violation (zone clearance 0.5000 mm; actual 0.0000 mm)
    Local override; error
    @(94.0500 mm, 64.8000 mm): Pad 50 [RTL_1V1] of U1 on F.Cu
    @(65.5000 mm, 40.5000 mm): Zone [GND] on F.Cu, priority 0
[clearance]: Clearance violation (zone clearance 0.5000 mm; actual 0.0000 mm)
    Local override; error
    @(94.0500 mm, 65.2000 mm): Pad 51 [RSET] of U1 on F.Cu
    @(65.5000 mm, 40.5000 mm): Zone [GND] on F.Cu, priority 0
[clearance]: Clearance violation (zone clearance 0.5000 mm; actual 0.0000 mm)
    Local override; error
    @(94.8000 mm, 65.9500 mm): Pad 52 [RTL_3V3] of U1 on F.Cu
    @(65.5000 mm, 40.5000 mm): Zone [GND] on F.Cu, priority 0
[clearance]: Clearance violation (zone clearance 0.5000 mm; actual 0.0000 mm)
    Local override; error
    @(95.2000 mm, 65.9500 mm): Pad 53 [XTAL_IN] of U1 on F.Cu
    @(65.5000 mm, 40.5000 mm): Zone [GND] on F.Cu, priority 0
[clearance]: Clearance violation (zone clearance 0.5000 mm; actual 0.0000 mm)
    Local override; error
    @(95.6000 mm, 65.9500 mm): Pad 54 [XTAL_OUT] of U1 on F.Cu
    @(65.5000 mm, 40.5000 mm): Zone [GND] on F.Cu, priority 0
[clearance]: Clearance violation (zone clearance 0.5000 mm; actual 0.0000 mm)
    Local override; error
    @(96.0000 mm, 65.9500 mm): Pad 55 [RTL_1V1] of U1 on F.Cu
    @(65.5000 mm, 40.5000 mm): Zone [GND] on F.Cu, priority 0
[clearance]: Clearance violation (zone clearance 0.5000 mm; actual 0.0000 mm)
    Local override; error
    @(96.4000 mm, 65.9500 mm): Pad 56 [<no net>] of U1 on F.Cu
    @(65.5000 mm, 40.5000 mm): Zone [GND] on F.Cu, priority 0
[clearance]: Clearance violation (zone clearance 0.5000 mm; actual 0.0000 mm)
    Local override; error
    @(96.8000 mm, 65.9500 mm): Pad 57 [<no net>] of U1 on F.Cu
    @(65.5000 mm, 40.5000 mm): Zone [GND] on F.Cu, priority 0
[clearance]: Clearance violation (zone clearance 0.5000 mm; actual 0.0000 mm)
    Local override; error
    @(97.2000 mm, 65.9500 mm): Pad 58 [<no net>] of U1 on F.Cu
    @(65.5000 mm, 40.5000 mm): Zone [GND] on F.Cu, priority 0
[clearance]: Clearance violation (zone clearance 0.5000 mm; actual 0.0000 mm)
    Local override; error
    @(97.6000 mm, 65.9500 mm): Pad 59 [<no net>] of U1 on F.Cu
    @(65.5000 mm, 40.5000 mm): Zone [GND] on F.Cu, priority 0
[clearance]: Clearance violation (zone clearance 0.5000 mm; actual 0.0000 mm)
    Local override; error
    @(98.0000 mm, 65.9500 mm): Pad 60 [RTL_1V1] of U1 on F.Cu
    @(65.5000 mm, 40.5000 mm): Zone [GND] on F.Cu, priority 0
[clearance]: Clearance violation (zone clearance 0.5000 mm; actual 0.0000 mm)
    Local override; error
    @(98.4000 mm, 65.9500 mm): Pad 61 [REFCLK_P] of U1 on F.Cu
    @(65.5000 mm, 40.5000 mm): Zone [GND] on F.Cu, priority 0
[clearance]: Clearance violation (zone clearance 0.5000 mm; actual 0.0000 mm)
    Local override; error
    @(98.8000 mm, 65.9500 mm): Pad 62 [REFCLK_N] of U1 on F.Cu
    @(65.5000 mm, 40.5000 mm): Zone [GND] on F.Cu, priority 0
[clearance]: Clearance violation (zone clearance 0.5000 mm; actual 0.0000 mm)
    Local override; error
    @(99.2000 mm, 65.9500 mm): Pad 63 [RTL_1V1] of U1 on F.Cu
    @(65.5000 mm, 40.5000 mm): Zone [GND] on F.Cu, priority 0
[clearance]: Clearance violation (zone clearance 0.5000 mm; actual 0.0000 mm)
    Local override; error
    @(99.6000 mm, 65.9500 mm): Pad 64 [LANE0_RXP] of U1 on F.Cu
    @(65.5000 mm, 40.5000 mm): Zone [GND] on F.Cu, priority 0
[clearance]: Clearance violation (zone clearance 0.5000 mm; actual 0.0000 mm)
    Local override; error
    @(100.0000 mm, 65.9500 mm): Pad 65 [LANE0_RXN] of U1 on F.Cu
    @(65.5000 mm, 40.5000 mm): Zone [GND] on F.Cu, priority 0
[clearance]: Clearance violation (zone clearance 0.5000 mm; actual 0.0000 mm)
    Local override; error
    @(100.8000 mm, 65.9500 mm): Pad 67 [LANE0_TXN] of U1 on F.Cu
    @(65.5000 mm, 40.5000 mm): Zone [GND] on F.Cu, priority 0
[clearance]: Clearance violation (zone clearance 0.5000 mm; actual 0.0000 mm)
    Local override; error
    @(101.2000 mm, 65.9500 mm): Pad 68 [LANE0_TXP] of U1 on F.Cu
    @(65.5000 mm, 40.5000 mm): Zone [GND] on F.Cu, priority 0
[drill_out_of_range]: Hole size out of range (board setup constraints min hole 0.3000 mm; actual 0.2500 mm)
    Rule: netclass 'Default'; error
    @(94.0500 mm, 60.8000 mm): Via [RTL_1V1] on F.Cu - B.Cu
[drill_out_of_range]: Hole size out of range (board setup constraints min hole 0.3000 mm; actual 0.2500 mm)
    Rule: netclass 'Default'; error
    @(103.5000 mm, 57.5000 mm): Via [RTL_1V1] on F.Cu - B.Cu
[track_width]: Track width (board setup constraints min width 0.1321 mm; actual 0.1300 mm)
    Rule: netclass 'Default'; error
    @(99.6000 mm, 57.5000 mm): Track [RTL_1V1] on B.Cu, length 0.2000 mm
[track_width]: Track width (board setup constraints min width 0.1321 mm; actual 0.1300 mm)
    Rule: netclass 'Default'; error
    @(98.4000 mm, 57.5000 mm): Track [RTL_1V1] on B.Cu, length 0.2000 mm
[track_width]: Track width (board setup constraints min width 0.1321 mm; actual 0.1300 mm)
    Rule: netclass 'Default'; error
    @(101.8000 mm, 57.5000 mm): Track [RTL_1V1] on B.Cu, length 0.2000 mm
[track_width]: Track width (board setup constraints min width 0.1321 mm; actual 0.1300 mm)
    Rule: netclass 'Default'; error
    @(101.6000 mm, 57.5000 mm): Track [RTL_1V1] on B.Cu, length 0.2000 mm
[track_width]: Track width (board setup constraints min width 0.1321 mm; actual 0.1300 mm)
    Rule: netclass 'Default'; error
    @(95.2000 mm, 57.5000 mm): Track [RTL_1V1] on B.Cu, length 0.2000 mm
[track_width]: Track width (board setup constraints min width 0.1321 mm; actual 0.1300 mm)
    Rule: netclass 'Default'; error
    @(103.0000 mm, 57.5000 mm): Track [RTL_1V1] on B.Cu, length 0.2000 mm
[track_width]: Track width (board setup constraints min width 0.1321 mm; actual 0.1300 mm)
    Rule: netclass 'Default'; error
    @(101.4000 mm, 57.5000 mm): Track [RTL_1V1] on B.Cu, length 0.2000 mm
[track_width]: Track width (board setup constraints min width 0.1321 mm; actual 0.1300 mm)
    Rule: netclass 'Default'; error
    @(94.0000 mm, 59.2000 mm): Track [RTL_1V1] on B.Cu, length 0.2000 mm
[track_width]: Track width (board setup constraints min width 0.1321 mm; actual 0.1300 mm)
    Rule: netclass 'Default'; error
    @(94.0000 mm, 60.6000 mm): Track [RTL_1V1] on B.Cu, length 0.2000 mm
[track_width]: Track width (board setup constraints min width 0.1321 mm; actual 0.1300 mm)
    Rule: netclass 'Default'; error
    @(102.2000 mm, 57.5000 mm): Track [RTL_1V1] on B.Cu, length 0.2000 mm
[track_width]: Track width (board setup constraints min width 0.1321 mm; actual 0.1300 mm)
    Rule: netclass 'Default'; error
    @(97.4000 mm, 57.5000 mm): Track [RTL_1V1] on B.Cu, length 0.2000 mm
[track_width]: Track width (board setup constraints min width 0.1321 mm; actual 0.1300 mm)
    Rule: netclass 'Default'; error
    @(98.0000 mm, 57.5000 mm): Track [RTL_1V1] on B.Cu, length 0.2000 mm
[track_width]: Track width (board setup constraints min width 0.1321 mm; actual 0.1300 mm)
    Rule: netclass 'Default'; error
    @(94.0000 mm, 57.8000 mm): Track [RTL_1V1] on B.Cu, length 0.2000 mm
[track_width]: Track width (board setup constraints min width 0.1321 mm; actual 0.1300 mm)
    Rule: netclass 'Default'; error
    @(94.8000 mm, 57.5000 mm): Track [RTL_1V1] on B.Cu, length 0.2000 mm
[track_width]: Track width (board setup constraints min width 0.1321 mm; actual 0.1300 mm)
    Rule: netclass 'Default'; error
    @(94.0000 mm, 60.0000 mm): Track [RTL_1V1] on B.Cu, length 0.2000 mm
[track_width]: Track width (board setup constraints min width 0.1321 mm; actual 0.1300 mm)
    Rule: netclass 'Default'; error
    @(94.0000 mm, 59.4000 mm): Track [RTL_1V1] on B.Cu, length 0.2000 mm
[track_width]: Track width (board setup constraints min width 0.1321 mm; actual 0.1300 mm)
    Rule: netclass 'Default'; error
    @(94.6000 mm, 57.5000 mm): Track [RTL_1V1] on B.Cu, length 0.2000 mm
[track_width]: Track width (board setup constraints min width 0.1321 mm; actual 0.1300 mm)
    Rule: netclass 'Default'; error
    @(96.4000 mm, 57.5000 mm): Track [RTL_1V1] on B.Cu, length 0.2000 mm
[track_width]: Track width (board setup constraints min width 0.1321 mm; actual 0.1300 mm)
    Rule: netclass 'Default'; error
    @(97.8000 mm, 57.5000 mm): Track [RTL_1V1] on B.Cu, length 0.2000 mm
[track_width]: Track width (board setup constraints min width 0.1321 mm; actual 0.1300 mm)
    Rule: netclass 'Default'; error
    @(94.2000 mm, 57.5000 mm): Track [RTL_1V1] on B.Cu, length 0.2000 mm
[track_width]: Track width (board setup constraints min width 0.1321 mm; actual 0.1300 mm)
    Rule: netclass 'Default'; error
    @(94.0000 mm, 58.6000 mm): Track [RTL_1V1] on B.Cu, length 0.2000 mm
[track_width]: Track width (board setup constraints min width 0.1321 mm; actual 0.1300 mm)
    Rule: netclass 'Default'; error
    @(94.0000 mm, 58.2000 mm): Track [RTL_1V1] on B.Cu, length 0.2000 mm
[track_width]: Track width (board setup constraints min width 0.1321 mm; actual 0.1300 mm)
    Rule: netclass 'Default'; error
    @(100.0000 mm, 57.5000 mm): Track [RTL_1V1] on B.Cu, length 0.2000 mm
[track_width]: Track width (board setup constraints min width 0.1321 mm; actual 0.1300 mm)
    Rule: netclass 'Default'; error
    @(102.8000 mm, 57.5000 mm): Track [RTL_1V1] on B.Cu, length 0.2000 mm
[track_width]: Track width (board setup constraints min width 0.1321 mm; actual 0.1300 mm)
    Rule: netclass 'Default'; error
    @(95.6000 mm, 57.5000 mm): Track [RTL_1V1] on B.Cu, length 0.2000 mm
[track_width]: Track width (board setup constraints min width 0.1321 mm; actual 0.1300 mm)
    Rule: netclass 'Default'; error
    @(94.0000 mm, 58.8000 mm): Track [RTL_1V1] on B.Cu, length 0.2000 mm
[track_width]: Track width (board setup constraints min width 0.1321 mm; actual 0.1300 mm)
    Rule: netclass 'Default'; error
    @(100.4000 mm, 57.5000 mm): Track [RTL_1V1] on B.Cu, length 0.2000 mm
[track_width]: Track width (board setup constraints min width 0.1321 mm; actual 0.1300 mm)
    Rule: netclass 'Default'; error
    @(101.0000 mm, 57.5000 mm): Track [RTL_1V1] on B.Cu, length 0.2000 mm
[track_width]: Track width (board setup constraints min width 0.1321 mm; actual 0.1300 mm)
    Rule: netclass 'Default'; error
    @(99.2000 mm, 57.5000 mm): Track [RTL_1V1] on B.Cu, length 0.2000 mm
[track_width]: Track width (board setup constraints min width 0.1321 mm; actual 0.1300 mm)
    Rule: netclass 'Default'; error
    @(98.2000 mm, 57.5000 mm): Track [RTL_1V1] on B.Cu, length 0.2000 mm
[track_width]: Track width (board setup constraints min width 0.1321 mm; actual 0.1300 mm)
    Rule: netclass 'Default'; error
    @(102.6000 mm, 57.5000 mm): Track [RTL_1V1] on B.Cu, length 0.2000 mm
[track_width]: Track width (board setup constraints min width 0.1321 mm; actual 0.1300 mm)
    Rule: netclass 'Default'; error
    @(98.8000 mm, 57.5000 mm): Track [RTL_1V1] on B.Cu, length 0.2000 mm
[track_width]: Track width (board setup constraints min width 0.1321 mm; actual 0.1300 mm)
    Rule: netclass 'Default'; error
    @(96.8000 mm, 57.5000 mm): Track [RTL_1V1] on B.Cu, length 0.2000 mm
[track_width]: Track width (board setup constraints min width 0.1321 mm; actual 0.1300 mm)
    Rule: netclass 'Default'; error
    @(95.8000 mm, 57.5000 mm): Track [RTL_1V1] on B.Cu, length 0.2000 mm
[track_width]: Track width (board setup constraints min width 0.1321 mm; actual 0.1300 mm)
    Rule: netclass 'Default'; error
    @(94.0000 mm, 59.6000 mm): Track [RTL_1V1] on B.Cu, length 0.2000 mm
[track_width]: Track width (board setup constraints min width 0.1321 mm; actual 0.1300 mm)
    Rule: netclass 'Default'; error
    @(96.2000 mm, 57.5000 mm): Track [RTL_1V1] on B.Cu, length 0.2000 mm
[track_width]: Track width (board setup constraints min width 0.1321 mm; actual 0.1300 mm)
    Rule: netclass 'Default'; error
    @(100.8000 mm, 57.5000 mm): Track [RTL_1V1] on B.Cu, length 0.2000 mm
[track_width]: Track width (board setup constraints min width 0.1321 mm; actual 0.1300 mm)
    Rule: netclass 'Default'; error
    @(94.0000 mm, 59.0000 mm): Track [RTL_1V1] on B.Cu, length 0.2000 mm
[track_width]: Track width (board setup constraints min width 0.1321 mm; actual 0.1300 mm)
    Rule: netclass 'Default'; error
    @(97.0000 mm, 57.5000 mm): Track [RTL_1V1] on B.Cu, length 0.2000 mm
[track_width]: Track width (board setup constraints min width 0.1321 mm; actual 0.1300 mm)
    Rule: netclass 'Default'; error
    @(94.0000 mm, 60.8000 mm): Track [RTL_1V1] on B.Cu, length 0.2000 mm
[track_width]: Track width (board setup constraints min width 0.1321 mm; actual 0.1300 mm)
    Rule: netclass 'Default'; error
    @(95.0000 mm, 57.5000 mm): Track [RTL_1V1] on B.Cu, length 0.2000 mm
[track_width]: Track width (board setup constraints min width 0.1321 mm; actual 0.1300 mm)
    Rule: netclass 'Default'; error
    @(94.0000 mm, 58.0000 mm): Track [RTL_1V1] on B.Cu, length 0.2000 mm
[track_width]: Track width (board setup constraints min width 0.1321 mm; actual 0.1300 mm)
    Rule: netclass 'Default'; error
    @(103.4000 mm, 57.5000 mm): Track [RTL_1V1] on B.Cu, length 0.1000 mm
[track_width]: Track width (board setup constraints min width 0.1321 mm; actual 0.1300 mm)
    Rule: netclass 'Default'; error
    @(97.2000 mm, 57.5000 mm): Track [RTL_1V1] on B.Cu, length 0.2000 mm
[track_width]: Track width (board setup constraints min width 0.1321 mm; actual 0.1300 mm)
    Rule: netclass 'Default'; error
    @(102.4000 mm, 57.5000 mm): Track [RTL_1V1] on B.Cu, length 0.2000 mm
[track_width]: Track width (board setup constraints min width 0.1321 mm; actual 0.1300 mm)
    Rule: netclass 'Default'; error
    @(99.4000 mm, 57.5000 mm): Track [RTL_1V1] on B.Cu, length 0.2000 mm
[track_width]: Track width (board setup constraints min width 0.1321 mm; actual 0.1300 mm)
    Rule: netclass 'Default'; error
    @(95.4000 mm, 57.5000 mm): Track [RTL_1V1] on B.Cu, length 0.2000 mm
[track_width]: Track width (board setup constraints min width 0.1321 mm; actual 0.1300 mm)
    Rule: netclass 'Default'; error
    @(103.2000 mm, 57.5000 mm): Track [RTL_1V1] on B.Cu, length 0.2000 mm
[track_width]: Track width (board setup constraints min width 0.1321 mm; actual 0.1300 mm)
    Rule: netclass 'Default'; error
    @(94.0000 mm, 58.4000 mm): Track [RTL_1V1] on B.Cu, length 0.2000 mm
[track_width]: Track width (board setup constraints min width 0.1321 mm; actual 0.1300 mm)
    Rule: netclass 'Default'; error
    @(99.0000 mm, 57.5000 mm): Track [RTL_1V1] on B.Cu, length 0.2000 mm
[track_width]: Track width (board setup constraints min width 0.1321 mm; actual 0.1300 mm)
    Rule: netclass 'Default'; error
    @(98.6000 mm, 57.5000 mm): Track [RTL_1V1] on B.Cu, length 0.2000 mm
[track_width]: Track width (board setup constraints min width 0.1321 mm; actual 0.1300 mm)
    Rule: netclass 'Default'; error
    @(102.0000 mm, 57.5000 mm): Track [RTL_1V1] on B.Cu, length 0.2000 mm
[track_width]: Track width (board setup constraints min width 0.1321 mm; actual 0.1300 mm)
    Rule: netclass 'Default'; error
    @(94.0000 mm, 59.8000 mm): Track [RTL_1V1] on B.Cu, length 0.2000 mm
[track_width]: Track width (board setup constraints min width 0.1321 mm; actual 0.1300 mm)
    Rule: netclass 'Default'; error
    @(99.8000 mm, 57.5000 mm): Track [RTL_1V1] on B.Cu, length 0.2000 mm
[track_width]: Track width (board setup constraints min width 0.1321 mm; actual 0.1300 mm)
    Rule: netclass 'Default'; error
    @(96.0000 mm, 57.5000 mm): Track [RTL_1V1] on B.Cu, length 0.2000 mm
[track_width]: Track width (board setup constraints min width 0.1321 mm; actual 0.1300 mm)
    Rule: netclass 'Default'; error
    @(101.2000 mm, 57.5000 mm): Track [RTL_1V1] on B.Cu, length 0.2000 mm
[track_width]: Track width (board setup constraints min width 0.1321 mm; actual 0.1300 mm)
    Rule: netclass 'Default'; error
    @(100.6000 mm, 57.5000 mm): Track [RTL_1V1] on B.Cu, length 0.2000 mm
[track_width]: Track width (board setup constraints min width 0.1321 mm; actual 0.1300 mm)
    Rule: netclass 'Default'; error
    @(94.0000 mm, 57.5000 mm): Track [RTL_1V1] on B.Cu, length 0.2000 mm
[track_width]: Track width (board setup constraints min width 0.1321 mm; actual 0.1300 mm)
    Rule: netclass 'Default'; error
    @(94.0000 mm, 60.4000 mm): Track [RTL_1V1] on B.Cu, length 0.2000 mm
[track_width]: Track width (board setup constraints min width 0.1321 mm; actual 0.1300 mm)
    Rule: netclass 'Default'; error
    @(96.6000 mm, 57.5000 mm): Track [RTL_1V1] on B.Cu, length 0.2000 mm
[track_width]: Track width (board setup constraints min width 0.1321 mm; actual 0.1300 mm)
    Rule: netclass 'Default'; error
    @(94.4000 mm, 57.5000 mm): Track [RTL_1V1] on B.Cu, length 0.2000 mm
[track_width]: Track width (board setup constraints min width 0.1321 mm; actual 0.1300 mm)
    Rule: netclass 'Default'; error
    @(94.0000 mm, 60.2000 mm): Track [RTL_1V1] on B.Cu, length 0.2000 mm
[track_width]: Track width (board setup constraints min width 0.1321 mm; actual 0.1300 mm)
    Rule: netclass 'Default'; error
    @(97.6000 mm, 57.5000 mm): Track [RTL_1V1] on B.Cu, length 0.2000 mm
[track_width]: Track width (board setup constraints min width 0.1321 mm; actual 0.1300 mm)
    Rule: netclass 'Default'; error
    @(100.2000 mm, 57.5000 mm): Track [RTL_1V1] on B.Cu, length 0.2000 mm
[track_width]: Track width (board setup constraints min width 0.1321 mm; actual 0.1300 mm)
    Rule: netclass 'Default'; error
    @(94.0000 mm, 57.6000 mm): Track [RTL_1V1] on B.Cu, length 0.1000 mm
[starved_thermal]: Thermal relief connection to zone incomplete (layer F.Cu; zone min spoke count 2; actual 1)
    Local override; error
    @(65.5000 mm, 40.5000 mm): Zone [GND] on F.Cu, priority 0
    @(98.0000 mm, 62.0000 mm): Pad 69 [GND] of U1 on F.Cu
[starved_thermal]: Thermal relief connection to zone incomplete (layer F.Cu; zone min spoke count 2; actual 1)
    Local override; error
    @(65.5000 mm, 40.5000 mm): Zone [GND] on F.Cu, priority 0
    @(115.0000 mm, 61.0000 mm): Pad 2 [GND] of C4 on F.Cu
[starved_thermal]: Thermal relief connection to zone incomplete (layer F.Cu; zone min spoke count 2; actual 1)
    Local override; error
    @(65.5000 mm, 40.5000 mm): Zone [GND] on F.Cu, priority 0
    @(88.4000 mm, 61.5000 mm): Pad 2 [GND] of C1 on F.Cu
[via_diameter]: Via diameter (board setup constraints min diameter 0.5000 mm; actual 0.0000 mm)
    Rule: netclass 'Default'; error
    @(89.0000 mm, 44.0000 mm): Via [PEDET] on F.Cu - B.Cu
[via_diameter]: Via diameter (board setup constraints min diameter 0.5000 mm; actual 0.0000 mm)
    Rule: netclass 'Default'; error
    @(103.2000 mm, 62.4000 mm): Via [PEDET] on F.Cu - B.Cu
[via_diameter]: Via diameter (board setup constraints min diameter 0.5000 mm; actual 0.0000 mm)
    Rule: netclass 'Default'; error
    @(139.0000 mm, 62.4000 mm): Via [PEDET] on F.Cu - B.Cu
[via_diameter]: Via diameter (board setup constraints min diameter 0.5000 mm; actual 0.0000 mm)
    Rule: netclass 'Default'; error
    @(92.0000 mm, 42.0000 mm): Via [CLKREQ_N] on F.Cu - B.Cu
[via_diameter]: Via diameter (board setup constraints min diameter 0.5000 mm; actual 0.0000 mm)
    Rule: netclass 'Default'; error
    @(103.5000 mm, 69.5000 mm): Via [CLKREQ_N] on F.Cu - B.Cu
[via_diameter]: Via diameter (board setup constraints min diameter 0.5000 mm; actual 0.0000 mm)
    Rule: netclass 'Default'; error
    @(105.5000 mm, 69.5000 mm): Via [CLKREQ_N] on F.Cu - B.Cu
[via_diameter]: Via diameter (board setup constraints min diameter 0.5000 mm; actual 0.0000 mm)
    Rule: netclass 'Default'; error
    @(102.4000 mm, 61.0000 mm): Via [CLKREQ_N] on F.Cu - B.Cu
[via_diameter]: Via diameter (board setup constraints min diameter 0.5000 mm; actual 0.0000 mm)
    Rule: netclass 'Default'; error
    @(137.5000 mm, 69.5000 mm): Via [CLKREQ_N] on F.Cu - B.Cu
[via_diameter]: Via diameter (board setup constraints min diameter 0.5000 mm; actual 0.0000 mm)
    Rule: netclass 'Default'; error
    @(104.5000 mm, 63.0000 mm): Via [PERST_N] on F.Cu - B.Cu
[via_diameter]: Via diameter (board setup constraints min diameter 0.5000 mm; actual 0.0000 mm)
    Rule: netclass 'Default'; error
    @(134.5000 mm, 72.0000 mm): Via [PERST_N] on F.Cu - B.Cu
[via_diameter]: Via diameter (board setup constraints min diameter 0.5000 mm; actual 0.0000 mm)
    Rule: netclass 'Default'; error
    @(104.0000 mm, 55.0000 mm): Via [RTL_1V1] on F.Cu - B.Cu
[via_diameter]: Via diameter (board setup constraints min diameter 0.5000 mm; actual 0.0000 mm)
    Rule: netclass 'Default'; error
    @(92.0000 mm, 59.2000 mm): Via [RTL_1V1] on F.Cu - B.Cu
[via_diameter]: Via diameter (board setup constraints min diameter 0.5000 mm; actual 0.0000 mm)
    Rule: netclass 'Default'; error
    @(92.5000 mm, 60.4000 mm): Via [RTL_3V3] on F.Cu - B.Cu
[via_diameter]: Via diameter (board setup constraints min diameter 0.5000 mm; actual 0.0000 mm)
    Rule: netclass 'Default'; error
    @(93.0000 mm, 63.5000 mm): Via [RTL_3V3] on F.Cu - B.Cu
[via_diameter]: Via diameter (board setup constraints min diameter 0.5000 mm; actual 0.0000 mm)
    Rule: netclass 'Default'; error
    @(106.5000 mm, 56.8000 mm): Via [SPISO3] on F.Cu - B.Cu
[via_diameter]: Via diameter (board setup constraints min diameter 0.5000 mm; actual 0.0000 mm)
    Rule: netclass 'Default'; error
    @(99.8000 mm, 56.8000 mm): Via [SPISO3] on F.Cu - B.Cu
[solder_mask_bridge]: Front solder mask aperture bridges items with different nets
    Rule: board setup solder mask min width; error
    @(101.9500 mm, 60.4000 mm): Track [CLKREQ_N] on F.Cu, length 0.7500 mm
    @(101.9500 mm, 60.8000 mm): Pad 12 [ISOLATEB] of U1 on F.Cu
[solder_mask_bridge]: Front solder mask aperture bridges items with different nets
    Rule: board setup solder mask min width; error
    @(94.5000 mm, 63.5000 mm): Track [RTL_3V3] on F.Cu, length 1.5000 mm
    @(94.0500 mm, 63.6000 mm): Pad 47 [USB_RXN0] of U1 on F.Cu
[solder_mask_bridge]: Front solder mask aperture bridges items with different nets
    Rule: board setup solder mask min width; error
    @(94.0500 mm, 60.4000 mm): Track [RTL_3V3] on F.Cu, length 1.5500 mm
    @(93.1000 mm, 60.0000 mm): Pad 2 [GND] of C2 on F.Cu
[solder_mask_bridge]: Front solder mask aperture bridges items with different nets
    Rule: board setup solder mask min width; error
    @(94.7000 mm, 63.5000 mm): Track [RTL_3V3] on F.Cu, length 0.2000 mm
    @(94.0500 mm, 63.6000 mm): Pad 47 [USB_RXN0] of U1 on F.Cu
[solder_mask_bridge]: Front solder mask aperture bridges items with different nets
    Rule: board setup solder mask min width; error
    @(96.8000 mm, 58.0500 mm): Pad 29 [<no net>] of U1 on F.Cu
    @(65.5000 mm, 40.5000 mm): Zone [GND] on F.Cu, priority 0
[solder_mask_bridge]: Front solder mask aperture bridges items with different nets
    Rule: board setup solder mask min width; error
    @(96.4000 mm, 58.0500 mm): Pad 30 [<no net>] of U1 on F.Cu
    @(65.5000 mm, 40.5000 mm): Zone [GND] on F.Cu, priority 0
[solder_mask_bridge]: Front solder mask aperture bridges items with different nets
    Rule: board setup solder mask min width; error
    @(96.0000 mm, 58.0500 mm): Pad 31 [<no net>] of U1 on F.Cu
    @(65.5000 mm, 40.5000 mm): Zone [GND] on F.Cu, priority 0
[solder_mask_bridge]: Front solder mask aperture bridges items with different nets
    Rule: board setup solder mask min width; error
    @(95.6000 mm, 58.0500 mm): Pad 32 [<no net>] of U1 on F.Cu
    @(65.5000 mm, 40.5000 mm): Zone [GND] on F.Cu, priority 0
[solder_mask_bridge]: Front solder mask aperture bridges items with different nets
    Rule: board setup solder mask min width; error
    @(116.4000 mm, 61.0000 mm): Pad 1 [RTL_5V] of C5 on F.Cu
    @(65.5000 mm, 40.5000 mm): Zone [GND] on F.Cu, priority 0
[solder_mask_bridge]: Front solder mask aperture bridges items with different nets
    Rule: board setup solder mask min width; error
    @(95.2000 mm, 58.0500 mm): Pad 33 [RTL_5V] of U1 on F.Cu
    @(65.5000 mm, 40.5000 mm): Zone [GND] on F.Cu, priority 0
[solder_mask_bridge]: Front solder mask aperture bridges items with different nets
    Rule: board setup solder mask min width; error
    @(101.9500 mm, 65.2000 mm): Pad 1 [<no net>] of U1 on F.Cu
    @(65.5000 mm, 40.5000 mm): Zone [GND] on F.Cu, priority 0
[solder_mask_bridge]: Front solder mask aperture bridges items with different nets
    Rule: board setup solder mask min width; error
    @(94.8000 mm, 58.0500 mm): Pad 34 [RTL_3V3] of U1 on F.Cu
    @(65.5000 mm, 40.5000 mm): Zone [GND] on F.Cu, priority 0
[solder_mask_bridge]: Front solder mask aperture bridges items with different nets
    Rule: board setup solder mask min width; error
    @(94.0500 mm, 58.8000 mm): Pad 35 [<no net>] of U1 on F.Cu
    @(65.5000 mm, 40.5000 mm): Zone [GND] on F.Cu, priority 0
[solder_mask_bridge]: Front solder mask aperture bridges items with different nets
    Rule: board setup solder mask min width; error
    @(101.9500 mm, 64.8000 mm): Pad 2 [<no net>] of U1 on F.Cu
    @(65.5000 mm, 40.5000 mm): Zone [GND] on F.Cu, priority 0
[solder_mask_bridge]: Front solder mask aperture bridges items with different nets
    Rule: board setup solder mask min width; error
    @(94.0500 mm, 59.2000 mm): Pad 36 [RTL_1V1] of U1 on F.Cu
    @(65.5000 mm, 40.5000 mm): Zone [GND] on F.Cu, priority 0
[solder_mask_bridge]: Front solder mask aperture bridges items with different nets
    Rule: board setup solder mask min width; error
    @(94.0500 mm, 59.6000 mm): Pad 37 [USB_DP] of U1 on F.Cu
    @(65.5000 mm, 40.5000 mm): Zone [GND] on F.Cu, priority 0
[solder_mask_bridge]: Front solder mask aperture bridges items with different nets
    Rule: board setup solder mask min width; error
    @(94.0500 mm, 60.0000 mm): Pad 38 [USB_DM] of U1 on F.Cu
    @(65.5000 mm, 40.5000 mm): Zone [GND] on F.Cu, priority 0
[solder_mask_bridge]: Front solder mask aperture bridges items with different nets
    Rule: board setup solder mask min width; error
    @(94.0500 mm, 60.4000 mm): Pad 39 [RTL_3V3] of U1 on F.Cu
    @(65.5000 mm, 40.5000 mm): Zone [GND] on F.Cu, priority 0
[solder_mask_bridge]: Front solder mask aperture bridges items with different nets
    Rule: board setup solder mask min width; error
    @(94.0500 mm, 60.8000 mm): Pad 40 [RTL_1V1] of U1 on F.Cu
    @(65.5000 mm, 40.5000 mm): Zone [GND] on F.Cu, priority 0
[solder_mask_bridge]: Front solder mask aperture bridges items with different nets
    Rule: board setup solder mask min width; error
    @(94.0500 mm, 61.2000 mm): Pad 41 [USB_TXP0] of U1 on F.Cu
    @(65.5000 mm, 40.5000 mm): Zone [GND] on F.Cu, priority 0
[solder_mask_bridge]: Front solder mask aperture bridges items with different nets
    Rule: board setup solder mask min width; error
    @(94.0500 mm, 61.6000 mm): Pad 42 [USB_TXN0] of U1 on F.Cu
    @(65.5000 mm, 40.5000 mm): Zone [GND] on F.Cu, priority 0
[solder_mask_bridge]: Front solder mask aperture bridges items with different nets
    Rule: board setup solder mask min width; error
    @(94.0500 mm, 62.0000 mm): Pad 43 [<no net>] of U1 on F.Cu
    @(65.5000 mm, 40.5000 mm): Zone [GND] on F.Cu, priority 0
[solder_mask_bridge]: Front solder mask aperture bridges items with different nets
    Rule: board setup solder mask min width; error
    @(94.0500 mm, 62.4000 mm): Pad 44 [<no net>] of U1 on F.Cu
    @(65.5000 mm, 40.5000 mm): Zone [GND] on F.Cu, priority 0
[solder_mask_bridge]: Front solder mask aperture bridges items with different nets
    Rule: board setup solder mask min width; error
    @(94.0500 mm, 63.2000 mm): Pad 46 [USB_RXP0] of U1 on F.Cu
    @(65.5000 mm, 40.5000 mm): Zone [GND] on F.Cu, priority 0
[solder_mask_bridge]: Front solder mask aperture bridges items with different nets
    Rule: board setup solder mask min width; error
    @(96.0000 mm, 65.9500 mm): Pad 55 [RTL_1V1] of U1 on F.Cu
    @(65.5000 mm, 40.5000 mm): Zone [GND] on F.Cu, priority 0
[solder_mask_bridge]: Front solder mask aperture bridges items with different nets
    Rule: board setup solder mask min width; error
    @(96.4000 mm, 65.9500 mm): Pad 56 [<no net>] of U1 on F.Cu
    @(65.5000 mm, 40.5000 mm): Zone [GND] on F.Cu, priority 0
[solder_mask_bridge]: Front solder mask aperture bridges items with different nets
    Rule: board setup solder mask min width; error
    @(96.8000 mm, 65.9500 mm): Pad 57 [<no net>] of U1 on F.Cu
    @(65.5000 mm, 40.5000 mm): Zone [GND] on F.Cu, priority 0
[solder_mask_bridge]: Front solder mask aperture bridges items with different nets
    Rule: board setup solder mask min width; error
    @(97.2000 mm, 65.9500 mm): Pad 58 [<no net>] of U1 on F.Cu
    @(65.5000 mm, 40.5000 mm): Zone [GND] on F.Cu, priority 0
[solder_mask_bridge]: Front solder mask aperture bridges items with different nets
    Rule: board setup solder mask min width; error
    @(97.6000 mm, 65.9500 mm): Pad 59 [<no net>] of U1 on F.Cu
    @(65.5000 mm, 40.5000 mm): Zone [GND] on F.Cu, priority 0
[solder_mask_bridge]: Front solder mask aperture bridges items with different nets
    Rule: board setup solder mask min width; error
    @(98.0000 mm, 65.9500 mm): Pad 60 [RTL_1V1] of U1 on F.Cu
    @(65.5000 mm, 40.5000 mm): Zone [GND] on F.Cu, priority 0
[solder_mask_bridge]: Front solder mask aperture bridges items with different nets
    Rule: board setup solder mask min width; error
    @(83.0000 mm, 72.0000 mm): Pad 2 [SPISO] of U2 on F.Cu
    @(65.5000 mm, 40.5000 mm): Zone [GND] on F.Cu, priority 0
[solder_mask_bridge]: Front solder mask aperture bridges items with different nets
    Rule: board setup solder mask min width; error
    @(101.9500 mm, 64.4000 mm): Pad 3 [RESET_N] of U1 on F.Cu
    @(65.5000 mm, 40.5000 mm): Zone [GND] on F.Cu, priority 0
[solder_mask_bridge]: Front solder mask aperture bridges items with different nets
    Rule: board setup solder mask min width; error
    @(84.2000 mm, 72.0000 mm): Pad 3 [RTL_3V3] of U2 on F.Cu
    @(65.5000 mm, 40.5000 mm): Zone [GND] on F.Cu, priority 0
[solder_mask_bridge]: Front solder mask aperture bridges items with different nets
    Rule: board setup solder mask min width; error
    @(86.6000 mm, 72.0000 mm): Pad 5 [SPISI] of U2 on F.Cu
    @(65.5000 mm, 40.5000 mm): Zone [GND] on F.Cu, priority 0
[solder_mask_bridge]: Front solder mask aperture bridges items with different nets
    Rule: board setup solder mask min width; error
    @(101.9500 mm, 64.0000 mm): Pad 4 [<no net>] of U1 on F.Cu
    @(65.5000 mm, 40.5000 mm): Zone [GND] on F.Cu, priority 0
[solder_mask_bridge]: Front solder mask aperture bridges items with different nets
    Rule: board setup solder mask min width; error
    @(98.4000 mm, 65.9500 mm): Pad 61 [REFCLK_P] of U1 on F.Cu
    @(65.5000 mm, 40.5000 mm): Zone [GND] on F.Cu, priority 0
[solder_mask_bridge]: Front solder mask aperture bridges items with different nets
    Rule: board setup solder mask min width; error
    @(101.9500 mm, 63.6000 mm): Pad 5 [JTAG_TCK] of U1 on F.Cu
    @(65.5000 mm, 40.5000 mm): Zone [GND] on F.Cu, priority 0
[solder_mask_bridge]: Front solder mask aperture bridges items with different nets
    Rule: board setup solder mask min width; error
    @(101.9500 mm, 63.2000 mm): Pad 6 [JTAG_TDI] of U1 on F.Cu
    @(65.5000 mm, 40.5000 mm): Zone [GND] on F.Cu, priority 0
[solder_mask_bridge]: Front solder mask aperture bridges items with different nets
    Rule: board setup solder mask min width; error
    @(87.8000 mm, 72.0000 mm): Pad 6 [SPICLK] of U2 on F.Cu
    @(65.5000 mm, 40.5000 mm): Zone [GND] on F.Cu, priority 0
[solder_mask_bridge]: Front solder mask aperture bridges items with different nets
    Rule: board setup solder mask min width; error
    @(98.8000 mm, 65.9500 mm): Pad 62 [REFCLK_N] of U1 on F.Cu
    @(65.5000 mm, 40.5000 mm): Zone [GND] on F.Cu, priority 0
[solder_mask_bridge]: Front solder mask aperture bridges items with different nets
    Rule: board setup solder mask min width; error
    @(101.9500 mm, 62.8000 mm): Pad 7 [<no net>] of U1 on F.Cu
    @(65.5000 mm, 40.5000 mm): Zone [GND] on F.Cu, priority 0
[solder_mask_bridge]: Front solder mask aperture bridges items with different nets
    Rule: board setup solder mask min width; error
    @(99.2000 mm, 65.9500 mm): Pad 63 [RTL_1V1] of U1 on F.Cu
    @(65.5000 mm, 40.5000 mm): Zone [GND] on F.Cu, priority 0
[solder_mask_bridge]: Front solder mask aperture bridges items with different nets
    Rule: board setup solder mask min width; error
    @(89.0000 mm, 72.0000 mm): Pad 7 [SPISO3] of U2 on F.Cu
    @(65.5000 mm, 40.5000 mm): Zone [GND] on F.Cu, priority 0
[solder_mask_bridge]: Front solder mask aperture bridges items with different nets
    Rule: board setup solder mask min width; error
    @(99.6000 mm, 65.9500 mm): Pad 64 [LANE0_RXP] of U1 on F.Cu
    @(65.5000 mm, 40.5000 mm): Zone [GND] on F.Cu, priority 0
[solder_mask_bridge]: Front solder mask aperture bridges items with different nets
    Rule: board setup solder mask min width; error
    @(101.9500 mm, 62.4000 mm): Pad 8 [PEDET] of U1 on F.Cu
    @(65.5000 mm, 40.5000 mm): Zone [GND] on F.Cu, priority 0
[solder_mask_bridge]: Front solder mask aperture bridges items with different nets
    Rule: board setup solder mask min width; error
    @(100.0000 mm, 65.9500 mm): Pad 65 [LANE0_RXN] of U1 on F.Cu
    @(65.5000 mm, 40.5000 mm): Zone [GND] on F.Cu, priority 0
[solder_mask_bridge]: Front solder mask aperture bridges items with different nets
    Rule: board setup solder mask min width; error
    @(101.9500 mm, 62.0000 mm): Pad 9 [JTAG_TDO] of U1 on F.Cu
    @(65.5000 mm, 40.5000 mm): Zone [GND] on F.Cu, priority 0
[solder_mask_bridge]: Front solder mask aperture bridges items with different nets
    Rule: board setup solder mask min width; error
    @(90.2000 mm, 72.0000 mm): Pad 8 [RTL_3V3] of U2 on F.Cu
    @(65.5000 mm, 40.5000 mm): Zone [GND] on F.Cu, priority 0
[solder_mask_bridge]: Front solder mask aperture bridges items with different nets
    Rule: board setup solder mask min width; error
    @(101.9500 mm, 61.6000 mm): Pad 10 [<no net>] of U1 on F.Cu
    @(65.5000 mm, 40.5000 mm): Zone [GND] on F.Cu, priority 0
[solder_mask_bridge]: Front solder mask aperture bridges items with different nets
    Rule: board setup solder mask min width; error
    @(100.8000 mm, 65.9500 mm): Pad 67 [LANE0_TXN] of U1 on F.Cu
    @(65.5000 mm, 40.5000 mm): Zone [GND] on F.Cu, priority 0
[solder_mask_bridge]: Front solder mask aperture bridges items with different nets
    Rule: board setup solder mask min width; error
    @(101.9500 mm, 61.2000 mm): Pad 11 [<no net>] of U1 on F.Cu
    @(65.5000 mm, 40.5000 mm): Zone [GND] on F.Cu, priority 0
[solder_mask_bridge]: Front solder mask aperture bridges items with different nets
    Rule: board setup solder mask min width; error
    @(101.2000 mm, 65.9500 mm): Pad 68 [LANE0_TXP] of U1 on F.Cu
    @(65.5000 mm, 40.5000 mm): Zone [GND] on F.Cu, priority 0
[solder_mask_bridge]: Front solder mask aperture bridges items with different nets
    Rule: board setup solder mask min width; error
    @(101.9500 mm, 60.8000 mm): Pad 12 [ISOLATEB] of U1 on F.Cu
    @(65.5000 mm, 40.5000 mm): Zone [GND] on F.Cu, priority 0
[solder_mask_bridge]: Front solder mask aperture bridges items with different nets
    Rule: board setup solder mask min width; error
    @(101.9500 mm, 60.4000 mm): Pad 13 [CLKREQ_N] of U1 on F.Cu
    @(65.5000 mm, 40.5000 mm): Zone [GND] on F.Cu, priority 0
[solder_mask_bridge]: Front solder mask aperture bridges items with different nets
    Rule: board setup solder mask min width; error
    @(91.9000 mm, 60.0000 mm): Pad 1 [XTAL_OUT] of C2 on F.Cu
    @(65.5000 mm, 40.5000 mm): Zone [GND] on F.Cu, priority 0
[solder_mask_bridge]: Front solder mask aperture bridges items with different nets
    Rule: board setup solder mask min width; error
    @(101.9500 mm, 60.0000 mm): Pad 14 [PERST_N] of U1 on F.Cu
    @(65.5000 mm, 40.5000 mm): Zone [GND] on F.Cu, priority 0
[solder_mask_bridge]: Front solder mask aperture bridges items with different nets
    Rule: board setup solder mask min width; error
    @(113.4000 mm, 61.0000 mm): Pad 1 [RTL_1V1] of C4 on F.Cu
    @(65.5000 mm, 40.5000 mm): Zone [GND] on F.Cu, priority 0
[solder_mask_bridge]: Front solder mask aperture bridges items with different nets
    Rule: board setup solder mask min width; error
    @(101.9500 mm, 59.6000 mm): Pad 15 [<no net>] of U1 on F.Cu
    @(65.5000 mm, 40.5000 mm): Zone [GND] on F.Cu, priority 0
[solder_mask_bridge]: Front solder mask aperture bridges items with different nets
    Rule: board setup solder mask min width; error
    @(89.3000 mm, 60.0000 mm): Pad 1 [XTAL_IN] of Y1 on F.Cu
    @(65.5000 mm, 40.5000 mm): Zone [GND] on F.Cu, priority 0
[solder_mask_bridge]: Front solder mask aperture bridges items with different nets
    Rule: board setup solder mask min width; error
    @(90.7000 mm, 60.0000 mm): Pad 2 [XTAL_OUT] of Y1 on F.Cu
    @(65.5000 mm, 40.5000 mm): Zone [GND] on F.Cu, priority 0
[solder_mask_bridge]: Front solder mask aperture bridges items with different nets
    Rule: board setup solder mask min width; error
    @(101.9500 mm, 59.2000 mm): Pad 16 [RTL_1V1] of U1 on F.Cu
    @(65.5000 mm, 40.5000 mm): Zone [GND] on F.Cu, priority 0
[solder_mask_bridge]: Front solder mask aperture bridges items with different nets
    Rule: board setup solder mask min width; error
    @(89.0000 mm, 48.0000 mm): Pad 1 [PEDET] of R2 on F.Cu
    @(65.5000 mm, 40.5000 mm): Zone [GND] on F.Cu, priority 0
[solder_mask_bridge]: Front solder mask aperture bridges items with different nets
    Rule: board setup solder mask min width; error
    @(89.6000 mm, 61.5000 mm): Pad 1 [XTAL_IN] of C1 on F.Cu
    @(65.5000 mm, 40.5000 mm): Zone [GND] on F.Cu, priority 0
[solder_mask_bridge]: Front solder mask aperture bridges items with different nets
    Rule: board setup solder mask min width; error
    @(90.2000 mm, 48.0000 mm): Pad 2 [RTL_3V3] of R2 on F.Cu
    @(65.5000 mm, 40.5000 mm): Zone [GND] on F.Cu, priority 0
[solder_mask_bridge]: Front solder mask aperture bridges items with different nets
    Rule: board setup solder mask min width; error
    @(101.9500 mm, 58.8000 mm): Pad 17 [RTL_5V] of U1 on F.Cu
    @(65.5000 mm, 40.5000 mm): Zone [GND] on F.Cu, priority 0
[solder_mask_bridge]: Front solder mask aperture bridges items with different nets
    Rule: board setup solder mask min width; error
    @(92.0000 mm, 48.0000 mm): Pad 1 [CLKREQ_N] of R3 on F.Cu
    @(65.5000 mm, 40.5000 mm): Zone [GND] on F.Cu, priority 0
[solder_mask_bridge]: Front solder mask aperture bridges items with different nets
    Rule: board setup solder mask min width; error
    @(110.4000 mm, 61.0000 mm): Pad 1 [RTL_3V3] of C3 on F.Cu
    @(65.5000 mm, 40.5000 mm): Zone [GND] on F.Cu, priority 0
[solder_mask_bridge]: Front solder mask aperture bridges items with different nets
    Rule: board setup solder mask min width; error
    @(101.2000 mm, 58.0500 mm): Pad 18 [SPISI] of U1 on F.Cu
    @(65.5000 mm, 40.5000 mm): Zone [GND] on F.Cu, priority 0
[solder_mask_bridge]: Front solder mask aperture bridges items with different nets
    Rule: board setup solder mask min width; error
    @(93.2000 mm, 48.0000 mm): Pad 2 [RTL_3V3] of R3 on F.Cu
    @(65.5000 mm, 40.5000 mm): Zone [GND] on F.Cu, priority 0
[solder_mask_bridge]: Front solder mask aperture bridges items with different nets
    Rule: board setup solder mask min width; error
    @(100.8000 mm, 58.0500 mm): Pad 19 [SPICLK] of U1 on F.Cu
    @(65.5000 mm, 40.5000 mm): Zone [GND] on F.Cu, priority 0
[solder_mask_bridge]: Front solder mask aperture bridges items with different nets
    Rule: board setup solder mask min width; error
    @(81.8000 mm, 72.0000 mm): Pad 1 [SPICS] of U2 on F.Cu
    @(65.5000 mm, 40.5000 mm): Zone [GND] on F.Cu, priority 0
[solder_mask_bridge]: Front solder mask aperture bridges items with different nets
    Rule: board setup solder mask min width; error
    @(100.4000 mm, 58.0500 mm): Pad 20 [RTL_3V3] of U1 on F.Cu
    @(65.5000 mm, 40.5000 mm): Zone [GND] on F.Cu, priority 0
[solder_mask_bridge]: Front solder mask aperture bridges items with different nets
    Rule: board setup solder mask min width; error
    @(100.0000 mm, 58.0500 mm): Pad 21 [SPISO2] of U1 on F.Cu
    @(65.5000 mm, 40.5000 mm): Zone [GND] on F.Cu, priority 0
[solder_mask_bridge]: Front solder mask aperture bridges items with different nets
    Rule: board setup solder mask min width; error
    @(99.6000 mm, 58.0500 mm): Pad 22 [SPISO3] of U1 on F.Cu
    @(65.5000 mm, 40.5000 mm): Zone [GND] on F.Cu, priority 0
[solder_mask_bridge]: Front solder mask aperture bridges items with different nets
    Rule: board setup solder mask min width; error
    @(99.2000 mm, 58.0500 mm): Pad 23 [SPISO] of U1 on F.Cu
    @(65.5000 mm, 40.5000 mm): Zone [GND] on F.Cu, priority 0
[solder_mask_bridge]: Front solder mask aperture bridges items with different nets
    Rule: board setup solder mask min width; error
    @(98.8000 mm, 58.0500 mm): Pad 24 [SPICS] of U1 on F.Cu
    @(65.5000 mm, 40.5000 mm): Zone [GND] on F.Cu, priority 0
[solder_mask_bridge]: Front solder mask aperture bridges items with different nets
    Rule: board setup solder mask min width; error
    @(98.4000 mm, 58.0500 mm): Pad 25 [RTL_1V1] of U1 on F.Cu
    @(65.5000 mm, 40.5000 mm): Zone [GND] on F.Cu, priority 0
[solder_mask_bridge]: Front solder mask aperture bridges items with different nets
    Rule: board setup solder mask min width; error
    @(98.0000 mm, 58.0500 mm): Pad 26 [DEVSLP] of U1 on F.Cu
    @(65.5000 mm, 40.5000 mm): Zone [GND] on F.Cu, priority 0
[solder_mask_bridge]: Front solder mask aperture bridges items with different nets
    Rule: board setup solder mask min width; error
    @(97.6000 mm, 58.0500 mm): Pad 27 [<no net>] of U1 on F.Cu
    @(65.5000 mm, 40.5000 mm): Zone [GND] on F.Cu, priority 0
[solder_mask_bridge]: Front solder mask aperture bridges items with different nets
    Rule: board setup solder mask min width; error
    @(97.2000 mm, 58.0500 mm): Pad 28 [<no net>] of U1 on F.Cu
    @(65.5000 mm, 40.5000 mm): Zone [GND] on F.Cu, priority 0
[solder_mask_bridge]: Front solder mask aperture bridges items with different nets
    Rule: board setup solder mask min width; error
    @(94.0500 mm, 63.6000 mm): Pad 47 [USB_RXN0] of U1 on F.Cu
    @(65.5000 mm, 40.5000 mm): Zone [GND] on F.Cu, priority 0
[solder_mask_bridge]: Front solder mask aperture bridges items with different nets
    Rule: board setup solder mask min width; error
    @(94.0500 mm, 64.0000 mm): Pad 48 [<no net>] of U1 on F.Cu
    @(65.5000 mm, 40.5000 mm): Zone [GND] on F.Cu, priority 0
[solder_mask_bridge]: Front solder mask aperture bridges items with different nets
    Rule: board setup solder mask min width; error
    @(94.0500 mm, 64.4000 mm): Pad 49 [<no net>] of U1 on F.Cu
    @(65.5000 mm, 40.5000 mm): Zone [GND] on F.Cu, priority 0
[solder_mask_bridge]: Front solder mask aperture bridges items with different nets
    Rule: board setup solder mask min width; error
    @(94.0500 mm, 64.8000 mm): Pad 50 [RTL_1V1] of U1 on F.Cu
    @(65.5000 mm, 40.5000 mm): Zone [GND] on F.Cu, priority 0
[solder_mask_bridge]: Front solder mask aperture bridges items with different nets
    Rule: board setup solder mask min width; error
    @(94.0500 mm, 65.2000 mm): Pad 51 [RSET] of U1 on F.Cu
    @(65.5000 mm, 40.5000 mm): Zone [GND] on F.Cu, priority 0
[solder_mask_bridge]: Front solder mask aperture bridges items with different nets
    Rule: board setup solder mask min width; error
    @(94.8000 mm, 65.9500 mm): Pad 52 [RTL_3V3] of U1 on F.Cu
    @(65.5000 mm, 40.5000 mm): Zone [GND] on F.Cu, priority 0
[solder_mask_bridge]: Front solder mask aperture bridges items with different nets
    Rule: board setup solder mask min width; error
    @(95.2000 mm, 65.9500 mm): Pad 53 [XTAL_IN] of U1 on F.Cu
    @(65.5000 mm, 40.5000 mm): Zone [GND] on F.Cu, priority 0
[solder_mask_bridge]: Front solder mask aperture bridges items with different nets
    Rule: board setup solder mask min width; error
    @(95.6000 mm, 65.9500 mm): Pad 54 [XTAL_OUT] of U1 on F.Cu
    @(65.5000 mm, 40.5000 mm): Zone [GND] on F.Cu, priority 0
[isolated_copper]: Isolated copper fill
    Local override; warning
    @(65.5000 mm, 40.5000 mm): Zone [GND] on B.Cu, priority 0
[isolated_copper]: Isolated copper fill
    Local override; warning
    @(65.5000 mm, 40.5000 mm): Zone [GND] on B.Cu, priority 0
[isolated_copper]: Isolated copper fill
    Local override; warning
    @(65.5000 mm, 40.5000 mm): Zone [GND] on B.Cu, priority 0
[holes_co_located]: Drilled holes co-located
    Local override; warning
    @(103.5000 mm, 57.5000 mm): Via [RTL_1V1] on F.Cu - B.Cu
    @(103.5000 mm, 57.5000 mm): Via [RTL_1V1] on F.Cu - B.Cu

** Found 15 unconnected pads **
[unconnected_items]: Missing connection between items
    Local override; error
    @(101.9500 mm, 58.8000 mm): Pad 17 [RTL_5V] of U1 on F.Cu
    @(95.2000 mm, 58.0500 mm): Track [RTL_5V] on F.Cu, length 2.5500 mm
[unconnected_items]: Missing connection between items
    Local override; error
    @(78.6000 mm, 66.0000 mm): Pad 2 [GND] of R1 on F.Cu
    @(65.5000 mm, 40.5000 mm): Zone [GND] on F.Cu, priority 0
[unconnected_items]: Missing connection between items
    Local override; error
    @(94.0500 mm, 64.8000 mm): Pad 50 [RTL_1V1] of U1 on F.Cu
    @(96.0000 mm, 65.9500 mm): Pad 55 [RTL_1V1] of U1 on F.Cu
[unconnected_items]: Missing connection between items
    Local override; error
    @(94.0500 mm, 64.8000 mm): Pad 50 [RTL_1V1] of U1 on F.Cu
    @(94.0500 mm, 60.8000 mm): Via [RTL_1V1] on F.Cu - B.Cu
[unconnected_items]: Missing connection between items
    Local override; error
    @(96.0000 mm, 65.9500 mm): Pad 55 [RTL_1V1] of U1 on F.Cu
    @(98.0000 mm, 65.9500 mm): Pad 60 [RTL_1V1] of U1 on F.Cu
[unconnected_items]: Missing connection between items
    Local override; error
    @(98.0000 mm, 65.9500 mm): Pad 60 [RTL_1V1] of U1 on F.Cu
    @(99.2000 mm, 65.9500 mm): Pad 63 [RTL_1V1] of U1 on F.Cu
[unconnected_items]: Missing connection between items
    Local override; error
    @(98.4000 mm, 58.0500 mm): Pad 25 [RTL_1V1] of U1 on F.Cu
    @(98.4000 mm, 57.5000 mm): Track [RTL_1V1] on B.Cu, length 0.2000 mm
[unconnected_items]: Missing connection between items
    Local override; error
    @(84.2000 mm, 72.0000 mm): Pad 3 [RTL_3V3] of U2 on F.Cu
    @(90.2000 mm, 72.0000 mm): Pad 8 [RTL_3V3] of U2 on F.Cu
[unconnected_items]: Missing connection between items
    Local override; error
    @(90.2000 mm, 72.0000 mm): Pad 8 [RTL_3V3] of U2 on F.Cu
    @(94.7000 mm, 65.9500 mm): Track [RTL_3V3] on F.Cu, length 2.4500 mm
[unconnected_items]: Missing connection between items
    Local override; error
    @(93.2000 mm, 48.0000 mm): Pad 2 [RTL_3V3] of R3 on F.Cu
    @(90.2000 mm, 48.0000 mm): Pad 2 [RTL_3V3] of R2 on F.Cu
[unconnected_items]: Missing connection between items
    Local override; error
    @(93.2000 mm, 48.0000 mm): Pad 2 [RTL_3V3] of R3 on F.Cu
    @(93.8000 mm, 54.5000 mm): Track [RTL_3V3] on F.Cu, length 2.0000 mm
[unconnected_items]: Missing connection between items
    Local override; error
    @(99.6000 mm, 65.9500 mm): Pad 64 [LANE0_RXP] of U1 on F.Cu
    @(134.2500 mm, 62.7250 mm): Pad 43 [LANE0_RXP] of J1 on F.Cu
[unconnected_items]: Missing connection between items
    Local override; error
    @(100.0000 mm, 65.9500 mm): Pad 65 [LANE0_RXN] of U1 on F.Cu
    @(133.7500 mm, 62.7250 mm): Pad 41 [LANE0_RXN] of J1 on F.Cu
[unconnected_items]: Missing connection between items
    Local override; error
    @(100.8000 mm, 65.9500 mm): Pad 67 [LANE0_TXN] of U1 on F.Cu
    @(135.2500 mm, 62.7250 mm): Pad 47 [LANE0_TXN] of J1 on F.Cu
[unconnected_items]: Missing connection between items
    Local override; error
    @(101.2000 mm, 65.9500 mm): Pad 68 [LANE0_TXP] of U1 on F.Cu
    @(135.7500 mm, 62.7250 mm): Pad 49 [LANE0_TXP] of J1 on F.Cu

** Found 0 Footprint errors **

** Ignored checks **
    - Footprint has no courtyard defined
    - Track endpoint not centered on via
    - Tuning profile track geometries
    - Footprint doesn't match symbol's footprint filters
    - Footprint component type doesn't match footprint pads

** End of Report **
