999
DXF file: c-1-2199230-4-b3-2d.dxf
999
Pro/ENGINEER 2021072 by Parametric Technology Corporation
  0
SECTION
  2
HEADER
  9
$ACADVER
  1
AC1014
  9
$DWGCODEPAGE
  3
ANSI_1252
  9
$EXTMAX
 10
420.0
 20
297.0
 30
0.0
  9
$EXTMIN
 10
0.0
 20
0.0
 30
0.0
  9
$LIMMIN
 10
0.0
 20
0.0
  9
$LIMMAX
 10
420.0
 20
297.0
  9
$VIEWCTR
 10
210.0
 20
148.5
  9
$VIEWSIZE
 40
297.0
  9
$CLAYER
  8
0
  9
$LTSCALE
 40
23.1
  9
$CELTYPE
  6
BYLAYER
  9
$DIMSCALE
 40
1.0
  9
$DIMASZ
 40
4.5
  9
$DIMEXO
 40
1.5
  9
$DIMDLI
 40
15.96
  9
$DIMEXE
 40
3.0
  9
$DIMCEN
 40
3.78
  9
$DIMLFAC
 40
0.3333333333
  9
$DIMBLK
  1
_CLOSED
  9
$DIMALT
 70
0
  9
$DIMALTF
 40
0.0393700787
  9
$DIMTXT
 40
3.0
  9
$DIMTOL
 70
1
  9
$DIMLIM
 70
0
  9
$DIMTFAC
 40
1.0
  9
$DIMTP
 40
0.01
  9
$DIMTM
 40
0.01
  9
$DIMGAP
 40
0.625
  9
$AUNITS
 70
0
  9
$PDMODE
 70
3
  9
$PDSIZE
 40
0.3125
  9
$HANDSEED
  5
CEE
  9
$TILEMODE
 70
1
  9
$MEASUREMENT
 70
1
  0
ENDSEC
  0
SECTION
  2
CLASSES
  0
ENDSEC
  0
SECTION
  2
TABLES
  0
TABLE
  2
VPORT
  5
8
100
AcDbSymbolTable
 70
2
  0
VPORT
  5
1F4
100
AcDbSymbolTableRecord
100
AcDbViewportTableRecord
  2
*ACTIVE
 70
0
 10
0.0
 20
0.0
 11
1.0
 21
1.0
 12
210.0
 22
148.5
 13
0.0
 23
0.0
 14
1.0
 24
1.0
 15
0.0
 25
0.0
 16
0.0
 26
0.0
 36
1.0
 17
0.0
 27
0.0
 37
0.0
 40
297.0
 41
1.4141414141
 42
50.0
 43
0.0
 44
0.0
 50
0.0
 51
0.0
 71
0
 72
100
 73
1
 74
1
 75
0
 76
0
 77
0
 78
0
  0
ENDTAB
  0
TABLE
  2
LTYPE
  5
5
100
AcDbSymbolTable
 70
6
  0
LTYPE
  5
14
100
AcDbSymbolTableRecord
100
AcDbLinetypeTableRecord
  2
BYBLOCK
 70
0
  3

 72
65
 73
0
 40
0.0
  0
LTYPE
  5
15
100
AcDbSymbolTableRecord
100
AcDbLinetypeTableRecord
  2
BYLAYER
 70
0
  3

 72
65
 73
0
 40
0.0
  0
LTYPE
  5
16
100
AcDbSymbolTableRecord
100
AcDbLinetypeTableRecord
  2
CONTINUOUS
 70
64
  3
Solid line
 72
65
 73
0
 40
0.0
  0
LTYPE
  5
1F5
100
AcDbSymbolTableRecord
100
AcDbLinetypeTableRecord
  2
CENTER
 70
64
  3
____ _ ____ _ ____ _ ____ _ ____ _ ____ _ ____
 72
65
 73
4
 40
0.6
 49
0.375
 74
0
 49
-0.075
 74
0
 49
0.075
 74
0
 49
-0.075
 74
0
  0
LTYPE
  5
1F6
100
AcDbSymbolTableRecord
100
AcDbLinetypeTableRecord
  2
HIDDEN
 70
64
  3
- - - - - - - - - - - - - - - - - - - -
 72
65
 73
2
 40
0.2
 49
0.1
 74
0
 49
-0.1
 74
0
  0
LTYPE
  5
1F7
100
AcDbSymbolTableRecord
100
AcDbLinetypeTableRecord
  2
PHANTOM
 70
64
  3
_____ _ _ _____ _ _ _____ _ _ _____
 72
65
 73
6
 40
0.8
 49
0.45
 74
0
 49
-0.05
 74
0
 49
0.1
 74
0
 49
-0.05
 74
0
 49
0.1
 74
0
 49
-0.05
 74
0
  0
LTYPE
  5
1F8
100
AcDbSymbolTableRecord
100
AcDbLinetypeTableRecord
  2
DOT
 70
64
  3
. . . . . . . . . . . . . . . . . . . .
 72
65
 73
2
 40
0.2
 49
0.1
 74
0
 49
-0.1
 74
0
  0
LTYPE
  5
1F9
100
AcDbSymbolTableRecord
100
AcDbLinetypeTableRecord
  2
DASHED
 70
64
  3
- - - - - - - - - - - - - - - - - - - -
 72
65
 73
2
 40
0.2
 49
0.1
 74
0
 49
-0.1
 74
0
  0
ENDTAB
  0
TABLE
  2
LAYER
  5
2
100
AcDbSymbolTable
 70
36
  0
LAYER
  5
10
100
AcDbSymbolTableRecord
100
AcDbLayerTableRecord
  2
0
 70
0
 62
7
  6
CONTINUOUS
  0
LAYER
  5
1FA
100
AcDbSymbolTableRecord
100
AcDbLayerTableRecord
  2
DEFAULT_1
 70
0
 62
7
  6
CENTER
  0
LAYER
  5
1FB
100
AcDbSymbolTableRecord
100
AcDbLayerTableRecord
  2
DEFAULT_2
 70
0
 62
8
  6
HIDDEN
  0
LAYER
  5
1FC
100
AcDbSymbolTableRecord
100
AcDbLayerTableRecord
  2
DEFAULT_3
 70
0
 62
7
  6
PHANTOM
  0
LAYER
  5
1FD
100
AcDbSymbolTableRecord
100
AcDbLayerTableRecord
  2
DRAFT_ENTITY
 70
0
 62
7
  6
CONTINUOUS
  0
LAYER
  5
1FE
100
AcDbSymbolTableRecord
100
AcDbLayerTableRecord
  2
DRAFT_GEOM
 70
0
 62
7
  6
CONTINUOUS
  0
LAYER
  5
1FF
100
AcDbSymbolTableRecord
100
AcDbLayerTableRecord
  2
DRAFT_GRP
 70
0
 62
7
  6
CONTINUOUS
  0
LAYER
  5
200
100
AcDbSymbolTableRecord
100
AcDbLayerTableRecord
  2
DRAFT_OTHER
 70
0
 62
7
  6
CONTINUOUS
  0
LAYER
  5
201
100
AcDbSymbolTableRecord
100
AcDbLayerTableRecord
  2
DTM_ALL
 70
0
 62
7
  6
CONTINUOUS
  0
LAYER
  5
202
100
AcDbSymbolTableRecord
100
AcDbLayerTableRecord
  2
DTM_AXIS
 70
0
 62
7
  6
CONTINUOUS
  0
LAYER
  5
203
100
AcDbSymbolTableRecord
100
AcDbLayerTableRecord
  2
DTM_MAJOR
 70
0
 62
7
  6
CONTINUOUS
  0
LAYER
  5
204
100
AcDbSymbolTableRecord
100
AcDbLayerTableRecord
  2
NOTE
 70
0
 62
7
  6
CONTINUOUS
  0
ENDTAB
  0
TABLE
  2
STYLE
  5
3
100
AcDbSymbolTable
 70
1
  0
STYLE
  5
11
100
AcDbSymbolTableRecord
100
AcDbTextStyleTableRecord
  2
STANDARD
 70
0
 40
0.0
 41
0.95
 50
0.0
 71
0
 42
0.2
  3
txt
  4

  0
STYLE
  5
205
100
AcDbSymbolTableRecord
100
AcDbTextStyleTableRecord
  2
TEXTSTYLE_1
 70
0
 40
0.0
 41
0.8
 50
0.0
 71
0
 42
0.2
  3
gdt
  4

  0
STYLE
  5
206
100
AcDbSymbolTableRecord
100
AcDbTextStyleTableRecord
  2
TEXTSTYLE_2
 70
0
 40
0.0
 41
0.8
 50
0.0
 71
0
 42
0.2
  3
txt
  4

  0
ENDTAB
  0
TABLE
  2
VIEW
  5
6
100
AcDbSymbolTable
 70
0
  0
ENDTAB
  0
TABLE
  2
UCS
  5
7
100
AcDbSymbolTable
 70
0
  0
ENDTAB
  0
TABLE
  2
APPID
  5
9
100
AcDbSymbolTable
 70
1
  0
APPID
  5
207
100
AcDbSymbolTableRecord
100
AcDbRegAppTableRecord
  2
ACAD
 70
0
  0
ENDTAB
  0
TABLE
  2
BLOCK_RECORD
  5
1
100
AcDbSymbolTable
 70
0
  0
BLOCK_RECORD
  5
1F
100
AcDbSymbolTableRecord
100
AcDbBlockTableRecord
  2
*MODEL_SPACE
  0
BLOCK_RECORD
  5
1B
100
AcDbSymbolTableRecord
100
AcDbBlockTableRecord
  2
*PAPER_SPACE
  0
BLOCK_RECORD
  5
208
100
AcDbSymbolTableRecord
100
AcDbBlockTableRecord
  2
_CLOSED
  0
BLOCK_RECORD
  5
209
100
AcDbSymbolTableRecord
100
AcDbBlockTableRecord
  2
TE_CONNECTIVITY_BL0
  0
ENDTAB
  0
TABLE
  2
DIMSTYLE
  5
A
100
AcDbSymbolTable
 70
1
  0
DIMSTYLE
105
20A
100
AcDbSymbolTableRecord
100
AcDbDimStyleTableRecord
  2
STANDARD
 70
0
  3

  4

  5
_CLOSED
  6
_CLOSED
  7
_CLOSED
 40
1.0
 41
4.5
 42
1.5
 43
0.38
 44
3.0
 45
0.0
 46
0.0
 47
0.01
 48
0.01
140
3.0
141
0.09
142
0.0
143
25.4
144
1.0
145
0.0
146
1.0
147
0.625
 71
1
 72
0
 73
1
 74
1
 75
0
 76
0
 77
0
 78
8
 79
2
170
0
171
1
172
0
173
0
174
0
175
0
176
0
177
0
178
0
270
2
271
2
272
2
273
2
274
2
275
0
280
0
281
0
282
0
283
1
284
8
285
0
286
0
287
3
288
0
340
11
  0
ENDTAB
  0
ENDSEC
  0
SECTION
  2
BLOCKS
  0
BLOCK
  5
20
100
AcDbEntity
  8
0
100
AcDbBlockBegin
  2
*MODEL_SPACE
 70
0
 10
0.0
 20
0.0
 30
0.0
  3
*MODEL_SPACE
  1

  0
ENDBLK
  5
21
100
AcDbEntity
  8
0
100
AcDbBlockEnd
  0
BLOCK
  5
1C
100
AcDbEntity
  8
0
100
AcDbBlockBegin
  2
*PAPER_SPACE
 70
0
 10
0.0
 20
0.0
 30
0.0
  3
*PAPER_SPACE
  1

  0
ENDBLK
  5
1D
100
AcDbEntity
  8
0
100
AcDbBlockEnd
  0
BLOCK
  5
20B
100
AcDbEntity
  8
0
100
AcDbBlockBegin
 62
2
  6
CONTINUOUS
  2
TE_CONNECTIVITY_BL0
 70
64
 10
315.0
 20
36.0
  3
TE_CONNECTIVITY_BL0
  1

  0
LINE
  5
20C
100
AcDbEntity
  8
0
100
AcDbLine
 62
2
  6
CONTINUOUS
 10
303.4442621268
 20
31.975
 11
311.2931594095
 21
31.975
  0
LINE
  5
20D
100
AcDbEntity
  8
0
100
AcDbLine
 62
2
  6
CONTINUOUS
 10
316.3319775183
 20
31.975
 11
318.4139164045
 21
31.975
  0
LINE
  5
20E
100
AcDbEntity
  8
0
100
AcDbLine
 62
2
  6
CONTINUOUS
 10
321.4865647769
 20
31.975
 11
327.8504615515
 21
31.975
  0
LINE
  5
20F
100
AcDbEntity
  8
0
100
AcDbLine
 62
2
  6
CONTINUOUS
 10
328.3338139487
 20
33.7788957044
 11
324.0176749741
 21
33.7788957044
  0
LINE
  5
210
100
AcDbEntity
  8
0
100
AcDbLine
 62
2
  6
CONTINUOUS
 10
311.2931594095
 20
34.2561326711
 11
303.4442621268
 21
34.2561326711
  0
LINE
  5
211
100
AcDbEntity
  8
0
100
AcDbLine
 62
2
  6
CONTINUOUS
 10
301.1331145522
 20
34.8594322328
 11
308.9820118349
 21
34.8594322328
  0
LINE
  5
212
100
AcDbEntity
  8
0
100
AcDbLine
 62
2
  6
CONTINUOUS
 10
316.0776474878
 20
40.0249971366
 11
315.5942950906
 21
38.2211014322
  0
LINE
  5
213
100
AcDbEntity
  8
0
100
AcDbLine
 62
2
  6
CONTINUOUS
 10
324.4045177413
 20
35.2226125659
 11
328.2576583666
 21
35.2226125659
  0
LINE
  5
214
100
AcDbEntity
  8
0
100
AcDbLine
 62
2
  6
CONTINUOUS
 10
328.6887347141
 20
36.8314113971
 11
324.8355940889
 21
36.8314113971
  0
LINE
  5
215
100
AcDbEntity
  8
0
100
AcDbLine
 62
2
  6
CONTINUOUS
 10
308.9820118349
 20
37.1405649038
 11
301.1331145522
 21
37.1405649038
  0
LINE
  5
216
100
AcDbEntity
  8
0
100
AcDbLine
 62
2
  6
CONTINUOUS
 10
304.9810251894
 20
37.7438644655
 11
312.8299224721
 21
37.7438644655
  0
LINE
  5
217
100
AcDbEntity
  8
0
100
AcDbLine
 62
2
  6
CONTINUOUS
 10
318.0056153529
 20
38.2211014322
 11
316.3319775183
 21
31.975
  0
LINE
  5
218
100
AcDbEntity
  8
0
100
AcDbLine
 62
2
  6
CONTINUOUS
 10
315.5942950906
 20
38.2211014322
 11
318.0056153529
 21
38.2211014322
  0
LINE
  5
219
100
AcDbEntity
  8
0
100
AcDbLine
 62
2
  6
CONTINUOUS
 10
320.0875542391
 20
38.2211014322
 11
322.4988745014
 21
38.2211014322
  0
LINE
  5
21A
100
AcDbEntity
  8
0
100
AcDbLine
 62
2
  6
CONTINUOUS
 10
325.2079604115
 20
38.2211014322
 11
329.5240993861
 21
38.2211014322
  0
LINE
  5
21B
100
AcDbEntity
  8
0
100
AcDbLine
 62
2
  6
CONTINUOUS
 10
330.0074517833
 20
40.0249971366
 11
323.6435550087
 21
40.0249971366
  0
LINE
  5
21C
100
AcDbEntity
  8
0
100
AcDbLine
 62
2
  6
CONTINUOUS
 10
322.9822268986
 20
40.0249971366
 11
316.0776474878
 21
40.0249971366
  0
LINE
  5
21D
100
AcDbEntity
  8
0
100
AcDbLine
 62
2
  6
CONTINUOUS
 10
312.8299224721
 20
40.0249971366
 11
304.9810251894
 21
40.0249971366
  0
LINE
  5
21E
100
AcDbEntity
  8
0
100
AcDbLine
 62
2
  6
CONTINUOUS
 10
318.4139164045
 20
31.975
 11
320.0875542391
 21
38.2211014322
  0
LINE
  5
21F
100
AcDbEntity
  8
0
100
AcDbLine
 62
2
  6
CONTINUOUS
 10
322.4988745014
 20
38.2211014322
 11
322.9822268986
 21
40.0249971366
  0
LINE
  5
220
100
AcDbEntity
  8
0
100
AcDbLine
 62
2
  6
CONTINUOUS
 10
323.6435550087
 20
40.0249971366
 11
321.4865647769
 21
31.975
  0
LINE
  5
221
100
AcDbEntity
  8
0
100
AcDbLine
 62
2
  6
CONTINUOUS
 10
324.0176749741
 20
33.7788957044
 11
324.4045177413
 21
35.2226125659
  0
LINE
  5
222
100
AcDbEntity
  8
0
100
AcDbLine
 62
2
  6
CONTINUOUS
 10
324.8355940889
 20
36.8314113971
 11
325.2079604115
 21
38.2211014322
  0
LINE
  5
223
100
AcDbEntity
  8
0
100
AcDbLine
 62
2
  6
CONTINUOUS
 10
328.2576583666
 20
35.2226125659
 11
328.6887347141
 21
36.8314113971
  0
LINE
  5
224
100
AcDbEntity
  8
0
100
AcDbLine
 62
2
  6
CONTINUOUS
 10
327.8504615515
 20
31.975
 11
328.3338139487
 21
33.7788957044
  0
LINE
  5
225
100
AcDbEntity
  8
0
100
AcDbLine
 62
2
  6
CONTINUOUS
 10
329.5240993861
 20
38.2211014322
 11
330.0074517833
 21
40.0249971366
  0
ARC
  5
226
100
AcDbEntity
  8
0
100
AcDbCircle
 62
2
  6
CONTINUOUS
 10
304.9810251894
 20
38.884430801
 40
1.1405663355
100
AcDbArc
 50
90.0
 51
270.0
  0
ARC
  5
227
100
AcDbEntity
  8
0
100
AcDbCircle
 62
2
  6
CONTINUOUS
 10
312.8299224721
 20
38.884430801
 40
1.1405663355
100
AcDbArc
 50
270.0
 51
90.0
  0
ARC
  5
228
100
AcDbEntity
  8
0
100
AcDbCircle
 62
2
  6
CONTINUOUS
 10
311.2931594095
 20
33.1155663355
 40
1.1405663355
100
AcDbArc
 50
270.0
 51
90.0
  0
ARC
  5
229
100
AcDbEntity
  8
0
100
AcDbCircle
 62
2
  6
CONTINUOUS
 10
303.4442621268
 20
33.1155663355
 40
1.1405663355
100
AcDbArc
 50
90.0
 51
270.0
  0
ARC
  5
22A
100
AcDbEntity
  8
0
100
AcDbCircle
 62
2
  6
CONTINUOUS
 10
308.9820118349
 20
35.9999985683
 40
1.1405663355
100
AcDbArc
 50
270.0
 51
90.0
  0
ARC
  5
22B
100
AcDbEntity
  8
0
100
AcDbCircle
 62
2
  6
CONTINUOUS
 10
301.1331145522
 20
35.9999985683
 40
1.1405663355
100
AcDbArc
 50
90.0
 51
270.0
  0
LWPOLYLINE
  5
22C
100
AcDbEntity
  8
0
100
AcDbPolyline
 62
2
  6
CONTINUOUS
 90
50
 70
0
 10
304.8321514087
 20
40.0152434035
 10
304.9810251894
 20
40.025
 10
312.8299224721
 20
40.025
 10
312.9787962529
 20
40.0152434035
 10
313.125122762
 20
39.9861346138
 10
313.2663983123
 20
39.9381727309
 10
313.4002056399
 20
39.8721869044
 10
313.5242552644
 20
39.7893041338
 10
313.6364246624
 20
39.6909331688
 10
313.7347945842
 20
39.5787645087
 10
313.8176818934
 20
39.4547140529
 10
313.883668365
 20
39.3209070004
 10
313.9316249522
 20
39.1796295507
 10
313.9607311046
 20
39.0333047528
 10
313.9704888077
 20
38.8844281057
 10
313.9607311046
 20
38.7355595087
 10
313.9316249522
 20
38.5892266607
 10
313.883668365
 20
38.447957261
 10
313.8176818934
 20
38.3141502086
 10
313.7347945842
 20
38.1900997527
 10
313.6364246624
 20
38.0779310926
 10
313.5242552644
 20
37.9795601276
 10
313.4002056399
 20
37.8966693071
 10
313.2663983123
 20
37.8306834805
 10
313.125122762
 20
37.7827296476
 10
312.9787962529
 20
37.7536208579
 10
304.9810251894
 20
37.7438642614
 10
304.8321514087
 20
37.7536208579
 10
304.6858248996
 20
37.7827296476
 10
304.5445493493
 20
37.8306834805
 10
304.4107420217
 20
37.8966693071
 10
304.2866923972
 20
37.9795601276
 10
304.1745229992
 20
38.0779310926
 10
304.0761530773
 20
38.1900997527
 10
303.9932657682
 20
38.3141502086
 10
303.9272792966
 20
38.447957261
 10
303.8793227094
 20
38.5892266607
 10
303.850216557
 20
38.7355595087
 10
303.8404588539
 20
38.8844281057
 10
303.850216557
 20
39.0333047528
 10
303.8793227094
 20
39.1796295507
 10
303.9272792966
 20
39.3209070004
 10
303.9932657682
 20
39.4547140529
 10
304.0761530773
 20
39.5787645087
 10
304.1745229992
 20
39.6909331688
 10
304.2866923972
 20
39.7893041338
 10
304.4107420217
 20
39.8721869044
 10
304.5445493493
 20
39.9381727309
 10
304.6858248996
 20
39.9861346138
 10
304.8321514087
 20
40.0152434035
  0
HATCH
  5
22D
100
AcDbEntity
  8
0
100
AcDbHatch
 62
2
  6
CONTINUOUS
 10
0.0
 20
0.0
 30
0.0
210
0.0
220
0.0
230
1.0
  2
SOLID
 70
1
 71
1
 91
1
 92
1
 93
49
 72
1
 10
304.8321514087
 20
40.0152434035
 11
304.9810251894
 21
40.025
 72
1
 10
304.9810251894
 20
40.025
 11
312.8299224721
 21
40.025
 72
1
 10
312.8299224721
 20
40.025
 11
312.9787962529
 21
40.0152434035
 72
1
 10
312.9787962529
 20
40.0152434035
 11
313.125122762
 21
39.9861346138
 72
1
 10
313.125122762
 20
39.9861346138
 11
313.2663983123
 21
39.9381727309
 72
1
 10
313.2663983123
 20
39.9381727309
 11
313.4002056399
 21
39.8721869044
 72
1
 10
313.4002056399
 20
39.8721869044
 11
313.5242552644
 21
39.7893041338
 72
1
 10
313.5242552644
 20
39.7893041338
 11
313.6364246624
 21
39.6909331688
 72
1
 10
313.6364246624
 20
39.6909331688
 11
313.7347945842
 21
39.5787645087
 72
1
 10
313.7347945842
 20
39.5787645087
 11
313.8176818934
 21
39.4547140529
 72
1
 10
313.8176818934
 20
39.4547140529
 11
313.883668365
 21
39.3209070004
 72
1
 10
313.883668365
 20
39.3209070004
 11
313.9316249522
 21
39.1796295507
 72
1
 10
313.9316249522
 20
39.1796295507
 11
313.9607311046
 21
39.0333047528
 72
1
 10
313.9607311046
 20
39.0333047528
 11
313.9704888077
 21
38.8844281057
 72
1
 10
313.9704888077
 20
38.8844281057
 11
313.9607311046
 21
38.7355595087
 72
1
 10
313.9607311046
 20
38.7355595087
 11
313.9316249522
 21
38.5892266607
 72
1
 10
313.9316249522
 20
38.5892266607
 11
313.883668365
 21
38.447957261
 72
1
 10
313.883668365
 20
38.447957261
 11
313.8176818934
 21
38.3141502086
 72
1
 10
313.8176818934
 20
38.3141502086
 11
313.7347945842
 21
38.1900997527
 72
1
 10
313.7347945842
 20
38.1900997527
 11
313.6364246624
 21
38.0779310926
 72
1
 10
313.6364246624
 20
38.0779310926
 11
313.5242552644
 21
37.9795601276
 72
1
 10
313.5242552644
 20
37.9795601276
 11
313.4002056399
 21
37.8966693071
 72
1
 10
313.4002056399
 20
37.8966693071
 11
313.2663983123
 21
37.8306834805
 72
1
 10
313.2663983123
 20
37.8306834805
 11
313.125122762
 21
37.7827296476
 72
1
 10
313.125122762
 20
37.7827296476
 11
312.9787962529
 21
37.7536208579
 72
1
 10
312.9787962529
 20
37.7536208579
 11
304.9810251894
 21
37.7438642614
 72
1
 10
304.9810251894
 20
37.7438642614
 11
304.8321514087
 21
37.7536208579
 72
1
 10
304.8321514087
 20
37.7536208579
 11
304.6858248996
 21
37.7827296476
 72
1
 10
304.6858248996
 20
37.7827296476
 11
304.5445493493
 21
37.8306834805
 72
1
 10
304.5445493493
 20
37.8306834805
 11
304.4107420217
 21
37.8966693071
 72
1
 10
304.4107420217
 20
37.8966693071
 11
304.2866923972
 21
37.9795601276
 72
1
 10
304.2866923972
 20
37.9795601276
 11
304.1745229992
 21
38.0779310926
 72
1
 10
304.1745229992
 20
38.0779310926
 11
304.0761530773
 21
38.1900997527
 72
1
 10
304.0761530773
 20
38.1900997527
 11
303.9932657682
 21
38.3141502086
 72
1
 10
303.9932657682
 20
38.3141502086
 11
303.9272792966
 21
38.447957261
 72
1
 10
303.9272792966
 20
38.447957261
 11
303.8793227094
 21
38.5892266607
 72
1
 10
303.8793227094
 20
38.5892266607
 11
303.850216557
 21
38.7355595087
 72
1
 10
303.850216557
 20
38.7355595087
 11
303.8404588539
 21
38.8844281057
 72
1
 10
303.8404588539
 20
38.8844281057
 11
303.850216557
 21
39.0333047528
 72
1
 10
303.850216557
 20
39.0333047528
 11
303.8793227094
 21
39.1796295507
 72
1
 10
303.8793227094
 20
39.1796295507
 11
303.9272792966
 21
39.3209070004
 72
1
 10
303.9272792966
 20
39.3209070004
 11
303.9932657682
 21
39.4547140529
 72
1
 10
303.9932657682
 20
39.4547140529
 11
304.0761530773
 21
39.5787645087
 72
1
 10
304.0761530773
 20
39.5787645087
 11
304.1745229992
 21
39.6909331688
 72
1
 10
304.1745229992
 20
39.6909331688
 11
304.2866923972
 21
39.7893041338
 72
1
 10
304.2866923972
 20
39.7893041338
 11
304.4107420217
 21
39.8721869044
 72
1
 10
304.4107420217
 20
39.8721869044
 11
304.5445493493
 21
39.9381727309
 72
1
 10
304.5445493493
 20
39.9381727309
 11
304.6858248996
 21
39.9861346138
 72
1
 10
304.6858248996
 20
39.9861346138
 11
304.8321514087
 21
40.0152434035
 97
1
330
22C
 75
0
 76
1
 98
1
 10
0.0
 20
0.0
  0
LWPOLYLINE
  5
22E
100
AcDbEntity
  8
0
100
AcDbPolyline
 62
2
  6
CONTINUOUS
 90
9
 70
0
 10
315.5942950906
 20
38.2211002917
 10
316.0776474878
 20
40.025
 10
322.9822268986
 20
40.025
 10
322.4988745014
 20
38.2211002917
 10
320.0875542391
 20
38.2211002917
 10
318.4139164045
 20
31.9750028634
 10
316.3319775183
 20
31.9750028634
 10
318.0056153529
 20
38.2211002917
 10
315.5942950906
 20
38.2211002917
  0
HATCH
  5
22F
100
AcDbEntity
  8
0
100
AcDbHatch
 62
2
  6
CONTINUOUS
 10
0.0
 20
0.0
 30
0.0
210
0.0
220
0.0
230
1.0
  2
SOLID
 70
1
 71
1
 91
1
 92
1
 93
8
 72
1
 10
315.5942950906
 20
38.2211002917
 11
316.0776474878
 21
40.025
 72
1
 10
316.0776474878
 20
40.025
 11
322.9822268986
 21
40.025
 72
1
 10
322.9822268986
 20
40.025
 11
322.4988745014
 21
38.2211002917
 72
1
 10
322.4988745014
 20
38.2211002917
 11
320.0875542391
 21
38.2211002917
 72
1
 10
320.0875542391
 20
38.2211002917
 11
318.4139164045
 21
31.9750028634
 72
1
 10
318.4139164045
 20
31.9750028634
 11
316.3319775183
 21
31.9750028634
 72
1
 10
316.3319775183
 20
31.9750028634
 11
318.0056153529
 21
38.2211002917
 72
1
 10
318.0056153529
 20
38.2211002917
 11
315.5942950906
 21
38.2211002917
 97
1
330
22E
 75
0
 76
1
 98
1
 10
0.0
 20
0.0
  0
LWPOLYLINE
  5
230
100
AcDbEntity
  8
0
100
AcDbPolyline
 62
2
  6
CONTINUOUS
 90
6
 70
0
 10
330.0074517833
 20
40.025
 10
329.5240993861
 20
38.2211002917
 10
325.2079604115
 20
38.2211002917
 10
321.4865647769
 20
31.9750028634
 10
323.6435550087
 20
40.025
 10
330.0074517833
 20
40.025
  0
HATCH
  5
231
100
AcDbEntity
  8
0
100
AcDbHatch
 62
2
  6
CONTINUOUS
 10
0.0
 20
0.0
 30
0.0
210
0.0
220
0.0
230
1.0
  2
SOLID
 70
1
 71
1
 91
1
 92
1
 93
5
 72
1
 10
330.0074517833
 20
40.025
 11
329.5240993861
 21
38.2211002917
 72
1
 10
329.5240993861
 20
38.2211002917
 11
325.2079604115
 21
38.2211002917
 72
1
 10
325.2079604115
 20
38.2211002917
 11
321.4865647769
 21
31.9750028634
 72
1
 10
321.4865647769
 20
31.9750028634
 11
323.6435550087
 21
40.025
 72
1
 10
323.6435550087
 20
40.025
 11
330.0074517833
 21
40.025
 97
1
330
230
 75
0
 76
1
 98
1
 10
0.0
 20
0.0
  0
SOLID
  5
232
100
AcDbEntity
  8
0
100
AcDbTrace
 62
2
  6
CONTINUOUS
 10
312.9787962529
 20
37.7536208579
 11
312.8299224721
 21
37.7438642614
 12
304.9810251894
 22
37.7438642614
 13
304.9810251894
 23
37.7438642614
  0
LWPOLYLINE
  5
233
100
AcDbEntity
  8
0
100
AcDbPolyline
 62
2
  6
CONTINUOUS
 90
50
 70
0
 10
300.9842407715
 20
37.1308086795
 10
301.1331145522
 20
37.140565276
 10
308.9820118349
 20
37.140565276
 10
309.1308856156
 20
37.1308086795
 10
309.2772121247
 20
37.1016998898
 10
309.418487675
 20
37.0537460569
 10
309.5522950027
 20
36.9877602304
 10
309.6763446272
 20
36.9048694098
 10
309.7885140251
 20
36.8064984448
 10
309.886883947
 20
36.6943297847
 10
309.9697712562
 20
36.5702793289
 10
310.0357577278
 20
36.4364722765
 10
310.083714315
 20
36.2952028767
 10
310.1128204673
 20
36.1488700288
 10
310.1225781704
 20
36.0000014317
 10
310.1128204673
 20
35.8511247847
 10
310.083714315
 20
35.7047999867
 10
310.0357577278
 20
35.563522537
 10
309.9697712562
 20
35.4297154846
 10
309.886883947
 20
35.3056650287
 10
309.7885140251
 20
35.1934963686
 10
309.6763446272
 20
35.0951254036
 10
309.5522950027
 20
35.0122426331
 10
309.418487675
 20
34.9462487565
 10
309.2772121247
 20
34.8982949236
 10
309.1308856156
 20
34.8691861339
 10
301.1331145522
 20
34.8594295374
 10
300.9842407715
 20
34.8691861339
 10
300.8379142624
 20
34.8982949236
 10
300.6966387121
 20
34.9462487565
 10
300.5628313844
 20
35.0122426331
 10
300.4387817599
 20
35.0951254036
 10
300.326612362
 20
35.1934963686
 10
300.2282424401
 20
35.3056650287
 10
300.1453551309
 20
35.4297154846
 10
300.0793686593
 20
35.563522537
 10
300.0314120721
 20
35.7047999867
 10
300.0023059198
 20
35.8511247847
 10
299.9925482167
 20
36.0000014317
 10
300.0023059198
 20
36.1488700288
 10
300.0314120721
 20
36.2952028767
 10
300.0793686593
 20
36.4364722765
 10
300.1453551309
 20
36.5702793289
 10
300.2282424401
 20
36.6943297847
 10
300.326612362
 20
36.8064984448
 10
300.4387817599
 20
36.9048694098
 10
300.5628313844
 20
36.9877602304
 10
300.6966387121
 20
37.0537460569
 10
300.8379142624
 20
37.1016998898
 10
300.9842407715
 20
37.1308086795
  0
HATCH
  5
234
100
AcDbEntity
  8
0
100
AcDbHatch
 62
2
  6
CONTINUOUS
 10
0.0
 20
0.0
 30
0.0
210
0.0
220
0.0
230
1.0
  2
SOLID
 70
1
 71
1
 91
1
 92
1
 93
49
 72
1
 10
300.9842407715
 20
37.1308086795
 11
301.1331145522
 21
37.140565276
 72
1
 10
301.1331145522
 20
37.140565276
 11
308.9820118349
 21
37.140565276
 72
1
 10
308.9820118349
 20
37.140565276
 11
309.1308856156
 21
37.1308086795
 72
1
 10
309.1308856156
 20
37.1308086795
 11
309.2772121247
 21
37.1016998898
 72
1
 10
309.2772121247
 20
37.1016998898
 11
309.418487675
 21
37.0537460569
 72
1
 10
309.418487675
 20
37.0537460569
 11
309.5522950027
 21
36.9877602304
 72
1
 10
309.5522950027
 20
36.9877602304
 11
309.6763446272
 21
36.9048694098
 72
1
 10
309.6763446272
 20
36.9048694098
 11
309.7885140251
 21
36.8064984448
 72
1
 10
309.7885140251
 20
36.8064984448
 11
309.886883947
 21
36.6943297847
 72
1
 10
309.886883947
 20
36.6943297847
 11
309.9697712562
 21
36.5702793289
 72
1
 10
309.9697712562
 20
36.5702793289
 11
310.0357577278
 21
36.4364722765
 72
1
 10
310.0357577278
 20
36.4364722765
 11
310.083714315
 21
36.2952028767
 72
1
 10
310.083714315
 20
36.2952028767
 11
310.1128204673
 21
36.1488700288
 72
1
 10
310.1128204673
 20
36.1488700288
 11
310.1225781704
 21
36.0000014317
 72
1
 10
310.1225781704
 20
36.0000014317
 11
310.1128204673
 21
35.8511247847
 72
1
 10
310.1128204673
 20
35.8511247847
 11
310.083714315
 21
35.7047999867
 72
1
 10
310.083714315
 20
35.7047999867
 11
310.0357577278
 21
35.563522537
 72
1
 10
310.0357577278
 20
35.563522537
 11
309.9697712562
 21
35.4297154846
 72
1
 10
309.9697712562
 20
35.4297154846
 11
309.886883947
 21
35.3056650287
 72
1
 10
309.886883947
 20
35.3056650287
 11
309.7885140251
 21
35.1934963686
 72
1
 10
309.7885140251
 20
35.1934963686
 11
309.6763446272
 21
35.0951254036
 72
1
 10
309.6763446272
 20
35.0951254036
 11
309.5522950027
 21
35.0122426331
 72
1
 10
309.5522950027
 20
35.0122426331
 11
309.418487675
 21
34.9462487565
 72
1
 10
309.418487675
 20
34.9462487565
 11
309.2772121247
 21
34.8982949236
 72
1
 10
309.2772121247
 20
34.8982949236
 11
309.1308856156
 21
34.8691861339
 72
1
 10
309.1308856156
 20
34.8691861339
 11
301.1331145522
 21
34.8594295374
 72
1
 10
301.1331145522
 20
34.8594295374
 11
300.9842407715
 21
34.8691861339
 72
1
 10
300.9842407715
 20
34.8691861339
 11
300.8379142624
 21
34.8982949236
 72
1
 10
300.8379142624
 20
34.8982949236
 11
300.6966387121
 21
34.9462487565
 72
1
 10
300.6966387121
 20
34.9462487565
 11
300.5628313844
 21
35.0122426331
 72
1
 10
300.5628313844
 20
35.0122426331
 11
300.4387817599
 21
35.0951254036
 72
1
 10
300.4387817599
 20
35.0951254036
 11
300.326612362
 21
35.1934963686
 72
1
 10
300.326612362
 20
35.1934963686
 11
300.2282424401
 21
35.3056650287
 72
1
 10
300.2282424401
 20
35.3056650287
 11
300.1453551309
 21
35.4297154846
 72
1
 10
300.1453551309
 20
35.4297154846
 11
300.0793686593
 21
35.563522537
 72
1
 10
300.0793686593
 20
35.563522537
 11
300.0314120721
 21
35.7047999867
 72
1
 10
300.0314120721
 20
35.7047999867
 11
300.0023059198
 21
35.8511247847
 72
1
 10
300.0023059198
 20
35.8511247847
 11
299.9925482167
 21
36.0000014317
 72
1
 10
299.9925482167
 20
36.0000014317
 11
300.0023059198
 21
36.1488700288
 72
1
 10
300.0023059198
 20
36.1488700288
 11
300.0314120721
 21
36.2952028767
 72
1
 10
300.0314120721
 20
36.2952028767
 11
300.0793686593
 21
36.4364722765
 72
1
 10
300.0793686593
 20
36.4364722765
 11
300.1453551309
 21
36.5702793289
 72
1
 10
300.1453551309
 20
36.5702793289
 11
300.2282424401
 21
36.6943297847
 72
1
 10
300.2282424401
 20
36.6943297847
 11
300.326612362
 21
36.8064984448
 72
1
 10
300.326612362
 20
36.8064984448
 11
300.4387817599
 21
36.9048694098
 72
1
 10
300.4387817599
 20
36.9048694098
 11
300.5628313844
 21
36.9877602304
 72
1
 10
300.5628313844
 20
36.9877602304
 11
300.6966387121
 21
37.0537460569
 72
1
 10
300.6966387121
 20
37.0537460569
 11
300.8379142624
 21
37.1016998898
 72
1
 10
300.8379142624
 20
37.1016998898
 11
300.9842407715
 21
37.1308086795
 97
1
330
233
 75
0
 76
1
 98
1
 10
0.0
 20
0.0
  0
LWPOLYLINE
  5
235
100
AcDbEntity
  8
0
100
AcDbPolyline
 62
2
  6
CONTINUOUS
 90
7
 70
0
 10
328.6887347141
 20
36.831413186
 10
328.2576583666
 20
35.2226132082
 10
324.4045177413
 20
35.2226132082
 10
321.4865647769
 20
31.9750028634
 10
325.2079604115
 20
38.2211002917
 10
324.8355940889
 20
36.831413186
 10
328.6887347141
 20
36.831413186
  0
HATCH
  5
236
100
AcDbEntity
  8
0
100
AcDbHatch
 62
2
  6
CONTINUOUS
 10
0.0
 20
0.0
 30
0.0
210
0.0
220
0.0
230
1.0
  2
SOLID
 70
1
 71
1
 91
1
 92
1
 93
6
 72
1
 10
328.6887347141
 20
36.831413186
 11
328.2576583666
 21
35.2226132082
 72
1
 10
328.2576583666
 20
35.2226132082
 11
324.4045177413
 21
35.2226132082
 72
1
 10
324.4045177413
 20
35.2226132082
 11
321.4865647769
 21
31.9750028634
 72
1
 10
321.4865647769
 20
31.9750028634
 11
325.2079604115
 21
38.2211002917
 72
1
 10
325.2079604115
 20
38.2211002917
 11
324.8355940889
 21
36.831413186
 72
1
 10
324.8355940889
 20
36.831413186
 11
328.6887347141
 21
36.831413186
 97
1
330
235
 75
0
 76
1
 98
1
 10
0.0
 20
0.0
  0
SOLID
  5
237
100
AcDbEntity
  8
0
100
AcDbTrace
 62
2
  6
CONTINUOUS
 10
309.1308856156
 20
34.8691861339
 11
308.9820118349
 21
34.8594295374
 12
301.1331145522
 22
34.8594295374
 13
301.1331145522
 23
34.8594295374
  0
LWPOLYLINE
  5
238
100
AcDbEntity
  8
0
100
AcDbPolyline
 62
2
  6
CONTINUOUS
 90
50
 70
0
 10
303.2953883461
 20
34.2463739555
 10
303.4442621268
 20
34.256130552
 10
311.2931594095
 20
34.256130552
 10
311.4420331903
 20
34.2463739555
 10
311.5883596994
 20
34.2172651658
 10
311.7296352496
 20
34.1693113329
 10
311.8634425773
 20
34.1033255064
 10
311.9874922018
 20
34.0204346859
 10
312.0996615998
 20
33.9220717708
 10
312.1980315216
 20
33.8099031107
 10
312.2809188308
 20
33.6858526549
 10
312.3469053024
 20
33.5520456025
 10
312.3948618896
 20
33.4107681527
 10
312.4239680419
 20
33.2644433548
 10
312.4337257451
 20
33.1155667077
 10
312.4239680419
 20
32.9666900607
 10
312.3948618896
 20
32.8203652627
 10
312.3469053024
 20
32.679087813
 10
312.2809188308
 20
32.5452807606
 10
312.1980315216
 20
32.4212303047
 10
312.0996615998
 20
32.3090616446
 10
311.9874922018
 20
32.2106906796
 10
311.8634425773
 20
32.1278079091
 10
311.7296352496
 20
32.0618220825
 10
311.5883596994
 20
32.0138601996
 10
311.4420331903
 20
31.98475946
 10
303.4442621268
 20
31.9750028634
 10
303.2953883461
 20
31.98475946
 10
303.149061837
 20
32.0138601996
 10
303.0077862867
 20
32.0618220825
 10
302.8739789591
 20
32.1278079091
 10
302.7499293345
 20
32.2106906796
 10
302.6377599366
 20
32.3090616446
 10
302.5393900147
 20
32.4212303047
 10
302.4565027056
 20
32.5452807606
 10
302.390516234
 20
32.679087813
 10
302.3425596467
 20
32.8203652627
 10
302.3134534944
 20
32.9666900607
 10
302.3036957913
 20
33.1155667077
 10
302.3134534944
 20
33.2644433548
 10
302.3425596467
 20
33.4107681527
 10
302.390516234
 20
33.5520456025
 10
302.4565027056
 20
33.6858526549
 10
302.5393900147
 20
33.8099031107
 10
302.6377599366
 20
33.9220717708
 10
302.7499293345
 20
34.0204346859
 10
302.8739789591
 20
34.1033255064
 10
303.0077862867
 20
34.1693113329
 10
303.149061837
 20
34.2172651658
 10
303.2953883461
 20
34.2463739555
  0
HATCH
  5
239
100
AcDbEntity
  8
0
100
AcDbHatch
 62
2
  6
CONTINUOUS
 10
0.0
 20
0.0
 30
0.0
210
0.0
220
0.0
230
1.0
  2
SOLID
 70
1
 71
1
 91
1
 92
1
 93
49
 72
1
 10
303.2953883461
 20
34.2463739555
 11
303.4442621268
 21
34.256130552
 72
1
 10
303.4442621268
 20
34.256130552
 11
311.2931594095
 21
34.256130552
 72
1
 10
311.2931594095
 20
34.256130552
 11
311.4420331903
 21
34.2463739555
 72
1
 10
311.4420331903
 20
34.2463739555
 11
311.5883596994
 21
34.2172651658
 72
1
 10
311.5883596994
 20
34.2172651658
 11
311.7296352496
 21
34.1693113329
 72
1
 10
311.7296352496
 20
34.1693113329
 11
311.8634425773
 21
34.1033255064
 72
1
 10
311.8634425773
 20
34.1033255064
 11
311.9874922018
 21
34.0204346859
 72
1
 10
311.9874922018
 20
34.0204346859
 11
312.0996615998
 21
33.9220717708
 72
1
 10
312.0996615998
 20
33.9220717708
 11
312.1980315216
 21
33.8099031107
 72
1
 10
312.1980315216
 20
33.8099031107
 11
312.2809188308
 21
33.6858526549
 72
1
 10
312.2809188308
 20
33.6858526549
 11
312.3469053024
 21
33.5520456025
 72
1
 10
312.3469053024
 20
33.5520456025
 11
312.3948618896
 21
33.4107681527
 72
1
 10
312.3948618896
 20
33.4107681527
 11
312.4239680419
 21
33.2644433548
 72
1
 10
312.4239680419
 20
33.2644433548
 11
312.4337257451
 21
33.1155667077
 72
1
 10
312.4337257451
 20
33.1155667077
 11
312.4239680419
 21
32.9666900607
 72
1
 10
312.4239680419
 20
32.9666900607
 11
312.3948618896
 21
32.8203652627
 72
1
 10
312.3948618896
 20
32.8203652627
 11
312.3469053024
 21
32.679087813
 72
1
 10
312.3469053024
 20
32.679087813
 11
312.2809188308
 21
32.5452807606
 72
1
 10
312.2809188308
 20
32.5452807606
 11
312.1980315216
 21
32.4212303047
 72
1
 10
312.1980315216
 20
32.4212303047
 11
312.0996615998
 21
32.3090616446
 72
1
 10
312.0996615998
 20
32.3090616446
 11
311.9874922018
 21
32.2106906796
 72
1
 10
311.9874922018
 20
32.2106906796
 11
311.8634425773
 21
32.1278079091
 72
1
 10
311.8634425773
 20
32.1278079091
 11
311.7296352496
 21
32.0618220825
 72
1
 10
311.7296352496
 20
32.0618220825
 11
311.5883596994
 21
32.0138601996
 72
1
 10
311.5883596994
 20
32.0138601996
 11
311.4420331903
 21
31.98475946
 72
1
 10
311.4420331903
 20
31.98475946
 11
303.4442621268
 21
31.9750028634
 72
1
 10
303.4442621268
 20
31.9750028634
 11
303.2953883461
 21
31.98475946
 72
1
 10
303.2953883461
 20
31.98475946
 11
303.149061837
 21
32.0138601996
 72
1
 10
303.149061837
 20
32.0138601996
 11
303.0077862867
 21
32.0618220825
 72
1
 10
303.0077862867
 20
32.0618220825
 11
302.8739789591
 21
32.1278079091
 72
1
 10
302.8739789591
 20
32.1278079091
 11
302.7499293345
 21
32.2106906796
 72
1
 10
302.7499293345
 20
32.2106906796
 11
302.6377599366
 21
32.3090616446
 72
1
 10
302.6377599366
 20
32.3090616446
 11
302.5393900147
 21
32.4212303047
 72
1
 10
302.5393900147
 20
32.4212303047
 11
302.4565027056
 21
32.5452807606
 72
1
 10
302.4565027056
 20
32.5452807606
 11
302.390516234
 21
32.679087813
 72
1
 10
302.390516234
 20
32.679087813
 11
302.3425596467
 21
32.8203652627
 72
1
 10
302.3425596467
 20
32.8203652627
 11
302.3134534944
 21
32.9666900607
 72
1
 10
302.3134534944
 20
32.9666900607
 11
302.3036957913
 21
33.1155667077
 72
1
 10
302.3036957913
 20
33.1155667077
 11
302.3134534944
 21
33.2644433548
 72
1
 10
302.3134534944
 20
33.2644433548
 11
302.3425596467
 21
33.4107681527
 72
1
 10
302.3425596467
 20
33.4107681527
 11
302.390516234
 21
33.5520456025
 72
1
 10
302.390516234
 20
33.5520456025
 11
302.4565027056
 21
33.6858526549
 72
1
 10
302.4565027056
 20
33.6858526549
 11
302.5393900147
 21
33.8099031107
 72
1
 10
302.5393900147
 20
33.8099031107
 11
302.6377599366
 21
33.9220717708
 72
1
 10
302.6377599366
 20
33.9220717708
 11
302.7499293345
 21
34.0204346859
 72
1
 10
302.7499293345
 20
34.0204346859
 11
302.8739789591
 21
34.1033255064
 72
1
 10
302.8739789591
 20
34.1033255064
 11
303.0077862867
 21
34.1693113329
 72
1
 10
303.0077862867
 20
34.1693113329
 11
303.149061837
 21
34.2172651658
 72
1
 10
303.149061837
 20
34.2172651658
 11
303.2953883461
 21
34.2463739555
 97
1
330
238
 75
0
 76
1
 98
1
 10
0.0
 20
0.0
  0
SOLID
  5
23A
100
AcDbEntity
  8
0
100
AcDbTrace
 62
2
  6
CONTINUOUS
 10
311.4420331903
 20
31.98475946
 11
311.2931594095
 21
31.9750028634
 12
303.4442621268
 22
31.9750028634
 13
303.4442621268
 23
31.9750028634
  0
LWPOLYLINE
  5
23B
100
AcDbEntity
  8
0
100
AcDbPolyline
 62
2
  6
CONTINUOUS
 90
6
 70
0
 10
328.3338139487
 20
33.7788945218
 10
327.8504615515
 20
31.9750028634
 10
321.4865647769
 20
31.9750028634
 10
324.4045177413
 20
35.2226132082
 10
324.0176749741
 20
33.7788945218
 10
328.3338139487
 20
33.7788945218
  0
HATCH
  5
23C
100
AcDbEntity
  8
0
100
AcDbHatch
 62
2
  6
CONTINUOUS
 10
0.0
 20
0.0
 30
0.0
210
0.0
220
0.0
230
1.0
  2
SOLID
 70
1
 71
1
 91
1
 92
1
 93
5
 72
1
 10
328.3338139487
 20
33.7788945218
 11
327.8504615515
 21
31.9750028634
 72
1
 10
327.8504615515
 20
31.9750028634
 11
321.4865647769
 21
31.9750028634
 72
1
 10
321.4865647769
 20
31.9750028634
 11
324.4045177413
 21
35.2226132082
 72
1
 10
324.4045177413
 20
35.2226132082
 11
324.0176749741
 21
33.7788945218
 72
1
 10
324.0176749741
 20
33.7788945218
 11
328.3338139487
 21
33.7788945218
 97
1
330
23B
 75
0
 76
1
 98
1
 10
0.0
 20
0.0
  0
ENDBLK
  5
23D
100
AcDbEntity
  8
0
  6
BYBLOCK
 62
0
100
AcDbBlockEnd
  0
BLOCK
  5
23E
100
AcDbEntity
  8
0
100
AcDbBlockBegin
  2
_CLOSED
 70
64
 10
0.0
 20
0.0
  3
_CLOSED
  1

  0
LINE
  5
23F
100
AcDbEntity
  8
0
  6
BYBLOCK
 62
0
100
AcDbLine
 10
0.0
 20
0.0
 11
-1.0
 21
0.1666666667
  0
LINE
  5
240
100
AcDbEntity
  8
0
  6
BYBLOCK
 62
0
100
AcDbLine
 10
-1.0
 20
0.1666666667
 11
-1.0
 21
-0.1666666667
  0
LINE
  5
241
100
AcDbEntity
  8
0
  6
BYBLOCK
 62
0
100
AcDbLine
 10
-1.0
 20
-0.1666666667
 11
0.0
 21
0.0
  0
LINE
  5
242
100
AcDbEntity
  8
0
  6
BYBLOCK
 62
0
100
AcDbLine
 10
-1.0
 20
0.0
 11
0.0
 21
0.0
  0
ENDBLK
  5
243
100
AcDbEntity
  8
0
  6
BYBLOCK
 62
0
100
AcDbBlockEnd
  0
ENDSEC
  0
SECTION
  2
ENTITIES
  0
TEXT
  5
244
100
AcDbEntity
  8
0
100
AcDbText
 62
2
  6
CONTINUOUS
 10
273.9447944556
 20
16.2331743479
  7
STANDARD
 40
1.5200002147
  1
SIZE
 41
0.95
 72
0
100
AcDbText
  0
TEXT
  5
245
100
AcDbEntity
  8
0
100
AcDbText
 62
2
  6
CONTINUOUS
 10
287.5144966041
 20
16.2331819773
  7
STANDARD
 40
1.5200002147
  1
DRAWING NO
 41
0.95
 72
0
100
AcDbText
  0
TEXT
  5
246
100
AcDbEntity
  8
0
100
AcDbText
 62
2
  6
CONTINUOUS
 10
354.2964949762
 20
16.2330905319
  7
STANDARD
 40
1.52
  1
VERSION
 41
0.95
 72
0
100
AcDbText
  0
TEXT
  5
247
100
AcDbEntity
  8
0
100
AcDbText
 62
2
  6
CONTINUOUS
 10
274.4447944556
 20
25.5657549143
  7
STANDARD
 40
1.5200002147
  1
NAME
 41
0.95
 72
0
100
AcDbText
  0
TEXT
  5
248
100
AcDbEntity
  8
0
100
AcDbText
 62
2
  6
CONTINUOUS
 10
276.2800492314
 20
10.3485471083
  7
STANDARD
 40
4.9999998868
  1
A3
 41
0.95
 72
0
100
AcDbText
  0
TEXT
  5
249
100
AcDbEntity
  8
0
100
AcDbText
 62
2
  6
CONTINUOUS
 10
297.3906714731
 20
21.1920805906
  7
TEXTSTYLE_2
 40
3.968
  1
CUSTOMER VIEW MODEL DRAWING
 41
0.8
 72
1
 11
340.2450714731
 21
21.1920805906
100
AcDbText
  0
TEXT
  5
24A
100
AcDbEntity
  8
0
100
AcDbText
 62
2
  6
CONTINUOUS
 10
347.0299084682
 20
34.4224093775
  7
TEXTSTYLE_2
 40
2.5
  1
TE Connectivity
 41
0.8
 72
0
100
AcDbText
  0
TEXT
  5
24B
100
AcDbEntity
  8
0
100
AcDbText
 62
2
  6
CONTINUOUS
 10
369.5635822821
 20
16.2739597356
  7
STANDARD
 40
1.52
  1
DATE
 41
0.95
 72
0
100
AcDbText
  0
TEXT
  5
24C
100
AcDbEntity
  8
0
100
AcDbText
 62
2
  6
CONTINUOUS
 10
174.6476862981
 20
23.8368677885
  7
TEXTSTYLE_2
 40
2.286
  1
THIS IS NOT A CONTROLLED DRAWING.
 41
0.8
 72
0
100
AcDbText
  0
TEXT
  5
24D
100
AcDbEntity
  8
0
100
AcDbText
 62
2
  6
CONTINUOUS
 10
174.6476862981
 20
20.4078677885
  7
TEXTSTYLE_2
 40
2.286
  1
THIS IS A REPRESENTATION OF THE CUSTOMER VIEW MODEL.
 41
0.8
 72
0
100
AcDbText
  0
TEXT
  5
24E
100
AcDbEntity
  8
0
100
AcDbText
 62
2
  6
CONTINUOUS
 10
174.6476862981
 20
16.9788677885
  7
TEXTSTYLE_2
 40
2.286
  1
    THIS IS NOT THE DOCUMENT OF SALE.
 41
0.8
 72
0
100
AcDbText
  0
TEXT
  5
24F
100
AcDbEntity
  8
0
100
AcDbText
 62
2
  6
CONTINUOUS
 10
174.6476862981
 20
13.5498677885
  7
TEXTSTYLE_2
 40
2.286
  1
SEE THE CUSTOMER DRAWING FOR DESIGN PURPOSES.
 41
0.8
 72
0
100
AcDbText
  0
TEXT
  5
250
100
AcDbEntity
  8
0
100
AcDbText
 62
2
  6
CONTINUOUS
 10
22.7512107444
 20
282.4829655254
  7
TEXTSTYLE_2
 40
2.5
  1
c
 41
0.8
 72
0
100
AcDbText
  0
INSERT
  5
251
100
AcDbEntity
  8
0
100
AcDbBlockReference
 62
2
  6
CONTINUOUS
  2
TE_CONNECTIVITY_BL0
 10
315.0
 20
36.0
  0
LINE
  5
252
100
AcDbEntity
  8
0
100
AcDbLine
 62
2
  6
CONTINUOUS
 10
287.2090159416
 20
18.7593422635
 11
409.2090159416
 21
18.7593422635
  0
LINE
  5
253
100
AcDbEntity
  8
0
100
AcDbLine
 62
2
  6
CONTINUOUS
 10
287.2090159416
 20
18.7593422635
 11
287.2090159416
 21
9.2342522635
  0
LINE
  5
254
100
AcDbEntity
  8
0
100
AcDbLine
 62
2
  6
CONTINUOUS
 10
287.2090159416
 20
9.2342522635
 11
409.2090159416
 21
9.2342522635
  0
LINE
  5
255
100
AcDbEntity
  8
0
100
AcDbLine
 62
2
  6
CONTINUOUS
 10
353.3340159416
 20
18.7593422635
 11
353.3340159416
 21
9.2342522635
  0
LINE
  5
256
100
AcDbEntity
  8
0
100
AcDbLine
 62
2
  6
CONTINUOUS
 10
367.9590159416
 20
18.7593422635
 11
367.9590159416
 21
9.2342522635
  0
LINE
  5
257
100
AcDbEntity
  8
0
100
AcDbLine
 62
2
  6
CONTINUOUS
 10
409.2090159416
 20
18.7593422635
 11
409.2090159416
 21
9.2342522635
  0
TEXT
  5
258
100
AcDbEntity
  8
0
100
AcDbText
 62
2
  6
CONTINUOUS
 10
303.7355159416
 20
12.4067972635
  7
TEXTSTYLE_2
 40
3.18
  1
C-1-2199230-4
 41
0.8
 72
1
 11
320.2715159416
 21
12.4067972635
100
AcDbText
  0
TEXT
  5
259
100
AcDbEntity
  8
0
100
AcDbText
 62
2
  6
CONTINUOUS
 10
358.1025159416
 20
12.4067972635
  7
TEXTSTYLE_2
 40
3.18
  1
B3
 41
0.8
 72
1
 11
360.6465159416
 21
12.4067972635
100
AcDbText
  0
TEXT
  5
25A
100
AcDbEntity
  8
0
100
AcDbText
 62
2
  6
CONTINUOUS
 10
377.1360159416
 20
12.4067972635
  7
TEXTSTYLE_2
 40
3.18
  1
05-Oct-21
 41
0.8
 72
1
 11
388.5840159416
 21
12.4067972635
100
AcDbText
  0
LINE
  5
25B
100
AcDbEntity
  8
0
100
AcDbLine
 62
2
  6
CONTINUOUS
 10
17.7838797455
 20
287.0843544705
 11
132.7838797455
 21
287.0843544705
  0
LINE
  5
25C
100
AcDbEntity
  8
0
100
AcDbLine
 62
2
  6
CONTINUOUS
 10
17.7838797455
 20
287.0843544705
 11
17.7838797455
 21
272.0843544705
  0
LINE
  5
25D
100
AcDbEntity
  8
0
100
AcDbLine
 62
2
  6
CONTINUOUS
 10
17.7838797455
 20
272.0843544705
 11
132.7838797455
 21
272.0843544705
  0
LINE
  5
25E
100
AcDbEntity
  8
0
100
AcDbLine
 62
2
  6
CONTINUOUS
 10
132.7838797455
 20
287.0843544705
 11
132.7838797455
 21
272.0843544705
  0
TEXT
  5
25F
100
AcDbEntity
  8
0
100
AcDbText
 62
2
  6
CONTINUOUS
 10
17.8463797455
 20
282.0843544705
  7
TEXTSTYLE_2
 40
2.5
  1
  
 41
0.8
 72
0
100
AcDbText
  0
TEXT
  5
260
100
AcDbEntity
  8
0
100
AcDbText
 62
2
  6
CONTINUOUS
 10
21.8463797455
 20
282.0843544705
  7
TEXTSTYLE_1
 40
2.5
  1
e
 41
1.0
 72
0
100
AcDbText
  0
TEXT
  5
261
100
AcDbEntity
  8
0
100
AcDbText
 62
2
  6
CONTINUOUS
 10
26.4297130788
 20
282.0843544705
  7
TEXTSTYLE_2
 40
2.5
  1
Copyright 
 41
0.8
 72
0
100
AcDbText
  0
TEXT
  5
262
100
AcDbEntity
  8
0
100
AcDbText
 62
2
  6
CONTINUOUS
 10
46.4297130788
 20
282.0843544705
  7
TEXTSTYLE_2
 40
2.5
  1
05-Oct-21
 41
0.8
 72
0
100
AcDbText
  0
TEXT
  5
263
100
AcDbEntity
  8
0
100
AcDbText
 62
2
  6
CONTINUOUS
 10
64.4297130788
 20
282.0843544705
  7
TEXTSTYLE_2
 40
2.5
  1
 Tyco Electronics Corporation,
 41
0.8
 72
0
100
AcDbText
  0
TEXT
  5
264
100
AcDbEntity
  8
0
100
AcDbText
 62
2
  6
CONTINUOUS
 10
17.8463797455
 20
278.3343544705
  7
TEXTSTYLE_2
 40
2.5
  1
 
 41
0.8
 72
0
100
AcDbText
  0
TEXT
  5
265
100
AcDbEntity
  8
0
100
AcDbText
 62
2
  6
CONTINUOUS
 10
17.8463797455
 20
274.5843544705
  7
TEXTSTYLE_2
 40
2.5
  1
  a TE Connectivity Ltd. Company.  All Rights Reserved.
 41
0.8
 72
0
100
AcDbText
  0
LINE
  5
266
100
AcDbEntity
  8
0
100
AcDbLine
 62
7
  6
CONTINUOUS
 10
0.0
 20
0.0
 11
0.0
 21
297.0
  0
LINE
  5
267
100
AcDbEntity
  8
0
100
AcDbLine
 62
7
  6
CONTINUOUS
 10
17.7838797455
 20
9.2342568143
 11
17.7838797455
 21
287.0843544705
  0
LINE
  5
268
100
AcDbEntity
  8
0
100
AcDbLine
 62
7
  6
CONTINUOUS
 10
0.0
 20
0.0
 11
420.0
 21
0.0
  0
LINE
  5
269
100
AcDbEntity
  8
0
100
AcDbLine
 62
7
  6
CONTINUOUS
 10
409.2090201263
 20
9.2342568143
 11
17.7838797455
 21
9.2342568143
  0
LINE
  5
26A
100
AcDbEntity
  8
0
100
AcDbLine
 62
7
  6
CONTINUOUS
 10
30.4841666107
 20
9.234348367
 11
17.784490097
 21
9.234348367
  0
LINE
  5
26B
100
AcDbEntity
  8
0
100
AcDbLine
 62
7
  6
CONTINUOUS
 10
409.2090159416
 20
18.7593422635
 11
273.4388174896
 21
18.7593422635
  0
LINE
  5
26C
100
AcDbEntity
  8
DRAFT_ENTITY
100
AcDbLine
 62
7
  6
CONTINUOUS
 10
409.2091421966
 20
28.2845192655
 11
273.4386343841
 21
28.2845192655
  0
LINE
  5
26D
100
AcDbEntity
  8
0
100
AcDbLine
 62
7
  6
CONTINUOUS
 10
409.2091421966
 20
44.1593056424
 11
273.4386343841
 21
44.1593056424
  0
LINE
  5
26E
100
AcDbEntity
  8
0
100
AcDbLine
 62
7
  6
CONTINUOUS
 10
273.4386343841
 20
44.1593056424
 11
273.4386343841
 21
9.2342568143
  0
LINE
  5
26F
100
AcDbEntity
  8
0
100
AcDbLine
 62
7
  6
CONTINUOUS
 10
287.2079097655
 20
18.7593422635
 11
287.2079097655
 21
9.2342568143
  0
LINE
  5
270
100
AcDbEntity
  8
0
100
AcDbLine
 62
7
  6
CONTINUOUS
 10
353.3344447689
 20
18.7593808926
 11
353.3344447689
 21
9.2342954434
  0
LINE
  5
271
100
AcDbEntity
  8
0
100
AcDbLine
 62
7
  6
CONTINUOUS
 10
17.7838797455
 20
287.0843544705
 11
409.208898056
 21
287.0843544705
  0
LINE
  5
272
100
AcDbEntity
  8
0
100
AcDbLine
 62
7
  6
CONTINUOUS
 10
0.0
 20
297.0
 11
420.0
 21
297.0
  0
LINE
  5
273
100
AcDbEntity
  8
0
100
AcDbLine
 62
7
  6
CONTINUOUS
 10
367.9586057154
 20
9.2337890544
 11
367.9586057154
 21
18.7587829509
  0
LINE
  5
274
100
AcDbEntity
  8
0
100
AcDbLine
 62
7
  6
CONTINUOUS
 10
409.208898056
 20
287.0843544705
 11
409.2090201263
 21
9.2342568143
  0
LINE
  5
275
100
AcDbEntity
  8
0
100
AcDbLine
 62
7
  6
CONTINUOUS
 10
420.0
 20
0.0
 11
420.0
 21
297.0
  0
LINE
  5
276
100
AcDbEntity
  8
0
100
AcDbLine
 62
7
  6
CONTINUOUS
 10
264.1417185073
 20
232.4528230653
 11
260.1476277349
 21
219.5279285846
  0
LINE
  5
277
100
AcDbEntity
  8
0
100
AcDbLine
 62
7
  6
CONTINUOUS
 10
260.3365543584
 20
215.313118128
 11
263.1276854432
 21
209.6253877203
  0
LINE
  5
278
100
AcDbEntity
  8
0
100
AcDbLine
 62
7
  6
CONTINUOUS
 10
262.3336292757
 20
213.355047004
 11
261.3727480826
 21
215.313118128
  0
LINE
  5
279
100
AcDbEntity
  8
0
100
AcDbLine
 62
7
  6
CONTINUOUS
 10
264.0027996554
 20
211.2194477317
 11
264.853865855
 21
209.4851561647
  0
LINE
  5
27A
100
AcDbEntity
  8
0
100
AcDbLine
 62
7
  6
CONTINUOUS
 10
265.3297308269
 20
208.515444751
 11
265.6957808052
 21
207.7695128942
  0
LINE
  5
27B
100
AcDbEntity
  8
0
100
AcDbLine
 62
7
  6
CONTINUOUS
 10
267.0552242538
 20
206.051901381
 11
267.1924929956
 21
205.7721769347
  0
LINE
  5
27C
100
AcDbEntity
  8
0
100
AcDbLine
 62
7
  6
CONTINUOUS
 10
267.4697017434
 20
206.051901381
 11
267.6069704853
 21
205.7721769347
  0
LINE
  5
27D
100
AcDbEntity
  8
0
100
AcDbLine
 62
7
  6
CONTINUOUS
 10
267.2460138421
 20
207.7695128942
 11
267.3631208364
 21
207.5308737933
  0
LINE
  5
27E
100
AcDbEntity
  8
0
100
AcDbLine
 62
7
  6
CONTINUOUS
 10
267.3723741326
 20
216.9819431035
 11
267.3723547182
 21
217.3184486318
  0
LINE
  5
27F
100
AcDbEntity
  8
0
100
AcDbLine
 62
7
  6
CONTINUOUS
 10
265.3128572169
 20
218.5250047963
 11
265.3425514587
 21
218.9498313956
  0
LINE
  5
280
100
AcDbEntity
  8
0
100
AcDbLine
 62
7
  6
CONTINUOUS
 10
266.9016875939
 20
218.5250047963
 11
266.9313818358
 21
218.9498313956
  0
LINE
  5
281
100
AcDbEntity
  8
0
100
AcDbLine
 62
7
  6
CONTINUOUS
 10
266.9137482976
 20
215.3284802339
 11
266.9857523261
 21
216.114756436
  0
LINE
  5
282
100
AcDbEntity
  8
0
100
AcDbLine
 62
7
  6
CONTINUOUS
 10
266.6067766181
 20
216.3392619551
 11
266.5712748364
 21
216.114756436
  0
LINE
  5
283
100
AcDbEntity
  8
0
100
AcDbLine
 62
7
  6
CONTINUOUS
 10
264.078320069
 20
214.5300374114
 11
265.3128572169
 21
218.5250047963
  0
LINE
  5
284
100
AcDbEntity
  8
0
100
AcDbLine
 62
7
  6
CONTINUOUS
 10
268.8318680737
 20
232.4293232571
 11
267.6255693772
 21
231.2082374068
  0
LINE
  5
285
100
AcDbEntity
  8
0
100
AcDbLine
 62
7
  6
CONTINUOUS
 10
268.8468901218
 20
232.3887060008
 11
267.6807168132
 21
231.2082374068
  0
LINE
  5
286
100
AcDbEntity
  8
0
100
AcDbLine
 62
7
  6
CONTINUOUS
 10
264.078320069
 20
214.5300374114
 11
263.1174388759
 21
216.4881085353
  0
LINE
  5
287
100
AcDbEntity
  8
0
100
AcDbLine
 62
7
  6
CONTINUOUS
 10
268.436815886
 20
206.051901381
 11
268.5740846279
 21
205.7721769347
  0
LINE
  5
288
100
AcDbEntity
  8
0
100
AcDbLine
 62
7
  6
CONTINUOUS
 10
267.6604913317
 20
207.7695128942
 11
267.7775983261
 21
207.5308737933
  0
LINE
  5
289
100
AcDbEntity
  8
0
100
AcDbLine
 62
7
  6
CONTINUOUS
 10
268.8512933756
 20
206.051901381
 11
268.9885621175
 21
205.7721769347
  0
LINE
  5
28A
100
AcDbEntity
  8
0
100
AcDbLine
 62
7
  6
CONTINUOUS
 10
263.0229755641
 20
218.5955137636
 11
262.7026818331
 21
219.2482041383
  0
LINE
  5
28B
100
AcDbEntity
  8
0
100
AcDbLine
 62
7
  6
CONTINUOUS
 10
268.6276054743
 20
207.7695128942
 11
268.7447124686
 21
207.5308737933
  0
LINE
  5
28C
100
AcDbEntity
  8
0
100
AcDbLine
 62
7
  6
CONTINUOUS
 10
269.8184075182
 20
206.051901381
 11
269.9556762601
 21
205.7721769347
  0
LINE
  5
28D
100
AcDbEntity
  8
0
100
AcDbLine
 62
7
  6
CONTINUOUS
 10
269.042082964
 20
207.7695128942
 11
269.1591899583
 21
207.5308737933
  0
LINE
  5
28E
100
AcDbEntity
  8
0
100
AcDbLine
 62
7
  6
CONTINUOUS
 10
270.2328850079
 20
206.051901381
 11
270.3701537497
 21
205.7721769347
  0
LINE
  5
28F
100
AcDbEntity
  8
0
100
AcDbLine
 62
7
  6
CONTINUOUS
 10
263.9129273812
 20
218.9498313956
 11
263.7665073899
 21
219.2482041383
  0
LINE
  5
290
100
AcDbEntity
  8
0
100
AcDbLine
 62
7
  6
CONTINUOUS
 10
270.0091971065
 20
207.7695128942
 11
270.1263041009
 21
207.5308737933
  0
LINE
  5
291
100
AcDbEntity
  8
0
100
AcDbLine
 62
7
  6
CONTINUOUS
 10
268.7539657648
 20
216.9819431035
 11
268.7539463504
 21
217.3184486318
  0
LINE
  5
292
100
AcDbEntity
  8
0
100
AcDbLine
 62
7
  6
CONTINUOUS
 10
268.2953399298
 20
215.3284802339
 11
268.3673439583
 21
216.114756436
  0
LINE
  5
293
100
AcDbEntity
  8
0
100
AcDbLine
 62
7
  6
CONTINUOUS
 10
267.0212541078
 20
216.3392619551
 11
266.9857523261
 21
216.114756436
  0
LINE
  5
294
100
AcDbEntity
  8
0
100
AcDbLine
 62
7
  6
CONTINUOUS
 10
267.9883682503
 20
216.3392619551
 11
267.9528664686
 21
216.114756436
  0
LINE
  5
295
100
AcDbEntity
  8
0
100
AcDbLine
 62
7
  6
CONTINUOUS
 10
268.40284574
 20
216.3392619551
 11
268.3673439583
 21
216.114756436
  0
LINE
  5
296
100
AcDbEntity
  8
0
100
AcDbLine
 62
7
  6
CONTINUOUS
 10
266.3946060824
 20
215.3284802339
 11
266.5712748364
 21
216.114756436
  0
LINE
  5
297
100
AcDbEntity
  8
0
100
AcDbLine
 62
7
  6
CONTINUOUS
 10
267.7761977146
 20
215.3284802339
 11
267.9528664686
 21
216.114756436
  0
LINE
  5
298
100
AcDbEntity
  8
0
100
AcDbLine
 62
7
  6
CONTINUOUS
 10
267.0585506434
 20
215.9664089773
 11
266.9137482976
 21
215.3284802339
  0
LINE
  5
299
100
AcDbEntity
  8
0
100
AcDbLine
 62
7
  6
CONTINUOUS
 10
268.4401422757
 20
215.9664089773
 11
268.2953399298
 21
215.3284802339
  0
LINE
  5
29A
100
AcDbEntity
  8
0
100
AcDbLine
 62
7
  6
CONTINUOUS
 10
265.8182954611
 20
217.0943997684
 11
264.0027996554
 21
211.2194477317
  0
LINE
  5
29B
100
AcDbEntity
  8
0
100
AcDbLine
 62
7
  6
CONTINUOUS
 10
267.0329688205
 20
218.9498313956
 11
266.9016875939
 21
218.5250047963
  0
LINE
  5
29C
100
AcDbEntity
  8
0
100
AcDbLine
 62
7
  6
CONTINUOUS
 10
267.3723741326
 20
216.9819431035
 11
267.0585506434
 21
215.9664089773
  0
LINE
  5
29D
100
AcDbEntity
  8
0
100
AcDbLine
 62
7
  6
CONTINUOUS
 10
265.3297308269
 20
208.515444751
 11
265.62939404
 21
209.4851561647
  0
LINE
  5
29E
100
AcDbEntity
  8
0
100
AcDbLine
 62
7
  6
CONTINUOUS
 10
271.1999991504
 20
206.051901381
 11
271.3372678923
 21
205.7721769347
  0
LINE
  5
29F
100
AcDbEntity
  8
0
100
AcDbLine
 62
7
  6
CONTINUOUS
 10
270.4236745962
 20
207.7695128942
 11
270.5407815905
 21
207.5308737933
  0
LINE
  5
2A0
100
AcDbEntity
  8
0
100
AcDbLine
 62
7
  6
CONTINUOUS
 10
271.6144766401
 20
206.051901381
 11
271.751745382
 21
205.7721769347
  0
LINE
  5
2A1
100
AcDbEntity
  8
0
100
AcDbLine
 62
7
  6
CONTINUOUS
 10
267.0585506434
 20
215.9664089773
 11
266.9857523261
 21
216.114756436
  0
LINE
  5
2A2
100
AcDbEntity
  8
0
100
AcDbLine
 62
7
  6
CONTINUOUS
 10
271.3907887387
 20
207.7695128942
 11
271.5078957331
 21
207.5308737933
  0
LINE
  5
2A3
100
AcDbEntity
  8
0
100
AcDbLine
 62
7
  6
CONTINUOUS
 10
272.5815907826
 20
206.051901381
 11
272.7188595245
 21
205.7721769347
  0
LINE
  5
2A4
100
AcDbEntity
  8
0
100
AcDbLine
 62
7
  6
CONTINUOUS
 10
271.8052662284
 20
207.7695128942
 11
271.9223732227
 21
207.5308737933
  0
LINE
  5
2A5
100
AcDbEntity
  8
0
100
AcDbLine
 62
7
  6
CONTINUOUS
 10
272.9960682723
 20
206.051901381
 11
273.1333370142
 21
205.7721769347
  0
LINE
  5
2A6
100
AcDbEntity
  8
0
100
AcDbLine
 62
7
  6
CONTINUOUS
 10
268.4401422757
 20
215.9664089773
 11
268.3673439583
 21
216.114756436
  0
LINE
  5
2A7
100
AcDbEntity
  8
0
100
AcDbLine
 62
7
  6
CONTINUOUS
 10
270.135557397
 20
216.9819431035
 11
270.1355379827
 21
217.3184486318
  0
LINE
  5
2A8
100
AcDbEntity
  8
0
100
AcDbLine
 62
7
  6
CONTINUOUS
 10
271.5171490292
 20
216.9819431035
 11
271.5171296149
 21
217.3184486318
  0
LINE
  5
2A9
100
AcDbEntity
  8
0
100
AcDbLine
 62
7
  6
CONTINUOUS
 10
269.676931562
 20
215.3284802339
 11
269.7489355905
 21
216.114756436
  0
LINE
  5
2AA
100
AcDbEntity
  8
0
100
AcDbLine
 62
7
  6
CONTINUOUS
 10
271.0585231942
 20
215.3284802339
 11
271.1305272227
 21
216.114756436
  0
LINE
  5
2AB
100
AcDbEntity
  8
0
100
AcDbLine
 62
7
  6
CONTINUOUS
 10
269.3699598825
 20
216.3392619551
 11
269.3344581008
 21
216.114756436
  0
LINE
  5
2AC
100
AcDbEntity
  8
0
100
AcDbLine
 62
7
  6
CONTINUOUS
 10
269.7844373722
 20
216.3392619551
 11
269.7489355905
 21
216.114756436
  0
LINE
  5
2AD
100
AcDbEntity
  8
0
100
AcDbLine
 62
7
  6
CONTINUOUS
 10
270.7515515147
 20
216.3392619551
 11
270.7160497331
 21
216.114756436
  0
LINE
  5
2AE
100
AcDbEntity
  8
0
100
AcDbLine
 62
7
  6
CONTINUOUS
 10
271.1660290044
 20
216.3392619551
 11
271.1305272227
 21
216.114756436
  0
LINE
  5
2AF
100
AcDbEntity
  8
0
100
AcDbLine
 62
7
  6
CONTINUOUS
 10
269.1577893468
 20
215.3284802339
 11
269.3344581008
 21
216.114756436
  0
LINE
  5
2B0
100
AcDbEntity
  8
0
100
AcDbLine
 62
7
  6
CONTINUOUS
 10
270.539380979
 20
215.3284802339
 11
270.7160497331
 21
216.114756436
  0
LINE
  5
2B1
100
AcDbEntity
  8
0
100
AcDbLine
 62
7
  6
CONTINUOUS
 10
269.8217339079
 20
215.9664089773
 11
269.676931562
 21
215.3284802339
  0
LINE
  5
2B2
100
AcDbEntity
  8
0
100
AcDbLine
 62
7
  6
CONTINUOUS
 10
268.7539657648
 20
216.9819431035
 11
268.4401422757
 21
215.9664089773
  0
LINE
  5
2B3
100
AcDbEntity
  8
0
100
AcDbLine
 62
7
  6
CONTINUOUS
 10
270.135557397
 20
216.9819431035
 11
269.8217339079
 21
215.9664089773
  0
LINE
  5
2B4
100
AcDbEntity
  8
0
100
AcDbLine
 62
7
  6
CONTINUOUS
 10
267.3820134988
 20
207.1093927476
 11
267.0552242538
 21
206.051901381
  0
LINE
  5
2B5
100
AcDbEntity
  8
0
100
AcDbLine
 62
7
  6
CONTINUOUS
 10
267.3723547182
 20
217.3184486318
 11
267.278887467
 21
217.4384130696
  0
LINE
  5
2B6
100
AcDbEntity
  8
0
100
AcDbLine
 62
7
  6
CONTINUOUS
 10
272.7723803709
 20
207.7695128942
 11
272.8894873653
 21
207.5308737933
  0
LINE
  5
2B7
100
AcDbEntity
  8
0
100
AcDbLine
 62
7
  6
CONTINUOUS
 10
273.9631824148
 20
206.051901381
 11
274.1004511567
 21
205.7721769347
  0
LINE
  5
2B8
100
AcDbEntity
  8
0
100
AcDbLine
 62
7
  6
CONTINUOUS
 10
273.1868578606
 20
207.7695128942
 11
273.303964855
 21
207.5308737933
  0
LINE
  5
2B9
100
AcDbEntity
  8
0
100
AcDbLine
 62
7
  6
CONTINUOUS
 10
274.3776599045
 20
206.051901381
 11
274.5149286464
 21
205.7721769347
  0
LINE
  5
2BA
100
AcDbEntity
  8
0
100
AcDbLine
 62
7
  6
CONTINUOUS
 10
269.8217339079
 20
215.9664089773
 11
269.7489355905
 21
216.114756436
  0
LINE
  5
2BB
100
AcDbEntity
  8
0
100
AcDbLine
 62
7
  6
CONTINUOUS
 10
274.1539720032
 20
207.7695128942
 11
274.2710789975
 21
207.5308737933
  0
LINE
  5
2BC
100
AcDbEntity
  8
0
100
AcDbLine
 62
7
  6
CONTINUOUS
 10
275.3447740471
 20
206.051901381
 11
275.4820427889
 21
205.7721769347
  0
LINE
  5
2BD
100
AcDbEntity
  8
0
100
AcDbLine
 62
7
  6
CONTINUOUS
 10
274.5684494928
 20
207.7695128942
 11
274.6855564872
 21
207.5308737933
  0
LINE
  5
2BE
100
AcDbEntity
  8
0
100
AcDbLine
 62
7
  6
CONTINUOUS
 10
275.7592515367
 20
206.051901381
 11
275.8965202786
 21
205.7721769347
  0
LINE
  5
2BF
100
AcDbEntity
  8
0
100
AcDbLine
 62
7
  6
CONTINUOUS
 10
271.2033255401
 20
215.9664089773
 11
271.1305272227
 21
216.114756436
  0
LINE
  5
2C0
100
AcDbEntity
  8
0
100
AcDbLine
 62
7
  6
CONTINUOUS
 10
272.8987406614
 20
216.9819431035
 11
272.8987212471
 21
217.3184486318
  0
LINE
  5
2C1
100
AcDbEntity
  8
0
100
AcDbLine
 62
7
  6
CONTINUOUS
 10
274.2803322936
 20
216.9819431035
 11
274.2803128793
 21
217.3184486318
  0
LINE
  5
2C2
100
AcDbEntity
  8
0
100
AcDbLine
 62
7
  6
CONTINUOUS
 10
272.4401148264
 20
215.3284802339
 11
272.5121188549
 21
216.114756436
  0
LINE
  5
2C3
100
AcDbEntity
  8
0
100
AcDbLine
 62
7
  6
CONTINUOUS
 10
273.8217064586
 20
215.3284802339
 11
273.8937104872
 21
216.114756436
  0
LINE
  5
2C4
100
AcDbEntity
  8
0
100
AcDbLine
 62
7
  6
CONTINUOUS
 10
272.1331431469
 20
216.3392619551
 11
272.0976413653
 21
216.114756436
  0
LINE
  5
2C5
100
AcDbEntity
  8
0
100
AcDbLine
 62
7
  6
CONTINUOUS
 10
272.5476206366
 20
216.3392619551
 11
272.5121188549
 21
216.114756436
  0
LINE
  5
2C6
100
AcDbEntity
  8
0
100
AcDbLine
 62
7
  6
CONTINUOUS
 10
273.5147347792
 20
216.3392619551
 11
273.4792329975
 21
216.114756436
  0
LINE
  5
2C7
100
AcDbEntity
  8
0
100
AcDbLine
 62
7
  6
CONTINUOUS
 10
273.9292122688
 20
216.3392619551
 11
273.8937104872
 21
216.114756436
  0
LINE
  5
2C8
100
AcDbEntity
  8
0
100
AcDbLine
 62
7
  6
CONTINUOUS
 10
271.9209726113
 20
215.3284802339
 11
272.0976413653
 21
216.114756436
  0
LINE
  5
2C9
100
AcDbEntity
  8
0
100
AcDbLine
 62
7
  6
CONTINUOUS
 10
273.3025642435
 20
215.3284802339
 11
273.4792329975
 21
216.114756436
  0
LINE
  5
2CA
100
AcDbEntity
  8
0
100
AcDbLine
 62
7
  6
CONTINUOUS
 10
271.2033255401
 20
215.9664089773
 11
271.0585231942
 21
215.3284802339
  0
LINE
  5
2CB
100
AcDbEntity
  8
0
100
AcDbLine
 62
7
  6
CONTINUOUS
 10
272.5849171723
 20
215.9664089773
 11
272.4401148264
 21
215.3284802339
  0
LINE
  5
2CC
100
AcDbEntity
  8
0
100
AcDbLine
 62
7
  6
CONTINUOUS
 10
267.7964909885
 20
207.1093927476
 11
267.4697017434
 21
206.051901381
  0
LINE
  5
2CD
100
AcDbEntity
  8
0
100
AcDbLine
 62
7
  6
CONTINUOUS
 10
267.6069704853
 20
205.7721769347
 11
267.9337597303
 21
206.8296683013
  0
LINE
  5
2CE
100
AcDbEntity
  8
0
100
AcDbLine
 62
7
  6
CONTINUOUS
 10
271.5171490292
 20
216.9819431035
 11
271.2033255401
 21
215.9664089773
  0
LINE
  5
2CF
100
AcDbEntity
  8
0
100
AcDbLine
 62
7
  6
CONTINUOUS
 10
268.763605131
 20
207.1093927476
 11
268.436815886
 21
206.051901381
  0
LINE
  5
2D0
100
AcDbEntity
  8
0
100
AcDbLine
 62
7
  6
CONTINUOUS
 10
269.1780826207
 20
207.1093927476
 11
268.8512933756
 21
206.051901381
  0
LINE
  5
2D1
100
AcDbEntity
  8
0
100
AcDbLine
 62
7
  6
CONTINUOUS
 10
268.9885621175
 20
205.7721769347
 11
269.3153513625
 21
206.8296683013
  0
LINE
  5
2D2
100
AcDbEntity
  8
0
100
AcDbLine
 62
7
  6
CONTINUOUS
 10
272.8987406614
 20
216.9819431035
 11
272.5849171723
 21
215.9664089773
  0
LINE
  5
2D3
100
AcDbEntity
  8
0
100
AcDbLine
 62
7
  6
CONTINUOUS
 10
270.1451967632
 20
207.1093927476
 11
269.8184075182
 21
206.051901381
  0
LINE
  5
2D4
100
AcDbEntity
  8
0
100
AcDbLine
 62
7
  6
CONTINUOUS
 10
268.7539463504
 20
217.3184486318
 11
268.6604790992
 21
217.4384130696
  0
LINE
  5
2D5
100
AcDbEntity
  8
0
100
AcDbLine
 62
7
  6
CONTINUOUS
 10
270.1355379827
 20
217.3184486318
 11
270.0420707315
 21
217.4384130696
  0
LINE
  5
2D6
100
AcDbEntity
  8
0
100
AcDbLine
 62
7
  6
CONTINUOUS
 10
275.5355636354
 20
207.7695128942
 11
275.6526706297
 21
207.5308737933
  0
LINE
  5
2D7
100
AcDbEntity
  8
0
100
AcDbLine
 62
7
  6
CONTINUOUS
 10
276.7263656793
 20
206.051901381
 11
276.8636344212
 21
205.7721769347
  0
LINE
  5
2D8
100
AcDbEntity
  8
0
100
AcDbLine
 62
7
  6
CONTINUOUS
 10
275.950041125
 20
207.7695128942
 11
276.0671481194
 21
207.5308737933
  0
LINE
  5
2D9
100
AcDbEntity
  8
0
100
AcDbLine
 62
7
  6
CONTINUOUS
 10
277.1408431689
 20
206.051901381
 11
277.2781119108
 21
205.7721769347
  0
LINE
  5
2DA
100
AcDbEntity
  8
0
100
AcDbLine
 62
7
  6
CONTINUOUS
 10
272.5849171723
 20
215.9664089773
 11
272.5121188549
 21
216.114756436
  0
LINE
  5
2DB
100
AcDbEntity
  8
0
100
AcDbLine
 62
7
  6
CONTINUOUS
 10
276.9171552676
 20
207.7695128942
 11
277.0342622619
 21
207.5308737933
  0
LINE
  5
2DC
100
AcDbEntity
  8
0
100
AcDbLine
 62
7
  6
CONTINUOUS
 10
278.1079573115
 20
206.051901381
 11
278.2452260534
 21
205.7721769347
  0
LINE
  5
2DD
100
AcDbEntity
  8
0
100
AcDbLine
 62
7
  6
CONTINUOUS
 10
277.3316327572
 20
207.7695128942
 11
277.4487397516
 21
207.5308737933
  0
LINE
  5
2DE
100
AcDbEntity
  8
0
100
AcDbLine
 62
7
  6
CONTINUOUS
 10
278.5224348012
 20
206.051901381
 11
278.659703543
 21
205.7721769347
  0
LINE
  5
2DF
100
AcDbEntity
  8
0
100
AcDbLine
 62
7
  6
CONTINUOUS
 10
273.9665088045
 20
215.9664089773
 11
273.8937104872
 21
216.114756436
  0
LINE
  5
2E0
100
AcDbEntity
  8
0
100
AcDbLine
 62
7
  6
CONTINUOUS
 10
275.6619239259
 20
216.9819431035
 11
275.6619045115
 21
217.3184486318
  0
LINE
  5
2E1
100
AcDbEntity
  8
0
100
AcDbLine
 62
7
  6
CONTINUOUS
 10
277.0435155581
 20
216.9819431035
 11
277.0434961437
 21
217.3184486318
  0
LINE
  5
2E2
100
AcDbEntity
  8
0
100
AcDbLine
 62
7
  6
CONTINUOUS
 10
275.2032980909
 20
215.3284802339
 11
275.2753021194
 21
216.114756436
  0
LINE
  5
2E3
100
AcDbEntity
  8
0
100
AcDbLine
 62
7
  6
CONTINUOUS
 10
276.5848897231
 20
215.3284802339
 11
276.6568937516
 21
216.114756436
  0
LINE
  5
2E4
100
AcDbEntity
  8
0
100
AcDbLine
 62
7
  6
CONTINUOUS
 10
274.8963264114
 20
216.3392619551
 11
274.8608246297
 21
216.114756436
  0
LINE
  5
2E5
100
AcDbEntity
  8
0
100
AcDbLine
 62
7
  6
CONTINUOUS
 10
275.310803901
 20
216.3392619551
 11
275.2753021194
 21
216.114756436
  0
LINE
  5
2E6
100
AcDbEntity
  8
0
100
AcDbLine
 62
7
  6
CONTINUOUS
 10
276.2779180436
 20
216.3392619551
 11
276.2424162619
 21
216.114756436
  0
LINE
  5
2E7
100
AcDbEntity
  8
0
100
AcDbLine
 62
7
  6
CONTINUOUS
 10
274.6841558757
 20
215.3284802339
 11
274.8608246297
 21
216.114756436
  0
LINE
  5
2E8
100
AcDbEntity
  8
0
100
AcDbLine
 62
7
  6
CONTINUOUS
 10
273.9665088045
 20
215.9664089773
 11
273.8217064586
 21
215.3284802339
  0
LINE
  5
2E9
100
AcDbEntity
  8
0
100
AcDbLine
 62
7
  6
CONTINUOUS
 10
275.3481004367
 20
215.9664089773
 11
275.2032980909
 21
215.3284802339
  0
LINE
  5
2EA
100
AcDbEntity
  8
0
100
AcDbLine
 62
7
  6
CONTINUOUS
 10
270.5596742529
 20
207.1093927476
 11
270.2328850079
 21
206.051901381
  0
LINE
  5
2EB
100
AcDbEntity
  8
0
100
AcDbLine
 62
7
  6
CONTINUOUS
 10
270.3701537497
 20
205.7721769347
 11
270.6969429948
 21
206.8296683013
  0
LINE
  5
2EC
100
AcDbEntity
  8
0
100
AcDbLine
 62
7
  6
CONTINUOUS
 10
274.2803322936
 20
216.9819431035
 11
273.9665088045
 21
215.9664089773
  0
LINE
  5
2ED
100
AcDbEntity
  8
0
100
AcDbLine
 62
7
  6
CONTINUOUS
 10
271.5267883954
 20
207.1093927476
 11
271.1999991504
 21
206.051901381
  0
LINE
  5
2EE
100
AcDbEntity
  8
0
100
AcDbLine
 62
7
  6
CONTINUOUS
 10
271.9412658851
 20
207.1093927476
 11
271.6144766401
 21
206.051901381
  0
LINE
  5
2EF
100
AcDbEntity
  8
0
100
AcDbLine
 62
7
  6
CONTINUOUS
 10
271.751745382
 20
205.7721769347
 11
272.078534627
 21
206.8296683013
  0
LINE
  5
2F0
100
AcDbEntity
  8
0
100
AcDbLine
 62
7
  6
CONTINUOUS
 10
275.6619239259
 20
216.9819431035
 11
275.3481004367
 21
215.9664089773
  0
LINE
  5
2F1
100
AcDbEntity
  8
0
100
AcDbLine
 62
7
  6
CONTINUOUS
 10
271.5171296149
 20
217.3184486318
 11
271.4236623637
 21
217.4384130696
  0
LINE
  5
2F2
100
AcDbEntity
  8
0
100
AcDbLine
 62
7
  6
CONTINUOUS
 10
272.8987212471
 20
217.3184486318
 11
272.8052539959
 21
217.4384130696
  0
LINE
  5
2F3
100
AcDbEntity
  8
0
100
AcDbLine
 62
7
  6
CONTINUOUS
 10
278.2987468998
 20
207.7695128942
 11
278.4158538942
 21
207.5308737933
  0
LINE
  5
2F4
100
AcDbEntity
  8
0
100
AcDbLine
 62
7
  6
CONTINUOUS
 10
279.4895489437
 20
206.051901381
 11
279.6268176856
 21
205.7721769347
  0
LINE
  5
2F5
100
AcDbEntity
  8
0
100
AcDbLine
 62
7
  6
CONTINUOUS
 10
278.7132243895
 20
207.7695128942
 11
278.8303313838
 21
207.5308737933
  0
LINE
  5
2F6
100
AcDbEntity
  8
0
100
AcDbLine
 62
7
  6
CONTINUOUS
 10
279.9040264334
 20
206.051901381
 11
280.0412951752
 21
205.7721769347
  0
LINE
  5
2F7
100
AcDbEntity
  8
0
100
AcDbLine
 62
7
  6
CONTINUOUS
 10
275.3481004367
 20
215.9664089773
 11
275.2753021194
 21
216.114756436
  0
LINE
  5
2F8
100
AcDbEntity
  8
0
100
AcDbLine
 62
7
  6
CONTINUOUS
 10
279.680338532
 20
207.7695128942
 11
279.7974455264
 21
207.5308737933
  0
LINE
  5
2F9
100
AcDbEntity
  8
0
100
AcDbLine
 62
7
  6
CONTINUOUS
 10
280.8711405759
 20
206.051901381
 11
281.0084093178
 21
205.7721769347
  0
LINE
  5
2FA
100
AcDbEntity
  8
0
100
AcDbLine
 62
7
  6
CONTINUOUS
 10
280.0948160217
 20
207.7695128942
 11
280.211923016
 21
207.5308737933
  0
LINE
  5
2FB
100
AcDbEntity
  8
0
100
AcDbLine
 62
7
  6
CONTINUOUS
 10
281.2856180656
 20
206.051901381
 11
281.4228868075
 21
205.7721769347
  0
LINE
  5
2FC
100
AcDbEntity
  8
0
100
AcDbLine
 62
7
  6
CONTINUOUS
 10
276.729692069
 20
215.9664089773
 11
276.6568937516
 21
216.114756436
  0
LINE
  5
2FD
100
AcDbEntity
  8
0
100
AcDbLine
 62
7
  6
CONTINUOUS
 10
269.2834793358
 20
231.2082374068
 11
268.8318680737
 21
232.4293232571
  0
LINE
  5
2FE
100
AcDbEntity
  8
0
100
AcDbLine
 62
7
  6
CONTINUOUS
 10
278.4251071903
 20
216.9819431035
 11
278.4250877759
 21
217.3184486318
  0
LINE
  5
2FF
100
AcDbEntity
  8
0
100
AcDbLine
 62
7
  6
CONTINUOUS
 10
277.9664813553
 20
215.3284802339
 11
278.0384853838
 21
216.114756436
  0
LINE
  5
300
100
AcDbEntity
  8
0
100
AcDbLine
 62
7
  6
CONTINUOUS
 10
276.6923955333
 20
216.3392619551
 11
276.6568937516
 21
216.114756436
  0
LINE
  5
301
100
AcDbEntity
  8
0
100
AcDbLine
 62
7
  6
CONTINUOUS
 10
277.6595096758
 20
216.3392619551
 11
277.6240078941
 21
216.114756436
  0
LINE
  5
302
100
AcDbEntity
  8
0
100
AcDbLine
 62
7
  6
CONTINUOUS
 10
278.0739871655
 20
216.3392619551
 11
278.0384853838
 21
216.114756436
  0
LINE
  5
303
100
AcDbEntity
  8
0
100
AcDbLine
 62
7
  6
CONTINUOUS
 10
279.041101308
 20
216.3392619551
 11
279.0055995264
 21
216.114756436
  0
LINE
  5
304
100
AcDbEntity
  8
0
100
AcDbLine
 62
7
  6
CONTINUOUS
 10
276.0657475079
 20
215.3284802339
 11
276.2424162619
 21
216.114756436
  0
LINE
  5
305
100
AcDbEntity
  8
0
100
AcDbLine
 62
7
  6
CONTINUOUS
 10
277.4473391401
 20
215.3284802339
 11
277.6240078941
 21
216.114756436
  0
LINE
  5
306
100
AcDbEntity
  8
0
100
AcDbLine
 62
7
  6
CONTINUOUS
 10
276.729692069
 20
215.9664089773
 11
276.5848897231
 21
215.3284802339
  0
LINE
  5
307
100
AcDbEntity
  8
0
100
AcDbLine
 62
7
  6
CONTINUOUS
 10
278.1112837012
 20
215.9664089773
 11
277.9664813553
 21
215.3284802339
  0
LINE
  5
308
100
AcDbEntity
  8
0
100
AcDbLine
 62
7
  6
CONTINUOUS
 10
272.9083800277
 20
207.1093927476
 11
272.5815907826
 21
206.051901381
  0
LINE
  5
309
100
AcDbEntity
  8
0
100
AcDbLine
 62
7
  6
CONTINUOUS
 10
273.3228575173
 20
207.1093927476
 11
272.9960682723
 21
206.051901381
  0
LINE
  5
30A
100
AcDbEntity
  8
0
100
AcDbLine
 62
7
  6
CONTINUOUS
 10
273.1333370142
 20
205.7721769347
 11
273.4601262592
 21
206.8296683013
  0
LINE
  5
30B
100
AcDbEntity
  8
0
100
AcDbLine
 62
7
  6
CONTINUOUS
 10
277.0435155581
 20
216.9819431035
 11
276.729692069
 21
215.9664089773
  0
LINE
  5
30C
100
AcDbEntity
  8
0
100
AcDbLine
 62
7
  6
CONTINUOUS
 10
274.2899716599
 20
207.1093927476
 11
273.9631824148
 21
206.051901381
  0
LINE
  5
30D
100
AcDbEntity
  8
0
100
AcDbLine
 62
7
  6
CONTINUOUS
 10
274.7044491495
 20
207.1093927476
 11
274.3776599045
 21
206.051901381
  0
LINE
  5
30E
100
AcDbEntity
  8
0
100
AcDbLine
 62
7
  6
CONTINUOUS
 10
274.5149286464
 20
205.7721769347
 11
274.8417178914
 21
206.8296683013
  0
LINE
  5
30F
100
AcDbEntity
  8
0
100
AcDbLine
 62
7
  6
CONTINUOUS
 10
266.5748983489
 20
217.4675134297
 11
266.1314462257
 21
217.0943997684
  0
LINE
  5
310
100
AcDbEntity
  8
0
100
AcDbLine
 62
7
  6
CONTINUOUS
 10
274.2803128793
 20
217.3184486318
 11
274.1868456281
 21
217.4384130696
  0
LINE
  5
311
100
AcDbEntity
  8
0
100
AcDbLine
 62
7
  6
CONTINUOUS
 10
275.6619045115
 20
217.3184486318
 11
275.5684372603
 21
217.4384130696
  0
LINE
  5
312
100
AcDbEntity
  8
0
100
AcDbLine
 62
7
  6
CONTINUOUS
 10
277.0434961437
 20
217.3184486318
 11
276.9500288925
 21
217.4384130696
  0
LINE
  5
313
100
AcDbEntity
  8
0
100
AcDbLine
 62
7
  6
CONTINUOUS
 10
281.0619301642
 20
207.7695128942
 11
281.1790371586
 21
207.5308737933
  0
LINE
  5
314
100
AcDbEntity
  8
0
100
AcDbLine
 62
7
  6
CONTINUOUS
 10
282.2527322081
 20
206.051901381
 11
282.39000095
 21
205.7721769347
  0
LINE
  5
315
100
AcDbEntity
  8
0
100
AcDbLine
 62
7
  6
CONTINUOUS
 10
281.4764076539
 20
207.7695128942
 11
281.5935146483
 21
207.5308737933
  0
LINE
  5
316
100
AcDbEntity
  8
0
100
AcDbLine
 62
7
  6
CONTINUOUS
 10
282.6672096978
 20
206.051901381
 11
282.8044784397
 21
205.7721769347
  0
LINE
  5
317
100
AcDbEntity
  8
0
100
AcDbLine
 62
7
  6
CONTINUOUS
 10
278.1112837012
 20
215.9664089773
 11
278.0384853838
 21
216.114756436
  0
LINE
  5
318
100
AcDbEntity
  8
0
100
AcDbLine
 62
7
  6
CONTINUOUS
 10
282.4435217964
 20
207.7695128942
 11
282.5606287908
 21
207.5308737933
  0
LINE
  5
319
100
AcDbEntity
  8
0
100
AcDbLine
 62
7
  6
CONTINUOUS
 10
283.6343238404
 20
206.051901381
 11
283.7715925822
 21
205.7721769347
  0
LINE
  5
31A
100
AcDbEntity
  8
0
100
AcDbLine
 62
7
  6
CONTINUOUS
 10
282.8579992861
 20
207.7695128942
 11
282.9751062805
 21
207.5308737933
  0
LINE
  5
31B
100
AcDbEntity
  8
0
100
AcDbLine
 62
7
  6
CONTINUOUS
 10
284.04880133
 20
206.051901381
 11
284.1860700719
 21
205.7721769347
  0
LINE
  5
31C
100
AcDbEntity
  8
0
100
AcDbLine
 62
7
  6
CONTINUOUS
 10
279.4928753334
 20
215.9664089773
 11
279.420077016
 21
216.114756436
  0
LINE
  5
31D
100
AcDbEntity
  8
0
100
AcDbLine
 62
7
  6
CONTINUOUS
 10
279.8066988225
 20
216.9819431035
 11
279.8066794082
 21
217.3184486318
  0
LINE
  5
31E
100
AcDbEntity
  8
0
100
AcDbLine
 62
7
  6
CONTINUOUS
 10
281.1882904547
 20
216.9819431035
 11
281.1882710404
 21
217.3184486318
  0
LINE
  5
31F
100
AcDbEntity
  8
0
100
AcDbLine
 62
7
  6
CONTINUOUS
 10
279.3480729875
 20
215.3284802339
 11
279.420077016
 21
216.114756436
  0
LINE
  5
320
100
AcDbEntity
  8
0
100
AcDbLine
 62
7
  6
CONTINUOUS
 10
280.7296646197
 20
215.3284802339
 11
280.8016686482
 21
216.114756436
  0
LINE
  5
321
100
AcDbEntity
  8
0
100
AcDbLine
 62
7
  6
CONTINUOUS
 10
279.4555787977
 20
216.3392619551
 11
279.420077016
 21
216.114756436
  0
LINE
  5
322
100
AcDbEntity
  8
0
100
AcDbLine
 62
7
  6
CONTINUOUS
 10
280.4226929402
 20
216.3392619551
 11
280.3871911586
 21
216.114756436
  0
LINE
  5
323
100
AcDbEntity
  8
0
100
AcDbLine
 62
7
  6
CONTINUOUS
 10
280.8371704299
 20
216.3392619551
 11
280.8016686482
 21
216.114756436
  0
LINE
  5
324
100
AcDbEntity
  8
0
100
AcDbLine
 62
7
  6
CONTINUOUS
 10
278.8289307723
 20
215.3284802339
 11
279.0055995264
 21
216.114756436
  0
LINE
  5
325
100
AcDbEntity
  8
0
100
AcDbLine
 62
7
  6
CONTINUOUS
 10
280.2105224046
 20
215.3284802339
 11
280.3871911586
 21
216.114756436
  0
LINE
  5
326
100
AcDbEntity
  8
0
100
AcDbLine
 62
7
  6
CONTINUOUS
 10
279.4928753334
 20
215.9664089773
 11
279.3480729875
 21
215.3284802339
  0
LINE
  5
327
100
AcDbEntity
  8
0
100
AcDbLine
 62
7
  6
CONTINUOUS
 10
280.8744669656
 20
215.9664089773
 11
280.7296646197
 21
215.3284802339
  0
LINE
  5
328
100
AcDbEntity
  8
0
100
AcDbLine
 62
7
  6
CONTINUOUS
 10
278.4251071903
 20
216.9819431035
 11
278.1112837012
 21
215.9664089773
  0
LINE
  5
329
100
AcDbEntity
  8
0
100
AcDbLine
 62
7
  6
CONTINUOUS
 10
275.6715632921
 20
207.1093927476
 11
275.3447740471
 21
206.051901381
  0
LINE
  5
32A
100
AcDbEntity
  8
0
100
AcDbLine
 62
7
  6
CONTINUOUS
 10
276.0860407817
 20
207.1093927476
 11
275.7592515367
 21
206.051901381
  0
LINE
  5
32B
100
AcDbEntity
  8
0
100
AcDbLine
 62
7
  6
CONTINUOUS
 10
275.8965202786
 20
205.7721769347
 11
276.2233095236
 21
206.8296683013
  0
LINE
  5
32C
100
AcDbEntity
  8
0
100
AcDbLine
 62
7
  6
CONTINUOUS
 10
279.8066988225
 20
216.9819431035
 11
279.4928753334
 21
215.9664089773
  0
LINE
  5
32D
100
AcDbEntity
  8
0
100
AcDbLine
 62
7
  6
CONTINUOUS
 10
277.0531549243
 20
207.1093927476
 11
276.7263656793
 21
206.051901381
  0
LINE
  5
32E
100
AcDbEntity
  8
0
100
AcDbLine
 62
7
  6
CONTINUOUS
 10
277.467632414
 20
207.1093927476
 11
277.1408431689
 21
206.051901381
  0
LINE
  5
32F
100
AcDbEntity
  8
0
100
AcDbLine
 62
7
  6
CONTINUOUS
 10
277.2781119108
 20
205.7721769347
 11
277.6049011558
 21
206.8296683013
  0
LINE
  5
330
100
AcDbEntity
  8
0
100
AcDbLine
 62
7
  6
CONTINUOUS
 10
267.1924929956
 20
205.7721769347
 11
267.6069704853
 21
205.7721769347
  0
LINE
  5
331
100
AcDbEntity
  8
0
100
AcDbLine
 62
7
  6
CONTINUOUS
 10
268.5740846279
 20
205.7721769347
 11
268.9885621175
 21
205.7721769347
  0
LINE
  5
332
100
AcDbEntity
  8
0
100
AcDbLine
 62
7
  6
CONTINUOUS
 10
269.9556762601
 20
205.7721769347
 11
270.3701537497
 21
205.7721769347
  0
LINE
  5
333
100
AcDbEntity
  8
0
100
AcDbLine
 62
7
  6
CONTINUOUS
 10
271.3372678923
 20
205.7721769347
 11
271.751745382
 21
205.7721769347
  0
LINE
  5
334
100
AcDbEntity
  8
0
100
AcDbLine
 62
7
  6
CONTINUOUS
 10
272.7188595245
 20
205.7721769347
 11
273.1333370142
 21
205.7721769347
  0
LINE
  5
335
100
AcDbEntity
  8
0
100
AcDbLine
 62
7
  6
CONTINUOUS
 10
274.1004511567
 20
205.7721769347
 11
274.5149286464
 21
205.7721769347
  0
LINE
  5
336
100
AcDbEntity
  8
0
100
AcDbLine
 62
7
  6
CONTINUOUS
 10
275.4820427889
 20
205.7721769347
 11
275.8965202786
 21
205.7721769347
  0
LINE
  5
337
100
AcDbEntity
  8
0
100
AcDbLine
 62
7
  6
CONTINUOUS
 10
276.8636344212
 20
205.7721769347
 11
277.2781119108
 21
205.7721769347
  0
LINE
  5
338
100
AcDbEntity
  8
0
100
AcDbLine
 62
7
  6
CONTINUOUS
 10
278.2452260534
 20
205.7721769347
 11
278.659703543
 21
205.7721769347
  0
LINE
  5
339
100
AcDbEntity
  8
0
100
AcDbLine
 62
7
  6
CONTINUOUS
 10
279.6268176856
 20
205.7721769347
 11
280.0412951752
 21
205.7721769347
  0
LINE
  5
33A
100
AcDbEntity
  8
0
100
AcDbLine
 62
7
  6
CONTINUOUS
 10
281.0084093178
 20
205.7721769347
 11
281.4228868075
 21
205.7721769347
  0
LINE
  5
33B
100
AcDbEntity
  8
0
100
AcDbLine
 62
7
  6
CONTINUOUS
 10
282.39000095
 20
205.7721769347
 11
282.8044784397
 21
205.7721769347
  0
LINE
  5
33C
100
AcDbEntity
  8
0
100
AcDbLine
 62
7
  6
CONTINUOUS
 10
283.7715925822
 20
205.7721769347
 11
284.1860700719
 21
205.7721769347
  0
LINE
  5
33D
100
AcDbEntity
  8
0
100
AcDbLine
 62
7
  6
CONTINUOUS
 10
285.1531842144
 20
205.7721769347
 11
285.5676617041
 21
205.7721769347
  0
LINE
  5
33E
100
AcDbEntity
  8
0
100
AcDbLine
 62
7
  6
CONTINUOUS
 10
286.5347758467
 20
205.7721769347
 11
286.9492533363
 21
205.7721769347
  0
LINE
  5
33F
100
AcDbEntity
  8
0
100
AcDbLine
 62
7
  6
CONTINUOUS
 10
287.9163674789
 20
205.7721769347
 11
288.3308449685
 21
205.7721769347
  0
LINE
  5
340
100
AcDbEntity
  8
0
100
AcDbLine
 62
7
  6
CONTINUOUS
 10
289.2979591111
 20
205.7721769347
 11
289.7124366008
 21
205.7721769347
  0
LINE
  5
341
100
AcDbEntity
  8
0
100
AcDbLine
 62
7
  6
CONTINUOUS
 10
290.6795507433
 20
205.7721769347
 11
291.094028233
 21
205.7721769347
  0
LINE
  5
342
100
AcDbEntity
  8
0
100
AcDbLine
 62
7
  6
CONTINUOUS
 10
292.0611423755
 20
205.7721769347
 11
292.4756198652
 21
205.7721769347
  0
LINE
  5
343
100
AcDbEntity
  8
0
100
AcDbLine
 62
7
  6
CONTINUOUS
 10
293.4427340077
 20
205.7721769347
 11
293.8572114974
 21
205.7721769347
  0
LINE
  5
344
100
AcDbEntity
  8
0
100
AcDbLine
 62
7
  6
CONTINUOUS
 10
294.82432564
 20
205.7721769347
 11
295.2388031296
 21
205.7721769347
  0
LINE
  5
345
100
AcDbEntity
  8
0
100
AcDbLine
 62
7
  6
CONTINUOUS
 10
296.2059172722
 20
205.7721769347
 11
296.6203947618
 21
205.7721769347
  0
LINE
  5
346
100
AcDbEntity
  8
0
100
AcDbLine
 62
7
  6
CONTINUOUS
 10
297.5875089044
 20
205.7721769347
 11
298.001986394
 21
205.7721769347
  0
LINE
  5
347
100
AcDbEntity
  8
0
100
AcDbLine
 62
7
  6
CONTINUOUS
 10
298.9691005366
 20
205.7721769347
 11
299.3835780263
 21
205.7721769347
  0
LINE
  5
348
100
AcDbEntity
  8
0
100
AcDbLine
 62
7
  6
CONTINUOUS
 10
300.3506921688
 20
205.7721769347
 11
300.7651696585
 21
205.7721769347
  0
LINE
  5
349
100
AcDbEntity
  8
0
100
AcDbLine
 62
7
  6
CONTINUOUS
 10
301.732283801
 20
205.7721769347
 11
302.1467612907
 21
205.7721769347
  0
LINE
  5
34A
100
AcDbEntity
  8
0
100
AcDbLine
 62
7
  6
CONTINUOUS
 10
303.1138754332
 20
205.7721769347
 11
303.5283529229
 21
205.7721769347
  0
LINE
  5
34B
100
AcDbEntity
  8
0
100
AcDbLine
 62
7
  6
CONTINUOUS
 10
304.4954670655
 20
205.7721769347
 11
304.9099445551
 21
205.7721769347
  0
LINE
  5
34C
100
AcDbEntity
  8
0
100
AcDbLine
 62
7
  6
CONTINUOUS
 10
305.8770586977
 20
205.7721769347
 11
306.2915361873
 21
205.7721769347
  0
LINE
  5
34D
100
AcDbEntity
  8
0
100
AcDbLine
 62
7
  6
CONTINUOUS
 10
312.7850168588
 20
205.7721769347
 11
313.1994943484
 21
205.7721769347
  0
LINE
  5
34E
100
AcDbEntity
  8
0
100
AcDbLine
 62
7
  6
CONTINUOUS
 10
314.166608491
 20
205.7721769347
 11
314.5810859806
 21
205.7721769347
  0
LINE
  5
34F
100
AcDbEntity
  8
0
100
AcDbLine
 62
7
  6
CONTINUOUS
 10
315.5482001232
 20
205.7721769347
 11
315.9626776129
 21
205.7721769347
  0
LINE
  5
350
100
AcDbEntity
  8
0
100
AcDbLine
 62
7
  6
CONTINUOUS
 10
316.9297917554
 20
205.7721769347
 11
317.3442692451
 21
205.7721769347
  0
LINE
  5
351
100
AcDbEntity
  8
0
100
AcDbLine
 62
7
  6
CONTINUOUS
 10
267.0552242538
 20
206.051901381
 11
267.4697017434
 21
206.051901381
  0
LINE
  5
352
100
AcDbEntity
  8
0
100
AcDbLine
 62
7
  6
CONTINUOUS
 10
268.436815886
 20
206.051901381
 11
268.8512933756
 21
206.051901381
  0
LINE
  5
353
100
AcDbEntity
  8
0
100
AcDbLine
 62
7
  6
CONTINUOUS
 10
269.8184075182
 20
206.051901381
 11
270.2328850079
 21
206.051901381
  0
LINE
  5
354
100
AcDbEntity
  8
0
100
AcDbLine
 62
7
  6
CONTINUOUS
 10
271.1999991504
 20
206.051901381
 11
271.6144766401
 21
206.051901381
  0
LINE
  5
355
100
AcDbEntity
  8
0
100
AcDbLine
 62
7
  6
CONTINUOUS
 10
272.5815907826
 20
206.051901381
 11
272.9960682723
 21
206.051901381
  0
LINE
  5
356
100
AcDbEntity
  8
0
100
AcDbLine
 62
7
  6
CONTINUOUS
 10
273.9631824148
 20
206.051901381
 11
274.3776599045
 21
206.051901381
  0
LINE
  5
357
100
AcDbEntity
  8
0
100
AcDbLine
 62
7
  6
CONTINUOUS
 10
275.3447740471
 20
206.051901381
 11
275.7592515367
 21
206.051901381
  0
LINE
  5
358
100
AcDbEntity
  8
0
100
AcDbLine
 62
7
  6
CONTINUOUS
 10
276.7263656793
 20
206.051901381
 11
277.1408431689
 21
206.051901381
  0
LINE
  5
359
100
AcDbEntity
  8
0
100
AcDbLine
 62
7
  6
CONTINUOUS
 10
278.1079573115
 20
206.051901381
 11
278.5224348012
 21
206.051901381
  0
LINE
  5
35A
100
AcDbEntity
  8
0
100
AcDbLine
 62
7
  6
CONTINUOUS
 10
279.4895489437
 20
206.051901381
 11
279.9040264334
 21
206.051901381
  0
LINE
  5
35B
100
AcDbEntity
  8
0
100
AcDbLine
 62
7
  6
CONTINUOUS
 10
280.8711405759
 20
206.051901381
 11
281.2856180656
 21
206.051901381
  0
LINE
  5
35C
100
AcDbEntity
  8
0
100
AcDbLine
 62
7
  6
CONTINUOUS
 10
282.2527322081
 20
206.051901381
 11
282.6672096978
 21
206.051901381
  0
LINE
  5
35D
100
AcDbEntity
  8
0
100
AcDbLine
 62
7
  6
CONTINUOUS
 10
283.6343238404
 20
206.051901381
 11
284.04880133
 21
206.051901381
  0
LINE
  5
35E
100
AcDbEntity
  8
0
100
AcDbLine
 62
7
  6
CONTINUOUS
 10
285.0159154726
 20
206.051901381
 11
285.4303929622
 21
206.051901381
  0
LINE
  5
35F
100
AcDbEntity
  8
0
100
AcDbLine
 62
7
  6
CONTINUOUS
 10
286.3975071048
 20
206.051901381
 11
286.8119845945
 21
206.051901381
  0
LINE
  5
360
100
AcDbEntity
  8
0
100
AcDbLine
 62
7
  6
CONTINUOUS
 10
287.779098737
 20
206.051901381
 11
288.1935762267
 21
206.051901381
  0
LINE
  5
361
100
AcDbEntity
  8
0
100
AcDbLine
 62
7
  6
CONTINUOUS
 10
289.1606903692
 20
206.051901381
 11
289.5751678589
 21
206.051901381
  0
LINE
  5
362
100
AcDbEntity
  8
0
100
AcDbLine
 62
7
  6
CONTINUOUS
 10
290.5422820014
 20
206.051901381
 11
290.9567594911
 21
206.051901381
  0
LINE
  5
363
100
AcDbEntity
  8
0
100
AcDbLine
 62
7
  6
CONTINUOUS
 10
291.9238736336
 20
206.051901381
 11
292.3383511233
 21
206.051901381
  0
LINE
  5
364
100
AcDbEntity
  8
0
100
AcDbLine
 62
7
  6
CONTINUOUS
 10
293.3054652659
 20
206.051901381
 11
293.7199427555
 21
206.051901381
  0
LINE
  5
365
100
AcDbEntity
  8
0
100
AcDbLine
 62
7
  6
CONTINUOUS
 10
294.6870568981
 20
206.051901381
 11
295.1015343877
 21
206.051901381
  0
LINE
  5
366
100
AcDbEntity
  8
0
100
AcDbLine
 62
7
  6
CONTINUOUS
 10
296.0686485303
 20
206.051901381
 11
296.48312602
 21
206.051901381
  0
LINE
  5
367
100
AcDbEntity
  8
0
100
AcDbLine
 62
7
  6
CONTINUOUS
 10
297.4502401625
 20
206.051901381
 11
297.8647176522
 21
206.051901381
  0
LINE
  5
368
100
AcDbEntity
  8
0
100
AcDbLine
 62
7
  6
CONTINUOUS
 10
298.8318317947
 20
206.051901381
 11
299.2463092844
 21
206.051901381
  0
LINE
  5
369
100
AcDbEntity
  8
0
100
AcDbLine
 62
7
  6
CONTINUOUS
 10
300.2134234269
 20
206.051901381
 11
300.6279009166
 21
206.051901381
  0
LINE
  5
36A
100
AcDbEntity
  8
0
100
AcDbLine
 62
7
  6
CONTINUOUS
 10
301.5950150592
 20
206.051901381
 11
302.0094925488
 21
206.051901381
  0
LINE
  5
36B
100
AcDbEntity
  8
0
100
AcDbLine
 62
7
  6
CONTINUOUS
 10
302.9766066914
 20
206.051901381
 11
303.391084181
 21
206.051901381
  0
LINE
  5
36C
100
AcDbEntity
  8
0
100
AcDbLine
 62
7
  6
CONTINUOUS
 10
304.3581983236
 20
206.051901381
 11
304.7726758133
 21
206.051901381
  0
LINE
  5
36D
100
AcDbEntity
  8
0
100
AcDbLine
 62
7
  6
CONTINUOUS
 10
305.7397899558
 20
206.051901381
 11
306.1542674455
 21
206.051901381
  0
LINE
  5
36E
100
AcDbEntity
  8
0
100
AcDbLine
 62
7
  6
CONTINUOUS
 10
312.6477481169
 20
206.051901381
 11
313.0622256065
 21
206.051901381
  0
LINE
  5
36F
100
AcDbEntity
  8
0
100
AcDbLine
 62
7
  6
CONTINUOUS
 10
314.0293397491
 20
206.051901381
 11
314.4438172388
 21
206.051901381
  0
LINE
  5
370
100
AcDbEntity
  8
0
100
AcDbLine
 62
7
  6
CONTINUOUS
 10
315.4109313813
 20
206.051901381
 11
315.825408871
 21
206.051901381
  0
LINE
  5
371
100
AcDbEntity
  8
0
100
AcDbLine
 62
7
  6
CONTINUOUS
 10
316.7925230135
 20
206.051901381
 11
317.2070005032
 21
206.051901381
  0
LINE
  5
372
100
AcDbEntity
  8
0
100
AcDbLine
 62
7
  6
CONTINUOUS
 10
267.3820134988
 20
207.1093927476
 11
267.7964909885
 21
207.1093927476
  0
LINE
  5
373
100
AcDbEntity
  8
0
100
AcDbLine
 62
7
  6
CONTINUOUS
 10
268.763605131
 20
207.1093927476
 11
269.1780826207
 21
207.1093927476
  0
LINE
  5
374
100
AcDbEntity
  8
0
100
AcDbLine
 62
7
  6
CONTINUOUS
 10
270.1451967632
 20
207.1093927476
 11
270.5596742529
 21
207.1093927476
  0
LINE
  5
375
100
AcDbEntity
  8
0
100
AcDbLine
 62
7
  6
CONTINUOUS
 10
271.5267883954
 20
207.1093927476
 11
271.9412658851
 21
207.1093927476
  0
LINE
  5
376
100
AcDbEntity
  8
0
100
AcDbLine
 62
7
  6
CONTINUOUS
 10
272.9083800277
 20
207.1093927476
 11
273.3228575173
 21
207.1093927476
  0
LINE
  5
377
100
AcDbEntity
  8
0
100
AcDbLine
 62
7
  6
CONTINUOUS
 10
274.2899716599
 20
207.1093927476
 11
274.7044491495
 21
207.1093927476
  0
LINE
  5
378
100
AcDbEntity
  8
0
100
AcDbLine
 62
7
  6
CONTINUOUS
 10
275.6715632921
 20
207.1093927476
 11
276.0860407817
 21
207.1093927476
  0
LINE
  5
379
100
AcDbEntity
  8
0
100
AcDbLine
 62
7
  6
CONTINUOUS
 10
277.0531549243
 20
207.1093927476
 11
277.467632414
 21
207.1093927476
  0
LINE
  5
37A
100
AcDbEntity
  8
0
100
AcDbLine
 62
7
  6
CONTINUOUS
 10
278.4347465565
 20
207.1093927476
 11
278.8492240462
 21
207.1093927476
  0
LINE
  5
37B
100
AcDbEntity
  8
0
100
AcDbLine
 62
7
  6
CONTINUOUS
 10
279.8163381887
 20
207.1093927476
 11
280.2308156784
 21
207.1093927476
  0
LINE
  5
37C
100
AcDbEntity
  8
0
100
AcDbLine
 62
7
  6
CONTINUOUS
 10
281.1979298209
 20
207.1093927476
 11
281.6124073106
 21
207.1093927476
  0
LINE
  5
37D
100
AcDbEntity
  8
0
100
AcDbLine
 62
7
  6
CONTINUOUS
 10
282.5795214532
 20
207.1093927476
 11
282.9939989428
 21
207.1093927476
  0
LINE
  5
37E
100
AcDbEntity
  8
0
100
AcDbLine
 62
7
  6
CONTINUOUS
 10
283.9611130854
 20
207.1093927476
 11
284.375590575
 21
207.1093927476
  0
LINE
  5
37F
100
AcDbEntity
  8
0
100
AcDbLine
 62
7
  6
CONTINUOUS
 10
285.3427047176
 20
207.1093927476
 11
285.7571822073
 21
207.1093927476
  0
LINE
  5
380
100
AcDbEntity
  8
0
100
AcDbLine
 62
7
  6
CONTINUOUS
 10
286.7242963498
 20
207.1093927476
 11
287.1387738395
 21
207.1093927476
  0
LINE
  5
381
100
AcDbEntity
  8
0
100
AcDbLine
 62
7
  6
CONTINUOUS
 10
288.105887982
 20
207.1093927476
 11
288.5203654717
 21
207.1093927476
  0
LINE
  5
382
100
AcDbEntity
  8
0
100
AcDbLine
 62
7
  6
CONTINUOUS
 10
289.4874796142
 20
207.1093927476
 11
289.9019571039
 21
207.1093927476
  0
LINE
  5
383
100
AcDbEntity
  8
0
100
AcDbLine
 62
7
  6
CONTINUOUS
 10
290.8690712465
 20
207.1093927476
 11
291.2835487361
 21
207.1093927476
  0
LINE
  5
384
100
AcDbEntity
  8
0
100
AcDbLine
 62
7
  6
CONTINUOUS
 10
292.2506628787
 20
207.1093927476
 11
292.6651403683
 21
207.1093927476
  0
LINE
  5
385
100
AcDbEntity
  8
0
100
AcDbLine
 62
7
  6
CONTINUOUS
 10
293.6322545109
 20
207.1093927476
 11
294.0467320006
 21
207.1093927476
  0
LINE
  5
386
100
AcDbEntity
  8
0
100
AcDbLine
 62
7
  6
CONTINUOUS
 10
295.0138461431
 20
207.1093927476
 11
295.4283236328
 21
207.1093927476
  0
LINE
  5
387
100
AcDbEntity
  8
0
100
AcDbLine
 62
7
  6
CONTINUOUS
 10
296.3954377753
 20
207.1093927476
 11
296.809915265
 21
207.1093927476
  0
LINE
  5
388
100
AcDbEntity
  8
0
100
AcDbLine
 62
7
  6
CONTINUOUS
 10
297.7770294075
 20
207.1093927476
 11
298.1915068972
 21
207.1093927476
  0
LINE
  5
389
100
AcDbEntity
  8
0
100
AcDbLine
 62
7
  6
CONTINUOUS
 10
299.1586210397
 20
207.1093927476
 11
299.5730985294
 21
207.1093927476
  0
LINE
  5
38A
100
AcDbEntity
  8
0
100
AcDbLine
 62
7
  6
CONTINUOUS
 10
300.540212672
 20
207.1093927476
 11
300.9546901616
 21
207.1093927476
  0
LINE
  5
38B
100
AcDbEntity
  8
0
100
AcDbLine
 62
7
  6
CONTINUOUS
 10
301.9218043042
 20
207.1093927476
 11
302.3362817938
 21
207.1093927476
  0
LINE
  5
38C
100
AcDbEntity
  8
0
100
AcDbLine
 62
7
  6
CONTINUOUS
 10
303.3033959364
 20
207.1093927476
 11
303.7178734261
 21
207.1093927476
  0
LINE
  5
38D
100
AcDbEntity
  8
0
100
AcDbLine
 62
7
  6
CONTINUOUS
 10
304.6849875686
 20
207.1093927476
 11
305.0994650583
 21
207.1093927476
  0
LINE
  5
38E
100
AcDbEntity
  8
0
100
AcDbLine
 62
7
  6
CONTINUOUS
 10
306.0665792008
 20
207.1093927476
 11
306.4810566905
 21
207.1093927476
  0
LINE
  5
38F
100
AcDbEntity
  8
0
100
AcDbLine
 62
7
  6
CONTINUOUS
 10
312.9745373619
 20
207.1093927476
 11
313.3890148516
 21
207.1093927476
  0
LINE
  5
390
100
AcDbEntity
  8
0
100
AcDbLine
 62
7
  6
CONTINUOUS
 10
314.3561289941
 20
207.1093927476
 11
314.7706064838
 21
207.1093927476
  0
LINE
  5
391
100
AcDbEntity
  8
0
100
AcDbLine
 62
7
  6
CONTINUOUS
 10
315.7377206263
 20
207.1093927476
 11
316.152198116
 21
207.1093927476
  0
LINE
  5
392
100
AcDbEntity
  8
0
100
AcDbLine
 62
7
  6
CONTINUOUS
 10
317.1193122586
 20
207.1093927476
 11
317.5337897482
 21
207.1093927476
  0
LINE
  5
393
100
AcDbEntity
  8
0
100
AcDbLine
 62
7
  6
CONTINUOUS
 10
278.4250877759
 20
217.3184486318
 11
278.3316205248
 21
217.4384130696
  0
LINE
  5
394
100
AcDbEntity
  8
0
100
AcDbLine
 62
7
  6
CONTINUOUS
 10
279.8066794082
 20
217.3184486318
 11
279.713212157
 21
217.4384130696
  0
LINE
  5
395
100
AcDbEntity
  8
0
100
AcDbLine
 62
7
  6
CONTINUOUS
 10
283.8251134287
 20
207.7695128942
 11
283.942220423
 21
207.5308737933
  0
LINE
  5
396
100
AcDbEntity
  8
0
100
AcDbLine
 62
7
  6
CONTINUOUS
 10
285.0159154726
 20
206.051901381
 11
285.1531842144
 21
205.7721769347
  0
LINE
  5
397
100
AcDbEntity
  8
0
100
AcDbLine
 62
7
  6
CONTINUOUS
 10
284.2395909183
 20
207.7695128942
 11
284.3566979127
 21
207.5308737933
  0
LINE
  5
398
100
AcDbEntity
  8
0
100
AcDbLine
 62
7
  6
CONTINUOUS
 10
285.4303929622
 20
206.051901381
 11
285.5676617041
 21
205.7721769347
  0
LINE
  5
399
100
AcDbEntity
  8
0
100
AcDbLine
 62
7
  6
CONTINUOUS
 10
280.8744669656
 20
215.9664089773
 11
280.8016686482
 21
216.114756436
  0
LINE
  5
39A
100
AcDbEntity
  8
0
100
AcDbLine
 62
7
  6
CONTINUOUS
 10
285.2067050609
 20
207.7695128942
 11
285.3238120552
 21
207.5308737933
  0
LINE
  5
39B
100
AcDbEntity
  8
0
100
AcDbLine
 62
7
  6
CONTINUOUS
 10
286.3975071048
 20
206.051901381
 11
286.5347758467
 21
205.7721769347
  0
LINE
  5
39C
100
AcDbEntity
  8
0
100
AcDbLine
 62
7
  6
CONTINUOUS
 10
285.6211825505
 20
207.7695128942
 11
285.7382895449
 21
207.5308737933
  0
LINE
  5
39D
100
AcDbEntity
  8
0
100
AcDbLine
 62
7
  6
CONTINUOUS
 10
286.8119845945
 20
206.051901381
 11
286.9492533363
 21
205.7721769347
  0
LINE
  5
39E
100
AcDbEntity
  8
0
100
AcDbLine
 62
7
  6
CONTINUOUS
 10
282.2560585978
 20
215.9664089773
 11
282.1832602805
 21
216.114756436
  0
LINE
  5
39F
100
AcDbEntity
  8
0
100
AcDbLine
 62
7
  6
CONTINUOUS
 10
282.5698820869
 20
216.9819431035
 11
282.5698626726
 21
217.3184486318
  0
LINE
  5
3A0
100
AcDbEntity
  8
0
100
AcDbLine
 62
7
  6
CONTINUOUS
 10
283.9514737191
 20
216.9819431035
 11
283.9514543048
 21
217.3184486318
  0
LINE
  5
3A1
100
AcDbEntity
  8
0
100
AcDbLine
 62
7
  6
CONTINUOUS
 10
282.1112562519
 20
215.3284802339
 11
282.1832602805
 21
216.114756436
  0
LINE
  5
3A2
100
AcDbEntity
  8
0
100
AcDbLine
 62
7
  6
CONTINUOUS
 10
283.4928478841
 20
215.3284802339
 11
283.5648519127
 21
216.114756436
  0
LINE
  5
3A3
100
AcDbEntity
  8
0
100
AcDbLine
 62
7
  6
CONTINUOUS
 10
281.8042845725
 20
216.3392619551
 11
281.7687827908
 21
216.114756436
  0
LINE
  5
3A4
100
AcDbEntity
  8
0
100
AcDbLine
 62
7
  6
CONTINUOUS
 10
282.2187620621
 20
216.3392619551
 11
282.1832602805
 21
216.114756436
  0
LINE
  5
3A5
100
AcDbEntity
  8
0
100
AcDbLine
 62
7
  6
CONTINUOUS
 10
283.1858762047
 20
216.3392619551
 11
283.150374423
 21
216.114756436
  0
LINE
  5
3A6
100
AcDbEntity
  8
0
100
AcDbLine
 62
7
  6
CONTINUOUS
 10
283.6003536943
 20
216.3392619551
 11
283.5648519127
 21
216.114756436
  0
LINE
  5
3A7
100
AcDbEntity
  8
0
100
AcDbLine
 62
7
  6
CONTINUOUS
 10
281.5921140368
 20
215.3284802339
 11
281.7687827908
 21
216.114756436
  0
LINE
  5
3A8
100
AcDbEntity
  8
0
100
AcDbLine
 62
7
  6
CONTINUOUS
 10
282.973705669
 20
215.3284802339
 11
283.150374423
 21
216.114756436
  0
LINE
  5
3A9
100
AcDbEntity
  8
0
100
AcDbLine
 62
7
  6
CONTINUOUS
 10
282.2560585978
 20
215.9664089773
 11
282.1112562519
 21
215.3284802339
  0
LINE
  5
3AA
100
AcDbEntity
  8
0
100
AcDbLine
 62
7
  6
CONTINUOUS
 10
281.1882904547
 20
216.9819431035
 11
280.8744669656
 21
215.9664089773
  0
LINE
  5
3AB
100
AcDbEntity
  8
0
100
AcDbLine
 62
7
  6
CONTINUOUS
 10
278.4347465565
 20
207.1093927476
 11
278.1079573115
 21
206.051901381
  0
LINE
  5
3AC
100
AcDbEntity
  8
0
100
AcDbLine
 62
7
  6
CONTINUOUS
 10
278.8492240462
 20
207.1093927476
 11
278.5224348012
 21
206.051901381
  0
LINE
  5
3AD
100
AcDbEntity
  8
0
100
AcDbLine
 62
7
  6
CONTINUOUS
 10
278.659703543
 20
205.7721769347
 11
278.9864927881
 21
206.8296683013
  0
LINE
  5
3AE
100
AcDbEntity
  8
0
100
AcDbLine
 62
7
  6
CONTINUOUS
 10
282.5698820869
 20
216.9819431035
 11
282.2560585978
 21
215.9664089773
  0
LINE
  5
3AF
100
AcDbEntity
  8
0
100
AcDbLine
 62
7
  6
CONTINUOUS
 10
279.8163381887
 20
207.1093927476
 11
279.4895489437
 21
206.051901381
  0
LINE
  5
3B0
100
AcDbEntity
  8
0
100
AcDbLine
 62
7
  6
CONTINUOUS
 10
280.2308156784
 20
207.1093927476
 11
279.9040264334
 21
206.051901381
  0
LINE
  5
3B1
100
AcDbEntity
  8
0
100
AcDbLine
 62
7
  6
CONTINUOUS
 10
267.3631208364
 20
207.5308737933
 11
267.7775983261
 21
207.5308737933
  0
LINE
  5
3B2
100
AcDbEntity
  8
0
100
AcDbLine
 62
7
  6
CONTINUOUS
 10
268.7447124686
 20
207.5308737933
 11
269.1591899583
 21
207.5308737933
  0
LINE
  5
3B3
100
AcDbEntity
  8
0
100
AcDbLine
 62
7
  6
CONTINUOUS
 10
270.1263041009
 20
207.5308737933
 11
270.5407815905
 21
207.5308737933
  0
LINE
  5
3B4
100
AcDbEntity
  8
0
100
AcDbLine
 62
7
  6
CONTINUOUS
 10
271.5078957331
 20
207.5308737933
 11
271.9223732227
 21
207.5308737933
  0
LINE
  5
3B5
100
AcDbEntity
  8
0
100
AcDbLine
 62
7
  6
CONTINUOUS
 10
272.8894873653
 20
207.5308737933
 11
273.303964855
 21
207.5308737933
  0
LINE
  5
3B6
100
AcDbEntity
  8
0
100
AcDbLine
 62
7
  6
CONTINUOUS
 10
274.2710789975
 20
207.5308737933
 11
274.6855564872
 21
207.5308737933
  0
LINE
  5
3B7
100
AcDbEntity
  8
0
100
AcDbLine
 62
7
  6
CONTINUOUS
 10
275.6526706297
 20
207.5308737933
 11
276.0671481194
 21
207.5308737933
  0
LINE
  5
3B8
100
AcDbEntity
  8
0
100
AcDbLine
 62
7
  6
CONTINUOUS
 10
277.0342622619
 20
207.5308737933
 11
277.4487397516
 21
207.5308737933
  0
LINE
  5
3B9
100
AcDbEntity
  8
0
100
AcDbLine
 62
7
  6
CONTINUOUS
 10
278.4158538942
 20
207.5308737933
 11
278.8303313838
 21
207.5308737933
  0
LINE
  5
3BA
100
AcDbEntity
  8
0
100
AcDbLine
 62
7
  6
CONTINUOUS
 10
279.7974455264
 20
207.5308737933
 11
280.211923016
 21
207.5308737933
  0
LINE
  5
3BB
100
AcDbEntity
  8
0
100
AcDbLine
 62
7
  6
CONTINUOUS
 10
281.1790371586
 20
207.5308737933
 11
281.5935146483
 21
207.5308737933
  0
LINE
  5
3BC
100
AcDbEntity
  8
0
100
AcDbLine
 62
7
  6
CONTINUOUS
 10
282.5606287908
 20
207.5308737933
 11
282.9751062805
 21
207.5308737933
  0
LINE
  5
3BD
100
AcDbEntity
  8
0
100
AcDbLine
 62
7
  6
CONTINUOUS
 10
283.942220423
 20
207.5308737933
 11
284.3566979127
 21
207.5308737933
  0
LINE
  5
3BE
100
AcDbEntity
  8
0
100
AcDbLine
 62
7
  6
CONTINUOUS
 10
285.3238120552
 20
207.5308737933
 11
285.7382895449
 21
207.5308737933
  0
LINE
  5
3BF
100
AcDbEntity
  8
0
100
AcDbLine
 62
7
  6
CONTINUOUS
 10
286.7054036875
 20
207.5308737933
 11
287.1198811771
 21
207.5308737933
  0
LINE
  5
3C0
100
AcDbEntity
  8
0
100
AcDbLine
 62
7
  6
CONTINUOUS
 10
288.0869953197
 20
207.5308737933
 11
288.5014728093
 21
207.5308737933
  0
LINE
  5
3C1
100
AcDbEntity
  8
0
100
AcDbLine
 62
7
  6
CONTINUOUS
 10
289.4685869519
 20
207.5308737933
 11
289.8830644415
 21
207.5308737933
  0
LINE
  5
3C2
100
AcDbEntity
  8
0
100
AcDbLine
 62
7
  6
CONTINUOUS
 10
290.8501785841
 20
207.5308737933
 11
291.2646560738
 21
207.5308737933
  0
LINE
  5
3C3
100
AcDbEntity
  8
0
100
AcDbLine
 62
7
  6
CONTINUOUS
 10
292.2317702163
 20
207.5308737933
 11
292.646247706
 21
207.5308737933
  0
LINE
  5
3C4
100
AcDbEntity
  8
0
100
AcDbLine
 62
7
  6
CONTINUOUS
 10
293.6133618485
 20
207.5308737933
 11
294.0278393382
 21
207.5308737933
  0
LINE
  5
3C5
100
AcDbEntity
  8
0
100
AcDbLine
 62
7
  6
CONTINUOUS
 10
294.9949534807
 20
207.5308737933
 11
295.4094309704
 21
207.5308737933
  0
LINE
  5
3C6
100
AcDbEntity
  8
0
100
AcDbLine
 62
7
  6
CONTINUOUS
 10
296.376545113
 20
207.5308737933
 11
296.7910226026
 21
207.5308737933
  0
LINE
  5
3C7
100
AcDbEntity
  8
0
100
AcDbLine
 62
7
  6
CONTINUOUS
 10
297.7581367452
 20
207.5308737933
 11
298.1726142348
 21
207.5308737933
  0
LINE
  5
3C8
100
AcDbEntity
  8
0
100
AcDbLine
 62
7
  6
CONTINUOUS
 10
299.1397283774
 20
207.5308737933
 11
299.5542058671
 21
207.5308737933
  0
LINE
  5
3C9
100
AcDbEntity
  8
0
100
AcDbLine
 62
7
  6
CONTINUOUS
 10
300.5213200096
 20
207.5308737933
 11
300.9357974993
 21
207.5308737933
  0
LINE
  5
3CA
100
AcDbEntity
  8
0
100
AcDbLine
 62
7
  6
CONTINUOUS
 10
301.9029116418
 20
207.5308737933
 11
302.3173891315
 21
207.5308737933
  0
LINE
  5
3CB
100
AcDbEntity
  8
0
100
AcDbLine
 62
7
  6
CONTINUOUS
 10
303.284503274
 20
207.5308737933
 11
303.6989807637
 21
207.5308737933
  0
LINE
  5
3CC
100
AcDbEntity
  8
0
100
AcDbLine
 62
7
  6
CONTINUOUS
 10
304.6660949063
 20
207.5308737933
 11
305.0805723959
 21
207.5308737933
  0
LINE
  5
3CD
100
AcDbEntity
  8
0
100
AcDbLine
 62
7
  6
CONTINUOUS
 10
306.0476865385
 20
207.5308737933
 11
306.4621640281
 21
207.5308737933
  0
LINE
  5
3CE
100
AcDbEntity
  8
0
100
AcDbLine
 62
7
  6
CONTINUOUS
 10
312.9556446995
 20
207.5308737933
 11
313.3701221892
 21
207.5308737933
  0
LINE
  5
3CF
100
AcDbEntity
  8
0
100
AcDbLine
 62
7
  6
CONTINUOUS
 10
314.3372363318
 20
207.5308737933
 11
314.7517138214
 21
207.5308737933
  0
LINE
  5
3D0
100
AcDbEntity
  8
0
100
AcDbLine
 62
7
  6
CONTINUOUS
 10
315.718827964
 20
207.5308737933
 11
316.1333054536
 21
207.5308737933
  0
LINE
  5
3D1
100
AcDbEntity
  8
0
100
AcDbLine
 62
7
  6
CONTINUOUS
 10
317.1004195962
 20
207.5308737933
 11
317.5148970859
 21
207.5308737933
  0
LINE
  5
3D2
100
AcDbEntity
  8
0
100
AcDbLine
 62
7
  6
CONTINUOUS
 10
265.6957808052
 20
207.7695128942
 11
307.0191865248
 21
207.7695128942
  0
LINE
  5
3D3
100
AcDbEntity
  8
0
100
AcDbLine
 62
7
  6
CONTINUOUS
 10
311.4126479152
 20
207.7695128942
 11
318.1962628294
 21
207.7695128942
  0
LINE
  5
3D4
100
AcDbEntity
  8
0
100
AcDbLine
 62
7
  6
CONTINUOUS
 10
307.1730931468
 20
208.2675553683
 11
311.1682443076
 21
208.2675553683
  0
LINE
  5
3D5
100
AcDbEntity
  8
0
100
AcDbLine
 62
7
  6
CONTINUOUS
 10
318.3501694514
 20
208.2675553683
 11
318.7975895581
 21
208.2675553683
  0
LINE
  5
3D6
100
AcDbEntity
  8
0
100
AcDbLine
 62
7
  6
CONTINUOUS
 10
265.3297308269
 20
208.515444751
 11
306.6531365464
 21
208.515444751
  0
LINE
  5
3D7
100
AcDbEntity
  8
0
100
AcDbLine
 62
7
  6
CONTINUOUS
 10
311.0465979369
 20
208.515444751
 11
317.830212851
 21
208.515444751
  0
LINE
  5
3D8
100
AcDbEntity
  8
0
100
AcDbLine
 62
7
  6
CONTINUOUS
 10
264.853865855
 20
209.4851561647
 11
306.1772715746
 21
209.4851561647
  0
LINE
  5
3D9
100
AcDbEntity
  8
0
100
AcDbLine
 62
7
  6
CONTINUOUS
 10
310.570732965
 20
209.4851561647
 11
317.3543478792
 21
209.4851561647
  0
LINE
  5
3DA
100
AcDbEntity
  8
0
100
AcDbLine
 62
7
  6
CONTINUOUS
 10
318.1570020961
 20
209.5729361176
 11
317.3814739111
 21
209.5729361176
  0
LINE
  5
3DB
100
AcDbEntity
  8
0
100
AcDbLine
 62
7
  6
CONTINUOUS
 10
306.9799257914
 20
209.5729361176
 11
306.2043976065
 21
209.5729361176
  0
LINE
  5
3DC
100
AcDbEntity
  8
0
100
AcDbLine
 62
7
  6
CONTINUOUS
 10
323.6413989342
 20
209.6253877203
 11
319.2171911012
 21
209.6253877203
  0
LINE
  5
3DD
100
AcDbEntity
  8
0
100
AcDbLine
 62
7
  6
CONTINUOUS
 10
264.7850502422
 20
209.6253877203
 11
263.1276854432
 21
209.6253877203
  0
LINE
  5
3DE
100
AcDbEntity
  8
0
100
AcDbLine
 62
7
  6
CONTINUOUS
 10
281.1882710404
 20
217.3184486318
 11
281.0948037892
 21
217.4384130696
  0
LINE
  5
3DF
100
AcDbEntity
  8
0
100
AcDbLine
 62
7
  6
CONTINUOUS
 10
282.5698626726
 20
217.3184486318
 11
282.4763954214
 21
217.4384130696
  0
LINE
  5
3E0
100
AcDbEntity
  8
0
100
AcDbLine
 62
7
  6
CONTINUOUS
 10
286.5882966931
 20
207.7695128942
 11
286.7054036875
 21
207.5308737933
  0
LINE
  5
3E1
100
AcDbEntity
  8
0
100
AcDbLine
 62
7
  6
CONTINUOUS
 10
287.779098737
 20
206.051901381
 11
287.9163674789
 21
205.7721769347
  0
LINE
  5
3E2
100
AcDbEntity
  8
0
100
AcDbLine
 62
7
  6
CONTINUOUS
 10
287.0027741828
 20
207.7695128942
 11
287.1198811771
 21
207.5308737933
  0
LINE
  5
3E3
100
AcDbEntity
  8
0
100
AcDbLine
 62
7
  6
CONTINUOUS
 10
288.1935762267
 20
206.051901381
 11
288.3308449685
 21
205.7721769347
  0
LINE
  5
3E4
100
AcDbEntity
  8
0
100
AcDbLine
 62
7
  6
CONTINUOUS
 10
283.63765023
 20
215.9664089773
 11
283.5648519127
 21
216.114756436
  0
LINE
  5
3E5
100
AcDbEntity
  8
0
100
AcDbLine
 62
7
  6
CONTINUOUS
 10
287.9698883253
 20
207.7695128942
 11
288.0869953197
 21
207.5308737933
  0
LINE
  5
3E6
100
AcDbEntity
  8
0
100
AcDbLine
 62
7
  6
CONTINUOUS
 10
289.1606903692
 20
206.051901381
 11
289.2979591111
 21
205.7721769347
  0
LINE
  5
3E7
100
AcDbEntity
  8
0
100
AcDbLine
 62
7
  6
CONTINUOUS
 10
288.384365815
 20
207.7695128942
 11
288.5014728093
 21
207.5308737933
  0
LINE
  5
3E8
100
AcDbEntity
  8
0
100
AcDbLine
 62
7
  6
CONTINUOUS
 10
289.5751678589
 20
206.051901381
 11
289.7124366008
 21
205.7721769347
  0
LINE
  5
3E9
100
AcDbEntity
  8
0
100
AcDbLine
 62
7
  6
CONTINUOUS
 10
285.0192418622
 20
215.9664089773
 11
284.9464435449
 21
216.114756436
  0
LINE
  5
3EA
100
AcDbEntity
  8
0
100
AcDbLine
 62
7
  6
CONTINUOUS
 10
285.3330653514
 20
216.9819431035
 11
285.333045937
 21
217.3184486318
  0
LINE
  5
3EB
100
AcDbEntity
  8
0
100
AcDbLine
 62
7
  6
CONTINUOUS
 10
286.7146569836
 20
216.9819431035
 11
286.7146375692
 21
217.3184486318
  0
LINE
  5
3EC
100
AcDbEntity
  8
0
100
AcDbLine
 62
7
  6
CONTINUOUS
 10
284.8744395164
 20
215.3284802339
 11
284.9464435449
 21
216.114756436
  0
LINE
  5
3ED
100
AcDbEntity
  8
0
100
AcDbLine
 62
7
  6
CONTINUOUS
 10
286.2560311486
 20
215.3284802339
 11
286.3280351771
 21
216.114756436
  0
LINE
  5
3EE
100
AcDbEntity
  8
0
100
AcDbLine
 62
7
  6
CONTINUOUS
 10
284.5674678369
 20
216.3392619551
 11
284.5319660552
 21
216.114756436
  0
LINE
  5
3EF
100
AcDbEntity
  8
0
100
AcDbLine
 62
7
  6
CONTINUOUS
 10
284.9819453266
 20
216.3392619551
 11
284.9464435449
 21
216.114756436
  0
LINE
  5
3F0
100
AcDbEntity
  8
0
100
AcDbLine
 62
7
  6
CONTINUOUS
 10
285.9490594691
 20
216.3392619551
 11
285.9135576874
 21
216.114756436
  0
LINE
  5
3F1
100
AcDbEntity
  8
0
100
AcDbLine
 62
7
  6
CONTINUOUS
 10
286.3635369588
 20
216.3392619551
 11
286.3280351771
 21
216.114756436
  0
LINE
  5
3F2
100
AcDbEntity
  8
0
100
AcDbLine
 62
7
  6
CONTINUOUS
 10
284.3552973012
 20
215.3284802339
 11
284.5319660552
 21
216.114756436
  0
LINE
  5
3F3
100
AcDbEntity
  8
0
100
AcDbLine
 62
7
  6
CONTINUOUS
 10
285.7368889334
 20
215.3284802339
 11
285.9135576874
 21
216.114756436
  0
LINE
  5
3F4
100
AcDbEntity
  8
0
100
AcDbLine
 62
7
  6
CONTINUOUS
 10
283.63765023
 20
215.9664089773
 11
283.4928478841
 21
215.3284802339
  0
LINE
  5
3F5
100
AcDbEntity
  8
0
100
AcDbLine
 62
7
  6
CONTINUOUS
 10
285.0192418622
 20
215.9664089773
 11
284.8744395164
 21
215.3284802339
  0
LINE
  5
3F6
100
AcDbEntity
  8
0
100
AcDbLine
 62
7
  6
CONTINUOUS
 10
280.0412951752
 20
205.7721769347
 11
280.3680844203
 21
206.8296683013
  0
LINE
  5
3F7
100
AcDbEntity
  8
0
100
AcDbLine
 62
7
  6
CONTINUOUS
 10
283.9514737191
 20
216.9819431035
 11
283.63765023
 21
215.9664089773
  0
LINE
  5
3F8
100
AcDbEntity
  8
0
100
AcDbLine
 62
7
  6
CONTINUOUS
 10
281.1979298209
 20
207.1093927476
 11
280.8711405759
 21
206.051901381
  0
LINE
  5
3F9
100
AcDbEntity
  8
0
100
AcDbLine
 62
7
  6
CONTINUOUS
 10
281.6124073106
 20
207.1093927476
 11
281.2856180656
 21
206.051901381
  0
LINE
  5
3FA
100
AcDbEntity
  8
0
100
AcDbLine
 62
7
  6
CONTINUOUS
 10
281.4228868075
 20
205.7721769347
 11
281.7496760525
 21
206.8296683013
  0
LINE
  5
3FB
100
AcDbEntity
  8
0
100
AcDbLine
 62
7
  6
CONTINUOUS
 10
285.3330653514
 20
216.9819431035
 11
285.0192418622
 21
215.9664089773
  0
LINE
  5
3FC
100
AcDbEntity
  8
0
100
AcDbLine
 62
7
  6
CONTINUOUS
 10
282.5795214532
 20
207.1093927476
 11
282.2527322081
 21
206.051901381
  0
LINE
  5
3FD
100
AcDbEntity
  8
0
100
AcDbLine
 62
7
  6
CONTINUOUS
 10
310.2066419137
 20
210.8464818033
 11
309.9026917546
 21
210.8464818033
  0
LINE
  5
3FE
100
AcDbEntity
  8
0
100
AcDbLine
 62
7
  6
CONTINUOUS
 10
305.5092303641
 20
210.8464818033
 11
305.2052802051
 21
210.8464818033
  0
LINE
  5
3FF
100
AcDbEntity
  8
0
100
AcDbLine
 62
7
  6
CONTINUOUS
 10
305.8738049339
 20
211.0610110786
 11
309.9689862532
 21
211.0610110786
  0
LINE
  5
400
100
AcDbEntity
  8
0
100
AcDbLine
 62
7
  6
CONTINUOUS
 10
264.0027996554
 20
211.2194477317
 11
305.0222552159
 21
211.2194477317
  0
LINE
  5
401
100
AcDbEntity
  8
0
100
AcDbLine
 62
7
  6
CONTINUOUS
 10
310.0236169245
 20
211.2194477317
 11
316.5032816796
 21
211.2194477317
  0
LINE
  5
402
100
AcDbEntity
  8
0
100
AcDbLine
 62
7
  6
CONTINUOUS
 10
310.0842413352
 20
211.433977007
 11
305.6907799447
 21
211.433977007
  0
LINE
  5
403
100
AcDbEntity
  8
0
100
AcDbLine
 62
7
  6
CONTINUOUS
 10
283.9514543048
 20
217.3184486318
 11
283.8579870536
 21
217.4384130696
  0
LINE
  5
404
100
AcDbEntity
  8
0
100
AcDbLine
 62
7
  6
CONTINUOUS
 10
285.333045937
 20
217.3184486318
 11
285.2395786858
 21
217.4384130696
  0
LINE
  5
405
100
AcDbEntity
  8
0
100
AcDbLine
 62
7
  6
CONTINUOUS
 10
289.3514799575
 20
207.7695128942
 11
289.4685869519
 21
207.5308737933
  0
LINE
  5
406
100
AcDbEntity
  8
0
100
AcDbLine
 62
7
  6
CONTINUOUS
 10
290.5422820014
 20
206.051901381
 11
290.6795507433
 21
205.7721769347
  0
LINE
  5
407
100
AcDbEntity
  8
0
100
AcDbLine
 62
7
  6
CONTINUOUS
 10
289.7659574472
 20
207.7695128942
 11
289.8830644415
 21
207.5308737933
  0
LINE
  5
408
100
AcDbEntity
  8
0
100
AcDbLine
 62
7
  6
CONTINUOUS
 10
290.9567594911
 20
206.051901381
 11
291.094028233
 21
205.7721769347
  0
LINE
  5
409
100
AcDbEntity
  8
0
100
AcDbLine
 62
7
  6
CONTINUOUS
 10
286.4008334945
 20
215.9664089773
 11
286.3280351771
 21
216.114756436
  0
LINE
  5
40A
100
AcDbEntity
  8
0
100
AcDbLine
 62
7
  6
CONTINUOUS
 10
290.7330715897
 20
207.7695128942
 11
290.8501785841
 21
207.5308737933
  0
LINE
  5
40B
100
AcDbEntity
  8
0
100
AcDbLine
 62
7
  6
CONTINUOUS
 10
291.9238736336
 20
206.051901381
 11
292.0611423755
 21
205.7721769347
  0
LINE
  5
40C
100
AcDbEntity
  8
0
100
AcDbLine
 62
7
  6
CONTINUOUS
 10
291.1475490794
 20
207.7695128942
 11
291.2646560738
 21
207.5308737933
  0
LINE
  5
40D
100
AcDbEntity
  8
0
100
AcDbLine
 62
7
  6
CONTINUOUS
 10
292.3383511233
 20
206.051901381
 11
292.4756198652
 21
205.7721769347
  0
LINE
  5
40E
100
AcDbEntity
  8
0
100
AcDbLine
 62
7
  6
CONTINUOUS
 10
288.0962486158
 20
216.9819431035
 11
288.0962292015
 21
217.3184486318
  0
LINE
  5
40F
100
AcDbEntity
  8
0
100
AcDbLine
 62
7
  6
CONTINUOUS
 10
287.6376227808
 20
215.3284802339
 11
287.7096268093
 21
216.114756436
  0
LINE
  5
410
100
AcDbEntity
  8
0
100
AcDbLine
 62
7
  6
CONTINUOUS
 10
289.019214413
 20
215.3284802339
 11
289.0912184415
 21
216.114756436
  0
LINE
  5
411
100
AcDbEntity
  8
0
100
AcDbLine
 62
7
  6
CONTINUOUS
 10
287.3306511013
 20
216.3392619551
 11
287.2951493196
 21
216.114756436
  0
LINE
  5
412
100
AcDbEntity
  8
0
100
AcDbLine
 62
7
  6
CONTINUOUS
 10
287.745128591
 20
216.3392619551
 11
287.7096268093
 21
216.114756436
  0
LINE
  5
413
100
AcDbEntity
  8
0
100
AcDbLine
 62
7
  6
CONTINUOUS
 10
288.7122427335
 20
216.3392619551
 11
288.6767409519
 21
216.114756436
  0
LINE
  5
414
100
AcDbEntity
  8
0
100
AcDbLine
 62
7
  6
CONTINUOUS
 10
287.1184805656
 20
215.3284802339
 11
287.2951493196
 21
216.114756436
  0
LINE
  5
415
100
AcDbEntity
  8
0
100
AcDbLine
 62
7
  6
CONTINUOUS
 10
286.4008334945
 20
215.9664089773
 11
286.2560311486
 21
215.3284802339
  0
LINE
  5
416
100
AcDbEntity
  8
0
100
AcDbLine
 62
7
  6
CONTINUOUS
 10
287.7824251267
 20
215.9664089773
 11
287.6376227808
 21
215.3284802339
  0
LINE
  5
417
100
AcDbEntity
  8
0
100
AcDbLine
 62
7
  6
CONTINUOUS
 10
282.9939989428
 20
207.1093927476
 11
282.6672096978
 21
206.051901381
  0
LINE
  5
418
100
AcDbEntity
  8
0
100
AcDbLine
 62
7
  6
CONTINUOUS
 10
282.8044784397
 20
205.7721769347
 11
283.1312676847
 21
206.8296683013
  0
LINE
  5
419
100
AcDbEntity
  8
0
100
AcDbLine
 62
7
  6
CONTINUOUS
 10
286.7146569836
 20
216.9819431035
 11
286.4008334945
 21
215.9664089773
  0
LINE
  5
41A
100
AcDbEntity
  8
0
100
AcDbLine
 62
7
  6
CONTINUOUS
 10
283.9611130854
 20
207.1093927476
 11
283.6343238404
 21
206.051901381
  0
LINE
  5
41B
100
AcDbEntity
  8
0
100
AcDbLine
 62
7
  6
CONTINUOUS
 10
284.375590575
 20
207.1093927476
 11
284.04880133
 21
206.051901381
  0
LINE
  5
41C
100
AcDbEntity
  8
0
100
AcDbLine
 62
7
  6
CONTINUOUS
 10
284.1860700719
 20
205.7721769347
 11
284.5128593169
 21
206.8296683013
  0
LINE
  5
41D
100
AcDbEntity
  8
0
100
AcDbLine
 62
7
  6
CONTINUOUS
 10
288.0962486158
 20
216.9819431035
 11
287.7824251267
 21
215.9664089773
  0
LINE
  5
41E
100
AcDbEntity
  8
0
100
AcDbLine
 62
7
  6
CONTINUOUS
 10
285.3427047176
 20
207.1093927476
 11
285.0159154726
 21
206.051901381
  0
LINE
  5
41F
100
AcDbEntity
  8
0
100
AcDbLine
 62
7
  6
CONTINUOUS
 10
320.7749553184
 20
213.355047004
 11
317.8045333091
 21
213.355047004
  0
LINE
  5
420
100
AcDbEntity
  8
0
100
AcDbLine
 62
7
  6
CONTINUOUS
 10
264.662749132
 20
213.355047004
 11
262.3336292757
 21
213.355047004
  0
LINE
  5
421
100
AcDbEntity
  8
0
100
AcDbLine
 62
7
  6
CONTINUOUS
 10
308.4064702174
 20
213.7839578217
 11
308.1301518909
 21
213.7839578217
  0
LINE
  5
422
100
AcDbEntity
  8
0
100
AcDbLine
 62
7
  6
CONTINUOUS
 10
286.7146375692
 20
217.3184486318
 11
286.621170318
 21
217.4384130696
  0
LINE
  5
423
100
AcDbEntity
  8
0
100
AcDbLine
 62
7
  6
CONTINUOUS
 10
288.0962292015
 20
217.3184486318
 11
288.0027619503
 21
217.4384130696
  0
LINE
  5
424
100
AcDbEntity
  8
0
100
AcDbLine
 62
7
  6
CONTINUOUS
 10
289.4778208337
 20
217.3184486318
 11
289.3843535825
 21
217.4384130696
  0
LINE
  5
425
100
AcDbEntity
  8
0
100
AcDbLine
 62
7
  6
CONTINUOUS
 10
287.7824251267
 20
215.9664089773
 11
287.7096268093
 21
216.114756436
  0
LINE
  5
426
100
AcDbEntity
  8
0
100
AcDbLine
 62
7
  6
CONTINUOUS
 10
292.114663222
 20
207.7695128942
 11
292.2317702163
 21
207.5308737933
  0
LINE
  5
427
100
AcDbEntity
  8
0
100
AcDbLine
 62
7
  6
CONTINUOUS
 10
293.3054652659
 20
206.051901381
 11
293.4427340077
 21
205.7721769347
  0
LINE
  5
428
100
AcDbEntity
  8
0
100
AcDbLine
 62
7
  6
CONTINUOUS
 10
292.5291407116
 20
207.7695128942
 11
292.646247706
 21
207.5308737933
  0
LINE
  5
429
100
AcDbEntity
  8
0
100
AcDbLine
 62
7
  6
CONTINUOUS
 10
293.7199427555
 20
206.051901381
 11
293.8572114974
 21
205.7721769347
  0
LINE
  5
42A
100
AcDbEntity
  8
0
100
AcDbLine
 62
7
  6
CONTINUOUS
 10
289.1640167589
 20
215.9664089773
 11
289.0912184415
 21
216.114756436
  0
LINE
  5
42B
100
AcDbEntity
  8
0
100
AcDbLine
 62
7
  6
CONTINUOUS
 10
293.4962548542
 20
207.7695128942
 11
293.6133618485
 21
207.5308737933
  0
LINE
  5
42C
100
AcDbEntity
  8
0
100
AcDbLine
 62
7
  6
CONTINUOUS
 10
294.6870568981
 20
206.051901381
 11
294.82432564
 21
205.7721769347
  0
LINE
  5
42D
100
AcDbEntity
  8
0
100
AcDbLine
 62
7
  6
CONTINUOUS
 10
293.9107323438
 20
207.7695128942
 11
294.0278393382
 21
207.5308737933
  0
LINE
  5
42E
100
AcDbEntity
  8
0
100
AcDbLine
 62
7
  6
CONTINUOUS
 10
295.1015343877
 20
206.051901381
 11
295.2388031296
 21
205.7721769347
  0
LINE
  5
42F
100
AcDbEntity
  8
0
100
AcDbLine
 62
7
  6
CONTINUOUS
 10
289.477840248
 20
216.9819431035
 11
289.4778208337
 21
217.3184486318
  0
LINE
  5
430
100
AcDbEntity
  8
0
100
AcDbLine
 62
7
  6
CONTINUOUS
 10
290.8594318802
 20
216.9819431035
 11
290.8594124659
 21
217.3184486318
  0
LINE
  5
431
100
AcDbEntity
  8
0
100
AcDbLine
 62
7
  6
CONTINUOUS
 10
290.4008060452
 20
215.3284802339
 11
290.4728100737
 21
216.114756436
  0
LINE
  5
432
100
AcDbEntity
  8
0
100
AcDbLine
 62
7
  6
CONTINUOUS
 10
289.1267202232
 20
216.3392619551
 11
289.0912184415
 21
216.114756436
  0
LINE
  5
433
100
AcDbEntity
  8
0
100
AcDbLine
 62
7
  6
CONTINUOUS
 10
290.0938343658
 20
216.3392619551
 11
290.0583325841
 21
216.114756436
  0
LINE
  5
434
100
AcDbEntity
  8
0
100
AcDbLine
 62
7
  6
CONTINUOUS
 10
290.5083118554
 20
216.3392619551
 11
290.4728100737
 21
216.114756436
  0
LINE
  5
435
100
AcDbEntity
  8
0
100
AcDbLine
 62
7
  6
CONTINUOUS
 10
288.5000721978
 20
215.3284802339
 11
288.6767409519
 21
216.114756436
  0
LINE
  5
436
100
AcDbEntity
  8
0
100
AcDbLine
 62
7
  6
CONTINUOUS
 10
289.8816638301
 20
215.3284802339
 11
290.0583325841
 21
216.114756436
  0
LINE
  5
437
100
AcDbEntity
  8
0
100
AcDbLine
 62
7
  6
CONTINUOUS
 10
289.1640167589
 20
215.9664089773
 11
289.019214413
 21
215.3284802339
  0
LINE
  5
438
100
AcDbEntity
  8
0
100
AcDbLine
 62
7
  6
CONTINUOUS
 10
290.5456083911
 20
215.9664089773
 11
290.4008060452
 21
215.3284802339
  0
LINE
  5
439
100
AcDbEntity
  8
0
100
AcDbLine
 62
7
  6
CONTINUOUS
 10
285.7571822073
 20
207.1093927476
 11
285.4303929622
 21
206.051901381
  0
LINE
  5
43A
100
AcDbEntity
  8
0
100
AcDbLine
 62
7
  6
CONTINUOUS
 10
285.5676617041
 20
205.7721769347
 11
285.8944509491
 21
206.8296683013
  0
LINE
  5
43B
100
AcDbEntity
  8
0
100
AcDbLine
 62
7
  6
CONTINUOUS
 10
289.477840248
 20
216.9819431035
 11
289.1640167589
 21
215.9664089773
  0
LINE
  5
43C
100
AcDbEntity
  8
0
100
AcDbLine
 62
7
  6
CONTINUOUS
 10
286.7242963498
 20
207.1093927476
 11
286.3975071048
 21
206.051901381
  0
LINE
  5
43D
100
AcDbEntity
  8
0
100
AcDbLine
 62
7
  6
CONTINUOUS
 10
287.1387738395
 20
207.1093927476
 11
286.8119845945
 21
206.051901381
  0
LINE
  5
43E
100
AcDbEntity
  8
0
100
AcDbLine
 62
7
  6
CONTINUOUS
 10
286.9492533363
 20
205.7721769347
 11
287.2760425813
 21
206.8296683013
  0
LINE
  5
43F
100
AcDbEntity
  8
0
100
AcDbLine
 62
7
  6
CONTINUOUS
 10
290.8594318802
 20
216.9819431035
 11
290.5456083911
 21
215.9664089773
  0
LINE
  5
440
100
AcDbEntity
  8
0
100
AcDbLine
 62
7
  6
CONTINUOUS
 10
307.6560677618
 20
215.313118128
 11
307.3797494354
 21
215.313118128
  0
LINE
  5
441
100
AcDbEntity
  8
0
100
AcDbLine
 62
7
  6
CONTINUOUS
 10
260.3365543584
 20
215.313118128
 11
261.3727480826
 21
215.313118128
  0
LINE
  5
442
100
AcDbEntity
  8
0
100
AcDbLine
 62
7
  6
CONTINUOUS
 10
319.8140741253
 20
215.313118128
 11
320.8502678495
 21
215.313118128
  0
LINE
  5
443
100
AcDbEntity
  8
0
100
AcDbLine
 62
7
  6
CONTINUOUS
 10
266.3946060824
 20
215.3284802339
 11
266.9137482976
 21
215.3284802339
  0
LINE
  5
444
100
AcDbEntity
  8
0
100
AcDbLine
 62
7
  6
CONTINUOUS
 10
267.7761977146
 20
215.3284802339
 11
268.2953399298
 21
215.3284802339
  0
LINE
  5
445
100
AcDbEntity
  8
0
100
AcDbLine
 62
7
  6
CONTINUOUS
 10
269.1577893468
 20
215.3284802339
 11
269.676931562
 21
215.3284802339
  0
LINE
  5
446
100
AcDbEntity
  8
0
100
AcDbLine
 62
7
  6
CONTINUOUS
 10
270.539380979
 20
215.3284802339
 11
271.0585231942
 21
215.3284802339
  0
LINE
  5
447
100
AcDbEntity
  8
0
100
AcDbLine
 62
7
  6
CONTINUOUS
 10
271.9209726113
 20
215.3284802339
 11
272.4401148264
 21
215.3284802339
  0
LINE
  5
448
100
AcDbEntity
  8
0
100
AcDbLine
 62
7
  6
CONTINUOUS
 10
273.3025642435
 20
215.3284802339
 11
273.8217064586
 21
215.3284802339
  0
LINE
  5
449
100
AcDbEntity
  8
0
100
AcDbLine
 62
7
  6
CONTINUOUS
 10
274.6841558757
 20
215.3284802339
 11
275.2032980909
 21
215.3284802339
  0
LINE
  5
44A
100
AcDbEntity
  8
0
100
AcDbLine
 62
7
  6
CONTINUOUS
 10
276.0657475079
 20
215.3284802339
 11
276.5848897231
 21
215.3284802339
  0
LINE
  5
44B
100
AcDbEntity
  8
0
100
AcDbLine
 62
7
  6
CONTINUOUS
 10
277.4473391401
 20
215.3284802339
 11
277.9664813553
 21
215.3284802339
  0
LINE
  5
44C
100
AcDbEntity
  8
0
100
AcDbLine
 62
7
  6
CONTINUOUS
 10
278.8289307723
 20
215.3284802339
 11
279.3480729875
 21
215.3284802339
  0
LINE
  5
44D
100
AcDbEntity
  8
0
100
AcDbLine
 62
7
  6
CONTINUOUS
 10
280.2105224046
 20
215.3284802339
 11
280.7296646197
 21
215.3284802339
  0
LINE
  5
44E
100
AcDbEntity
  8
0
100
AcDbLine
 62
7
  6
CONTINUOUS
 10
281.5921140368
 20
215.3284802339
 11
282.1112562519
 21
215.3284802339
  0
LINE
  5
44F
100
AcDbEntity
  8
0
100
AcDbLine
 62
7
  6
CONTINUOUS
 10
282.973705669
 20
215.3284802339
 11
283.4928478841
 21
215.3284802339
  0
LINE
  5
450
100
AcDbEntity
  8
0
100
AcDbLine
 62
7
  6
CONTINUOUS
 10
284.3552973012
 20
215.3284802339
 11
284.8744395164
 21
215.3284802339
  0
LINE
  5
451
100
AcDbEntity
  8
0
100
AcDbLine
 62
7
  6
CONTINUOUS
 10
285.7368889334
 20
215.3284802339
 11
286.2560311486
 21
215.3284802339
  0
LINE
  5
452
100
AcDbEntity
  8
0
100
AcDbLine
 62
7
  6
CONTINUOUS
 10
287.1184805656
 20
215.3284802339
 11
287.6376227808
 21
215.3284802339
  0
LINE
  5
453
100
AcDbEntity
  8
0
100
AcDbLine
 62
7
  6
CONTINUOUS
 10
288.5000721978
 20
215.3284802339
 11
289.019214413
 21
215.3284802339
  0
LINE
  5
454
100
AcDbEntity
  8
0
100
AcDbLine
 62
7
  6
CONTINUOUS
 10
289.8816638301
 20
215.3284802339
 11
290.4008060452
 21
215.3284802339
  0
LINE
  5
455
100
AcDbEntity
  8
0
100
AcDbLine
 62
7
  6
CONTINUOUS
 10
291.2632554623
 20
215.3284802339
 11
291.7823976774
 21
215.3284802339
  0
LINE
  5
456
100
AcDbEntity
  8
0
100
AcDbLine
 62
7
  6
CONTINUOUS
 10
292.6448470945
 20
215.3284802339
 11
293.1639893097
 21
215.3284802339
  0
LINE
  5
457
100
AcDbEntity
  8
0
100
AcDbLine
 62
7
  6
CONTINUOUS
 10
294.0264387267
 20
215.3284802339
 11
294.5455809419
 21
215.3284802339
  0
LINE
  5
458
100
AcDbEntity
  8
0
100
AcDbLine
 62
7
  6
CONTINUOUS
 10
295.4080303589
 20
215.3284802339
 11
295.9271725741
 21
215.3284802339
  0
LINE
  5
459
100
AcDbEntity
  8
0
100
AcDbLine
 62
7
  6
CONTINUOUS
 10
296.7896219911
 20
215.3284802339
 11
297.3087642063
 21
215.3284802339
  0
LINE
  5
45A
100
AcDbEntity
  8
0
100
AcDbLine
 62
7
  6
CONTINUOUS
 10
298.1712136234
 20
215.3284802339
 11
298.6903558385
 21
215.3284802339
  0
LINE
  5
45B
100
AcDbEntity
  8
0
100
AcDbLine
 62
7
  6
CONTINUOUS
 10
299.5528052556
 20
215.3284802339
 11
300.0719474707
 21
215.3284802339
  0
LINE
  5
45C
100
AcDbEntity
  8
0
100
AcDbLine
 62
7
  6
CONTINUOUS
 10
300.9343968878
 20
215.3284802339
 11
301.4535391029
 21
215.3284802339
  0
LINE
  5
45D
100
AcDbEntity
  8
0
100
AcDbLine
 62
7
  6
CONTINUOUS
 10
302.31598852
 20
215.3284802339
 11
302.8351307352
 21
215.3284802339
  0
LINE
  5
45E
100
AcDbEntity
  8
0
100
AcDbLine
 62
7
  6
CONTINUOUS
 10
303.6975801522
 20
215.3284802339
 11
304.2167223674
 21
215.3284802339
  0
LINE
  5
45F
100
AcDbEntity
  8
0
100
AcDbLine
 62
7
  6
CONTINUOUS
 10
305.0791717844
 20
215.3284802339
 11
305.5983139996
 21
215.3284802339
  0
LINE
  5
460
100
AcDbEntity
  8
0
100
AcDbLine
 62
7
  6
CONTINUOUS
 10
311.9871299455
 20
215.3284802339
 11
312.5062721607
 21
215.3284802339
  0
LINE
  5
461
100
AcDbEntity
  8
0
100
AcDbLine
 62
7
  6
CONTINUOUS
 10
313.3687215777
 20
215.3284802339
 11
313.8878637929
 21
215.3284802339
  0
LINE
  5
462
100
AcDbEntity
  8
0
100
AcDbLine
 62
7
  6
CONTINUOUS
 10
314.7503132099
 20
215.3284802339
 11
315.2694554251
 21
215.3284802339
  0
LINE
  5
463
100
AcDbEntity
  8
0
100
AcDbLine
 62
7
  6
CONTINUOUS
 10
316.1319048422
 20
215.3284802339
 11
316.6510470573
 21
215.3284802339
  0
LINE
  5
464
100
AcDbEntity
  8
0
100
AcDbLine
 62
7
  6
CONTINUOUS
 10
266.6067766181
 20
216.3392619551
 11
267.0212541078
 21
216.3392619551
  0
LINE
  5
465
100
AcDbEntity
  8
0
100
AcDbLine
 62
7
  6
CONTINUOUS
 10
267.9883682503
 20
216.3392619551
 11
268.40284574
 21
216.3392619551
  0
LINE
  5
466
100
AcDbEntity
  8
0
100
AcDbLine
 62
7
  6
CONTINUOUS
 10
269.3699598825
 20
216.3392619551
 11
269.7844373722
 21
216.3392619551
  0
LINE
  5
467
100
AcDbEntity
  8
0
100
AcDbLine
 62
7
  6
CONTINUOUS
 10
270.7515515147
 20
216.3392619551
 11
271.1660290044
 21
216.3392619551
  0
LINE
  5
468
100
AcDbEntity
  8
0
100
AcDbLine
 62
7
  6
CONTINUOUS
 10
272.1331431469
 20
216.3392619551
 11
272.5476206366
 21
216.3392619551
  0
LINE
  5
469
100
AcDbEntity
  8
0
100
AcDbLine
 62
7
  6
CONTINUOUS
 10
273.5147347792
 20
216.3392619551
 11
273.9292122688
 21
216.3392619551
  0
LINE
  5
46A
100
AcDbEntity
  8
0
100
AcDbLine
 62
7
  6
CONTINUOUS
 10
274.8963264114
 20
216.3392619551
 11
275.310803901
 21
216.3392619551
  0
LINE
  5
46B
100
AcDbEntity
  8
0
100
AcDbLine
 62
7
  6
CONTINUOUS
 10
276.2779180436
 20
216.3392619551
 11
276.6923955333
 21
216.3392619551
  0
LINE
  5
46C
100
AcDbEntity
  8
0
100
AcDbLine
 62
7
  6
CONTINUOUS
 10
277.6595096758
 20
216.3392619551
 11
278.0739871655
 21
216.3392619551
  0
LINE
  5
46D
100
AcDbEntity
  8
0
100
AcDbLine
 62
7
  6
CONTINUOUS
 10
279.041101308
 20
216.3392619551
 11
279.4555787977
 21
216.3392619551
  0
LINE
  5
46E
100
AcDbEntity
  8
0
100
AcDbLine
 62
7
  6
CONTINUOUS
 10
280.4226929402
 20
216.3392619551
 11
280.8371704299
 21
216.3392619551
  0
LINE
  5
46F
100
AcDbEntity
  8
0
100
AcDbLine
 62
7
  6
CONTINUOUS
 10
281.8042845725
 20
216.3392619551
 11
282.2187620621
 21
216.3392619551
  0
LINE
  5
470
100
AcDbEntity
  8
0
100
AcDbLine
 62
7
  6
CONTINUOUS
 10
283.1858762047
 20
216.3392619551
 11
283.6003536943
 21
216.3392619551
  0
LINE
  5
471
100
AcDbEntity
  8
0
100
AcDbLine
 62
7
  6
CONTINUOUS
 10
284.5674678369
 20
216.3392619551
 11
284.9819453266
 21
216.3392619551
  0
LINE
  5
472
100
AcDbEntity
  8
0
100
AcDbLine
 62
7
  6
CONTINUOUS
 10
285.9490594691
 20
216.3392619551
 11
286.3635369588
 21
216.3392619551
  0
LINE
  5
473
100
AcDbEntity
  8
0
100
AcDbLine
 62
7
  6
CONTINUOUS
 10
287.3306511013
 20
216.3392619551
 11
287.745128591
 21
216.3392619551
  0
LINE
  5
474
100
AcDbEntity
  8
0
100
AcDbLine
 62
7
  6
CONTINUOUS
 10
288.7122427335
 20
216.3392619551
 11
289.1267202232
 21
216.3392619551
  0
LINE
  5
475
100
AcDbEntity
  8
0
100
AcDbLine
 62
7
  6
CONTINUOUS
 10
290.0938343658
 20
216.3392619551
 11
290.5083118554
 21
216.3392619551
  0
LINE
  5
476
100
AcDbEntity
  8
0
100
AcDbLine
 62
7
  6
CONTINUOUS
 10
291.475425998
 20
216.3392619551
 11
291.8899034876
 21
216.3392619551
  0
LINE
  5
477
100
AcDbEntity
  8
0
100
AcDbLine
 62
7
  6
CONTINUOUS
 10
292.8570176302
 20
216.3392619551
 11
293.2714951198
 21
216.3392619551
  0
LINE
  5
478
100
AcDbEntity
  8
0
100
AcDbLine
 62
7
  6
CONTINUOUS
 10
294.2386092624
 20
216.3392619551
 11
294.6530867521
 21
216.3392619551
  0
LINE
  5
479
100
AcDbEntity
  8
0
100
AcDbLine
 62
7
  6
CONTINUOUS
 10
295.6202008946
 20
216.3392619551
 11
296.0346783843
 21
216.3392619551
  0
LINE
  5
47A
100
AcDbEntity
  8
0
100
AcDbLine
 62
7
  6
CONTINUOUS
 10
297.0017925268
 20
216.3392619551
 11
297.4162700165
 21
216.3392619551
  0
LINE
  5
47B
100
AcDbEntity
  8
0
100
AcDbLine
 62
7
  6
CONTINUOUS
 10
298.383384159
 20
216.3392619551
 11
298.7978616487
 21
216.3392619551
  0
LINE
  5
47C
100
AcDbEntity
  8
0
100
AcDbLine
 62
7
  6
CONTINUOUS
 10
299.7649757913
 20
216.3392619551
 11
300.1794532809
 21
216.3392619551
  0
LINE
  5
47D
100
AcDbEntity
  8
0
100
AcDbLine
 62
7
  6
CONTINUOUS
 10
301.1465674235
 20
216.3392619551
 11
301.5610449131
 21
216.3392619551
  0
LINE
  5
47E
100
AcDbEntity
  8
0
100
AcDbLine
 62
7
  6
CONTINUOUS
 10
302.5281590557
 20
216.3392619551
 11
302.9426365454
 21
216.3392619551
  0
LINE
  5
47F
100
AcDbEntity
  8
0
100
AcDbLine
 62
7
  6
CONTINUOUS
 10
303.9097506879
 20
216.3392619551
 11
304.3242281776
 21
216.3392619551
  0
LINE
  5
480
100
AcDbEntity
  8
0
100
AcDbLine
 62
7
  6
CONTINUOUS
 10
305.2913423201
 20
216.3392619551
 11
305.7058198098
 21
216.3392619551
  0
LINE
  5
481
100
AcDbEntity
  8
0
100
AcDbLine
 62
7
  6
CONTINUOUS
 10
312.1993004812
 20
216.3392619551
 11
312.6137779709
 21
216.3392619551
  0
LINE
  5
482
100
AcDbEntity
  8
0
100
AcDbLine
 62
7
  6
CONTINUOUS
 10
313.5808921134
 20
216.3392619551
 11
313.9953696031
 21
216.3392619551
  0
LINE
  5
483
100
AcDbEntity
  8
0
100
AcDbLine
 62
7
  6
CONTINUOUS
 10
314.9624837456
 20
216.3392619551
 11
315.3769612353
 21
216.3392619551
  0
LINE
  5
484
100
AcDbEntity
  8
0
100
AcDbLine
 62
7
  6
CONTINUOUS
 10
316.3440753778
 20
216.3392619551
 11
316.7585528675
 21
216.3392619551
  0
LINE
  5
485
100
AcDbEntity
  8
0
100
AcDbLine
 62
7
  6
CONTINUOUS
 10
266.607506432
 20
216.7409218057
 11
267.0219839216
 21
216.7409218057
  0
LINE
  5
486
100
AcDbEntity
  8
0
100
AcDbLine
 62
7
  6
CONTINUOUS
 10
267.9890980642
 20
216.7409218057
 11
268.4035755538
 21
216.7409218057
  0
LINE
  5
487
100
AcDbEntity
  8
0
100
AcDbLine
 62
7
  6
CONTINUOUS
 10
269.3706896964
 20
216.7409218057
 11
269.7851671861
 21
216.7409218057
  0
LINE
  5
488
100
AcDbEntity
  8
0
100
AcDbLine
 62
7
  6
CONTINUOUS
 10
270.7522813286
 20
216.7409218057
 11
271.1667588183
 21
216.7409218057
  0
LINE
  5
489
100
AcDbEntity
  8
0
100
AcDbLine
 62
7
  6
CONTINUOUS
 10
272.1338729608
 20
216.7409218057
 11
272.5483504505
 21
216.7409218057
  0
LINE
  5
48A
100
AcDbEntity
  8
0
100
AcDbLine
 62
7
  6
CONTINUOUS
 10
273.515464593
 20
216.7409218057
 11
273.9299420827
 21
216.7409218057
  0
LINE
  5
48B
100
AcDbEntity
  8
0
100
AcDbLine
 62
7
  6
CONTINUOUS
 10
274.8970562252
 20
216.7409218057
 11
275.3115337149
 21
216.7409218057
  0
LINE
  5
48C
100
AcDbEntity
  8
0
100
AcDbLine
 62
7
  6
CONTINUOUS
 10
276.2786478575
 20
216.7409218057
 11
276.6931253471
 21
216.7409218057
  0
LINE
  5
48D
100
AcDbEntity
  8
0
100
AcDbLine
 62
7
  6
CONTINUOUS
 10
277.6602394897
 20
216.7409218057
 11
278.0747169793
 21
216.7409218057
  0
LINE
  5
48E
100
AcDbEntity
  8
0
100
AcDbLine
 62
7
  6
CONTINUOUS
 10
279.0418311219
 20
216.7409218057
 11
279.4563086116
 21
216.7409218057
  0
LINE
  5
48F
100
AcDbEntity
  8
0
100
AcDbLine
 62
7
  6
CONTINUOUS
 10
280.4234227541
 20
216.7409218057
 11
280.8379002438
 21
216.7409218057
  0
LINE
  5
490
100
AcDbEntity
  8
0
100
AcDbLine
 62
7
  6
CONTINUOUS
 10
281.8050143863
 20
216.7409218057
 11
282.219491876
 21
216.7409218057
  0
LINE
  5
491
100
AcDbEntity
  8
0
100
AcDbLine
 62
7
  6
CONTINUOUS
 10
283.1866060185
 20
216.7409218057
 11
283.6010835082
 21
216.7409218057
  0
LINE
  5
492
100
AcDbEntity
  8
0
100
AcDbLine
 62
7
  6
CONTINUOUS
 10
284.5681976508
 20
216.7409218057
 11
284.9826751404
 21
216.7409218057
  0
LINE
  5
493
100
AcDbEntity
  8
0
100
AcDbLine
 62
7
  6
CONTINUOUS
 10
285.949789283
 20
216.7409218057
 11
286.3642667726
 21
216.7409218057
  0
LINE
  5
494
100
AcDbEntity
  8
0
100
AcDbLine
 62
7
  6
CONTINUOUS
 10
287.3313809152
 20
216.7409218057
 11
287.7458584049
 21
216.7409218057
  0
LINE
  5
495
100
AcDbEntity
  8
0
100
AcDbLine
 62
7
  6
CONTINUOUS
 10
288.7129725474
 20
216.7409218057
 11
289.1274500371
 21
216.7409218057
  0
LINE
  5
496
100
AcDbEntity
  8
0
100
AcDbLine
 62
7
  6
CONTINUOUS
 10
290.0945641796
 20
216.7409218057
 11
290.5090416693
 21
216.7409218057
  0
LINE
  5
497
100
AcDbEntity
  8
0
100
AcDbLine
 62
7
  6
CONTINUOUS
 10
291.4761558118
 20
216.7409218057
 11
291.8906333015
 21
216.7409218057
  0
LINE
  5
498
100
AcDbEntity
  8
0
100
AcDbLine
 62
7
  6
CONTINUOUS
 10
292.8577474441
 20
216.7409218057
 11
293.2722249337
 21
216.7409218057
  0
LINE
  5
499
100
AcDbEntity
  8
0
100
AcDbLine
 62
7
  6
CONTINUOUS
 10
294.2393390763
 20
216.7409218057
 11
294.6538165659
 21
216.7409218057
  0
LINE
  5
49A
100
AcDbEntity
  8
0
100
AcDbLine
 62
7
  6
CONTINUOUS
 10
295.6209307085
 20
216.7409218057
 11
296.0354081981
 21
216.7409218057
  0
LINE
  5
49B
100
AcDbEntity
  8
0
100
AcDbLine
 62
7
  6
CONTINUOUS
 10
297.0025223407
 20
216.7409218057
 11
297.4169998304
 21
216.7409218057
  0
LINE
  5
49C
100
AcDbEntity
  8
0
100
AcDbLine
 62
7
  6
CONTINUOUS
 10
298.3841139729
 20
216.7409218057
 11
298.7985914626
 21
216.7409218057
  0
LINE
  5
49D
100
AcDbEntity
  8
0
100
AcDbLine
 62
7
  6
CONTINUOUS
 10
299.7657056051
 20
216.7409218057
 11
300.1801830948
 21
216.7409218057
  0
LINE
  5
49E
100
AcDbEntity
  8
0
100
AcDbLine
 62
7
  6
CONTINUOUS
 10
301.1472972373
 20
216.7409218057
 11
301.561774727
 21
216.7409218057
  0
LINE
  5
49F
100
AcDbEntity
  8
0
100
AcDbLine
 62
7
  6
CONTINUOUS
 10
302.5288888696
 20
216.7409218057
 11
302.9433663592
 21
216.7409218057
  0
LINE
  5
4A0
100
AcDbEntity
  8
0
100
AcDbLine
 62
7
  6
CONTINUOUS
 10
303.9104805018
 20
216.7409218057
 11
304.3249579914
 21
216.7409218057
  0
LINE
  5
4A1
100
AcDbEntity
  8
0
100
AcDbLine
 62
7
  6
CONTINUOUS
 10
305.292072134
 20
216.7409218057
 11
305.7065496237
 21
216.7409218057
  0
LINE
  5
4A2
100
AcDbEntity
  8
0
100
AcDbLine
 62
7
  6
CONTINUOUS
 10
312.2000302951
 20
216.7409218057
 11
312.6145077847
 21
216.7409218057
  0
LINE
  5
4A3
100
AcDbEntity
  8
0
100
AcDbLine
 62
7
  6
CONTINUOUS
 10
313.5816219273
 20
216.7409218057
 11
313.9960994169
 21
216.7409218057
  0
LINE
  5
4A4
100
AcDbEntity
  8
0
100
AcDbLine
 62
7
  6
CONTINUOUS
 10
314.9632135595
 20
216.7409218057
 11
315.3776910492
 21
216.7409218057
  0
LINE
  5
4A5
100
AcDbEntity
  8
0
100
AcDbLine
 62
7
  6
CONTINUOUS
 10
316.3448051917
 20
216.7409218057
 11
316.7592826814
 21
216.7409218057
  0
LINE
  5
4A6
100
AcDbEntity
  8
0
100
AcDbLine
 62
7
  6
CONTINUOUS
 10
290.8594124659
 20
217.3184486318
 11
290.7659452147
 21
217.4384130696
  0
LINE
  5
4A7
100
AcDbEntity
  8
0
100
AcDbLine
 62
7
  6
CONTINUOUS
 10
292.2410040981
 20
217.3184486318
 11
292.1475368469
 21
217.4384130696
  0
LINE
  5
4A8
100
AcDbEntity
  8
0
100
AcDbLine
 62
7
  6
CONTINUOUS
 10
290.5456083911
 20
215.9664089773
 11
290.4728100737
 21
216.114756436
  0
LINE
  5
4A9
100
AcDbEntity
  8
0
100
AcDbLine
 62
7
  6
CONTINUOUS
 10
294.8778464864
 20
207.7695128942
 11
294.9949534807
 21
207.5308737933
  0
LINE
  5
4AA
100
AcDbEntity
  8
0
100
AcDbLine
 62
7
  6
CONTINUOUS
 10
296.0686485303
 20
206.051901381
 11
296.2059172722
 21
205.7721769347
  0
LINE
  5
4AB
100
AcDbEntity
  8
0
100
AcDbLine
 62
7
  6
CONTINUOUS
 10
295.2923239761
 20
207.7695128942
 11
295.4094309704
 21
207.5308737933
  0
LINE
  5
4AC
100
AcDbEntity
  8
0
100
AcDbLine
 62
7
  6
CONTINUOUS
 10
296.48312602
 20
206.051901381
 11
296.6203947618
 21
205.7721769347
  0
LINE
  5
4AD
100
AcDbEntity
  8
0
100
AcDbLine
 62
7
  6
CONTINUOUS
 10
291.9272000233
 20
215.9664089773
 11
291.854401706
 21
216.114756436
  0
LINE
  5
4AE
100
AcDbEntity
  8
0
100
AcDbLine
 62
7
  6
CONTINUOUS
 10
296.2594381186
 20
207.7695128942
 11
296.376545113
 21
207.5308737933
  0
LINE
  5
4AF
100
AcDbEntity
  8
0
100
AcDbLine
 62
7
  6
CONTINUOUS
 10
297.4502401625
 20
206.051901381
 11
297.5875089044
 21
205.7721769347
  0
LINE
  5
4B0
100
AcDbEntity
  8
0
100
AcDbLine
 62
7
  6
CONTINUOUS
 10
296.6739156083
 20
207.7695128942
 11
296.7910226026
 21
207.5308737933
  0
LINE
  5
4B1
100
AcDbEntity
  8
0
100
AcDbLine
 62
7
  6
CONTINUOUS
 10
297.8647176522
 20
206.051901381
 11
298.001986394
 21
205.7721769347
  0
LINE
  5
4B2
100
AcDbEntity
  8
0
100
AcDbLine
 62
7
  6
CONTINUOUS
 10
292.2410235124
 20
216.9819431035
 11
292.2410040981
 21
217.3184486318
  0
LINE
  5
4B3
100
AcDbEntity
  8
0
100
AcDbLine
 62
7
  6
CONTINUOUS
 10
293.6226151447
 20
216.9819431035
 11
293.6225957303
 21
217.3184486318
  0
LINE
  5
4B4
100
AcDbEntity
  8
0
100
AcDbLine
 62
7
  6
CONTINUOUS
 10
291.7823976774
 20
215.3284802339
 11
291.854401706
 21
216.114756436
  0
LINE
  5
4B5
100
AcDbEntity
  8
0
100
AcDbLine
 62
7
  6
CONTINUOUS
 10
293.1639893097
 20
215.3284802339
 11
293.2359933382
 21
216.114756436
  0
LINE
  5
4B6
100
AcDbEntity
  8
0
100
AcDbLine
 62
7
  6
CONTINUOUS
 10
291.475425998
 20
216.3392619551
 11
291.4399242163
 21
216.114756436
  0
LINE
  5
4B7
100
AcDbEntity
  8
0
100
AcDbLine
 62
7
  6
CONTINUOUS
 10
291.8899034876
 20
216.3392619551
 11
291.854401706
 21
216.114756436
  0
LINE
  5
4B8
100
AcDbEntity
  8
0
100
AcDbLine
 62
7
  6
CONTINUOUS
 10
292.8570176302
 20
216.3392619551
 11
292.8215158485
 21
216.114756436
  0
LINE
  5
4B9
100
AcDbEntity
  8
0
100
AcDbLine
 62
7
  6
CONTINUOUS
 10
293.2714951198
 20
216.3392619551
 11
293.2359933382
 21
216.114756436
  0
LINE
  5
4BA
100
AcDbEntity
  8
0
100
AcDbLine
 62
7
  6
CONTINUOUS
 10
291.2632554623
 20
215.3284802339
 11
291.4399242163
 21
216.114756436
  0
LINE
  5
4BB
100
AcDbEntity
  8
0
100
AcDbLine
 62
7
  6
CONTINUOUS
 10
292.6448470945
 20
215.3284802339
 11
292.8215158485
 21
216.114756436
  0
LINE
  5
4BC
100
AcDbEntity
  8
0
100
AcDbLine
 62
7
  6
CONTINUOUS
 10
291.9272000233
 20
215.9664089773
 11
291.7823976774
 21
215.3284802339
  0
LINE
  5
4BD
100
AcDbEntity
  8
0
100
AcDbLine
 62
7
  6
CONTINUOUS
 10
293.3087916555
 20
215.9664089773
 11
293.1639893097
 21
215.3284802339
  0
LINE
  5
4BE
100
AcDbEntity
  8
0
100
AcDbLine
 62
7
  6
CONTINUOUS
 10
288.105887982
 20
207.1093927476
 11
287.779098737
 21
206.051901381
  0
LINE
  5
4BF
100
AcDbEntity
  8
0
100
AcDbLine
 62
7
  6
CONTINUOUS
 10
288.5203654717
 20
207.1093927476
 11
288.1935762267
 21
206.051901381
  0
LINE
  5
4C0
100
AcDbEntity
  8
0
100
AcDbLine
 62
7
  6
CONTINUOUS
 10
288.3308449685
 20
205.7721769347
 11
288.6576342136
 21
206.8296683013
  0
LINE
  5
4C1
100
AcDbEntity
  8
0
100
AcDbLine
 62
7
  6
CONTINUOUS
 10
292.2410235124
 20
216.9819431035
 11
291.9272000233
 21
215.9664089773
  0
LINE
  5
4C2
100
AcDbEntity
  8
0
100
AcDbLine
 62
7
  6
CONTINUOUS
 10
289.4874796142
 20
207.1093927476
 11
289.1606903692
 21
206.051901381
  0
LINE
  5
4C3
100
AcDbEntity
  8
0
100
AcDbLine
 62
7
  6
CONTINUOUS
 10
289.9019571039
 20
207.1093927476
 11
289.5751678589
 21
206.051901381
  0
LINE
  5
4C4
100
AcDbEntity
  8
0
100
AcDbLine
 62
7
  6
CONTINUOUS
 10
289.7124366008
 20
205.7721769347
 11
290.0392258458
 21
206.8296683013
  0
LINE
  5
4C5
100
AcDbEntity
  8
0
100
AcDbLine
 62
7
  6
CONTINUOUS
 10
293.6226151447
 20
216.9819431035
 11
293.3087916555
 21
215.9664089773
  0
LINE
  5
4C6
100
AcDbEntity
  8
0
100
AcDbLine
 62
7
  6
CONTINUOUS
 10
311.833887697
 20
217.0774915392
 11
310.8058398013
 21
217.0774915392
  0
LINE
  5
4C7
100
AcDbEntity
  8
0
100
AcDbLine
 62
7
  6
CONTINUOUS
 10
265.8182954611
 20
217.0943997684
 11
266.6044512602
 21
217.0943997684
  0
LINE
  5
4C8
100
AcDbEntity
  8
0
100
AcDbLine
 62
7
  6
CONTINUOUS
 10
267.3723676445
 20
217.0943997684
 11
267.9860428924
 21
217.0943997684
  0
LINE
  5
4C9
100
AcDbEntity
  8
0
100
AcDbLine
 62
7
  6
CONTINUOUS
 10
268.7539592767
 20
217.0943997684
 11
269.3676345247
 21
217.0943997684
  0
LINE
  5
4CA
100
AcDbEntity
  8
0
100
AcDbLine
 62
7
  6
CONTINUOUS
 10
270.1355509089
 20
217.0943997684
 11
270.7492261569
 21
217.0943997684
  0
LINE
  5
4CB
100
AcDbEntity
  8
0
100
AcDbLine
 62
7
  6
CONTINUOUS
 10
271.5171425411
 20
217.0943997684
 11
272.1308177891
 21
217.0943997684
  0
LINE
  5
4CC
100
AcDbEntity
  8
0
100
AcDbLine
 62
7
  6
CONTINUOUS
 10
272.8987341734
 20
217.0943997684
 11
273.5124094213
 21
217.0943997684
  0
LINE
  5
4CD
100
AcDbEntity
  8
0
100
AcDbLine
 62
7
  6
CONTINUOUS
 10
274.2803258056
 20
217.0943997684
 11
274.8940010535
 21
217.0943997684
  0
LINE
  5
4CE
100
AcDbEntity
  8
0
100
AcDbLine
 62
7
  6
CONTINUOUS
 10
275.6619174378
 20
217.0943997684
 11
276.2755926857
 21
217.0943997684
  0
LINE
  5
4CF
100
AcDbEntity
  8
0
100
AcDbLine
 62
7
  6
CONTINUOUS
 10
277.04350907
 20
217.0943997684
 11
277.657184318
 21
217.0943997684
  0
LINE
  5
4D0
100
AcDbEntity
  8
0
100
AcDbLine
 62
7
  6
CONTINUOUS
 10
278.4251007022
 20
217.0943997684
 11
279.0387759502
 21
217.0943997684
  0
LINE
  5
4D1
100
AcDbEntity
  8
0
100
AcDbLine
 62
7
  6
CONTINUOUS
 10
279.8066923344
 20
217.0943997684
 11
280.4203675824
 21
217.0943997684
  0
LINE
  5
4D2
100
AcDbEntity
  8
0
100
AcDbLine
 62
7
  6
CONTINUOUS
 10
281.1882839666
 20
217.0943997684
 11
281.8019592146
 21
217.0943997684
  0
LINE
  5
4D3
100
AcDbEntity
  8
0
100
AcDbLine
 62
7
  6
CONTINUOUS
 10
282.5698755989
 20
217.0943997684
 11
283.1835508468
 21
217.0943997684
  0
LINE
  5
4D4
100
AcDbEntity
  8
0
100
AcDbLine
 62
7
  6
CONTINUOUS
 10
283.9514672311
 20
217.0943997684
 11
284.565142479
 21
217.0943997684
  0
LINE
  5
4D5
100
AcDbEntity
  8
0
100
AcDbLine
 62
7
  6
CONTINUOUS
 10
285.3330588633
 20
217.0943997684
 11
285.9467341112
 21
217.0943997684
  0
LINE
  5
4D6
100
AcDbEntity
  8
0
100
AcDbLine
 62
7
  6
CONTINUOUS
 10
286.7146504955
 20
217.0943997684
 11
287.3283257435
 21
217.0943997684
  0
LINE
  5
4D7
100
AcDbEntity
  8
0
100
AcDbLine
 62
7
  6
CONTINUOUS
 10
288.0962421277
 20
217.0943997684
 11
288.7099173757
 21
217.0943997684
  0
LINE
  5
4D8
100
AcDbEntity
  8
0
100
AcDbLine
 62
7
  6
CONTINUOUS
 10
289.4778337599
 20
217.0943997684
 11
290.0915090079
 21
217.0943997684
  0
LINE
  5
4D9
100
AcDbEntity
  8
0
100
AcDbLine
 62
7
  6
CONTINUOUS
 10
290.8594253922
 20
217.0943997684
 11
291.4731006401
 21
217.0943997684
  0
LINE
  5
4DA
100
AcDbEntity
  8
0
100
AcDbLine
 62
7
  6
CONTINUOUS
 10
292.2410170244
 20
217.0943997684
 11
292.8546922723
 21
217.0943997684
  0
LINE
  5
4DB
100
AcDbEntity
  8
0
100
AcDbLine
 62
7
  6
CONTINUOUS
 10
293.6226086566
 20
217.0943997684
 11
294.2362839045
 21
217.0943997684
  0
LINE
  5
4DC
100
AcDbEntity
  8
0
100
AcDbLine
 62
7
  6
CONTINUOUS
 10
295.0042002888
 20
217.0943997684
 11
295.6178755368
 21
217.0943997684
  0
LINE
  5
4DD
100
AcDbEntity
  8
0
100
AcDbLine
 62
7
  6
CONTINUOUS
 10
296.385791921
 20
217.0943997684
 11
296.999467169
 21
217.0943997684
  0
LINE
  5
4DE
100
AcDbEntity
  8
0
100
AcDbLine
 62
7
  6
CONTINUOUS
 10
297.7673835532
 20
217.0943997684
 11
298.3810588012
 21
217.0943997684
  0
LINE
  5
4DF
100
AcDbEntity
  8
0
100
AcDbLine
 62
7
  6
CONTINUOUS
 10
299.1489751854
 20
217.0943997684
 11
299.7626504334
 21
217.0943997684
  0
LINE
  5
4E0
100
AcDbEntity
  8
0
100
AcDbLine
 62
7
  6
CONTINUOUS
 10
300.5305668177
 20
217.0943997684
 11
301.1442420656
 21
217.0943997684
  0
LINE
  5
4E1
100
AcDbEntity
  8
0
100
AcDbLine
 62
7
  6
CONTINUOUS
 10
301.9121584499
 20
217.0943997684
 11
302.5258336978
 21
217.0943997684
  0
LINE
  5
4E2
100
AcDbEntity
  8
0
100
AcDbLine
 62
7
  6
CONTINUOUS
 10
303.2937500821
 20
217.0943997684
 11
303.9074253301
 21
217.0943997684
  0
LINE
  5
4E3
100
AcDbEntity
  8
0
100
AcDbLine
 62
7
  6
CONTINUOUS
 10
304.6753417143
 20
217.0943997684
 11
305.2890169623
 21
217.0943997684
  0
LINE
  5
4E4
100
AcDbEntity
  8
0
100
AcDbLine
 62
7
  6
CONTINUOUS
 10
311.8391127302
 20
217.0943997684
 11
312.1969751233
 21
217.0943997684
  0
LINE
  5
4E5
100
AcDbEntity
  8
0
100
AcDbLine
 62
7
  6
CONTINUOUS
 10
312.9648915076
 20
217.0943997684
 11
313.5785667556
 21
217.0943997684
  0
LINE
  5
4E6
100
AcDbEntity
  8
0
100
AcDbLine
 62
7
  6
CONTINUOUS
 10
314.3464831398
 20
217.0943997684
 11
314.9601583878
 21
217.0943997684
  0
LINE
  5
4E7
100
AcDbEntity
  8
0
100
AcDbLine
 62
7
  6
CONTINUOUS
 10
315.728074772
 20
217.0943997684
 11
316.34175002
 21
217.0943997684
  0
LINE
  5
4E8
100
AcDbEntity
  8
0
100
AcDbLine
 62
7
  6
CONTINUOUS
 10
317.1096664043
 20
217.0943997684
 11
318.3187774853
 21
217.0943997684
  0
LINE
  5
4E9
100
AcDbEntity
  8
0
100
AcDbLine
 62
7
  6
CONTINUOUS
 10
266.7921766816
 20
217.4383855884
 11
267.278887467
 21
217.4384130696
  0
LINE
  5
4EA
100
AcDbEntity
  8
0
100
AcDbLine
 62
7
  6
CONTINUOUS
 10
268.1737683138
 20
217.4383855884
 11
268.6604790992
 21
217.4384130696
  0
LINE
  5
4EB
100
AcDbEntity
  8
0
100
AcDbLine
 62
7
  6
CONTINUOUS
 10
269.5553599461
 20
217.4383855884
 11
270.0420707315
 21
217.4384130696
  0
LINE
  5
4EC
100
AcDbEntity
  8
0
100
AcDbLine
 62
7
  6
CONTINUOUS
 10
270.9369515783
 20
217.4383855884
 11
271.4236623637
 21
217.4384130696
  0
LINE
  5
4ED
100
AcDbEntity
  8
0
100
AcDbLine
 62
7
  6
CONTINUOUS
 10
272.3185432105
 20
217.4383855884
 11
272.8052539959
 21
217.4384130696
  0
LINE
  5
4EE
100
AcDbEntity
  8
0
100
AcDbLine
 62
7
  6
CONTINUOUS
 10
273.7001348427
 20
217.4383855884
 11
274.1868456281
 21
217.4384130696
  0
LINE
  5
4EF
100
AcDbEntity
  8
0
100
AcDbLine
 62
7
  6
CONTINUOUS
 10
275.0817264749
 20
217.4383855884
 11
275.5684372603
 21
217.4384130696
  0
LINE
  5
4F0
100
AcDbEntity
  8
0
100
AcDbLine
 62
7
  6
CONTINUOUS
 10
276.4633181071
 20
217.4383855884
 11
276.9500288925
 21
217.4384130696
  0
LINE
  5
4F1
100
AcDbEntity
  8
0
100
AcDbLine
 62
7
  6
CONTINUOUS
 10
277.8449097393
 20
217.4383855884
 11
278.3316205248
 21
217.4384130696
  0
LINE
  5
4F2
100
AcDbEntity
  8
0
100
AcDbLine
 62
7
  6
CONTINUOUS
 10
279.2265013716
 20
217.4383855884
 11
279.713212157
 21
217.4384130696
  0
LINE
  5
4F3
100
AcDbEntity
  8
0
100
AcDbLine
 62
7
  6
CONTINUOUS
 10
280.6080930038
 20
217.4383855884
 11
281.0948037892
 21
217.4384130696
  0
LINE
  5
4F4
100
AcDbEntity
  8
0
100
AcDbLine
 62
7
  6
CONTINUOUS
 10
281.989684636
 20
217.4383855884
 11
282.4763954214
 21
217.4384130696
  0
LINE
  5
4F5
100
AcDbEntity
  8
0
100
AcDbLine
 62
7
  6
CONTINUOUS
 10
283.3712762682
 20
217.4383855884
 11
283.8579870536
 21
217.4384130696
  0
LINE
  5
4F6
100
AcDbEntity
  8
0
100
AcDbLine
 62
7
  6
CONTINUOUS
 10
284.7528679004
 20
217.4383855884
 11
285.2395786858
 21
217.4384130696
  0
LINE
  5
4F7
100
AcDbEntity
  8
0
100
AcDbLine
 62
7
  6
CONTINUOUS
 10
286.1344595326
 20
217.4383855884
 11
286.621170318
 21
217.4384130696
  0
LINE
  5
4F8
100
AcDbEntity
  8
0
100
AcDbLine
 62
7
  6
CONTINUOUS
 10
287.5160511649
 20
217.4383855884
 11
288.0027619503
 21
217.4384130696
  0
LINE
  5
4F9
100
AcDbEntity
  8
0
100
AcDbLine
 62
7
  6
CONTINUOUS
 10
288.8976427971
 20
217.4383855884
 11
289.3843535825
 21
217.4384130696
  0
LINE
  5
4FA
100
AcDbEntity
  8
0
100
AcDbLine
 62
7
  6
CONTINUOUS
 10
290.2792344293
 20
217.4383855884
 11
290.7659452147
 21
217.4384130696
  0
LINE
  5
4FB
100
AcDbEntity
  8
0
100
AcDbLine
 62
7
  6
CONTINUOUS
 10
291.6608260615
 20
217.4383855884
 11
292.1475368469
 21
217.4384130696
  0
LINE
  5
4FC
100
AcDbEntity
  8
0
100
AcDbLine
 62
7
  6
CONTINUOUS
 10
293.0424176937
 20
217.4383855884
 11
293.5291284791
 21
217.4384130696
  0
LINE
  5
4FD
100
AcDbEntity
  8
0
100
AcDbLine
 62
7
  6
CONTINUOUS
 10
294.4240093259
 20
217.4383855884
 11
294.9107201113
 21
217.4384130696
  0
LINE
  5
4FE
100
AcDbEntity
  8
0
100
AcDbLine
 62
7
  6
CONTINUOUS
 10
295.8056009581
 20
217.4383855884
 11
296.2923117436
 21
217.4384130696
  0
LINE
  5
4FF
100
AcDbEntity
  8
0
100
AcDbLine
 62
7
  6
CONTINUOUS
 10
297.1871925904
 20
217.4383855884
 11
297.6739033758
 21
217.4384130696
  0
LINE
  5
500
100
AcDbEntity
  8
0
100
AcDbLine
 62
7
  6
CONTINUOUS
 10
298.5687842226
 20
217.4383855884
 11
299.055495008
 21
217.4384130696
  0
LINE
  5
501
100
AcDbEntity
  8
0
100
AcDbLine
 62
7
  6
CONTINUOUS
 10
299.9503758548
 20
217.4383855884
 11
300.4370866402
 21
217.4384130696
  0
LINE
  5
502
100
AcDbEntity
  8
0
100
AcDbLine
 62
7
  6
CONTINUOUS
 10
301.331967487
 20
217.4383855884
 11
301.8186782724
 21
217.4384130696
  0
LINE
  5
503
100
AcDbEntity
  8
0
100
AcDbLine
 62
7
  6
CONTINUOUS
 10
302.7135591192
 20
217.4383855884
 11
303.2002699046
 21
217.4384130696
  0
LINE
  5
504
100
AcDbEntity
  8
0
100
AcDbLine
 62
7
  6
CONTINUOUS
 10
304.0951507514
 20
217.4383855884
 11
304.5818615368
 21
217.4384130696
  0
LINE
  5
505
100
AcDbEntity
  8
0
100
AcDbLine
 62
7
  6
CONTINUOUS
 10
305.4767423837
 20
217.4383855884
 11
305.9634531691
 21
217.4384130696
  0
LINE
  5
506
100
AcDbEntity
  8
0
100
AcDbLine
 62
7
  6
CONTINUOUS
 10
312.3847005447
 20
217.4383855884
 11
312.8714113301
 21
217.4384130696
  0
LINE
  5
507
100
AcDbEntity
  8
0
100
AcDbLine
 62
7
  6
CONTINUOUS
 10
313.766292177
 20
217.4383855884
 11
314.2530029624
 21
217.4384130696
  0
LINE
  5
508
100
AcDbEntity
  8
0
100
AcDbLine
 62
7
  6
CONTINUOUS
 10
315.1478838092
 20
217.4383855884
 11
315.6345945946
 21
217.4384130696
  0
LINE
  5
509
100
AcDbEntity
  8
0
100
AcDbLine
 62
7
  6
CONTINUOUS
 10
316.5294754414
 20
217.4383855884
 11
317.0161862268
 21
217.4384130696
  0
LINE
  5
50A
100
AcDbEntity
  8
0
100
AcDbLine
 62
7
  6
CONTINUOUS
 10
266.5748983489
 20
217.4675134297
 11
306.0254641076
 21
217.4675134297
  0
LINE
  5
50B
100
AcDbEntity
  8
0
100
AcDbLine
 62
7
  6
CONTINUOUS
 10
311.2693876511
 20
217.4675134297
 11
318.4597887975
 21
217.4675134297
  0
LINE
  5
50C
100
AcDbEntity
  8
0
100
AcDbLine
 62
7
  6
CONTINUOUS
 10
265.3128572169
 20
218.5250047963
 11
266.9016875939
 21
218.5250047963
  0
LINE
  5
50D
100
AcDbEntity
  8
0
100
AcDbLine
 62
7
  6
CONTINUOUS
 10
263.9129273812
 20
218.9498313956
 11
304.7665919459
 21
218.9498313956
  0
LINE
  5
50E
100
AcDbEntity
  8
0
100
AcDbLine
 62
7
  6
CONTINUOUS
 10
309.7679536545
 20
218.9498313956
 11
317.4634190459
 21
218.9498313956
  0
LINE
  5
50F
100
AcDbEntity
  8
0
100
AcDbLine
 62
7
  6
CONTINUOUS
 10
262.7026818331
 20
219.2482041383
 11
263.7665073899
 21
219.2482041383
  0
LINE
  5
510
100
AcDbEntity
  8
0
100
AcDbLine
 62
7
  6
CONTINUOUS
 10
304.6201719545
 20
219.2482041383
 11
305.9464999215
 21
219.2482041383
  0
LINE
  5
511
100
AcDbEntity
  8
0
100
AcDbLine
 62
7
  6
CONTINUOUS
 10
308.9860015123
 20
219.2482041383
 11
309.6215336632
 21
219.2482041383
  0
LINE
  5
512
100
AcDbEntity
  8
0
100
AcDbLine
 62
7
  6
CONTINUOUS
 10
317.3169990546
 20
219.2482041383
 11
318.3808246114
 21
219.2482041383
  0
LINE
  5
513
100
AcDbEntity
  8
0
100
AcDbLine
 62
7
  6
CONTINUOUS
 10
293.6225957303
 20
217.3184486318
 11
293.5291284791
 21
217.4384130696
  0
LINE
  5
514
100
AcDbEntity
  8
0
100
AcDbLine
 62
7
  6
CONTINUOUS
 10
295.0041873625
 20
217.3184486318
 11
294.9107201113
 21
217.4384130696
  0
LINE
  5
515
100
AcDbEntity
  8
0
100
AcDbLine
 62
7
  6
CONTINUOUS
 10
293.3087916555
 20
215.9664089773
 11
293.2359933382
 21
216.114756436
  0
LINE
  5
516
100
AcDbEntity
  8
0
100
AcDbLine
 62
7
  6
CONTINUOUS
 10
297.6410297508
 20
207.7695128942
 11
297.7581367452
 21
207.5308737933
  0
LINE
  5
517
100
AcDbEntity
  8
0
100
AcDbLine
 62
7
  6
CONTINUOUS
 10
298.8318317947
 20
206.051901381
 11
298.9691005366
 21
205.7721769347
  0
LINE
  5
518
100
AcDbEntity
  8
0
100
AcDbLine
 62
7
  6
CONTINUOUS
 10
298.0555072405
 20
207.7695128942
 11
298.1726142348
 21
207.5308737933
  0
LINE
  5
519
100
AcDbEntity
  8
0
100
AcDbLine
 62
7
  6
CONTINUOUS
 10
299.2463092844
 20
206.051901381
 11
299.3835780263
 21
205.7721769347
  0
LINE
  5
51A
100
AcDbEntity
  8
0
100
AcDbLine
 62
7
  6
CONTINUOUS
 10
294.6903832878
 20
215.9664089773
 11
294.6175849704
 21
216.114756436
  0
LINE
  5
51B
100
AcDbEntity
  8
0
100
AcDbLine
 62
7
  6
CONTINUOUS
 10
299.022621383
 20
207.7695128942
 11
299.1397283774
 21
207.5308737933
  0
LINE
  5
51C
100
AcDbEntity
  8
0
100
AcDbLine
 62
7
  6
CONTINUOUS
 10
300.2134234269
 20
206.051901381
 11
300.3506921688
 21
205.7721769347
  0
LINE
  5
51D
100
AcDbEntity
  8
0
100
AcDbLine
 62
7
  6
CONTINUOUS
 10
299.4370988727
 20
207.7695128942
 11
299.5542058671
 21
207.5308737933
  0
LINE
  5
51E
100
AcDbEntity
  8
0
100
AcDbLine
 62
7
  6
CONTINUOUS
 10
300.6279009166
 20
206.051901381
 11
300.7651696585
 21
205.7721769347
  0
LINE
  5
51F
100
AcDbEntity
  8
0
100
AcDbLine
 62
7
  6
CONTINUOUS
 10
295.0042067769
 20
216.9819431035
 11
295.0041873625
 21
217.3184486318
  0
LINE
  5
520
100
AcDbEntity
  8
0
100
AcDbLine
 62
7
  6
CONTINUOUS
 10
296.3857984091
 20
216.9819431035
 11
296.3857789947
 21
217.3184486318
  0
LINE
  5
521
100
AcDbEntity
  8
0
100
AcDbLine
 62
7
  6
CONTINUOUS
 10
294.5455809419
 20
215.3284802339
 11
294.6175849704
 21
216.114756436
  0
LINE
  5
522
100
AcDbEntity
  8
0
100
AcDbLine
 62
7
  6
CONTINUOUS
 10
295.9271725741
 20
215.3284802339
 11
295.9991766026
 21
216.114756436
  0
LINE
  5
523
100
AcDbEntity
  8
0
100
AcDbLine
 62
7
  6
CONTINUOUS
 10
294.2386092624
 20
216.3392619551
 11
294.2031074807
 21
216.114756436
  0
LINE
  5
524
100
AcDbEntity
  8
0
100
AcDbLine
 62
7
  6
CONTINUOUS
 10
294.6530867521
 20
216.3392619551
 11
294.6175849704
 21
216.114756436
  0
LINE
  5
525
100
AcDbEntity
  8
0
100
AcDbLine
 62
7
  6
CONTINUOUS
 10
295.6202008946
 20
216.3392619551
 11
295.5846991129
 21
216.114756436
  0
LINE
  5
526
100
AcDbEntity
  8
0
100
AcDbLine
 62
7
  6
CONTINUOUS
 10
296.0346783843
 20
216.3392619551
 11
295.9991766026
 21
216.114756436
  0
LINE
  5
527
100
AcDbEntity
  8
0
100
AcDbLine
 62
7
  6
CONTINUOUS
 10
294.0264387267
 20
215.3284802339
 11
294.2031074807
 21
216.114756436
  0
LINE
  5
528
100
AcDbEntity
  8
0
100
AcDbLine
 62
7
  6
CONTINUOUS
 10
295.4080303589
 20
215.3284802339
 11
295.5846991129
 21
216.114756436
  0
LINE
  5
529
100
AcDbEntity
  8
0
100
AcDbLine
 62
7
  6
CONTINUOUS
 10
294.6903832878
 20
215.9664089773
 11
294.5455809419
 21
215.3284802339
  0
LINE
  5
52A
100
AcDbEntity
  8
0
100
AcDbLine
 62
7
  6
CONTINUOUS
 10
296.07197492
 20
215.9664089773
 11
295.9271725741
 21
215.3284802339
  0
LINE
  5
52B
100
AcDbEntity
  8
0
100
AcDbLine
 62
7
  6
CONTINUOUS
 10
290.8690712465
 20
207.1093927476
 11
290.5422820014
 21
206.051901381
  0
LINE
  5
52C
100
AcDbEntity
  8
0
100
AcDbLine
 62
7
  6
CONTINUOUS
 10
291.2835487361
 20
207.1093927476
 11
290.9567594911
 21
206.051901381
  0
LINE
  5
52D
100
AcDbEntity
  8
0
100
AcDbLine
 62
7
  6
CONTINUOUS
 10
291.094028233
 20
205.7721769347
 11
291.420817478
 21
206.8296683013
  0
LINE
  5
52E
100
AcDbEntity
  8
0
100
AcDbLine
 62
7
  6
CONTINUOUS
 10
295.0042067769
 20
216.9819431035
 11
294.6903832878
 21
215.9664089773
  0
LINE
  5
52F
100
AcDbEntity
  8
0
100
AcDbLine
 62
7
  6
CONTINUOUS
 10
292.2506628787
 20
207.1093927476
 11
291.9238736336
 21
206.051901381
  0
LINE
  5
530
100
AcDbEntity
  8
0
100
AcDbLine
 62
7
  6
CONTINUOUS
 10
292.6651403683
 20
207.1093927476
 11
292.3383511233
 21
206.051901381
  0
LINE
  5
531
100
AcDbEntity
  8
0
100
AcDbLine
 62
7
  6
CONTINUOUS
 10
292.4756198652
 20
205.7721769347
 11
292.8024091102
 21
206.8296683013
  0
LINE
  5
532
100
AcDbEntity
  8
0
100
AcDbLine
 62
7
  6
CONTINUOUS
 10
260.1476277349
 20
219.5279285846
 11
320.6613412259
 21
219.5279285846
  0
LINE
  5
533
100
AcDbEntity
  8
0
100
AcDbLine
 62
7
  6
CONTINUOUS
 10
296.3857789947
 20
217.3184486318
 11
296.2923117436
 21
217.4384130696
  0
LINE
  5
534
100
AcDbEntity
  8
0
100
AcDbLine
 62
7
  6
CONTINUOUS
 10
297.767370627
 20
217.3184486318
 11
297.6739033758
 21
217.4384130696
  0
LINE
  5
535
100
AcDbEntity
  8
0
100
AcDbLine
 62
7
  6
CONTINUOUS
 10
296.07197492
 20
215.9664089773
 11
295.9991766026
 21
216.114756436
  0
LINE
  5
536
100
AcDbEntity
  8
0
100
AcDbLine
 62
7
  6
CONTINUOUS
 10
300.4042130152
 20
207.7695128942
 11
300.5213200096
 21
207.5308737933
  0
LINE
  5
537
100
AcDbEntity
  8
0
100
AcDbLine
 62
7
  6
CONTINUOUS
 10
301.5950150592
 20
206.051901381
 11
301.732283801
 21
205.7721769347
  0
LINE
  5
538
100
AcDbEntity
  8
0
100
AcDbLine
 62
7
  6
CONTINUOUS
 10
300.8186905049
 20
207.7695128942
 11
300.9357974993
 21
207.5308737933
  0
LINE
  5
539
100
AcDbEntity
  8
0
100
AcDbLine
 62
7
  6
CONTINUOUS
 10
302.0094925488
 20
206.051901381
 11
302.1467612907
 21
205.7721769347
  0
LINE
  5
53A
100
AcDbEntity
  8
0
100
AcDbLine
 62
7
  6
CONTINUOUS
 10
297.4535665522
 20
215.9664089773
 11
297.3807682348
 21
216.114756436
  0
LINE
  5
53B
100
AcDbEntity
  8
0
100
AcDbLine
 62
7
  6
CONTINUOUS
 10
301.7858046475
 20
207.7695128942
 11
301.9029116418
 21
207.5308737933
  0
LINE
  5
53C
100
AcDbEntity
  8
0
100
AcDbLine
 62
7
  6
CONTINUOUS
 10
302.9766066914
 20
206.051901381
 11
303.1138754332
 21
205.7721769347
  0
LINE
  5
53D
100
AcDbEntity
  8
0
100
AcDbLine
 62
7
  6
CONTINUOUS
 10
302.2002821371
 20
207.7695128942
 11
302.3173891315
 21
207.5308737933
  0
LINE
  5
53E
100
AcDbEntity
  8
0
100
AcDbLine
 62
7
  6
CONTINUOUS
 10
303.391084181
 20
206.051901381
 11
303.5283529229
 21
205.7721769347
  0
LINE
  5
53F
100
AcDbEntity
  8
0
100
AcDbLine
 62
7
  6
CONTINUOUS
 10
297.7673900413
 20
216.9819431035
 11
297.767370627
 21
217.3184486318
  0
LINE
  5
540
100
AcDbEntity
  8
0
100
AcDbLine
 62
7
  6
CONTINUOUS
 10
299.1489816735
 20
216.9819431035
 11
299.1489622592
 21
217.3184486318
  0
LINE
  5
541
100
AcDbEntity
  8
0
100
AcDbLine
 62
7
  6
CONTINUOUS
 10
297.3087642063
 20
215.3284802339
 11
297.3807682348
 21
216.114756436
  0
LINE
  5
542
100
AcDbEntity
  8
0
100
AcDbLine
 62
7
  6
CONTINUOUS
 10
298.6903558385
 20
215.3284802339
 11
298.762359867
 21
216.114756436
  0
LINE
  5
543
100
AcDbEntity
  8
0
100
AcDbLine
 62
7
  6
CONTINUOUS
 10
297.0017925268
 20
216.3392619551
 11
296.9662907452
 21
216.114756436
  0
LINE
  5
544
100
AcDbEntity
  8
0
100
AcDbLine
 62
7
  6
CONTINUOUS
 10
297.4162700165
 20
216.3392619551
 11
297.3807682348
 21
216.114756436
  0
LINE
  5
545
100
AcDbEntity
  8
0
100
AcDbLine
 62
7
  6
CONTINUOUS
 10
298.383384159
 20
216.3392619551
 11
298.3478823774
 21
216.114756436
  0
LINE
  5
546
100
AcDbEntity
  8
0
100
AcDbLine
 62
7
  6
CONTINUOUS
 10
298.7978616487
 20
216.3392619551
 11
298.762359867
 21
216.114756436
  0
LINE
  5
547
100
AcDbEntity
  8
0
100
AcDbLine
 62
7
  6
CONTINUOUS
 10
296.7896219911
 20
215.3284802339
 11
296.9662907452
 21
216.114756436
  0
LINE
  5
548
100
AcDbEntity
  8
0
100
AcDbLine
 62
7
  6
CONTINUOUS
 10
298.1712136234
 20
215.3284802339
 11
298.3478823774
 21
216.114756436
  0
LINE
  5
549
100
AcDbEntity
  8
0
100
AcDbLine
 62
7
  6
CONTINUOUS
 10
297.4535665522
 20
215.9664089773
 11
297.3087642063
 21
215.3284802339
  0
LINE
  5
54A
100
AcDbEntity
  8
0
100
AcDbLine
 62
7
  6
CONTINUOUS
 10
296.3857984091
 20
216.9819431035
 11
296.07197492
 21
215.9664089773
  0
LINE
  5
54B
100
AcDbEntity
  8
0
100
AcDbLine
 62
7
  6
CONTINUOUS
 10
293.6322545109
 20
207.1093927476
 11
293.3054652659
 21
206.051901381
  0
LINE
  5
54C
100
AcDbEntity
  8
0
100
AcDbLine
 62
7
  6
CONTINUOUS
 10
294.0467320006
 20
207.1093927476
 11
293.7199427555
 21
206.051901381
  0
LINE
  5
54D
100
AcDbEntity
  8
0
100
AcDbLine
 62
7
  6
CONTINUOUS
 10
293.8572114974
 20
205.7721769347
 11
294.1840007424
 21
206.8296683013
  0
LINE
  5
54E
100
AcDbEntity
  8
0
100
AcDbLine
 62
7
  6
CONTINUOUS
 10
297.7673900413
 20
216.9819431035
 11
297.4535665522
 21
215.9664089773
  0
LINE
  5
54F
100
AcDbEntity
  8
0
100
AcDbLine
 62
7
  6
CONTINUOUS
 10
295.0138461431
 20
207.1093927476
 11
294.6870568981
 21
206.051901381
  0
LINE
  5
550
100
AcDbEntity
  8
0
100
AcDbLine
 62
7
  6
CONTINUOUS
 10
295.4283236328
 20
207.1093927476
 11
295.1015343877
 21
206.051901381
  0
LINE
  5
551
100
AcDbEntity
  8
0
100
AcDbLine
 62
7
  6
CONTINUOUS
 10
295.2388031296
 20
205.7721769347
 11
295.5655923746
 21
206.8296683013
  0
LINE
  5
552
100
AcDbEntity
  8
0
100
AcDbLine
 62
7
  6
CONTINUOUS
 10
305.0127904361
 20
219.0226040715
 11
304.7665919459
 21
218.9498313956
  0
LINE
  5
553
100
AcDbEntity
  8
0
100
AcDbLine
 62
7
  6
CONTINUOUS
 10
299.1489622592
 20
217.3184486318
 11
299.055495008
 21
217.4384130696
  0
LINE
  5
554
100
AcDbEntity
  8
0
100
AcDbLine
 62
7
  6
CONTINUOUS
 10
300.5305538914
 20
217.3184486318
 11
300.4370866402
 21
217.4384130696
  0
LINE
  5
555
100
AcDbEntity
  8
0
100
AcDbLine
 62
7
  6
CONTINUOUS
 10
301.9121455236
 20
217.3184486318
 11
301.8186782724
 21
217.4384130696
  0
LINE
  5
556
100
AcDbEntity
  8
0
100
AcDbLine
 62
7
  6
CONTINUOUS
 10
298.8351581844
 20
215.9664089773
 11
298.762359867
 21
216.114756436
  0
LINE
  5
557
100
AcDbEntity
  8
0
100
AcDbLine
 62
7
  6
CONTINUOUS
 10
303.1673962797
 20
207.7695128942
 11
303.284503274
 21
207.5308737933
  0
LINE
  5
558
100
AcDbEntity
  8
0
100
AcDbLine
 62
7
  6
CONTINUOUS
 10
304.3581983236
 20
206.051901381
 11
304.4954670655
 21
205.7721769347
  0
LINE
  5
559
100
AcDbEntity
  8
0
100
AcDbLine
 62
7
  6
CONTINUOUS
 10
303.5818737693
 20
207.7695128942
 11
303.6989807637
 21
207.5308737933
  0
LINE
  5
55A
100
AcDbEntity
  8
0
100
AcDbLine
 62
7
  6
CONTINUOUS
 10
304.7726758133
 20
206.051901381
 11
304.9099445551
 21
205.7721769347
  0
LINE
  5
55B
100
AcDbEntity
  8
0
100
AcDbLine
 62
7
  6
CONTINUOUS
 10
300.2167498166
 20
215.9664089773
 11
300.1439514993
 21
216.114756436
  0
LINE
  5
55C
100
AcDbEntity
  8
0
100
AcDbLine
 62
7
  6
CONTINUOUS
 10
304.5489879119
 20
207.7695128942
 11
304.6660949063
 21
207.5308737933
  0
LINE
  5
55D
100
AcDbEntity
  8
0
100
AcDbLine
 62
7
  6
CONTINUOUS
 10
305.7397899558
 20
206.051901381
 11
305.8770586977
 21
205.7721769347
  0
LINE
  5
55E
100
AcDbEntity
  8
0
100
AcDbLine
 62
7
  6
CONTINUOUS
 10
304.9634654016
 20
207.7695128942
 11
305.0805723959
 21
207.5308737933
  0
LINE
  5
55F
100
AcDbEntity
  8
0
100
AcDbLine
 62
7
  6
CONTINUOUS
 10
306.1542674455
 20
206.051901381
 11
306.2915361873
 21
205.7721769347
  0
LINE
  5
560
100
AcDbEntity
  8
0
100
AcDbLine
 62
7
  6
CONTINUOUS
 10
300.5305733057
 20
216.9819431035
 11
300.5305538914
 21
217.3184486318
  0
LINE
  5
561
100
AcDbEntity
  8
0
100
AcDbLine
 62
7
  6
CONTINUOUS
 10
300.0719474707
 20
215.3284802339
 11
300.1439514993
 21
216.114756436
  0
LINE
  5
562
100
AcDbEntity
  8
0
100
AcDbLine
 62
7
  6
CONTINUOUS
 10
299.7649757913
 20
216.3392619551
 11
299.7294740096
 21
216.114756436
  0
LINE
  5
563
100
AcDbEntity
  8
0
100
AcDbLine
 62
7
  6
CONTINUOUS
 10
300.1794532809
 20
216.3392619551
 11
300.1439514993
 21
216.114756436
  0
LINE
  5
564
100
AcDbEntity
  8
0
100
AcDbLine
 62
7
  6
CONTINUOUS
 10
301.1465674235
 20
216.3392619551
 11
301.1110656418
 21
216.114756436
  0
LINE
  5
565
100
AcDbEntity
  8
0
100
AcDbLine
 62
7
  6
CONTINUOUS
 10
299.5528052556
 20
215.3284802339
 11
299.7294740096
 21
216.114756436
  0
LINE
  5
566
100
AcDbEntity
  8
0
100
AcDbLine
 62
7
  6
CONTINUOUS
 10
300.9343968878
 20
215.3284802339
 11
301.1110656418
 21
216.114756436
  0
LINE
  5
567
100
AcDbEntity
  8
0
100
AcDbLine
 62
7
  6
CONTINUOUS
 10
298.8351581844
 20
215.9664089773
 11
298.6903558385
 21
215.3284802339
  0
LINE
  5
568
100
AcDbEntity
  8
0
100
AcDbLine
 62
7
  6
CONTINUOUS
 10
300.2167498166
 20
215.9664089773
 11
300.0719474707
 21
215.3284802339
  0
LINE
  5
569
100
AcDbEntity
  8
0
100
AcDbLine
 62
7
  6
CONTINUOUS
 10
299.1489816735
 20
216.9819431035
 11
298.8351581844
 21
215.9664089773
  0
LINE
  5
56A
100
AcDbEntity
  8
0
100
AcDbLine
 62
7
  6
CONTINUOUS
 10
296.3954377753
 20
207.1093927476
 11
296.0686485303
 21
206.051901381
  0
LINE
  5
56B
100
AcDbEntity
  8
0
100
AcDbLine
 62
7
  6
CONTINUOUS
 10
296.809915265
 20
207.1093927476
 11
296.48312602
 21
206.051901381
  0
LINE
  5
56C
100
AcDbEntity
  8
0
100
AcDbLine
 62
7
  6
CONTINUOUS
 10
296.6203947618
 20
205.7721769347
 11
296.9471840069
 21
206.8296683013
  0
LINE
  5
56D
100
AcDbEntity
  8
0
100
AcDbLine
 62
7
  6
CONTINUOUS
 10
300.5305733057
 20
216.9819431035
 11
300.2167498166
 21
215.9664089773
  0
LINE
  5
56E
100
AcDbEntity
  8
0
100
AcDbLine
 62
7
  6
CONTINUOUS
 10
297.7770294075
 20
207.1093927476
 11
297.4502401625
 21
206.051901381
  0
LINE
  5
56F
100
AcDbEntity
  8
0
100
AcDbLine
 62
7
  6
CONTINUOUS
 10
298.1915068972
 20
207.1093927476
 11
297.8647176522
 21
206.051901381
  0
LINE
  5
570
100
AcDbEntity
  8
0
100
AcDbLine
 62
7
  6
CONTINUOUS
 10
317.7096175361
 20
219.0226040715
 11
317.4634190459
 21
218.9498313956
  0
LINE
  5
571
100
AcDbEntity
  8
0
100
AcDbLine
 62
7
  6
CONTINUOUS
 10
303.2937371558
 20
217.3184486318
 11
303.2002699046
 21
217.4384130696
  0
LINE
  5
572
100
AcDbEntity
  8
0
100
AcDbLine
 62
7
  6
CONTINUOUS
 10
304.675328788
 20
217.3184486318
 11
304.5818615368
 21
217.4384130696
  0
LINE
  5
573
100
AcDbEntity
  8
0
100
AcDbLine
 62
7
  6
CONTINUOUS
 10
301.5983414488
 20
215.9664089773
 11
301.5255431315
 21
216.114756436
  0
LINE
  5
574
100
AcDbEntity
  8
0
100
AcDbLine
 62
7
  6
CONTINUOUS
 10
305.9305795441
 20
207.7695128942
 11
306.0476865385
 21
207.5308737933
  0
LINE
  5
575
100
AcDbEntity
  8
0
100
AcDbLine
 62
7
  6
CONTINUOUS
 10
306.3450570338
 20
207.7695128942
 11
306.4621640281
 21
207.5308737933
  0
LINE
  5
576
100
AcDbEntity
  8
0
100
AcDbLine
 62
7
  6
CONTINUOUS
 10
305.0222552159
 20
211.2194477317
 11
305.2052802051
 21
210.8464818033
  0
LINE
  5
577
100
AcDbEntity
  8
0
100
AcDbLine
 62
7
  6
CONTINUOUS
 10
302.979933081
 20
215.9664089773
 11
302.9071347637
 21
216.114756436
  0
LINE
  5
578
100
AcDbEntity
  8
0
100
AcDbLine
 62
7
  6
CONTINUOUS
 10
307.0191865248
 20
207.7695128942
 11
306.6531365464
 21
208.515444751
  0
LINE
  5
579
100
AcDbEntity
  8
0
100
AcDbLine
 62
7
  6
CONTINUOUS
 10
306.1772715746
 20
209.4851561647
 11
305.5092303641
 21
210.8464818033
  0
LINE
  5
57A
100
AcDbEntity
  8
0
100
AcDbLine
 62
7
  6
CONTINUOUS
 10
305.8738049339
 20
211.0610110786
 11
305.6907799447
 21
211.433977007
  0
LINE
  5
57B
100
AcDbEntity
  8
0
100
AcDbLine
 62
7
  6
CONTINUOUS
 10
307.3459757698
 20
208.8270042608
 11
306.9799257914
 21
209.5729361176
  0
LINE
  5
57C
100
AcDbEntity
  8
0
100
AcDbLine
 62
7
  6
CONTINUOUS
 10
306.5040608196
 20
210.5426475314
 11
306.2496850834
 21
211.0610110786
  0
LINE
  5
57D
100
AcDbEntity
  8
0
100
AcDbLine
 62
7
  6
CONTINUOUS
 10
301.912164938
 20
216.9819431035
 11
301.9121455236
 21
217.3184486318
  0
LINE
  5
57E
100
AcDbEntity
  8
0
100
AcDbLine
 62
7
  6
CONTINUOUS
 10
303.2937565702
 20
216.9819431035
 11
303.2937371558
 21
217.3184486318
  0
LINE
  5
57F
100
AcDbEntity
  8
0
100
AcDbLine
 62
7
  6
CONTINUOUS
 10
301.4535391029
 20
215.3284802339
 11
301.5255431315
 21
216.114756436
  0
LINE
  5
580
100
AcDbEntity
  8
0
100
AcDbLine
 62
7
  6
CONTINUOUS
 10
302.8351307352
 20
215.3284802339
 11
302.9071347637
 21
216.114756436
  0
LINE
  5
581
100
AcDbEntity
  8
0
100
AcDbLine
 62
7
  6
CONTINUOUS
 10
301.5610449131
 20
216.3392619551
 11
301.5255431315
 21
216.114756436
  0
LINE
  5
582
100
AcDbEntity
  8
0
100
AcDbLine
 62
7
  6
CONTINUOUS
 10
302.5281590557
 20
216.3392619551
 11
302.492657274
 21
216.114756436
  0
LINE
  5
583
100
AcDbEntity
  8
0
100
AcDbLine
 62
7
  6
CONTINUOUS
 10
302.9426365454
 20
216.3392619551
 11
302.9071347637
 21
216.114756436
  0
LINE
  5
584
100
AcDbEntity
  8
0
100
AcDbLine
 62
7
  6
CONTINUOUS
 10
302.31598852
 20
215.3284802339
 11
302.492657274
 21
216.114756436
  0
LINE
  5
585
100
AcDbEntity
  8
0
100
AcDbLine
 62
7
  6
CONTINUOUS
 10
301.5983414488
 20
215.9664089773
 11
301.4535391029
 21
215.3284802339
  0
LINE
  5
586
100
AcDbEntity
  8
0
100
AcDbLine
 62
7
  6
CONTINUOUS
 10
302.979933081
 20
215.9664089773
 11
302.8351307352
 21
215.3284802339
  0
LINE
  5
587
100
AcDbEntity
  8
0
100
AcDbLine
 62
7
  6
CONTINUOUS
 10
298.001986394
 20
205.7721769347
 11
298.3287756391
 21
206.8296683013
  0
LINE
  5
588
100
AcDbEntity
  8
0
100
AcDbLine
 62
7
  6
CONTINUOUS
 10
301.912164938
 20
216.9819431035
 11
301.5983414488
 21
215.9664089773
  0
LINE
  5
589
100
AcDbEntity
  8
0
100
AcDbLine
 62
7
  6
CONTINUOUS
 10
299.1586210397
 20
207.1093927476
 11
298.8318317947
 21
206.051901381
  0
LINE
  5
58A
100
AcDbEntity
  8
0
100
AcDbLine
 62
7
  6
CONTINUOUS
 10
299.5730985294
 20
207.1093927476
 11
299.2463092844
 21
206.051901381
  0
LINE
  5
58B
100
AcDbEntity
  8
0
100
AcDbLine
 62
7
  6
CONTINUOUS
 10
299.3835780263
 20
205.7721769347
 11
299.7103672713
 21
206.8296683013
  0
LINE
  5
58C
100
AcDbEntity
  8
0
100
AcDbLine
 62
7
  6
CONTINUOUS
 10
303.2937565702
 20
216.9819431035
 11
302.979933081
 21
215.9664089773
  0
LINE
  5
58D
100
AcDbEntity
  8
0
100
AcDbLine
 62
7
  6
CONTINUOUS
 10
300.540212672
 20
207.1093927476
 11
300.2134234269
 21
206.051901381
  0
LINE
  5
58E
100
AcDbEntity
  8
0
100
AcDbLine
 62
7
  6
CONTINUOUS
 10
305.2464885153
 20
219.2482041383
 11
305.0127904361
 21
219.0226040715
  0
LINE
  5
58F
100
AcDbEntity
  8
0
100
AcDbLine
 62
7
  6
CONTINUOUS
 10
326.9432443629
 20
227.7907489606
 11
326.6669260365
 21
227.7907489606
  0
LINE
  5
590
100
AcDbEntity
  8
0
100
AcDbLine
 62
7
  6
CONTINUOUS
 10
326.2551198109
 20
228.6299222995
 11
325.5033595119
 21
228.6299222995
  0
LINE
  5
591
100
AcDbEntity
  8
0
100
AcDbLine
 62
7
  6
CONTINUOUS
 10
306.031016408
 20
217.3516962156
 11
305.9634531691
 21
217.4384130696
  0
LINE
  5
592
100
AcDbEntity
  8
0
100
AcDbLine
 62
7
  6
CONTINUOUS
 10
304.3615247133
 20
215.9664089773
 11
304.2887263959
 21
216.114756436
  0
LINE
  5
593
100
AcDbEntity
  8
0
100
AcDbLine
 62
7
  6
CONTINUOUS
 10
305.7431163455
 20
215.9664089773
 11
305.6703180281
 21
216.114756436
  0
LINE
  5
594
100
AcDbEntity
  8
0
100
AcDbLine
 62
7
  6
CONTINUOUS
 10
304.7665919459
 20
218.9498313956
 11
304.6201719545
 21
219.2482041383
  0
LINE
  5
595
100
AcDbEntity
  8
0
100
AcDbLine
 62
7
  6
CONTINUOUS
 10
307.1466534651
 20
214.2981344924
 11
306.3962510096
 21
215.8272947987
  0
LINE
  5
596
100
AcDbEntity
  8
0
100
AcDbLine
 62
7
  6
CONTINUOUS
 10
304.6753482024
 20
216.9819431035
 11
304.675328788
 21
217.3184486318
  0
LINE
  5
597
100
AcDbEntity
  8
0
100
AcDbLine
 62
7
  6
CONTINUOUS
 10
306.0569398346
 20
216.9819431035
 11
306.056935589
 21
217.0555308737
  0
LINE
  5
598
100
AcDbEntity
  8
0
100
AcDbLine
 62
7
  6
CONTINUOUS
 10
304.2167223674
 20
215.3284802339
 11
304.2887263959
 21
216.114756436
  0
LINE
  5
599
100
AcDbEntity
  8
0
100
AcDbLine
 62
7
  6
CONTINUOUS
 10
305.5983139996
 20
215.3284802339
 11
305.6703180281
 21
216.114756436
  0
LINE
  5
59A
100
AcDbEntity
  8
0
100
AcDbLine
 62
7
  6
CONTINUOUS
 10
303.9097506879
 20
216.3392619551
 11
303.8742489062
 21
216.114756436
  0
LINE
  5
59B
100
AcDbEntity
  8
0
100
AcDbLine
 62
7
  6
CONTINUOUS
 10
304.3242281776
 20
216.3392619551
 11
304.2887263959
 21
216.114756436
  0
LINE
  5
59C
100
AcDbEntity
  8
0
100
AcDbLine
 62
7
  6
CONTINUOUS
 10
305.2913423201
 20
216.3392619551
 11
305.2558405385
 21
216.114756436
  0
LINE
  5
59D
100
AcDbEntity
  8
0
100
AcDbLine
 62
7
  6
CONTINUOUS
 10
305.7058198098
 20
216.3392619551
 11
305.6703180281
 21
216.114756436
  0
LINE
  5
59E
100
AcDbEntity
  8
0
100
AcDbLine
 62
7
  6
CONTINUOUS
 10
303.6975801522
 20
215.3284802339
 11
303.8742489062
 21
216.114756436
  0
LINE
  5
59F
100
AcDbEntity
  8
0
100
AcDbLine
 62
7
  6
CONTINUOUS
 10
305.0791717844
 20
215.3284802339
 11
305.2558405385
 21
216.114756436
  0
LINE
  5
5A0
100
AcDbEntity
  8
0
100
AcDbLine
 62
7
  6
CONTINUOUS
 10
304.3615247133
 20
215.9664089773
 11
304.2167223674
 21
215.3284802339
  0
LINE
  5
5A1
100
AcDbEntity
  8
0
100
AcDbLine
 62
7
  6
CONTINUOUS
 10
305.7431163455
 20
215.9664089773
 11
305.5983139996
 21
215.3284802339
  0
LINE
  5
5A2
100
AcDbEntity
  8
0
100
AcDbLine
 62
7
  6
CONTINUOUS
 10
300.9546901616
 20
207.1093927476
 11
300.6279009166
 21
206.051901381
  0
LINE
  5
5A3
100
AcDbEntity
  8
0
100
AcDbLine
 62
7
  6
CONTINUOUS
 10
300.7651696585
 20
205.7721769347
 11
301.0919589035
 21
206.8296683013
  0
LINE
  5
5A4
100
AcDbEntity
  8
0
100
AcDbLine
 62
7
  6
CONTINUOUS
 10
304.6753482024
 20
216.9819431035
 11
304.3615247133
 21
215.9664089773
  0
LINE
  5
5A5
100
AcDbEntity
  8
0
100
AcDbLine
 62
7
  6
CONTINUOUS
 10
301.9218043042
 20
207.1093927476
 11
301.5950150592
 21
206.051901381
  0
LINE
  5
5A6
100
AcDbEntity
  8
0
100
AcDbLine
 62
7
  6
CONTINUOUS
 10
302.3362817938
 20
207.1093927476
 11
302.0094925488
 21
206.051901381
  0
LINE
  5
5A7
100
AcDbEntity
  8
0
100
AcDbLine
 62
7
  6
CONTINUOUS
 10
302.1467612907
 20
205.7721769347
 11
302.4735505357
 21
206.8296683013
  0
LINE
  5
5A8
100
AcDbEntity
  8
0
100
AcDbLine
 62
7
  6
CONTINUOUS
 10
306.0569398346
 20
216.9819431035
 11
305.7431163455
 21
215.9664089773
  0
LINE
  5
5A9
100
AcDbEntity
  8
0
100
AcDbLine
 62
7
  6
CONTINUOUS
 10
303.3033959364
 20
207.1093927476
 11
302.9766066914
 21
206.051901381
  0
LINE
  5
5AA
100
AcDbEntity
  8
0
100
AcDbLine
 62
7
  6
CONTINUOUS
 10
311.2693876511
 20
217.4675134297
 11
310.8058398013
 21
217.0774915392
  0
LINE
  5
5AB
100
AcDbEntity
  8
0
100
AcDbLine
 62
7
  6
CONTINUOUS
 10
267.6255693772
 20
231.2082374068
 11
269.2834793358
 21
231.2082374068
  0
LINE
  5
5AC
100
AcDbEntity
  8
0
100
AcDbLine
 62
7
  6
CONTINUOUS
 10
308.1301518909
 20
213.7839578217
 11
307.3797494354
 21
215.313118128
  0
LINE
  5
5AD
100
AcDbEntity
  8
0
100
AcDbLine
 62
7
  6
CONTINUOUS
 10
307.6560677618
 20
215.313118128
 11
308.4064702174
 21
213.7839578217
  0
LINE
  5
5AE
100
AcDbEntity
  8
0
100
AcDbLine
 62
7
  6
CONTINUOUS
 10
311.4126479152
 20
207.7695128942
 11
311.0465979369
 21
208.515444751
  0
LINE
  5
5AF
100
AcDbEntity
  8
0
100
AcDbLine
 62
7
  6
CONTINUOUS
 10
310.570732965
 20
209.4851561647
 11
309.9026917546
 21
210.8464818033
  0
LINE
  5
5B0
100
AcDbEntity
  8
0
100
AcDbLine
 62
7
  6
CONTINUOUS
 10
306.155544022
 20
218.8222168052
 11
305.9464999215
 21
219.2482041383
  0
LINE
  5
5B1
100
AcDbEntity
  8
0
100
AcDbLine
 62
7
  6
CONTINUOUS
 10
310.0236169245
 20
211.2194477317
 11
310.2066419137
 21
210.8464818033
  0
LINE
  5
5B2
100
AcDbEntity
  8
0
100
AcDbLine
 62
7
  6
CONTINUOUS
 10
312.6477481169
 20
206.051901381
 11
312.7850168588
 21
205.7721769347
  0
LINE
  5
5B3
100
AcDbEntity
  8
0
100
AcDbLine
 62
7
  6
CONTINUOUS
 10
313.0622256065
 20
206.051901381
 11
313.1994943484
 21
205.7721769347
  0
LINE
  5
5B4
100
AcDbEntity
  8
0
100
AcDbLine
 62
7
  6
CONTINUOUS
 10
312.8385377052
 20
207.7695128942
 11
312.9556446995
 21
207.5308737933
  0
LINE
  5
5B5
100
AcDbEntity
  8
0
100
AcDbLine
 62
7
  6
CONTINUOUS
 10
314.0293397491
 20
206.051901381
 11
314.166608491
 21
205.7721769347
  0
LINE
  5
5B6
100
AcDbEntity
  8
0
100
AcDbLine
 62
7
  6
CONTINUOUS
 10
313.2530151949
 20
207.7695128942
 11
313.3701221892
 21
207.5308737933
  0
LINE
  5
5B7
100
AcDbEntity
  8
0
100
AcDbLine
 62
7
  6
CONTINUOUS
 10
303.7178734261
 20
207.1093927476
 11
303.391084181
 21
206.051901381
  0
LINE
  5
5B8
100
AcDbEntity
  8
0
100
AcDbLine
 62
7
  6
CONTINUOUS
 10
306.4268913812
 20
215.7648562502
 11
305.0222552159
 21
211.2194477317
  0
LINE
  5
5B9
100
AcDbEntity
  8
0
100
AcDbLine
 62
7
  6
CONTINUOUS
 10
303.5283529229
 20
205.7721769347
 11
303.8551421679
 21
206.8296683013
  0
LINE
  5
5BA
100
AcDbEntity
  8
0
100
AcDbLine
 62
7
  6
CONTINUOUS
 10
305.2052802051
 20
210.8464818033
 11
306.6099163704
 21
215.3918903218
  0
LINE
  5
5BB
100
AcDbEntity
  8
0
100
AcDbLine
 62
7
  6
CONTINUOUS
 10
305.5092303641
 20
210.8464818033
 11
305.6907799447
 21
211.433977007
  0
LINE
  5
5BC
100
AcDbEntity
  8
0
100
AcDbLine
 62
7
  6
CONTINUOUS
 10
304.6849875686
 20
207.1093927476
 11
304.3581983236
 21
206.051901381
  0
LINE
  5
5BD
100
AcDbEntity
  8
0
100
AcDbLine
 62
7
  6
CONTINUOUS
 10
305.0994650583
 20
207.1093927476
 11
304.7726758133
 21
206.051901381
  0
LINE
  5
5BE
100
AcDbEntity
  8
0
100
AcDbLine
 62
7
  6
CONTINUOUS
 10
304.9099445551
 20
205.7721769347
 11
305.2367338001
 21
206.8296683013
  0
LINE
  5
5BF
100
AcDbEntity
  8
0
100
AcDbLine
 62
7
  6
CONTINUOUS
 10
306.5040608196
 20
210.5426475314
 11
306.1772715746
 21
209.4851561647
  0
LINE
  5
5C0
100
AcDbEntity
  8
0
100
AcDbLine
 62
7
  6
CONTINUOUS
 10
264.1417185073
 20
232.4528230653
 11
324.6554319984
 21
232.4528230653
  0
LINE
  5
5C1
100
AcDbEntity
  8
0
100
AcDbLine
 62
7
  6
CONTINUOUS
 10
312.9648785813
 20
217.3184486318
 11
312.8714113301
 21
217.4384130696
  0
LINE
  5
5C2
100
AcDbEntity
  8
0
100
AcDbLine
 62
7
  6
CONTINUOUS
 10
314.3464702136
 20
217.3184486318
 11
314.2530029624
 21
217.4384130696
  0
LINE
  5
5C3
100
AcDbEntity
  8
0
100
AcDbLine
 62
7
  6
CONTINUOUS
 10
314.4438172388
 20
206.051901381
 11
314.5810859806
 21
205.7721769347
  0
LINE
  5
5C4
100
AcDbEntity
  8
0
100
AcDbLine
 62
7
  6
CONTINUOUS
 10
309.4007585551
 20
216.4881085353
 11
310.1511610107
 21
214.958948229
  0
LINE
  5
5C5
100
AcDbEntity
  8
0
100
AcDbLine
 62
7
  6
CONTINUOUS
 10
314.2201293374
 20
207.7695128942
 11
314.3372363318
 21
207.5308737933
  0
LINE
  5
5C6
100
AcDbEntity
  8
0
100
AcDbLine
 62
7
  6
CONTINUOUS
 10
315.4109313813
 20
206.051901381
 11
315.5482001232
 21
205.7721769347
  0
LINE
  5
5C7
100
AcDbEntity
  8
0
100
AcDbLine
 62
7
  6
CONTINUOUS
 10
308.9860015123
 20
219.2482041383
 11
309.3062952434
 21
218.5955137636
  0
LINE
  5
5C8
100
AcDbEntity
  8
0
100
AcDbLine
 62
7
  6
CONTINUOUS
 10
314.6346068271
 20
207.7695128942
 11
314.7517138214
 21
207.5308737933
  0
LINE
  5
5C9
100
AcDbEntity
  8
0
100
AcDbLine
 62
7
  6
CONTINUOUS
 10
315.825408871
 20
206.051901381
 11
315.9626776129
 21
205.7721769347
  0
LINE
  5
5CA
100
AcDbEntity
  8
0
100
AcDbLine
 62
7
  6
CONTINUOUS
 10
309.7679536545
 20
218.9498313956
 11
309.6215336632
 21
219.2482041383
  0
LINE
  5
5CB
100
AcDbEntity
  8
0
100
AcDbLine
 62
7
  6
CONTINUOUS
 10
315.6017209696
 20
207.7695128942
 11
315.718827964
 21
207.5308737933
  0
LINE
  5
5CC
100
AcDbEntity
  8
0
100
AcDbLine
 62
7
  6
CONTINUOUS
 10
316.7925230135
 20
206.051901381
 11
316.9297917554
 21
205.7721769347
  0
LINE
  5
5CD
100
AcDbEntity
  8
0
100
AcDbLine
 62
7
  6
CONTINUOUS
 10
316.0161984593
 20
207.7695128942
 11
316.1333054536
 21
207.5308737933
  0
LINE
  5
5CE
100
AcDbEntity
  8
0
100
AcDbLine
 62
7
  6
CONTINUOUS
 10
306.0665792008
 20
207.1093927476
 11
305.7397899558
 21
206.051901381
  0
LINE
  5
5CF
100
AcDbEntity
  8
0
100
AcDbLine
 62
7
  6
CONTINUOUS
 10
306.6531365464
 20
208.515444751
 11
306.9799257914
 21
209.5729361176
  0
LINE
  5
5D0
100
AcDbEntity
  8
0
100
AcDbLine
 62
7
  6
CONTINUOUS
 10
306.4810566905
 20
207.1093927476
 11
306.1542674455
 21
206.051901381
  0
LINE
  5
5D1
100
AcDbEntity
  8
0
100
AcDbLine
 62
7
  6
CONTINUOUS
 10
306.2915361873
 20
205.7721769347
 11
306.6183254324
 21
206.8296683013
  0
LINE
  5
5D2
100
AcDbEntity
  8
0
100
AcDbLine
 62
7
  6
CONTINUOUS
 10
307.0191865248
 20
207.7695128942
 11
307.3459757698
 21
208.8270042608
  0
LINE
  5
5D3
100
AcDbEntity
  8
0
100
AcDbLine
 62
7
  6
CONTINUOUS
 10
310.8058398013
 20
217.0774915392
 11
310.1511610107
 21
214.958948229
  0
LINE
  5
5D4
100
AcDbEntity
  8
0
100
AcDbLine
 62
7
  6
CONTINUOUS
 10
311.2693876511
 20
217.4675134297
 11
311.7274581226
 21
218.9498313956
  0
LINE
  5
5D5
100
AcDbEntity
  8
0
100
AcDbLine
 62
7
  6
CONTINUOUS
 10
317.9433156153
 20
219.2482041383
 11
317.7096175361
 21
219.0226040715
  0
LINE
  5
5D6
100
AcDbEntity
  8
0
100
AcDbLine
 62
7
  6
CONTINUOUS
 10
318.5002653948
 20
216.9836207071
 11
318.4102899799
 21
216.9079168042
  0
LINE
  5
5D7
100
AcDbEntity
  8
0
100
AcDbLine
 62
7
  6
CONTINUOUS
 10
315.7280618458
 20
217.3184486318
 11
315.6345945946
 21
217.4384130696
  0
LINE
  5
5D8
100
AcDbEntity
  8
0
100
AcDbLine
 62
7
  6
CONTINUOUS
 10
317.109653478
 20
217.3184486318
 11
317.0161862268
 21
217.4384130696
  0
LINE
  5
5D9
100
AcDbEntity
  8
0
100
AcDbLine
 62
7
  6
CONTINUOUS
 10
317.2070005032
 20
206.051901381
 11
317.3442692451
 21
205.7721769347
  0
LINE
  5
5DA
100
AcDbEntity
  8
0
100
AcDbLine
 62
7
  6
CONTINUOUS
 10
312.6510745066
 20
215.9664089773
 11
312.5782761892
 21
216.114756436
  0
LINE
  5
5DB
100
AcDbEntity
  8
0
100
AcDbLine
 62
7
  6
CONTINUOUS
 10
316.9833126018
 20
207.7695128942
 11
317.1004195962
 21
207.5308737933
  0
LINE
  5
5DC
100
AcDbEntity
  8
0
100
AcDbLine
 62
7
  6
CONTINUOUS
 10
317.3977900915
 20
207.7695128942
 11
317.5148970859
 21
207.5308737933
  0
LINE
  5
5DD
100
AcDbEntity
  8
0
100
AcDbLine
 62
7
  6
CONTINUOUS
 10
314.0326661388
 20
215.9664089773
 11
313.9598678214
 21
216.114756436
  0
LINE
  5
5DE
100
AcDbEntity
  8
0
100
AcDbLine
 62
7
  6
CONTINUOUS
 10
318.1962628294
 20
207.7695128942
 11
317.830212851
 21
208.515444751
  0
LINE
  5
5DF
100
AcDbEntity
  8
0
100
AcDbLine
 62
7
  6
CONTINUOUS
 10
317.3543478792
 20
209.4851561647
 11
316.5032816796
 21
211.2194477317
  0
LINE
  5
5E0
100
AcDbEntity
  8
0
100
AcDbLine
 62
7
  6
CONTINUOUS
 10
312.9648979957
 20
216.9819431035
 11
312.9648785813
 21
217.3184486318
  0
LINE
  5
5E1
100
AcDbEntity
  8
0
100
AcDbLine
 62
7
  6
CONTINUOUS
 10
312.5062721607
 20
215.3284802339
 11
312.5782761892
 21
216.114756436
  0
LINE
  5
5E2
100
AcDbEntity
  8
0
100
AcDbLine
 62
7
  6
CONTINUOUS
 10
312.1993004812
 20
216.3392619551
 11
312.1637986995
 21
216.114756436
  0
LINE
  5
5E3
100
AcDbEntity
  8
0
100
AcDbLine
 62
7
  6
CONTINUOUS
 10
312.6137779709
 20
216.3392619551
 11
312.5782761892
 21
216.114756436
  0
LINE
  5
5E4
100
AcDbEntity
  8
0
100
AcDbLine
 62
7
  6
CONTINUOUS
 10
313.5808921134
 20
216.3392619551
 11
313.5453903317
 21
216.114756436
  0
LINE
  5
5E5
100
AcDbEntity
  8
0
100
AcDbLine
 62
7
  6
CONTINUOUS
 10
311.9871299455
 20
215.3284802339
 11
312.1637986995
 21
216.114756436
  0
LINE
  5
5E6
100
AcDbEntity
  8
0
100
AcDbLine
 62
7
  6
CONTINUOUS
 10
313.3687215777
 20
215.3284802339
 11
313.5453903317
 21
216.114756436
  0
LINE
  5
5E7
100
AcDbEntity
  8
0
100
AcDbLine
 62
7
  6
CONTINUOUS
 10
312.6510745066
 20
215.9664089773
 11
312.5062721607
 21
215.3284802339
  0
LINE
  5
5E8
100
AcDbEntity
  8
0
100
AcDbLine
 62
7
  6
CONTINUOUS
 10
309.9026917546
 20
210.8464818033
 11
310.0842413352
 21
211.433977007
  0
LINE
  5
5E9
100
AcDbEntity
  8
0
100
AcDbLine
 62
7
  6
CONTINUOUS
 10
311.8391127302
 20
217.0943997684
 11
310.0236169245
 21
211.2194477317
  0
LINE
  5
5EA
100
AcDbEntity
  8
0
100
AcDbLine
 62
7
  6
CONTINUOUS
 10
312.9648979957
 20
216.9819431035
 11
312.6510745066
 21
215.9664089773
  0
LINE
  5
5EB
100
AcDbEntity
  8
0
100
AcDbLine
 62
7
  6
CONTINUOUS
 10
311.0465979369
 20
208.515444751
 11
311.34626115
 21
209.4851561647
  0
LINE
  5
5EC
100
AcDbEntity
  8
0
100
AcDbLine
 62
7
  6
CONTINUOUS
 10
318.7975895581
 20
208.2675553683
 11
318.5230520744
 21
208.8270042608
  0
LINE
  5
5ED
100
AcDbEntity
  8
0
100
AcDbLine
 62
7
  6
CONTINUOUS
 10
318.1570020961
 20
209.5729361176
 11
317.6811371242
 21
210.5426475314
  0
LINE
  5
5EE
100
AcDbEntity
  8
0
100
AcDbLine
 62
7
  6
CONTINUOUS
 10
315.414257771
 20
215.9664089773
 11
315.3414594536
 21
216.114756436
  0
LINE
  5
5EF
100
AcDbEntity
  8
0
100
AcDbLine
 62
7
  6
CONTINUOUS
 10
317.8045333091
 20
213.355047004
 11
319.378548216
 21
210.14754002
  0
LINE
  5
5F0
100
AcDbEntity
  8
0
100
AcDbLine
 62
7
  6
CONTINUOUS
 10
316.7958494032
 20
215.9664089773
 11
316.7230510858
 21
216.114756436
  0
LINE
  5
5F1
100
AcDbEntity
  8
0
100
AcDbLine
 62
7
  6
CONTINUOUS
 10
314.3464896279
 20
216.9819431035
 11
314.3464702136
 21
217.3184486318
  0
LINE
  5
5F2
100
AcDbEntity
  8
0
100
AcDbLine
 62
7
  6
CONTINUOUS
 10
315.7280812601
 20
216.9819431035
 11
315.7280618458
 21
217.3184486318
  0
LINE
  5
5F3
100
AcDbEntity
  8
0
100
AcDbLine
 62
7
  6
CONTINUOUS
 10
313.8878637929
 20
215.3284802339
 11
313.9598678214
 21
216.114756436
  0
LINE
  5
5F4
100
AcDbEntity
  8
0
100
AcDbLine
 62
7
  6
CONTINUOUS
 10
315.2694554251
 20
215.3284802339
 11
315.3414594536
 21
216.114756436
  0
LINE
  5
5F5
100
AcDbEntity
  8
0
100
AcDbLine
 62
7
  6
CONTINUOUS
 10
313.9953696031
 20
216.3392619551
 11
313.9598678214
 21
216.114756436
  0
LINE
  5
5F6
100
AcDbEntity
  8
0
100
AcDbLine
 62
7
  6
CONTINUOUS
 10
314.9624837456
 20
216.3392619551
 11
314.926981964
 21
216.114756436
  0
LINE
  5
5F7
100
AcDbEntity
  8
0
100
AcDbLine
 62
7
  6
CONTINUOUS
 10
315.3769612353
 20
216.3392619551
 11
315.3414594536
 21
216.114756436
  0
LINE
  5
5F8
100
AcDbEntity
  8
0
100
AcDbLine
 62
7
  6
CONTINUOUS
 10
314.7503132099
 20
215.3284802339
 11
314.926981964
 21
216.114756436
  0
LINE
  5
5F9
100
AcDbEntity
  8
0
100
AcDbLine
 62
7
  6
CONTINUOUS
 10
314.0326661388
 20
215.9664089773
 11
313.8878637929
 21
215.3284802339
  0
LINE
  5
5FA
100
AcDbEntity
  8
0
100
AcDbLine
 62
7
  6
CONTINUOUS
 10
315.414257771
 20
215.9664089773
 11
315.2694554251
 21
215.3284802339
  0
LINE
  5
5FB
100
AcDbEntity
  8
0
100
AcDbLine
 62
7
  6
CONTINUOUS
 10
314.3464896279
 20
216.9819431035
 11
314.0326661388
 21
215.9664089773
  0
LINE
  5
5FC
100
AcDbEntity
  8
0
100
AcDbLine
 62
7
  6
CONTINUOUS
 10
315.7280812601
 20
216.9819431035
 11
315.414257771
 21
215.9664089773
  0
LINE
  5
5FD
100
AcDbEntity
  8
0
100
AcDbLine
 62
7
  6
CONTINUOUS
 10
312.9745373619
 20
207.1093927476
 11
312.6477481169
 21
206.051901381
  0
LINE
  5
5FE
100
AcDbEntity
  8
0
100
AcDbLine
 62
7
  6
CONTINUOUS
 10
313.3890148516
 20
207.1093927476
 11
313.0622256065
 21
206.051901381
  0
LINE
  5
5FF
100
AcDbEntity
  8
0
100
AcDbLine
 62
7
  6
CONTINUOUS
 10
313.1994943484
 20
205.7721769347
 11
313.5262835934
 21
206.8296683013
  0
LINE
  5
600
100
AcDbEntity
  8
0
100
AcDbLine
 62
7
  6
CONTINUOUS
 10
319.7914568926
 20
213.8692236748
 11
318.8305756995
 21
215.8272947987
  0
LINE
  5
601
100
AcDbEntity
  8
0
100
AcDbLine
 62
7
  6
CONTINUOUS
 10
318.4102899799
 20
216.9079168042
 11
318.3187774853
 21
217.0943997684
  0
LINE
  5
602
100
AcDbEntity
  8
0
100
AcDbLine
 62
7
  6
CONTINUOUS
 10
317.4634190459
 20
218.9498313956
 11
317.3169990546
 21
219.2482041383
  0
LINE
  5
603
100
AcDbEntity
  8
0
100
AcDbLine
 62
7
  6
CONTINUOUS
 10
320.7749553184
 20
213.355047004
 11
319.8140741253
 21
215.313118128
  0
LINE
  5
604
100
AcDbEntity
  8
0
100
AcDbLine
 62
7
  6
CONTINUOUS
 10
318.3808246114
 20
219.2482041383
 11
318.5898687119
 21
218.8222168052
  0
LINE
  5
605
100
AcDbEntity
  8
0
100
AcDbLine
 62
7
  6
CONTINUOUS
 10
317.1096728923
 20
216.9819431035
 11
317.109653478
 21
217.3184486318
  0
LINE
  5
606
100
AcDbEntity
  8
0
100
AcDbLine
 62
7
  6
CONTINUOUS
 10
316.6510470573
 20
215.3284802339
 11
316.7230510858
 21
216.114756436
  0
LINE
  5
607
100
AcDbEntity
  8
0
100
AcDbLine
 62
7
  6
CONTINUOUS
 10
316.3440753778
 20
216.3392619551
 11
316.3085735962
 21
216.114756436
  0
LINE
  5
608
100
AcDbEntity
  8
0
100
AcDbLine
 62
7
  6
CONTINUOUS
 10
316.7585528675
 20
216.3392619551
 11
316.7230510858
 21
216.114756436
  0
LINE
  5
609
100
AcDbEntity
  8
0
100
AcDbLine
 62
7
  6
CONTINUOUS
 10
316.1319048422
 20
215.3284802339
 11
316.3085735962
 21
216.114756436
  0
LINE
  5
60A
100
AcDbEntity
  8
0
100
AcDbLine
 62
7
  6
CONTINUOUS
 10
316.7958494032
 20
215.9664089773
 11
316.6510470573
 21
215.3284802339
  0
LINE
  5
60B
100
AcDbEntity
  8
0
100
AcDbLine
 62
7
  6
CONTINUOUS
 10
317.1096728923
 20
216.9819431035
 11
316.7958494032
 21
215.9664089773
  0
LINE
  5
60C
100
AcDbEntity
  8
0
100
AcDbLine
 62
7
  6
CONTINUOUS
 10
314.3561289941
 20
207.1093927476
 11
314.0293397491
 21
206.051901381
  0
LINE
  5
60D
100
AcDbEntity
  8
0
100
AcDbLine
 62
7
  6
CONTINUOUS
 10
314.7706064838
 20
207.1093927476
 11
314.4438172388
 21
206.051901381
  0
LINE
  5
60E
100
AcDbEntity
  8
0
100
AcDbLine
 62
7
  6
CONTINUOUS
 10
314.5810859806
 20
205.7721769347
 11
314.9078752257
 21
206.8296683013
  0
LINE
  5
60F
100
AcDbEntity
  8
0
100
AcDbLine
 62
7
  6
CONTINUOUS
 10
318.3187774853
 20
217.0943997684
 11
316.5032816796
 21
211.2194477317
  0
LINE
  5
610
100
AcDbEntity
  8
0
100
AcDbLine
 62
7
  6
CONTINUOUS
 10
315.7377206263
 20
207.1093927476
 11
315.4109313813
 21
206.051901381
  0
LINE
  5
611
100
AcDbEntity
  8
0
100
AcDbLine
 62
7
  6
CONTINUOUS
 10
317.8045333091
 20
213.355047004
 11
318.6810135998
 21
216.1913408984
  0
LINE
  5
612
100
AcDbEntity
  8
0
100
AcDbLine
 62
7
  6
CONTINUOUS
 10
316.152198116
 20
207.1093927476
 11
315.825408871
 21
206.051901381
  0
LINE
  5
613
100
AcDbEntity
  8
0
100
AcDbLine
 62
7
  6
CONTINUOUS
 10
320.8502678495
 20
215.313118128
 11
323.6413989342
 21
209.6253877203
  0
LINE
  5
614
100
AcDbEntity
  8
0
100
AcDbLine
 62
7
  6
CONTINUOUS
 10
322.9491535905
 20
214.8658544799
 11
321.8510036555
 21
217.1036500501
  0
LINE
  5
615
100
AcDbEntity
  8
0
100
AcDbLine
 62
7
  6
CONTINUOUS
 10
315.9626776129
 20
205.7721769347
 11
316.2894668579
 21
206.8296683013
  0
LINE
  5
616
100
AcDbEntity
  8
0
100
AcDbLine
 62
7
  6
CONTINUOUS
 10
317.3543478792
 20
209.4851561647
 11
317.6811371242
 21
210.5426475314
  0
LINE
  5
617
100
AcDbEntity
  8
0
100
AcDbLine
 62
7
  6
CONTINUOUS
 10
324.6554319984
 20
232.4528230653
 11
320.6613412259
 21
219.5279285846
  0
LINE
  5
618
100
AcDbEntity
  8
0
100
AcDbLine
 62
7
  6
CONTINUOUS
 10
317.1193122586
 20
207.1093927476
 11
316.7925230135
 21
206.051901381
  0
LINE
  5
619
100
AcDbEntity
  8
0
100
AcDbLine
 62
7
  6
CONTINUOUS
 10
317.830212851
 20
208.515444751
 11
318.1570020961
 21
209.5729361176
  0
LINE
  5
61A
100
AcDbEntity
  8
0
100
AcDbLine
 62
7
  6
CONTINUOUS
 10
317.5337897482
 20
207.1093927476
 11
317.2070005032
 21
206.051901381
  0
LINE
  5
61B
100
AcDbEntity
  8
0
100
AcDbLine
 62
7
  6
CONTINUOUS
 10
325.1038432218
 20
231.5390565408
 11
324.8133638929
 21
230.5990642149
  0
LINE
  5
61C
100
AcDbEntity
  8
0
100
AcDbLine
 62
7
  6
CONTINUOUS
 10
317.3442692451
 20
205.7721769347
 11
317.6710584901
 21
206.8296683013
  0
LINE
  5
61D
100
AcDbEntity
  8
0
100
AcDbLine
 62
7
  6
CONTINUOUS
 10
318.1962628294
 20
207.7695128942
 11
318.5230520744
 21
208.8270042608
  0
LINE
  5
61E
100
AcDbEntity
  8
0
100
AcDbLine
 62
7
  6
CONTINUOUS
 10
318.7975895581
 20
208.2675553683
 11
319.378548216
 21
210.14754002
  0
LINE
  5
61F
100
AcDbEntity
  8
0
100
AcDbLine
 62
7
  6
CONTINUOUS
 10
325.554615099
 20
229.088552205
 11
321.8510036555
 21
217.1036500501
  0
LINE
  5
620
100
AcDbEntity
  8
0
100
AcDbLine
 62
7
  6
CONTINUOUS
 10
326.2551198109
 20
228.6299222995
 11
325.964640482
 21
227.6899299736
  0
LINE
  5
621
100
AcDbEntity
  8
0
100
AcDbLine
 62
7
  6
CONTINUOUS
 10
326.6669260365
 20
227.7907489606
 11
322.7796043527
 21
215.2113596983
  0
LINE
  5
622
100
AcDbEntity
  8
0
100
AcDbLine
 62
7
  6
CONTINUOUS
 10
326.9432443629
 20
227.7907489606
 11
322.9491535905
 21
214.8658544799
  0
LINE
  5
623
100
AcDbEntity
  8
0
100
AcDbLine
 62
7
  6
CONTINUOUS
 10
325.5637589162
 20
217.1974824641
 11
325.819993901
 21
216.6753301643
  0
LINE
  5
624
100
AcDbEntity
  8
0
100
AcDbLine
 62
7
  6
CONTINUOUS
 10
325.5637589162
 20
217.1974824641
 11
328.1054530441
 21
225.4224153154
  0
LINE
  5
625
100
AcDbEntity
  8
0
100
AcDbLine
 62
7
  6
CONTINUOUS
 10
325.819993901
 20
216.6753301643
 11
323.6413989342
 21
209.6253877203
  0
LINE
  5
626
100
AcDbEntity
  8
0
100
AcDbLine
 62
7
  6
CONTINUOUS
 10
325.4478460104
 20
228.7430469865
 11
325.964640482
 21
227.6899299736
  0
LINE
  5
627
100
AcDbEntity
  8
0
100
AcDbLine
 62
7
  6
CONTINUOUS
 10
325.554615099
 20
229.088552205
 11
324.8133638929
 21
230.5990642149
  0
LINE
  5
628
100
AcDbEntity
  8
0
100
AcDbLine
 62
7
  6
CONTINUOUS
 10
326.6669260365
 20
227.7907489606
 11
326.2551198109
 21
228.6299222995
  0
LINE
  5
629
100
AcDbEntity
  8
0
100
AcDbLine
 62
7
  6
CONTINUOUS
 10
328.1054530441
 20
225.4224153154
 11
326.9432443629
 21
227.7907489606
  0
LINE
  5
62A
100
AcDbEntity
  8
0
100
AcDbLine
 62
7
  6
CONTINUOUS
 10
325.1038432218
 20
231.5390565408
 11
324.6554319984
 21
232.4528230653
  0
LINE
  5
62B
100
AcDbEntity
  8
0
100
AcDbLine
 62
7
  6
CONTINUOUS
 10
82.65
 20
92.2125
 11
82.65
 21
104.3625
  0
LINE
  5
62C
100
AcDbEntity
  8
0
100
AcDbLine
 62
7
  6
CONTINUOUS
 10
83.25
 20
92.0625
 11
83.25
 21
92.2125
  0
LINE
  5
62D
100
AcDbEntity
  8
0
100
AcDbLine
 62
7
  6
CONTINUOUS
 10
83.55
 20
92.0625
 11
83.55
 21
92.2125
  0
LINE
  5
62E
100
AcDbEntity
  8
0
100
AcDbLine
 62
7
  6
CONTINUOUS
 10
83.775
 20
98.2125
 11
83.775
 21
104.3625
  0
LINE
  5
62F
100
AcDbEntity
  8
0
100
AcDbLine
 62
7
  6
CONTINUOUS
 10
84.15
 20
92.0625
 11
84.15
 21
92.2125
  0
LINE
  5
630
100
AcDbEntity
  8
0
100
AcDbLine
 62
7
  6
CONTINUOUS
 10
84.3
 20
91.1625
 11
84.3
 21
92.2125
  0
LINE
  5
631
100
AcDbEntity
  8
0
100
AcDbLine
 62
7
  6
CONTINUOUS
 10
85.275
 20
98.2125
 11
85.275
 21
103.9125
  0
LINE
  5
632
100
AcDbEntity
  8
0
100
AcDbLine
 62
7
  6
CONTINUOUS
 10
86.43
 20
102.2625
 11
86.43
 21
103.9125
  0
LINE
  5
633
100
AcDbEntity
  8
0
100
AcDbLine
 62
7
  6
CONTINUOUS
 10
84.75
 20
90.2625
 11
84.3
 21
91.1625
  0
LINE
  5
634
100
AcDbEntity
  8
0
100
AcDbLine
 62
7
  6
CONTINUOUS
 10
86.7
 20
91.1625
 11
86.7
 21
92.2125
  0
LINE
  5
635
100
AcDbEntity
  8
0
100
AcDbLine
 62
7
  6
CONTINUOUS
 10
87.0
 20
92.2125
 11
87.0
 21
99.5025
  0
LINE
  5
636
100
AcDbEntity
  8
0
100
AcDbLine
 62
7
  6
CONTINUOUS
 10
87.345
 20
102.2188915404
 11
87.345
 21
102.2625
  0
LINE
  5
637
100
AcDbEntity
  8
0
100
AcDbLine
 62
7
  6
CONTINUOUS
 10
87.525
 20
102.2625
 11
87.525
 21
101.4225000013
  0
LINE
  5
638
100
AcDbEntity
  8
0
100
AcDbLine
 62
7
  6
CONTINUOUS
 10
87.525
 20
93.0525
 11
87.525
 21
92.0625
  0
LINE
  5
639
100
AcDbEntity
  8
0
100
AcDbLine
 62
7
  6
CONTINUOUS
 10
87.975
 20
102.2625
 11
87.975
 21
101.4225000013
  0
LINE
  5
63A
100
AcDbEntity
  8
0
100
AcDbLine
 62
7
  6
CONTINUOUS
 10
87.975
 20
93.0525
 11
87.975
 21
92.0625
  0
LINE
  5
63B
100
AcDbEntity
  8
0
100
AcDbLine
 62
7
  6
CONTINUOUS
 10
88.155
 20
102.2188915404
 11
88.155
 21
102.2625
  0
LINE
  5
63C
100
AcDbEntity
  8
0
100
AcDbLine
 62
7
  6
CONTINUOUS
 10
88.275
 20
93.9525
 11
88.275
 21
92.0625
  0
LINE
  5
63D
100
AcDbEntity
  8
0
100
AcDbLine
 62
7
  6
CONTINUOUS
 10
88.275
 20
99.7411504194
 11
88.275
 21
100.3124999994
  0
LINE
  5
63E
100
AcDbEntity
  8
0
100
AcDbLine
 62
7
  6
CONTINUOUS
 10
88.725
 20
93.9525
 11
88.725
 21
92.0625
  0
LINE
  5
63F
100
AcDbEntity
  8
0
100
AcDbLine
 62
7
  6
CONTINUOUS
 10
88.725
 20
99.7411504194
 11
88.725
 21
100.3124999994
  0
LINE
  5
640
100
AcDbEntity
  8
0
100
AcDbLine
 62
7
  6
CONTINUOUS
 10
88.845
 20
102.2188915404
 11
88.845
 21
102.2625
  0
LINE
  5
641
100
AcDbEntity
  8
0
100
AcDbLine
 62
7
  6
CONTINUOUS
 10
88.2181825278
 20
99.5025
 11
88.275
 21
99.7411504194
  0
LINE
  5
642
100
AcDbEntity
  8
0
100
AcDbLine
 62
7
  6
CONTINUOUS
 10
88.155
 20
102.2188915404
 11
87.975
 21
101.6785258453
  0
LINE
  5
643
100
AcDbEntity
  8
0
100
AcDbLine
 62
7
  6
CONTINUOUS
 10
89.025
 20
102.2625
 11
89.025
 21
101.4225000013
  0
LINE
  5
644
100
AcDbEntity
  8
0
100
AcDbLine
 62
7
  6
CONTINUOUS
 10
89.025
 20
93.0525
 11
89.025
 21
92.0625
  0
LINE
  5
645
100
AcDbEntity
  8
0
100
AcDbLine
 62
7
  6
CONTINUOUS
 10
89.475
 20
102.2625
 11
89.475
 21
101.4225000013
  0
LINE
  5
646
100
AcDbEntity
  8
0
100
AcDbLine
 62
7
  6
CONTINUOUS
 10
89.475
 20
93.0525
 11
89.475
 21
92.0625
  0
LINE
  5
647
100
AcDbEntity
  8
0
100
AcDbLine
 62
7
  6
CONTINUOUS
 10
89.655
 20
102.2188915404
 11
89.655
 21
102.2625
  0
LINE
  5
648
100
AcDbEntity
  8
0
100
AcDbLine
 62
7
  6
CONTINUOUS
 10
89.775
 20
93.9525
 11
89.775
 21
92.0625
  0
LINE
  5
649
100
AcDbEntity
  8
0
100
AcDbLine
 62
7
  6
CONTINUOUS
 10
89.775
 20
99.7411504194
 11
89.775
 21
100.3124999994
  0
LINE
  5
64A
100
AcDbEntity
  8
0
100
AcDbLine
 62
7
  6
CONTINUOUS
 10
90.225
 20
93.9525
 11
90.225
 21
92.0625
  0
LINE
  5
64B
100
AcDbEntity
  8
0
100
AcDbLine
 62
7
  6
CONTINUOUS
 10
90.225
 20
99.7411504194
 11
90.225
 21
100.3124999994
  0
LINE
  5
64C
100
AcDbEntity
  8
0
100
AcDbLine
 62
7
  6
CONTINUOUS
 10
90.345
 20
102.2188915404
 11
90.345
 21
102.2625
  0
LINE
  5
64D
100
AcDbEntity
  8
0
100
AcDbLine
 62
7
  6
CONTINUOUS
 10
90.525
 20
102.2625
 11
90.525
 21
101.4225000013
  0
LINE
  5
64E
100
AcDbEntity
  8
0
100
AcDbLine
 62
7
  6
CONTINUOUS
 10
90.525
 20
93.0525
 11
90.525
 21
92.0625
  0
LINE
  5
64F
100
AcDbEntity
  8
0
100
AcDbLine
 62
7
  6
CONTINUOUS
 10
90.975
 20
102.2625
 11
90.975
 21
101.4225000013
  0
LINE
  5
650
100
AcDbEntity
  8
0
100
AcDbLine
 62
7
  6
CONTINUOUS
 10
90.975
 20
93.0525
 11
90.975
 21
92.0625
  0
LINE
  5
651
100
AcDbEntity
  8
0
100
AcDbLine
 62
7
  6
CONTINUOUS
 10
91.155
 20
102.2188915404
 11
91.155
 21
102.2625
  0
LINE
  5
652
100
AcDbEntity
  8
0
100
AcDbLine
 62
7
  6
CONTINUOUS
 10
89.7181825278
 20
99.5025
 11
89.775
 21
99.7411504194
  0
LINE
  5
653
100
AcDbEntity
  8
0
100
AcDbLine
 62
7
  6
CONTINUOUS
 10
89.655
 20
102.2188915404
 11
89.475
 21
101.6785258453
  0
LINE
  5
654
100
AcDbEntity
  8
0
100
AcDbLine
 62
7
  6
CONTINUOUS
 10
91.155
 20
102.2188915404
 11
90.975
 21
101.6785258453
  0
LINE
  5
655
100
AcDbEntity
  8
0
100
AcDbLine
 62
7
  6
CONTINUOUS
 10
87.345
 20
102.2188915404
 11
87.525
 21
101.6785258453
  0
LINE
  5
656
100
AcDbEntity
  8
0
100
AcDbLine
 62
7
  6
CONTINUOUS
 10
88.7818174722
 20
99.5025
 11
88.725
 21
99.7411504194
  0
LINE
  5
657
100
AcDbEntity
  8
0
100
AcDbLine
 62
7
  6
CONTINUOUS
 10
91.275
 20
93.9525
 11
91.275
 21
92.0625
  0
LINE
  5
658
100
AcDbEntity
  8
0
100
AcDbLine
 62
7
  6
CONTINUOUS
 10
91.275
 20
99.7411504194
 11
91.275
 21
100.3124999994
  0
LINE
  5
659
100
AcDbEntity
  8
0
100
AcDbLine
 62
7
  6
CONTINUOUS
 10
91.725
 20
93.9525
 11
91.725
 21
92.0625
  0
LINE
  5
65A
100
AcDbEntity
  8
0
100
AcDbLine
 62
7
  6
CONTINUOUS
 10
91.725
 20
99.7411504194
 11
91.725
 21
100.3124999994
  0
LINE
  5
65B
100
AcDbEntity
  8
0
100
AcDbLine
 62
7
  6
CONTINUOUS
 10
91.845
 20
102.2188915404
 11
91.845
 21
102.2625
  0
LINE
  5
65C
100
AcDbEntity
  8
0
100
AcDbLine
 62
7
  6
CONTINUOUS
 10
92.025
 20
102.2625
 11
92.025
 21
101.4225000013
  0
LINE
  5
65D
100
AcDbEntity
  8
0
100
AcDbLine
 62
7
  6
CONTINUOUS
 10
92.025
 20
93.0525
 11
92.025
 21
92.0625
  0
LINE
  5
65E
100
AcDbEntity
  8
0
100
AcDbLine
 62
7
  6
CONTINUOUS
 10
92.475
 20
102.2625
 11
92.475
 21
101.4225000013
  0
LINE
  5
65F
100
AcDbEntity
  8
0
100
AcDbLine
 62
7
  6
CONTINUOUS
 10
92.475
 20
93.0525
 11
92.475
 21
92.0625
  0
LINE
  5
660
100
AcDbEntity
  8
0
100
AcDbLine
 62
7
  6
CONTINUOUS
 10
92.655
 20
102.2188915404
 11
92.655
 21
102.2625
  0
LINE
  5
661
100
AcDbEntity
  8
0
100
AcDbLine
 62
7
  6
CONTINUOUS
 10
92.775
 20
93.9525
 11
92.775
 21
92.0625
  0
LINE
  5
662
100
AcDbEntity
  8
0
100
AcDbLine
 62
7
  6
CONTINUOUS
 10
92.775
 20
99.7411504194
 11
92.775
 21
100.3124999994
  0
LINE
  5
663
100
AcDbEntity
  8
0
100
AcDbLine
 62
7
  6
CONTINUOUS
 10
93.225
 20
93.9525
 11
93.225
 21
92.0625
  0
LINE
  5
664
100
AcDbEntity
  8
0
100
AcDbLine
 62
7
  6
CONTINUOUS
 10
93.225
 20
99.7411504194
 11
93.225
 21
100.3124999994
  0
LINE
  5
665
100
AcDbEntity
  8
0
100
AcDbLine
 62
7
  6
CONTINUOUS
 10
93.345
 20
102.2188915404
 11
93.345
 21
102.2625
  0
LINE
  5
666
100
AcDbEntity
  8
0
100
AcDbLine
 62
7
  6
CONTINUOUS
 10
91.2181825278
 20
99.5025
 11
91.275
 21
99.7411504194
  0
LINE
  5
667
100
AcDbEntity
  8
0
100
AcDbLine
 62
7
  6
CONTINUOUS
 10
92.7181825278
 20
99.5025
 11
92.775
 21
99.7411504194
  0
LINE
  5
668
100
AcDbEntity
  8
0
100
AcDbLine
 62
7
  6
CONTINUOUS
 10
92.655
 20
102.2188915404
 11
92.475
 21
101.6785258453
  0
LINE
  5
669
100
AcDbEntity
  8
0
100
AcDbLine
 62
7
  6
CONTINUOUS
 10
86.25
 20
90.2625
 11
86.7
 21
91.1625
  0
LINE
  5
66A
100
AcDbEntity
  8
0
100
AcDbLine
 62
7
  6
CONTINUOUS
 10
89.025
 20
101.6785258453
 11
88.845
 21
102.2188915404
  0
LINE
  5
66B
100
AcDbEntity
  8
0
100
AcDbLine
 62
7
  6
CONTINUOUS
 10
90.525
 20
101.6785258453
 11
90.345
 21
102.2188915404
  0
LINE
  5
66C
100
AcDbEntity
  8
0
100
AcDbLine
 62
7
  6
CONTINUOUS
 10
90.2818174722
 20
99.5025
 11
90.225
 21
99.7411504194
  0
LINE
  5
66D
100
AcDbEntity
  8
0
100
AcDbLine
 62
7
  6
CONTINUOUS
 10
91.7818174722
 20
99.5025
 11
91.725
 21
99.7411504194
  0
LINE
  5
66E
100
AcDbEntity
  8
0
100
AcDbLine
 62
7
  6
CONTINUOUS
 10
93.525
 20
102.2625
 11
93.525
 21
101.4225000013
  0
LINE
  5
66F
100
AcDbEntity
  8
0
100
AcDbLine
 62
7
  6
CONTINUOUS
 10
93.525
 20
93.0525
 11
93.525
 21
92.0625
  0
LINE
  5
670
100
AcDbEntity
  8
0
100
AcDbLine
 62
7
  6
CONTINUOUS
 10
93.975
 20
102.2625
 11
93.975
 21
101.4225000013
  0
LINE
  5
671
100
AcDbEntity
  8
0
100
AcDbLine
 62
7
  6
CONTINUOUS
 10
93.975
 20
93.0525
 11
93.975
 21
92.0625
  0
LINE
  5
672
100
AcDbEntity
  8
0
100
AcDbLine
 62
7
  6
CONTINUOUS
 10
94.155
 20
102.2188915404
 11
94.155
 21
102.2625
  0
LINE
  5
673
100
AcDbEntity
  8
0
100
AcDbLine
 62
7
  6
CONTINUOUS
 10
94.275
 20
93.9525
 11
94.275
 21
92.0625
  0
LINE
  5
674
100
AcDbEntity
  8
0
100
AcDbLine
 62
7
  6
CONTINUOUS
 10
94.275
 20
99.7411504194
 11
94.275
 21
100.3124999994
  0
LINE
  5
675
100
AcDbEntity
  8
0
100
AcDbLine
 62
7
  6
CONTINUOUS
 10
94.725
 20
93.9525
 11
94.725
 21
92.0625
  0
LINE
  5
676
100
AcDbEntity
  8
0
100
AcDbLine
 62
7
  6
CONTINUOUS
 10
94.725
 20
99.7411504194
 11
94.725
 21
100.3124999994
  0
LINE
  5
677
100
AcDbEntity
  8
0
100
AcDbLine
 62
7
  6
CONTINUOUS
 10
94.845
 20
102.2188915404
 11
94.845
 21
102.2625
  0
LINE
  5
678
100
AcDbEntity
  8
0
100
AcDbLine
 62
7
  6
CONTINUOUS
 10
95.025
 20
102.2625
 11
95.025
 21
101.4225000013
  0
LINE
  5
679
100
AcDbEntity
  8
0
100
AcDbLine
 62
7
  6
CONTINUOUS
 10
95.025
 20
93.0525
 11
95.025
 21
92.0625
  0
LINE
  5
67A
100
AcDbEntity
  8
0
100
AcDbLine
 62
7
  6
CONTINUOUS
 10
95.475
 20
102.2625
 11
95.475
 21
101.4225000013
  0
LINE
  5
67B
100
AcDbEntity
  8
0
100
AcDbLine
 62
7
  6
CONTINUOUS
 10
95.475
 20
93.0525
 11
95.475
 21
92.0625
  0
LINE
  5
67C
100
AcDbEntity
  8
0
100
AcDbLine
 62
7
  6
CONTINUOUS
 10
94.2181825278
 20
99.5025
 11
94.275
 21
99.7411504194
  0
LINE
  5
67D
100
AcDbEntity
  8
0
100
AcDbLine
 62
7
  6
CONTINUOUS
 10
94.155
 20
102.2188915404
 11
93.975
 21
101.6785258453
  0
LINE
  5
67E
100
AcDbEntity
  8
0
100
AcDbLine
 62
7
  6
CONTINUOUS
 10
95.655
 20
102.2188915404
 11
95.475
 21
101.6785258453
  0
LINE
  5
67F
100
AcDbEntity
  8
0
100
AcDbLine
 62
7
  6
CONTINUOUS
 10
92.025
 20
101.6785258453
 11
91.845
 21
102.2188915404
  0
LINE
  5
680
100
AcDbEntity
  8
0
100
AcDbLine
 62
7
  6
CONTINUOUS
 10
93.2818174722
 20
99.5025
 11
93.225
 21
99.7411504194
  0
LINE
  5
681
100
AcDbEntity
  8
0
100
AcDbLine
 62
7
  6
CONTINUOUS
 10
95.655
 20
102.2188915404
 11
95.655
 21
102.2625
  0
LINE
  5
682
100
AcDbEntity
  8
0
100
AcDbLine
 62
7
  6
CONTINUOUS
 10
95.775
 20
93.9525
 11
95.775
 21
92.0625
  0
LINE
  5
683
100
AcDbEntity
  8
0
100
AcDbLine
 62
7
  6
CONTINUOUS
 10
95.775
 20
99.7411504194
 11
95.775
 21
100.3124999994
  0
LINE
  5
684
100
AcDbEntity
  8
0
100
AcDbLine
 62
7
  6
CONTINUOUS
 10
96.225
 20
93.9525
 11
96.225
 21
92.0625
  0
LINE
  5
685
100
AcDbEntity
  8
0
100
AcDbLine
 62
7
  6
CONTINUOUS
 10
96.225
 20
99.7411504194
 11
96.225
 21
100.3124999994
  0
LINE
  5
686
100
AcDbEntity
  8
0
100
AcDbLine
 62
7
  6
CONTINUOUS
 10
96.345
 20
102.2188915404
 11
96.345
 21
102.2625
  0
LINE
  5
687
100
AcDbEntity
  8
0
100
AcDbLine
 62
7
  6
CONTINUOUS
 10
96.525
 20
102.2625
 11
96.525
 21
101.4225000013
  0
LINE
  5
688
100
AcDbEntity
  8
0
100
AcDbLine
 62
7
  6
CONTINUOUS
 10
96.525
 20
93.0525
 11
96.525
 21
92.0625
  0
LINE
  5
689
100
AcDbEntity
  8
0
100
AcDbLine
 62
7
  6
CONTINUOUS
 10
96.975
 20
102.2625
 11
96.975
 21
101.4225000013
  0
LINE
  5
68A
100
AcDbEntity
  8
0
100
AcDbLine
 62
7
  6
CONTINUOUS
 10
96.975
 20
93.0525
 11
96.975
 21
92.0625
  0
LINE
  5
68B
100
AcDbEntity
  8
0
100
AcDbLine
 62
7
  6
CONTINUOUS
 10
97.155
 20
102.2188915404
 11
97.155
 21
102.2625
  0
LINE
  5
68C
100
AcDbEntity
  8
0
100
AcDbLine
 62
7
  6
CONTINUOUS
 10
97.275
 20
93.9525
 11
97.275
 21
92.0625
  0
LINE
  5
68D
100
AcDbEntity
  8
0
100
AcDbLine
 62
7
  6
CONTINUOUS
 10
97.275
 20
99.7411504194
 11
97.275
 21
100.3124999994
  0
LINE
  5
68E
100
AcDbEntity
  8
0
100
AcDbLine
 62
7
  6
CONTINUOUS
 10
97.725
 20
93.9525
 11
97.725
 21
92.0625
  0
LINE
  5
68F
100
AcDbEntity
  8
0
100
AcDbLine
 62
7
  6
CONTINUOUS
 10
97.725
 20
99.7411504194
 11
97.725
 21
100.3124999994
  0
LINE
  5
690
100
AcDbEntity
  8
0
100
AcDbLine
 62
7
  6
CONTINUOUS
 10
97.845
 20
102.2188915404
 11
97.845
 21
102.2625
  0
LINE
  5
691
100
AcDbEntity
  8
0
100
AcDbLine
 62
7
  6
CONTINUOUS
 10
95.7181825278
 20
99.5025
 11
95.775
 21
99.7411504194
  0
LINE
  5
692
100
AcDbEntity
  8
0
100
AcDbLine
 62
7
  6
CONTINUOUS
 10
97.2181825278
 20
99.5025
 11
97.275
 21
99.7411504194
  0
LINE
  5
693
100
AcDbEntity
  8
0
100
AcDbLine
 62
7
  6
CONTINUOUS
 10
97.155
 20
102.2188915404
 11
96.975
 21
101.6785258453
  0
LINE
  5
694
100
AcDbEntity
  8
0
100
AcDbLine
 62
7
  6
CONTINUOUS
 10
93.525
 20
101.6785258453
 11
93.345
 21
102.2188915404
  0
LINE
  5
695
100
AcDbEntity
  8
0
100
AcDbLine
 62
7
  6
CONTINUOUS
 10
95.025
 20
101.6785258453
 11
94.845
 21
102.2188915404
  0
LINE
  5
696
100
AcDbEntity
  8
0
100
AcDbLine
 62
7
  6
CONTINUOUS
 10
94.7818174722
 20
99.5025
 11
94.725
 21
99.7411504194
  0
LINE
  5
697
100
AcDbEntity
  8
0
100
AcDbLine
 62
7
  6
CONTINUOUS
 10
96.2818174722
 20
99.5025
 11
96.225
 21
99.7411504194
  0
LINE
  5
698
100
AcDbEntity
  8
0
100
AcDbLine
 62
7
  6
CONTINUOUS
 10
98.025
 20
102.2625
 11
98.025
 21
101.4225000013
  0
LINE
  5
699
100
AcDbEntity
  8
0
100
AcDbLine
 62
7
  6
CONTINUOUS
 10
98.025
 20
93.0525
 11
98.025
 21
92.0625
  0
LINE
  5
69A
100
AcDbEntity
  8
0
100
AcDbLine
 62
7
  6
CONTINUOUS
 10
98.475
 20
102.2625
 11
98.475
 21
101.4225000013
  0
LINE
  5
69B
100
AcDbEntity
  8
0
100
AcDbLine
 62
7
  6
CONTINUOUS
 10
98.475
 20
93.0525
 11
98.475
 21
92.0625
  0
LINE
  5
69C
100
AcDbEntity
  8
0
100
AcDbLine
 62
7
  6
CONTINUOUS
 10
98.655
 20
102.2188915404
 11
98.655
 21
102.2625
  0
LINE
  5
69D
100
AcDbEntity
  8
0
100
AcDbLine
 62
7
  6
CONTINUOUS
 10
98.775
 20
93.9525
 11
98.775
 21
92.0625
  0
LINE
  5
69E
100
AcDbEntity
  8
0
100
AcDbLine
 62
7
  6
CONTINUOUS
 10
98.775
 20
99.7411504194
 11
98.775
 21
100.3124999994
  0
LINE
  5
69F
100
AcDbEntity
  8
0
100
AcDbLine
 62
7
  6
CONTINUOUS
 10
99.225
 20
93.9525
 11
99.225
 21
92.0625
  0
LINE
  5
6A0
100
AcDbEntity
  8
0
100
AcDbLine
 62
7
  6
CONTINUOUS
 10
99.225
 20
99.7411504194
 11
99.225
 21
100.3124999994
  0
LINE
  5
6A1
100
AcDbEntity
  8
0
100
AcDbLine
 62
7
  6
CONTINUOUS
 10
99.345
 20
102.2188915404
 11
99.345
 21
102.2625
  0
LINE
  5
6A2
100
AcDbEntity
  8
0
100
AcDbLine
 62
7
  6
CONTINUOUS
 10
99.525
 20
102.2625
 11
99.525
 21
101.4225000013
  0
LINE
  5
6A3
100
AcDbEntity
  8
0
100
AcDbLine
 62
7
  6
CONTINUOUS
 10
99.525
 20
93.0525
 11
99.525
 21
92.0625
  0
LINE
  5
6A4
100
AcDbEntity
  8
0
100
AcDbLine
 62
7
  6
CONTINUOUS
 10
99.975
 20
102.2625
 11
99.975
 21
101.4225000013
  0
LINE
  5
6A5
100
AcDbEntity
  8
0
100
AcDbLine
 62
7
  6
CONTINUOUS
 10
99.975
 20
93.0525
 11
99.975
 21
92.0625
  0
LINE
  5
6A6
100
AcDbEntity
  8
0
100
AcDbLine
 62
7
  6
CONTINUOUS
 10
98.7181825278
 20
99.5025
 11
98.775
 21
99.7411504194
  0
LINE
  5
6A7
100
AcDbEntity
  8
0
100
AcDbLine
 62
7
  6
CONTINUOUS
 10
98.655
 20
102.2188915404
 11
98.475
 21
101.6785258453
  0
LINE
  5
6A8
100
AcDbEntity
  8
0
100
AcDbLine
 62
7
  6
CONTINUOUS
 10
100.155
 20
102.2188915404
 11
99.975
 21
101.6785258453
  0
LINE
  5
6A9
100
AcDbEntity
  8
0
100
AcDbLine
 62
7
  6
CONTINUOUS
 10
96.525
 20
101.6785258453
 11
96.345
 21
102.2188915404
  0
LINE
  5
6AA
100
AcDbEntity
  8
0
100
AcDbLine
 62
7
  6
CONTINUOUS
 10
97.7818174722
 20
99.5025
 11
97.725
 21
99.7411504194
  0
LINE
  5
6AB
100
AcDbEntity
  8
0
100
AcDbLine
 62
7
  6
CONTINUOUS
 10
100.155
 20
102.2188915404
 11
100.155
 21
102.2625
  0
LINE
  5
6AC
100
AcDbEntity
  8
0
100
AcDbLine
 62
7
  6
CONTINUOUS
 10
100.275
 20
93.9525
 11
100.275
 21
92.0625
  0
LINE
  5
6AD
100
AcDbEntity
  8
0
100
AcDbLine
 62
7
  6
CONTINUOUS
 10
100.275
 20
99.7411504194
 11
100.275
 21
100.3124999994
  0
LINE
  5
6AE
100
AcDbEntity
  8
0
100
AcDbLine
 62
7
  6
CONTINUOUS
 10
100.725
 20
93.9525
 11
100.725
 21
92.0625
  0
LINE
  5
6AF
100
AcDbEntity
  8
0
100
AcDbLine
 62
7
  6
CONTINUOUS
 10
100.725
 20
99.7411504194
 11
100.725
 21
100.3124999994
  0
LINE
  5
6B0
100
AcDbEntity
  8
0
100
AcDbLine
 62
7
  6
CONTINUOUS
 10
100.845
 20
102.2188915404
 11
100.845
 21
102.2625
  0
LINE
  5
6B1
100
AcDbEntity
  8
0
100
AcDbLine
 62
7
  6
CONTINUOUS
 10
101.025
 20
102.2625
 11
101.025
 21
101.4225000013
  0
LINE
  5
6B2
100
AcDbEntity
  8
0
100
AcDbLine
 62
7
  6
CONTINUOUS
 10
101.025
 20
93.0525
 11
101.025
 21
92.0625
  0
LINE
  5
6B3
100
AcDbEntity
  8
0
100
AcDbLine
 62
7
  6
CONTINUOUS
 10
101.475
 20
102.2625
 11
101.475
 21
101.4225000013
  0
LINE
  5
6B4
100
AcDbEntity
  8
0
100
AcDbLine
 62
7
  6
CONTINUOUS
 10
101.475
 20
93.0525
 11
101.475
 21
92.0625
  0
LINE
  5
6B5
100
AcDbEntity
  8
0
100
AcDbLine
 62
7
  6
CONTINUOUS
 10
101.655
 20
102.2188915404
 11
101.655
 21
102.2625
  0
LINE
  5
6B6
100
AcDbEntity
  8
0
100
AcDbLine
 62
7
  6
CONTINUOUS
 10
101.775
 20
93.9525
 11
101.775
 21
92.0625
  0
LINE
  5
6B7
100
AcDbEntity
  8
0
100
AcDbLine
 62
7
  6
CONTINUOUS
 10
101.775
 20
99.7411504194
 11
101.775
 21
100.3124999994
  0
LINE
  5
6B8
100
AcDbEntity
  8
0
100
AcDbLine
 62
7
  6
CONTINUOUS
 10
102.225
 20
93.9525
 11
102.225
 21
92.0625
  0
LINE
  5
6B9
100
AcDbEntity
  8
0
100
AcDbLine
 62
7
  6
CONTINUOUS
 10
102.225
 20
99.7411504194
 11
102.225
 21
100.3124999994
  0
LINE
  5
6BA
100
AcDbEntity
  8
0
100
AcDbLine
 62
7
  6
CONTINUOUS
 10
102.345
 20
102.2188915404
 11
102.345
 21
102.2625
  0
LINE
  5
6BB
100
AcDbEntity
  8
0
100
AcDbLine
 62
7
  6
CONTINUOUS
 10
100.2181825278
 20
99.5025
 11
100.275
 21
99.7411504194
  0
LINE
  5
6BC
100
AcDbEntity
  8
0
100
AcDbLine
 62
7
  6
CONTINUOUS
 10
101.7181825278
 20
99.5025
 11
101.775
 21
99.7411504194
  0
LINE
  5
6BD
100
AcDbEntity
  8
0
100
AcDbLine
 62
7
  6
CONTINUOUS
 10
101.655
 20
102.2188915404
 11
101.475
 21
101.6785258453
  0
LINE
  5
6BE
100
AcDbEntity
  8
0
100
AcDbLine
 62
7
  6
CONTINUOUS
 10
103.155
 20
102.2188915404
 11
102.975
 21
101.6785258453
  0
LINE
  5
6BF
100
AcDbEntity
  8
0
100
AcDbLine
 62
7
  6
CONTINUOUS
 10
98.025
 20
101.6785258453
 11
97.845
 21
102.2188915404
  0
LINE
  5
6C0
100
AcDbEntity
  8
0
100
AcDbLine
 62
7
  6
CONTINUOUS
 10
99.525
 20
101.6785258453
 11
99.345
 21
102.2188915404
  0
LINE
  5
6C1
100
AcDbEntity
  8
0
100
AcDbLine
 62
7
  6
CONTINUOUS
 10
99.2818174722
 20
99.5025
 11
99.225
 21
99.7411504194
  0
LINE
  5
6C2
100
AcDbEntity
  8
0
100
AcDbLine
 62
7
  6
CONTINUOUS
 10
100.7818174722
 20
99.5025
 11
100.725
 21
99.7411504194
  0
LINE
  5
6C3
100
AcDbEntity
  8
0
100
AcDbLine
 62
7
  6
CONTINUOUS
 10
102.525
 20
102.2625
 11
102.525
 21
101.4225000013
  0
LINE
  5
6C4
100
AcDbEntity
  8
0
100
AcDbLine
 62
7
  6
CONTINUOUS
 10
102.525
 20
93.0525
 11
102.525
 21
92.0625
  0
LINE
  5
6C5
100
AcDbEntity
  8
0
100
AcDbLine
 62
7
  6
CONTINUOUS
 10
102.975
 20
102.2625
 11
102.975
 21
101.4225000013
  0
LINE
  5
6C6
100
AcDbEntity
  8
0
100
AcDbLine
 62
7
  6
CONTINUOUS
 10
102.975
 20
93.0525
 11
102.975
 21
92.0625
  0
LINE
  5
6C7
100
AcDbEntity
  8
0
100
AcDbLine
 62
7
  6
CONTINUOUS
 10
103.155
 20
102.2188915404
 11
103.155
 21
102.2625
  0
LINE
  5
6C8
100
AcDbEntity
  8
0
100
AcDbLine
 62
7
  6
CONTINUOUS
 10
103.275
 20
93.9525
 11
103.275
 21
92.0625
  0
LINE
  5
6C9
100
AcDbEntity
  8
0
100
AcDbLine
 62
7
  6
CONTINUOUS
 10
103.275
 20
99.7411504194
 11
103.275
 21
100.3124999994
  0
LINE
  5
6CA
100
AcDbEntity
  8
0
100
AcDbLine
 62
7
  6
CONTINUOUS
 10
103.725
 20
93.9525
 11
103.725
 21
92.0625
  0
LINE
  5
6CB
100
AcDbEntity
  8
0
100
AcDbLine
 62
7
  6
CONTINUOUS
 10
103.725
 20
99.7411504194
 11
103.725
 21
100.3124999994
  0
LINE
  5
6CC
100
AcDbEntity
  8
0
100
AcDbLine
 62
7
  6
CONTINUOUS
 10
103.845
 20
102.2188915404
 11
103.845
 21
102.2625
  0
LINE
  5
6CD
100
AcDbEntity
  8
0
100
AcDbLine
 62
7
  6
CONTINUOUS
 10
104.025
 20
102.2625
 11
104.025
 21
101.4225000013
  0
LINE
  5
6CE
100
AcDbEntity
  8
0
100
AcDbLine
 62
7
  6
CONTINUOUS
 10
104.025
 20
93.0525
 11
104.025
 21
92.0625
  0
LINE
  5
6CF
100
AcDbEntity
  8
0
100
AcDbLine
 62
7
  6
CONTINUOUS
 10
104.475
 20
102.2625
 11
104.475
 21
101.4225000013
  0
LINE
  5
6D0
100
AcDbEntity
  8
0
100
AcDbLine
 62
7
  6
CONTINUOUS
 10
104.475
 20
93.0525
 11
104.475
 21
92.0625
  0
LINE
  5
6D1
100
AcDbEntity
  8
0
100
AcDbLine
 62
7
  6
CONTINUOUS
 10
103.2181825278
 20
99.5025
 11
103.275
 21
99.7411504194
  0
LINE
  5
6D2
100
AcDbEntity
  8
0
100
AcDbLine
 62
7
  6
CONTINUOUS
 10
104.7181825278
 20
99.5025
 11
104.775
 21
99.7411504194
  0
LINE
  5
6D3
100
AcDbEntity
  8
0
100
AcDbLine
 62
7
  6
CONTINUOUS
 10
104.655
 20
102.2188915404
 11
104.475
 21
101.6785258453
  0
LINE
  5
6D4
100
AcDbEntity
  8
0
100
AcDbLine
 62
7
  6
CONTINUOUS
 10
101.025
 20
101.6785258453
 11
100.845
 21
102.2188915404
  0
LINE
  5
6D5
100
AcDbEntity
  8
0
100
AcDbLine
 62
7
  6
CONTINUOUS
 10
102.525
 20
101.6785258453
 11
102.345
 21
102.2188915404
  0
LINE
  5
6D6
100
AcDbEntity
  8
0
100
AcDbLine
 62
7
  6
CONTINUOUS
 10
102.2818174722
 20
99.5025
 11
102.225
 21
99.7411504194
  0
LINE
  5
6D7
100
AcDbEntity
  8
0
100
AcDbLine
 62
7
  6
CONTINUOUS
 10
104.655
 20
102.2188915404
 11
104.655
 21
102.2625
  0
LINE
  5
6D8
100
AcDbEntity
  8
0
100
AcDbLine
 62
7
  6
CONTINUOUS
 10
104.775
 20
93.9525
 11
104.775
 21
92.0625
  0
LINE
  5
6D9
100
AcDbEntity
  8
0
100
AcDbLine
 62
7
  6
CONTINUOUS
 10
104.775
 20
99.7411504194
 11
104.775
 21
100.3124999994
  0
LINE
  5
6DA
100
AcDbEntity
  8
0
100
AcDbLine
 62
7
  6
CONTINUOUS
 10
105.225
 20
93.9525
 11
105.225
 21
92.0625
  0
LINE
  5
6DB
100
AcDbEntity
  8
0
100
AcDbLine
 62
7
  6
CONTINUOUS
 10
105.225
 20
99.7411504194
 11
105.225
 21
100.3124999994
  0
LINE
  5
6DC
100
AcDbEntity
  8
0
100
AcDbLine
 62
7
  6
CONTINUOUS
 10
105.345
 20
102.2188915404
 11
105.345
 21
102.2625
  0
LINE
  5
6DD
100
AcDbEntity
  8
0
100
AcDbLine
 62
7
  6
CONTINUOUS
 10
105.525
 20
102.2625
 11
105.525
 21
101.4225000013
  0
LINE
  5
6DE
100
AcDbEntity
  8
0
100
AcDbLine
 62
7
  6
CONTINUOUS
 10
105.525
 20
93.0525
 11
105.525
 21
92.0625
  0
LINE
  5
6DF
100
AcDbEntity
  8
0
100
AcDbLine
 62
7
  6
CONTINUOUS
 10
105.975
 20
102.2625
 11
105.975
 21
101.4225000013
  0
LINE
  5
6E0
100
AcDbEntity
  8
0
100
AcDbLine
 62
7
  6
CONTINUOUS
 10
105.975
 20
93.0525
 11
105.975
 21
92.0625
  0
LINE
  5
6E1
100
AcDbEntity
  8
0
100
AcDbLine
 62
7
  6
CONTINUOUS
 10
106.155
 20
102.2188915404
 11
106.155
 21
102.2625
  0
LINE
  5
6E2
100
AcDbEntity
  8
0
100
AcDbLine
 62
7
  6
CONTINUOUS
 10
106.275
 20
93.9525
 11
106.275
 21
92.0625
  0
LINE
  5
6E3
100
AcDbEntity
  8
0
100
AcDbLine
 62
7
  6
CONTINUOUS
 10
106.275
 20
99.7411504194
 11
106.275
 21
100.3124999994
  0
LINE
  5
6E4
100
AcDbEntity
  8
0
100
AcDbLine
 62
7
  6
CONTINUOUS
 10
106.725
 20
93.9525
 11
106.725
 21
92.0625
  0
LINE
  5
6E5
100
AcDbEntity
  8
0
100
AcDbLine
 62
7
  6
CONTINUOUS
 10
106.725
 20
99.7411504194
 11
106.725
 21
100.3124999994
  0
LINE
  5
6E6
100
AcDbEntity
  8
0
100
AcDbLine
 62
7
  6
CONTINUOUS
 10
106.2181825278
 20
99.5025
 11
106.275
 21
99.7411504194
  0
LINE
  5
6E7
100
AcDbEntity
  8
0
100
AcDbLine
 62
7
  6
CONTINUOUS
 10
106.155
 20
102.2188915404
 11
105.975
 21
101.6785258453
  0
LINE
  5
6E8
100
AcDbEntity
  8
0
100
AcDbLine
 62
7
  6
CONTINUOUS
 10
107.655
 20
102.2188915404
 11
107.475
 21
101.6785258453
  0
LINE
  5
6E9
100
AcDbEntity
  8
0
100
AcDbLine
 62
7
  6
CONTINUOUS
 10
104.025
 20
101.6785258453
 11
103.845
 21
102.2188915404
  0
LINE
  5
6EA
100
AcDbEntity
  8
0
100
AcDbLine
 62
7
  6
CONTINUOUS
 10
103.7818174722
 20
99.5025
 11
103.725
 21
99.7411504194
  0
LINE
  5
6EB
100
AcDbEntity
  8
0
100
AcDbLine
 62
7
  6
CONTINUOUS
 10
105.2818174722
 20
99.5025
 11
105.225
 21
99.7411504194
  0
LINE
  5
6EC
100
AcDbEntity
  8
0
100
AcDbLine
 62
7
  6
CONTINUOUS
 10
106.845
 20
102.2188915404
 11
106.845
 21
102.2625
  0
LINE
  5
6ED
100
AcDbEntity
  8
0
100
AcDbLine
 62
7
  6
CONTINUOUS
 10
107.025
 20
102.2625
 11
107.025
 21
101.4225000013
  0
LINE
  5
6EE
100
AcDbEntity
  8
0
100
AcDbLine
 62
7
  6
CONTINUOUS
 10
107.025
 20
93.0525
 11
107.025
 21
92.0625
  0
LINE
  5
6EF
100
AcDbEntity
  8
0
100
AcDbLine
 62
7
  6
CONTINUOUS
 10
107.475
 20
102.2625
 11
107.475
 21
101.4225000013
  0
LINE
  5
6F0
100
AcDbEntity
  8
0
100
AcDbLine
 62
7
  6
CONTINUOUS
 10
107.475
 20
93.0525
 11
107.475
 21
92.0625
  0
LINE
  5
6F1
100
AcDbEntity
  8
0
100
AcDbLine
 62
7
  6
CONTINUOUS
 10
107.655
 20
102.2188915404
 11
107.655
 21
102.2625
  0
LINE
  5
6F2
100
AcDbEntity
  8
0
100
AcDbLine
 62
7
  6
CONTINUOUS
 10
107.775
 20
93.9525
 11
107.775
 21
92.0625
  0
LINE
  5
6F3
100
AcDbEntity
  8
0
100
AcDbLine
 62
7
  6
CONTINUOUS
 10
107.775
 20
99.7411504194
 11
107.775
 21
100.3124999994
  0
LINE
  5
6F4
100
AcDbEntity
  8
0
100
AcDbLine
 62
7
  6
CONTINUOUS
 10
108.225
 20
93.9525
 11
108.225
 21
92.0625
  0
LINE
  5
6F5
100
AcDbEntity
  8
0
100
AcDbLine
 62
7
  6
CONTINUOUS
 10
108.225
 20
99.7411504194
 11
108.225
 21
100.3124999994
  0
LINE
  5
6F6
100
AcDbEntity
  8
0
100
AcDbLine
 62
7
  6
CONTINUOUS
 10
108.345
 20
102.2188915404
 11
108.345
 21
102.2625
  0
LINE
  5
6F7
100
AcDbEntity
  8
0
100
AcDbLine
 62
7
  6
CONTINUOUS
 10
108.525
 20
102.2625
 11
108.525
 21
101.4225000013
  0
LINE
  5
6F8
100
AcDbEntity
  8
0
100
AcDbLine
 62
7
  6
CONTINUOUS
 10
108.525
 20
93.0525
 11
108.525
 21
92.0625
  0
LINE
  5
6F9
100
AcDbEntity
  8
0
100
AcDbLine
 62
7
  6
CONTINUOUS
 10
108.975
 20
102.2625
 11
108.975
 21
101.4225000013
  0
LINE
  5
6FA
100
AcDbEntity
  8
0
100
AcDbLine
 62
7
  6
CONTINUOUS
 10
108.975
 20
93.0525
 11
108.975
 21
92.0625
  0
LINE
  5
6FB
100
AcDbEntity
  8
0
100
AcDbLine
 62
7
  6
CONTINUOUS
 10
107.7181825278
 20
99.5025
 11
107.775
 21
99.7411504194
  0
LINE
  5
6FC
100
AcDbEntity
  8
0
100
AcDbLine
 62
7
  6
CONTINUOUS
 10
109.2181825278
 20
99.5025
 11
109.275
 21
99.7411504194
  0
LINE
  5
6FD
100
AcDbEntity
  8
0
100
AcDbLine
 62
7
  6
CONTINUOUS
 10
109.155
 20
102.2188915404
 11
108.975
 21
101.6785258453
  0
LINE
  5
6FE
100
AcDbEntity
  8
0
100
AcDbLine
 62
7
  6
CONTINUOUS
 10
147.075
 20
90.2625
 11
143.925
 21
90.2625
  0
LINE
  5
6FF
100
AcDbEntity
  8
0
100
AcDbLine
 62
7
  6
CONTINUOUS
 10
86.25
 20
90.2625
 11
84.75
 21
90.2625
  0
LINE
  5
700
100
AcDbEntity
  8
0
100
AcDbLine
 62
7
  6
CONTINUOUS
 10
105.525
 20
101.6785258453
 11
105.345
 21
102.2188915404
  0
LINE
  5
701
100
AcDbEntity
  8
0
100
AcDbLine
 62
7
  6
CONTINUOUS
 10
107.025
 20
101.6785258453
 11
106.845
 21
102.2188915404
  0
LINE
  5
702
100
AcDbEntity
  8
0
100
AcDbLine
 62
7
  6
CONTINUOUS
 10
106.7818174722
 20
99.5025
 11
106.725
 21
99.7411504194
  0
LINE
  5
703
100
AcDbEntity
  8
0
100
AcDbLine
 62
7
  6
CONTINUOUS
 10
108.2818174722
 20
99.5025
 11
108.225
 21
99.7411504194
  0
LINE
  5
704
100
AcDbEntity
  8
0
100
AcDbLine
 62
7
  6
CONTINUOUS
 10
109.155
 20
102.2188915404
 11
109.155
 21
102.2625
  0
LINE
  5
705
100
AcDbEntity
  8
0
100
AcDbLine
 62
7
  6
CONTINUOUS
 10
109.275
 20
93.9525
 11
109.275
 21
92.0625
  0
LINE
  5
706
100
AcDbEntity
  8
0
100
AcDbLine
 62
7
  6
CONTINUOUS
 10
109.275
 20
99.7411504194
 11
109.275
 21
100.3124999994
  0
LINE
  5
707
100
AcDbEntity
  8
0
100
AcDbLine
 62
7
  6
CONTINUOUS
 10
109.725
 20
93.9525
 11
109.725
 21
92.0625
  0
LINE
  5
708
100
AcDbEntity
  8
0
100
AcDbLine
 62
7
  6
CONTINUOUS
 10
109.725
 20
99.7411504194
 11
109.725
 21
100.3124999994
  0
LINE
  5
709
100
AcDbEntity
  8
0
100
AcDbLine
 62
7
  6
CONTINUOUS
 10
109.845
 20
102.2188915404
 11
109.845
 21
102.2625
  0
LINE
  5
70A
100
AcDbEntity
  8
0
100
AcDbLine
 62
7
  6
CONTINUOUS
 10
110.025
 20
102.2625
 11
110.025
 21
101.4225000013
  0
LINE
  5
70B
100
AcDbEntity
  8
0
100
AcDbLine
 62
7
  6
CONTINUOUS
 10
110.025
 20
93.0525
 11
110.025
 21
92.0625
  0
LINE
  5
70C
100
AcDbEntity
  8
0
100
AcDbLine
 62
7
  6
CONTINUOUS
 10
110.475
 20
102.2625
 11
110.475
 21
101.4225000013
  0
LINE
  5
70D
100
AcDbEntity
  8
0
100
AcDbLine
 62
7
  6
CONTINUOUS
 10
110.475
 20
93.0525
 11
110.475
 21
92.0625
  0
LINE
  5
70E
100
AcDbEntity
  8
0
100
AcDbLine
 62
7
  6
CONTINUOUS
 10
110.655
 20
102.2188915404
 11
110.655
 21
102.2625
  0
LINE
  5
70F
100
AcDbEntity
  8
0
100
AcDbLine
 62
7
  6
CONTINUOUS
 10
110.775
 20
93.9525
 11
110.775
 21
92.0625
  0
LINE
  5
710
100
AcDbEntity
  8
0
100
AcDbLine
 62
7
  6
CONTINUOUS
 10
110.775
 20
99.7411504194
 11
110.775
 21
100.3124999994
  0
LINE
  5
711
100
AcDbEntity
  8
0
100
AcDbLine
 62
7
  6
CONTINUOUS
 10
111.225
 20
93.9525
 11
111.225
 21
92.0625
  0
LINE
  5
712
100
AcDbEntity
  8
0
100
AcDbLine
 62
7
  6
CONTINUOUS
 10
111.225
 20
99.7411504194
 11
111.225
 21
100.3124999994
  0
LINE
  5
713
100
AcDbEntity
  8
0
100
AcDbLine
 62
7
  6
CONTINUOUS
 10
110.7181825278
 20
99.5025
 11
110.775
 21
99.7411504194
  0
LINE
  5
714
100
AcDbEntity
  8
0
100
AcDbLine
 62
7
  6
CONTINUOUS
 10
110.655
 20
102.2188915404
 11
110.475
 21
101.6785258453
  0
LINE
  5
715
100
AcDbEntity
  8
0
100
AcDbLine
 62
7
  6
CONTINUOUS
 10
112.155
 20
102.2188915404
 11
111.975
 21
101.6785258453
  0
LINE
  5
716
100
AcDbEntity
  8
0
100
AcDbLine
 62
7
  6
CONTINUOUS
 10
147.675
 20
91.1625
 11
143.325
 21
91.1625
  0
LINE
  5
717
100
AcDbEntity
  8
0
100
AcDbLine
 62
7
  6
CONTINUOUS
 10
86.7
 20
91.1625
 11
84.3
 21
91.1625
  0
LINE
  5
718
100
AcDbEntity
  8
0
100
AcDbLine
 62
7
  6
CONTINUOUS
 10
147.75
 20
92.0625
 11
147.675
 21
92.0625
  0
LINE
  5
719
100
AcDbEntity
  8
0
100
AcDbLine
 62
7
  6
CONTINUOUS
 10
83.25
 20
92.0625
 11
84.3
 21
92.0625
  0
LINE
  5
71A
100
AcDbEntity
  8
0
100
AcDbLine
 62
7
  6
CONTINUOUS
 10
87.525
 20
92.0625
 11
87.975
 21
92.0625
  0
LINE
  5
71B
100
AcDbEntity
  8
0
100
AcDbLine
 62
7
  6
CONTINUOUS
 10
88.275
 20
92.0625
 11
88.725
 21
92.0625
  0
LINE
  5
71C
100
AcDbEntity
  8
0
100
AcDbLine
 62
7
  6
CONTINUOUS
 10
89.025
 20
92.0625
 11
89.475
 21
92.0625
  0
LINE
  5
71D
100
AcDbEntity
  8
0
100
AcDbLine
 62
7
  6
CONTINUOUS
 10
89.775
 20
92.0625
 11
90.225
 21
92.0625
  0
LINE
  5
71E
100
AcDbEntity
  8
0
100
AcDbLine
 62
7
  6
CONTINUOUS
 10
90.525
 20
92.0625
 11
90.975
 21
92.0625
  0
LINE
  5
71F
100
AcDbEntity
  8
0
100
AcDbLine
 62
7
  6
CONTINUOUS
 10
91.275
 20
92.0625
 11
91.725
 21
92.0625
  0
LINE
  5
720
100
AcDbEntity
  8
0
100
AcDbLine
 62
7
  6
CONTINUOUS
 10
92.025
 20
92.0625
 11
92.475
 21
92.0625
  0
LINE
  5
721
100
AcDbEntity
  8
0
100
AcDbLine
 62
7
  6
CONTINUOUS
 10
92.775
 20
92.0625
 11
93.225
 21
92.0625
  0
LINE
  5
722
100
AcDbEntity
  8
0
100
AcDbLine
 62
7
  6
CONTINUOUS
 10
93.525
 20
92.0625
 11
93.975
 21
92.0625
  0
LINE
  5
723
100
AcDbEntity
  8
0
100
AcDbLine
 62
7
  6
CONTINUOUS
 10
94.275
 20
92.0625
 11
94.725
 21
92.0625
  0
LINE
  5
724
100
AcDbEntity
  8
0
100
AcDbLine
 62
7
  6
CONTINUOUS
 10
95.025
 20
92.0625
 11
95.475
 21
92.0625
  0
LINE
  5
725
100
AcDbEntity
  8
0
100
AcDbLine
 62
7
  6
CONTINUOUS
 10
95.775
 20
92.0625
 11
96.225
 21
92.0625
  0
LINE
  5
726
100
AcDbEntity
  8
0
100
AcDbLine
 62
7
  6
CONTINUOUS
 10
96.525
 20
92.0625
 11
96.975
 21
92.0625
  0
LINE
  5
727
100
AcDbEntity
  8
0
100
AcDbLine
 62
7
  6
CONTINUOUS
 10
97.275
 20
92.0625
 11
97.725
 21
92.0625
  0
LINE
  5
728
100
AcDbEntity
  8
0
100
AcDbLine
 62
7
  6
CONTINUOUS
 10
98.025
 20
92.0625
 11
98.475
 21
92.0625
  0
LINE
  5
729
100
AcDbEntity
  8
0
100
AcDbLine
 62
7
  6
CONTINUOUS
 10
98.775
 20
92.0625
 11
99.225
 21
92.0625
  0
LINE
  5
72A
100
AcDbEntity
  8
0
100
AcDbLine
 62
7
  6
CONTINUOUS
 10
99.525
 20
92.0625
 11
99.975
 21
92.0625
  0
LINE
  5
72B
100
AcDbEntity
  8
0
100
AcDbLine
 62
7
  6
CONTINUOUS
 10
100.275
 20
92.0625
 11
100.725
 21
92.0625
  0
LINE
  5
72C
100
AcDbEntity
  8
0
100
AcDbLine
 62
7
  6
CONTINUOUS
 10
101.025
 20
92.0625
 11
101.475
 21
92.0625
  0
LINE
  5
72D
100
AcDbEntity
  8
0
100
AcDbLine
 62
7
  6
CONTINUOUS
 10
101.775
 20
92.0625
 11
102.225
 21
92.0625
  0
LINE
  5
72E
100
AcDbEntity
  8
0
100
AcDbLine
 62
7
  6
CONTINUOUS
 10
102.525
 20
92.0625
 11
102.975
 21
92.0625
  0
LINE
  5
72F
100
AcDbEntity
  8
0
100
AcDbLine
 62
7
  6
CONTINUOUS
 10
103.275
 20
92.0625
 11
103.725
 21
92.0625
  0
LINE
  5
730
100
AcDbEntity
  8
0
100
AcDbLine
 62
7
  6
CONTINUOUS
 10
104.025
 20
92.0625
 11
104.475
 21
92.0625
  0
LINE
  5
731
100
AcDbEntity
  8
0
100
AcDbLine
 62
7
  6
CONTINUOUS
 10
104.775
 20
92.0625
 11
105.225
 21
92.0625
  0
LINE
  5
732
100
AcDbEntity
  8
0
100
AcDbLine
 62
7
  6
CONTINUOUS
 10
105.525
 20
92.0625
 11
105.975
 21
92.0625
  0
LINE
  5
733
100
AcDbEntity
  8
0
100
AcDbLine
 62
7
  6
CONTINUOUS
 10
106.275
 20
92.0625
 11
106.725
 21
92.0625
  0
LINE
  5
734
100
AcDbEntity
  8
0
100
AcDbLine
 62
7
  6
CONTINUOUS
 10
107.025
 20
92.0625
 11
107.475
 21
92.0625
  0
LINE
  5
735
100
AcDbEntity
  8
0
100
AcDbLine
 62
7
  6
CONTINUOUS
 10
107.775
 20
92.0625
 11
108.225
 21
92.0625
  0
LINE
  5
736
100
AcDbEntity
  8
0
100
AcDbLine
 62
7
  6
CONTINUOUS
 10
108.525
 20
92.0625
 11
108.975
 21
92.0625
  0
LINE
  5
737
100
AcDbEntity
  8
0
100
AcDbLine
 62
7
  6
CONTINUOUS
 10
109.275
 20
92.0625
 11
109.725
 21
92.0625
  0
LINE
  5
738
100
AcDbEntity
  8
0
100
AcDbLine
 62
7
  6
CONTINUOUS
 10
110.025
 20
92.0625
 11
110.475
 21
92.0625
  0
LINE
  5
739
100
AcDbEntity
  8
0
100
AcDbLine
 62
7
  6
CONTINUOUS
 10
110.775
 20
92.0625
 11
111.225
 21
92.0625
  0
LINE
  5
73A
100
AcDbEntity
  8
0
100
AcDbLine
 62
7
  6
CONTINUOUS
 10
111.525
 20
92.0625
 11
111.975
 21
92.0625
  0
LINE
  5
73B
100
AcDbEntity
  8
0
100
AcDbLine
 62
7
  6
CONTINUOUS
 10
112.275
 20
92.0625
 11
112.725
 21
92.0625
  0
LINE
  5
73C
100
AcDbEntity
  8
0
100
AcDbLine
 62
7
  6
CONTINUOUS
 10
113.025
 20
92.0625
 11
113.475
 21
92.0625
  0
LINE
  5
73D
100
AcDbEntity
  8
0
100
AcDbLine
 62
7
  6
CONTINUOUS
 10
113.775
 20
92.0625
 11
114.225
 21
92.0625
  0
LINE
  5
73E
100
AcDbEntity
  8
0
100
AcDbLine
 62
7
  6
CONTINUOUS
 10
114.525
 20
92.0625
 11
114.975
 21
92.0625
  0
LINE
  5
73F
100
AcDbEntity
  8
0
100
AcDbLine
 62
7
  6
CONTINUOUS
 10
115.275
 20
92.0625
 11
115.725
 21
92.0625
  0
LINE
  5
740
100
AcDbEntity
  8
0
100
AcDbLine
 62
7
  6
CONTINUOUS
 10
116.025
 20
92.0625
 11
116.475
 21
92.0625
  0
LINE
  5
741
100
AcDbEntity
  8
0
100
AcDbLine
 62
7
  6
CONTINUOUS
 10
116.775
 20
92.0625
 11
117.225
 21
92.0625
  0
LINE
  5
742
100
AcDbEntity
  8
0
100
AcDbLine
 62
7
  6
CONTINUOUS
 10
117.525
 20
92.0625
 11
117.975
 21
92.0625
  0
LINE
  5
743
100
AcDbEntity
  8
0
100
AcDbLine
 62
7
  6
CONTINUOUS
 10
118.275
 20
92.0625
 11
118.725
 21
92.0625
  0
LINE
  5
744
100
AcDbEntity
  8
0
100
AcDbLine
 62
7
  6
CONTINUOUS
 10
119.025
 20
92.0625
 11
119.475
 21
92.0625
  0
LINE
  5
745
100
AcDbEntity
  8
0
100
AcDbLine
 62
7
  6
CONTINUOUS
 10
119.775
 20
92.0625
 11
120.225
 21
92.0625
  0
LINE
  5
746
100
AcDbEntity
  8
0
100
AcDbLine
 62
7
  6
CONTINUOUS
 10
120.525
 20
92.0625
 11
120.975
 21
92.0625
  0
LINE
  5
747
100
AcDbEntity
  8
0
100
AcDbLine
 62
7
  6
CONTINUOUS
 10
121.275
 20
92.0625
 11
121.725
 21
92.0625
  0
LINE
  5
748
100
AcDbEntity
  8
0
100
AcDbLine
 62
7
  6
CONTINUOUS
 10
122.025
 20
92.0625
 11
122.475
 21
92.0625
  0
LINE
  5
749
100
AcDbEntity
  8
0
100
AcDbLine
 62
7
  6
CONTINUOUS
 10
122.775
 20
92.0625
 11
123.225
 21
92.0625
  0
LINE
  5
74A
100
AcDbEntity
  8
0
100
AcDbLine
 62
7
  6
CONTINUOUS
 10
123.525
 20
92.0625
 11
123.975
 21
92.0625
  0
LINE
  5
74B
100
AcDbEntity
  8
0
100
AcDbLine
 62
7
  6
CONTINUOUS
 10
124.275
 20
92.0625
 11
124.725
 21
92.0625
  0
LINE
  5
74C
100
AcDbEntity
  8
0
100
AcDbLine
 62
7
  6
CONTINUOUS
 10
125.025
 20
92.0625
 11
125.475
 21
92.0625
  0
LINE
  5
74D
100
AcDbEntity
  8
0
100
AcDbLine
 62
7
  6
CONTINUOUS
 10
125.775
 20
92.0625
 11
126.225
 21
92.0625
  0
LINE
  5
74E
100
AcDbEntity
  8
0
100
AcDbLine
 62
7
  6
CONTINUOUS
 10
126.525
 20
92.0625
 11
126.975
 21
92.0625
  0
LINE
  5
74F
100
AcDbEntity
  8
0
100
AcDbLine
 62
7
  6
CONTINUOUS
 10
127.275
 20
92.0625
 11
127.725
 21
92.0625
  0
LINE
  5
750
100
AcDbEntity
  8
0
100
AcDbLine
 62
7
  6
CONTINUOUS
 10
128.025
 20
92.0625
 11
128.475
 21
92.0625
  0
LINE
  5
751
100
AcDbEntity
  8
0
100
AcDbLine
 62
7
  6
CONTINUOUS
 10
128.775
 20
92.0625
 11
129.225
 21
92.0625
  0
LINE
  5
752
100
AcDbEntity
  8
0
100
AcDbLine
 62
7
  6
CONTINUOUS
 10
129.525
 20
92.0625
 11
129.975
 21
92.0625
  0
LINE
  5
753
100
AcDbEntity
  8
0
100
AcDbLine
 62
7
  6
CONTINUOUS
 10
130.275
 20
92.0625
 11
130.725
 21
92.0625
  0
LINE
  5
754
100
AcDbEntity
  8
0
100
AcDbLine
 62
7
  6
CONTINUOUS
 10
137.025
 20
92.0625
 11
137.475
 21
92.0625
  0
LINE
  5
755
100
AcDbEntity
  8
0
100
AcDbLine
 62
7
  6
CONTINUOUS
 10
137.775
 20
92.0625
 11
138.225
 21
92.0625
  0
LINE
  5
756
100
AcDbEntity
  8
0
100
AcDbLine
 62
7
  6
CONTINUOUS
 10
138.525
 20
92.0625
 11
138.975
 21
92.0625
  0
LINE
  5
757
100
AcDbEntity
  8
0
100
AcDbLine
 62
7
  6
CONTINUOUS
 10
139.275
 20
92.0625
 11
139.725
 21
92.0625
  0
LINE
  5
758
100
AcDbEntity
  8
0
100
AcDbLine
 62
7
  6
CONTINUOUS
 10
140.025
 20
92.0625
 11
140.475
 21
92.0625
  0
LINE
  5
759
100
AcDbEntity
  8
0
100
AcDbLine
 62
7
  6
CONTINUOUS
 10
140.775
 20
92.0625
 11
141.225
 21
92.0625
  0
LINE
  5
75A
100
AcDbEntity
  8
0
100
AcDbLine
 62
7
  6
CONTINUOUS
 10
141.525
 20
92.0625
 11
141.975
 21
92.0625
  0
LINE
  5
75B
100
AcDbEntity
  8
0
100
AcDbLine
 62
7
  6
CONTINUOUS
 10
142.275
 20
92.0625
 11
142.725
 21
92.0625
  0
LINE
  5
75C
100
AcDbEntity
  8
0
100
AcDbLine
 62
7
  6
CONTINUOUS
 10
143.025
 20
92.0625
 11
143.325
 21
92.0625
  0
LINE
  5
75D
100
AcDbEntity
  8
0
100
AcDbLine
 62
7
  6
CONTINUOUS
 10
148.35
 20
92.2125
 11
142.725
 21
92.2125
  0
LINE
  5
75E
100
AcDbEntity
  8
0
100
AcDbLine
 62
7
  6
CONTINUOUS
 10
87.0
 20
92.2125
 11
82.65
 21
92.2125
  0
LINE
  5
75F
100
AcDbEntity
  8
0
100
AcDbLine
 62
7
  6
CONTINUOUS
 10
88.275
 20
92.5125
 11
88.725
 21
92.5125
  0
LINE
  5
760
100
AcDbEntity
  8
0
100
AcDbLine
 62
7
  6
CONTINUOUS
 10
89.775
 20
92.5125
 11
90.225
 21
92.5125
  0
LINE
  5
761
100
AcDbEntity
  8
0
100
AcDbLine
 62
7
  6
CONTINUOUS
 10
91.275
 20
92.5125
 11
91.725
 21
92.5125
  0
LINE
  5
762
100
AcDbEntity
  8
0
100
AcDbLine
 62
7
  6
CONTINUOUS
 10
92.775
 20
92.5125
 11
93.225
 21
92.5125
  0
LINE
  5
763
100
AcDbEntity
  8
0
100
AcDbLine
 62
7
  6
CONTINUOUS
 10
94.275
 20
92.5125
 11
94.725
 21
92.5125
  0
LINE
  5
764
100
AcDbEntity
  8
0
100
AcDbLine
 62
7
  6
CONTINUOUS
 10
95.775
 20
92.5125
 11
96.225
 21
92.5125
  0
LINE
  5
765
100
AcDbEntity
  8
0
100
AcDbLine
 62
7
  6
CONTINUOUS
 10
97.275
 20
92.5125
 11
97.725
 21
92.5125
  0
LINE
  5
766
100
AcDbEntity
  8
0
100
AcDbLine
 62
7
  6
CONTINUOUS
 10
98.775
 20
92.5125
 11
99.225
 21
92.5125
  0
LINE
  5
767
100
AcDbEntity
  8
0
100
AcDbLine
 62
7
  6
CONTINUOUS
 10
100.275
 20
92.5125
 11
100.725
 21
92.5125
  0
LINE
  5
768
100
AcDbEntity
  8
0
100
AcDbLine
 62
7
  6
CONTINUOUS
 10
101.775
 20
92.5125
 11
102.225
 21
92.5125
  0
LINE
  5
769
100
AcDbEntity
  8
0
100
AcDbLine
 62
7
  6
CONTINUOUS
 10
103.275
 20
92.5125
 11
103.725
 21
92.5125
  0
LINE
  5
76A
100
AcDbEntity
  8
0
100
AcDbLine
 62
7
  6
CONTINUOUS
 10
104.775
 20
92.5125
 11
105.225
 21
92.5125
  0
LINE
  5
76B
100
AcDbEntity
  8
0
100
AcDbLine
 62
7
  6
CONTINUOUS
 10
106.275
 20
92.5125
 11
106.725
 21
92.5125
  0
LINE
  5
76C
100
AcDbEntity
  8
0
100
AcDbLine
 62
7
  6
CONTINUOUS
 10
107.775
 20
92.5125
 11
108.225
 21
92.5125
  0
LINE
  5
76D
100
AcDbEntity
  8
0
100
AcDbLine
 62
7
  6
CONTINUOUS
 10
109.275
 20
92.5125
 11
109.725
 21
92.5125
  0
LINE
  5
76E
100
AcDbEntity
  8
0
100
AcDbLine
 62
7
  6
CONTINUOUS
 10
110.775
 20
92.5125
 11
111.225
 21
92.5125
  0
LINE
  5
76F
100
AcDbEntity
  8
0
100
AcDbLine
 62
7
  6
CONTINUOUS
 10
112.275
 20
92.5125
 11
112.725
 21
92.5125
  0
LINE
  5
770
100
AcDbEntity
  8
0
100
AcDbLine
 62
7
  6
CONTINUOUS
 10
113.775
 20
92.5125
 11
114.225
 21
92.5125
  0
LINE
  5
771
100
AcDbEntity
  8
0
100
AcDbLine
 62
7
  6
CONTINUOUS
 10
115.275
 20
92.5125
 11
115.725
 21
92.5125
  0
LINE
  5
772
100
AcDbEntity
  8
0
100
AcDbLine
 62
7
  6
CONTINUOUS
 10
116.775
 20
92.5125
 11
117.225
 21
92.5125
  0
LINE
  5
773
100
AcDbEntity
  8
0
100
AcDbLine
 62
7
  6
CONTINUOUS
 10
118.275
 20
92.5125
 11
118.725
 21
92.5125
  0
LINE
  5
774
100
AcDbEntity
  8
0
100
AcDbLine
 62
7
  6
CONTINUOUS
 10
119.775
 20
92.5125
 11
120.225
 21
92.5125
  0
LINE
  5
775
100
AcDbEntity
  8
0
100
AcDbLine
 62
7
  6
CONTINUOUS
 10
121.275
 20
92.5125
 11
121.725
 21
92.5125
  0
LINE
  5
776
100
AcDbEntity
  8
0
100
AcDbLine
 62
7
  6
CONTINUOUS
 10
122.775
 20
92.5125
 11
123.225
 21
92.5125
  0
LINE
  5
777
100
AcDbEntity
  8
0
100
AcDbLine
 62
7
  6
CONTINUOUS
 10
124.275
 20
92.5125
 11
124.725
 21
92.5125
  0
LINE
  5
778
100
AcDbEntity
  8
0
100
AcDbLine
 62
7
  6
CONTINUOUS
 10
125.775
 20
92.5125
 11
126.225
 21
92.5125
  0
LINE
  5
779
100
AcDbEntity
  8
0
100
AcDbLine
 62
7
  6
CONTINUOUS
 10
127.275
 20
92.5125
 11
127.725
 21
92.5125
  0
LINE
  5
77A
100
AcDbEntity
  8
0
100
AcDbLine
 62
7
  6
CONTINUOUS
 10
128.775
 20
92.5125
 11
129.225
 21
92.5125
  0
LINE
  5
77B
100
AcDbEntity
  8
0
100
AcDbLine
 62
7
  6
CONTINUOUS
 10
130.275
 20
92.5125
 11
130.725
 21
92.5125
  0
LINE
  5
77C
100
AcDbEntity
  8
0
100
AcDbLine
 62
7
  6
CONTINUOUS
 10
137.775
 20
92.5125
 11
138.225
 21
92.5125
  0
LINE
  5
77D
100
AcDbEntity
  8
0
100
AcDbLine
 62
7
  6
CONTINUOUS
 10
139.275
 20
92.5125
 11
139.725
 21
92.5125
  0
LINE
  5
77E
100
AcDbEntity
  8
0
100
AcDbLine
 62
7
  6
CONTINUOUS
 10
140.775
 20
92.5125
 11
141.225
 21
92.5125
  0
LINE
  5
77F
100
AcDbEntity
  8
0
100
AcDbLine
 62
7
  6
CONTINUOUS
 10
142.275
 20
92.5125
 11
142.725
 21
92.5125
  0
LINE
  5
780
100
AcDbEntity
  8
0
100
AcDbLine
 62
7
  6
CONTINUOUS
 10
87.525
 20
92.8125
 11
87.975
 21
92.8125
  0
LINE
  5
781
100
AcDbEntity
  8
0
100
AcDbLine
 62
7
  6
CONTINUOUS
 10
88.275
 20
92.8125
 11
88.725
 21
92.8125
  0
LINE
  5
782
100
AcDbEntity
  8
0
100
AcDbLine
 62
7
  6
CONTINUOUS
 10
89.025
 20
92.8125
 11
89.475
 21
92.8125
  0
LINE
  5
783
100
AcDbEntity
  8
0
100
AcDbLine
 62
7
  6
CONTINUOUS
 10
89.775
 20
92.8125
 11
90.225
 21
92.8125
  0
LINE
  5
784
100
AcDbEntity
  8
0
100
AcDbLine
 62
7
  6
CONTINUOUS
 10
90.525
 20
92.8125
 11
90.975
 21
92.8125
  0
LINE
  5
785
100
AcDbEntity
  8
0
100
AcDbLine
 62
7
  6
CONTINUOUS
 10
91.275
 20
92.8125
 11
91.725
 21
92.8125
  0
LINE
  5
786
100
AcDbEntity
  8
0
100
AcDbLine
 62
7
  6
CONTINUOUS
 10
92.025
 20
92.8125
 11
92.475
 21
92.8125
  0
LINE
  5
787
100
AcDbEntity
  8
0
100
AcDbLine
 62
7
  6
CONTINUOUS
 10
92.775
 20
92.8125
 11
93.225
 21
92.8125
  0
LINE
  5
788
100
AcDbEntity
  8
0
100
AcDbLine
 62
7
  6
CONTINUOUS
 10
93.525
 20
92.8125
 11
93.975
 21
92.8125
  0
LINE
  5
789
100
AcDbEntity
  8
0
100
AcDbLine
 62
7
  6
CONTINUOUS
 10
94.275
 20
92.8125
 11
94.725
 21
92.8125
  0
LINE
  5
78A
100
AcDbEntity
  8
0
100
AcDbLine
 62
7
  6
CONTINUOUS
 10
95.025
 20
92.8125
 11
95.475
 21
92.8125
  0
LINE
  5
78B
100
AcDbEntity
  8
0
100
AcDbLine
 62
7
  6
CONTINUOUS
 10
95.775
 20
92.8125
 11
96.225
 21
92.8125
  0
LINE
  5
78C
100
AcDbEntity
  8
0
100
AcDbLine
 62
7
  6
CONTINUOUS
 10
96.525
 20
92.8125
 11
96.975
 21
92.8125
  0
LINE
  5
78D
100
AcDbEntity
  8
0
100
AcDbLine
 62
7
  6
CONTINUOUS
 10
97.275
 20
92.8125
 11
97.725
 21
92.8125
  0
LINE
  5
78E
100
AcDbEntity
  8
0
100
AcDbLine
 62
7
  6
CONTINUOUS
 10
98.025
 20
92.8125
 11
98.475
 21
92.8125
  0
LINE
  5
78F
100
AcDbEntity
  8
0
100
AcDbLine
 62
7
  6
CONTINUOUS
 10
98.775
 20
92.8125
 11
99.225
 21
92.8125
  0
LINE
  5
790
100
AcDbEntity
  8
0
100
AcDbLine
 62
7
  6
CONTINUOUS
 10
99.525
 20
92.8125
 11
99.975
 21
92.8125
  0
LINE
  5
791
100
AcDbEntity
  8
0
100
AcDbLine
 62
7
  6
CONTINUOUS
 10
100.275
 20
92.8125
 11
100.725
 21
92.8125
  0
LINE
  5
792
100
AcDbEntity
  8
0
100
AcDbLine
 62
7
  6
CONTINUOUS
 10
101.025
 20
92.8125
 11
101.475
 21
92.8125
  0
LINE
  5
793
100
AcDbEntity
  8
0
100
AcDbLine
 62
7
  6
CONTINUOUS
 10
101.775
 20
92.8125
 11
102.225
 21
92.8125
  0
LINE
  5
794
100
AcDbEntity
  8
0
100
AcDbLine
 62
7
  6
CONTINUOUS
 10
102.525
 20
92.8125
 11
102.975
 21
92.8125
  0
LINE
  5
795
100
AcDbEntity
  8
0
100
AcDbLine
 62
7
  6
CONTINUOUS
 10
103.275
 20
92.8125
 11
103.725
 21
92.8125
  0
LINE
  5
796
100
AcDbEntity
  8
0
100
AcDbLine
 62
7
  6
CONTINUOUS
 10
104.025
 20
92.8125
 11
104.475
 21
92.8125
  0
LINE
  5
797
100
AcDbEntity
  8
0
100
AcDbLine
 62
7
  6
CONTINUOUS
 10
104.775
 20
92.8125
 11
105.225
 21
92.8125
  0
LINE
  5
798
100
AcDbEntity
  8
0
100
AcDbLine
 62
7
  6
CONTINUOUS
 10
105.525
 20
92.8125
 11
105.975
 21
92.8125
  0
LINE
  5
799
100
AcDbEntity
  8
0
100
AcDbLine
 62
7
  6
CONTINUOUS
 10
106.275
 20
92.8125
 11
106.725
 21
92.8125
  0
LINE
  5
79A
100
AcDbEntity
  8
0
100
AcDbLine
 62
7
  6
CONTINUOUS
 10
107.025
 20
92.8125
 11
107.475
 21
92.8125
  0
LINE
  5
79B
100
AcDbEntity
  8
0
100
AcDbLine
 62
7
  6
CONTINUOUS
 10
107.775
 20
92.8125
 11
108.225
 21
92.8125
  0
LINE
  5
79C
100
AcDbEntity
  8
0
100
AcDbLine
 62
7
  6
CONTINUOUS
 10
108.525
 20
92.8125
 11
108.975
 21
92.8125
  0
LINE
  5
79D
100
AcDbEntity
  8
0
100
AcDbLine
 62
7
  6
CONTINUOUS
 10
109.275
 20
92.8125
 11
109.725
 21
92.8125
  0
LINE
  5
79E
100
AcDbEntity
  8
0
100
AcDbLine
 62
7
  6
CONTINUOUS
 10
110.025
 20
92.8125
 11
110.475
 21
92.8125
  0
LINE
  5
79F
100
AcDbEntity
  8
0
100
AcDbLine
 62
7
  6
CONTINUOUS
 10
110.775
 20
92.8125
 11
111.225
 21
92.8125
  0
LINE
  5
7A0
100
AcDbEntity
  8
0
100
AcDbLine
 62
7
  6
CONTINUOUS
 10
111.525
 20
92.8125
 11
111.975
 21
92.8125
  0
LINE
  5
7A1
100
AcDbEntity
  8
0
100
AcDbLine
 62
7
  6
CONTINUOUS
 10
112.275
 20
92.8125
 11
112.725
 21
92.8125
  0
LINE
  5
7A2
100
AcDbEntity
  8
0
100
AcDbLine
 62
7
  6
CONTINUOUS
 10
113.025
 20
92.8125
 11
113.475
 21
92.8125
  0
LINE
  5
7A3
100
AcDbEntity
  8
0
100
AcDbLine
 62
7
  6
CONTINUOUS
 10
113.775
 20
92.8125
 11
114.225
 21
92.8125
  0
LINE
  5
7A4
100
AcDbEntity
  8
0
100
AcDbLine
 62
7
  6
CONTINUOUS
 10
114.525
 20
92.8125
 11
114.975
 21
92.8125
  0
LINE
  5
7A5
100
AcDbEntity
  8
0
100
AcDbLine
 62
7
  6
CONTINUOUS
 10
115.275
 20
92.8125
 11
115.725
 21
92.8125
  0
LINE
  5
7A6
100
AcDbEntity
  8
0
100
AcDbLine
 62
7
  6
CONTINUOUS
 10
116.025
 20
92.8125
 11
116.475
 21
92.8125
  0
LINE
  5
7A7
100
AcDbEntity
  8
0
100
AcDbLine
 62
7
  6
CONTINUOUS
 10
116.775
 20
92.8125
 11
117.225
 21
92.8125
  0
LINE
  5
7A8
100
AcDbEntity
  8
0
100
AcDbLine
 62
7
  6
CONTINUOUS
 10
117.525
 20
92.8125
 11
117.975
 21
92.8125
  0
LINE
  5
7A9
100
AcDbEntity
  8
0
100
AcDbLine
 62
7
  6
CONTINUOUS
 10
118.275
 20
92.8125
 11
118.725
 21
92.8125
  0
LINE
  5
7AA
100
AcDbEntity
  8
0
100
AcDbLine
 62
7
  6
CONTINUOUS
 10
119.025
 20
92.8125
 11
119.475
 21
92.8125
  0
LINE
  5
7AB
100
AcDbEntity
  8
0
100
AcDbLine
 62
7
  6
CONTINUOUS
 10
119.775
 20
92.8125
 11
120.225
 21
92.8125
  0
LINE
  5
7AC
100
AcDbEntity
  8
0
100
AcDbLine
 62
7
  6
CONTINUOUS
 10
120.525
 20
92.8125
 11
120.975
 21
92.8125
  0
LINE
  5
7AD
100
AcDbEntity
  8
0
100
AcDbLine
 62
7
  6
CONTINUOUS
 10
121.275
 20
92.8125
 11
121.725
 21
92.8125
  0
LINE
  5
7AE
100
AcDbEntity
  8
0
100
AcDbLine
 62
7
  6
CONTINUOUS
 10
122.025
 20
92.8125
 11
122.475
 21
92.8125
  0
LINE
  5
7AF
100
AcDbEntity
  8
0
100
AcDbLine
 62
7
  6
CONTINUOUS
 10
122.775
 20
92.8125
 11
123.225
 21
92.8125
  0
LINE
  5
7B0
100
AcDbEntity
  8
0
100
AcDbLine
 62
7
  6
CONTINUOUS
 10
123.525
 20
92.8125
 11
123.975
 21
92.8125
  0
LINE
  5
7B1
100
AcDbEntity
  8
0
100
AcDbLine
 62
7
  6
CONTINUOUS
 10
124.275
 20
92.8125
 11
124.725
 21
92.8125
  0
LINE
  5
7B2
100
AcDbEntity
  8
0
100
AcDbLine
 62
7
  6
CONTINUOUS
 10
125.025
 20
92.8125
 11
125.475
 21
92.8125
  0
LINE
  5
7B3
100
AcDbEntity
  8
0
100
AcDbLine
 62
7
  6
CONTINUOUS
 10
125.775
 20
92.8125
 11
126.225
 21
92.8125
  0
LINE
  5
7B4
100
AcDbEntity
  8
0
100
AcDbLine
 62
7
  6
CONTINUOUS
 10
126.525
 20
92.8125
 11
126.975
 21
92.8125
  0
LINE
  5
7B5
100
AcDbEntity
  8
0
100
AcDbLine
 62
7
  6
CONTINUOUS
 10
127.275
 20
92.8125
 11
127.725
 21
92.8125
  0
LINE
  5
7B6
100
AcDbEntity
  8
0
100
AcDbLine
 62
7
  6
CONTINUOUS
 10
128.025
 20
92.8125
 11
128.475
 21
92.8125
  0
LINE
  5
7B7
100
AcDbEntity
  8
0
100
AcDbLine
 62
7
  6
CONTINUOUS
 10
128.775
 20
92.8125
 11
129.225
 21
92.8125
  0
LINE
  5
7B8
100
AcDbEntity
  8
0
100
AcDbLine
 62
7
  6
CONTINUOUS
 10
129.525
 20
92.8125
 11
129.975
 21
92.8125
  0
LINE
  5
7B9
100
AcDbEntity
  8
0
100
AcDbLine
 62
7
  6
CONTINUOUS
 10
130.275
 20
92.8125
 11
130.725
 21
92.8125
  0
LINE
  5
7BA
100
AcDbEntity
  8
0
100
AcDbLine
 62
7
  6
CONTINUOUS
 10
137.025
 20
92.8125
 11
137.475
 21
92.8125
  0
LINE
  5
7BB
100
AcDbEntity
  8
0
100
AcDbLine
 62
7
  6
CONTINUOUS
 10
137.775
 20
92.8125
 11
138.225
 21
92.8125
  0
LINE
  5
7BC
100
AcDbEntity
  8
0
100
AcDbLine
 62
7
  6
CONTINUOUS
 10
138.525
 20
92.8125
 11
138.975
 21
92.8125
  0
LINE
  5
7BD
100
AcDbEntity
  8
0
100
AcDbLine
 62
7
  6
CONTINUOUS
 10
139.275
 20
92.8125
 11
139.725
 21
92.8125
  0
LINE
  5
7BE
100
AcDbEntity
  8
0
100
AcDbLine
 62
7
  6
CONTINUOUS
 10
140.025
 20
92.8125
 11
140.475
 21
92.8125
  0
LINE
  5
7BF
100
AcDbEntity
  8
0
100
AcDbLine
 62
7
  6
CONTINUOUS
 10
140.775
 20
92.8125
 11
141.225
 21
92.8125
  0
LINE
  5
7C0
100
AcDbEntity
  8
0
100
AcDbLine
 62
7
  6
CONTINUOUS
 10
141.525
 20
92.8125
 11
141.975
 21
92.8125
  0
LINE
  5
7C1
100
AcDbEntity
  8
0
100
AcDbLine
 62
7
  6
CONTINUOUS
 10
142.275
 20
92.8125
 11
142.725
 21
92.8125
  0
LINE
  5
7C2
100
AcDbEntity
  8
0
100
AcDbLine
 62
7
  6
CONTINUOUS
 10
87.0
 20
93.0525
 11
88.275
 21
93.0525
  0
LINE
  5
7C3
100
AcDbEntity
  8
0
100
AcDbLine
 62
7
  6
CONTINUOUS
 10
88.725
 20
93.0525
 11
89.775
 21
93.0525
  0
LINE
  5
7C4
100
AcDbEntity
  8
0
100
AcDbLine
 62
7
  6
CONTINUOUS
 10
90.225
 20
93.0525
 11
91.275
 21
93.0525
  0
LINE
  5
7C5
100
AcDbEntity
  8
0
100
AcDbLine
 62
7
  6
CONTINUOUS
 10
91.725
 20
93.0525
 11
92.775
 21
93.0525
  0
LINE
  5
7C6
100
AcDbEntity
  8
0
100
AcDbLine
 62
7
  6
CONTINUOUS
 10
93.225
 20
93.0525
 11
94.275
 21
93.0525
  0
LINE
  5
7C7
100
AcDbEntity
  8
0
100
AcDbLine
 62
7
  6
CONTINUOUS
 10
94.725
 20
93.0525
 11
95.775
 21
93.0525
  0
LINE
  5
7C8
100
AcDbEntity
  8
0
100
AcDbLine
 62
7
  6
CONTINUOUS
 10
96.225
 20
93.0525
 11
97.275
 21
93.0525
  0
LINE
  5
7C9
100
AcDbEntity
  8
0
100
AcDbLine
 62
7
  6
CONTINUOUS
 10
97.725
 20
93.0525
 11
98.775
 21
93.0525
  0
LINE
  5
7CA
100
AcDbEntity
  8
0
100
AcDbLine
 62
7
  6
CONTINUOUS
 10
99.225
 20
93.0525
 11
100.275
 21
93.0525
  0
LINE
  5
7CB
100
AcDbEntity
  8
0
100
AcDbLine
 62
7
  6
CONTINUOUS
 10
100.725
 20
93.0525
 11
101.775
 21
93.0525
  0
LINE
  5
7CC
100
AcDbEntity
  8
0
100
AcDbLine
 62
7
  6
CONTINUOUS
 10
102.225
 20
93.0525
 11
103.275
 21
93.0525
  0
LINE
  5
7CD
100
AcDbEntity
  8
0
100
AcDbLine
 62
7
  6
CONTINUOUS
 10
103.725
 20
93.0525
 11
104.775
 21
93.0525
  0
LINE
  5
7CE
100
AcDbEntity
  8
0
100
AcDbLine
 62
7
  6
CONTINUOUS
 10
105.225
 20
93.0525
 11
106.275
 21
93.0525
  0
LINE
  5
7CF
100
AcDbEntity
  8
0
100
AcDbLine
 62
7
  6
CONTINUOUS
 10
106.725
 20
93.0525
 11
107.775
 21
93.0525
  0
LINE
  5
7D0
100
AcDbEntity
  8
0
100
AcDbLine
 62
7
  6
CONTINUOUS
 10
108.225
 20
93.0525
 11
109.275
 21
93.0525
  0
LINE
  5
7D1
100
AcDbEntity
  8
0
100
AcDbLine
 62
7
  6
CONTINUOUS
 10
109.725
 20
93.0525
 11
110.775
 21
93.0525
  0
LINE
  5
7D2
100
AcDbEntity
  8
0
100
AcDbLine
 62
7
  6
CONTINUOUS
 10
111.225
 20
93.0525
 11
112.275
 21
93.0525
  0
LINE
  5
7D3
100
AcDbEntity
  8
0
100
AcDbLine
 62
7
  6
CONTINUOUS
 10
112.725
 20
93.0525
 11
113.775
 21
93.0525
  0
LINE
  5
7D4
100
AcDbEntity
  8
0
100
AcDbLine
 62
7
  6
CONTINUOUS
 10
114.225
 20
93.0525
 11
115.275
 21
93.0525
  0
LINE
  5
7D5
100
AcDbEntity
  8
0
100
AcDbLine
 62
7
  6
CONTINUOUS
 10
115.725
 20
93.0525
 11
116.775
 21
93.0525
  0
LINE
  5
7D6
100
AcDbEntity
  8
0
100
AcDbLine
 62
7
  6
CONTINUOUS
 10
117.225
 20
93.0525
 11
118.275
 21
93.0525
  0
LINE
  5
7D7
100
AcDbEntity
  8
0
100
AcDbLine
 62
7
  6
CONTINUOUS
 10
118.725
 20
93.0525
 11
119.775
 21
93.0525
  0
LINE
  5
7D8
100
AcDbEntity
  8
0
100
AcDbLine
 62
7
  6
CONTINUOUS
 10
120.225
 20
93.0525
 11
121.275
 21
93.0525
  0
LINE
  5
7D9
100
AcDbEntity
  8
0
100
AcDbLine
 62
7
  6
CONTINUOUS
 10
121.725
 20
93.0525
 11
122.775
 21
93.0525
  0
LINE
  5
7DA
100
AcDbEntity
  8
0
100
AcDbLine
 62
7
  6
CONTINUOUS
 10
123.225
 20
93.0525
 11
124.275
 21
93.0525
  0
LINE
  5
7DB
100
AcDbEntity
  8
0
100
AcDbLine
 62
7
  6
CONTINUOUS
 10
124.725
 20
93.0525
 11
125.775
 21
93.0525
  0
LINE
  5
7DC
100
AcDbEntity
  8
0
100
AcDbLine
 62
7
  6
CONTINUOUS
 10
126.225
 20
93.0525
 11
127.275
 21
93.0525
  0
LINE
  5
7DD
100
AcDbEntity
  8
0
100
AcDbLine
 62
7
  6
CONTINUOUS
 10
127.725
 20
93.0525
 11
128.775
 21
93.0525
  0
LINE
  5
7DE
100
AcDbEntity
  8
0
100
AcDbLine
 62
7
  6
CONTINUOUS
 10
129.225
 20
93.0525
 11
130.275
 21
93.0525
  0
LINE
  5
7DF
100
AcDbEntity
  8
0
100
AcDbLine
 62
7
  6
CONTINUOUS
 10
130.725
 20
93.0525
 11
137.775
 21
93.0525
  0
LINE
  5
7E0
100
AcDbEntity
  8
0
100
AcDbLine
 62
7
  6
CONTINUOUS
 10
138.225
 20
93.0525
 11
139.275
 21
93.0525
  0
LINE
  5
7E1
100
AcDbEntity
  8
0
100
AcDbLine
 62
7
  6
CONTINUOUS
 10
139.725
 20
93.0525
 11
140.775
 21
93.0525
  0
LINE
  5
7E2
100
AcDbEntity
  8
0
100
AcDbLine
 62
7
  6
CONTINUOUS
 10
141.225
 20
93.0525
 11
142.275
 21
93.0525
  0
LINE
  5
7E3
100
AcDbEntity
  8
0
100
AcDbLine
 62
7
  6
CONTINUOUS
 10
142.725
 20
93.0525
 11
144.0
 21
93.0525
  0
LINE
  5
7E4
100
AcDbEntity
  8
0
100
AcDbLine
 62
7
  6
CONTINUOUS
 10
108.525
 20
101.6785258453
 11
108.345
 21
102.2188915404
  0
LINE
  5
7E5
100
AcDbEntity
  8
0
100
AcDbLine
 62
7
  6
CONTINUOUS
 10
109.7818174722
 20
99.5025
 11
109.725
 21
99.7411504194
  0
LINE
  5
7E6
100
AcDbEntity
  8
0
100
AcDbLine
 62
7
  6
CONTINUOUS
 10
111.345
 20
102.2188915404
 11
111.345
 21
102.2625
  0
LINE
  5
7E7
100
AcDbEntity
  8
0
100
AcDbLine
 62
7
  6
CONTINUOUS
 10
111.525
 20
102.2625
 11
111.525
 21
101.4225000013
  0
LINE
  5
7E8
100
AcDbEntity
  8
0
100
AcDbLine
 62
7
  6
CONTINUOUS
 10
111.525
 20
93.0525
 11
111.525
 21
92.0625
  0
LINE
  5
7E9
100
AcDbEntity
  8
0
100
AcDbLine
 62
7
  6
CONTINUOUS
 10
111.975
 20
102.2625
 11
111.975
 21
101.4225000013
  0
LINE
  5
7EA
100
AcDbEntity
  8
0
100
AcDbLine
 62
7
  6
CONTINUOUS
 10
111.975
 20
93.0525
 11
111.975
 21
92.0625
  0
LINE
  5
7EB
100
AcDbEntity
  8
0
100
AcDbLine
 62
7
  6
CONTINUOUS
 10
112.155
 20
102.2188915404
 11
112.155
 21
102.2625
  0
LINE
  5
7EC
100
AcDbEntity
  8
0
100
AcDbLine
 62
7
  6
CONTINUOUS
 10
112.275
 20
93.9525
 11
112.275
 21
92.0625
  0
LINE
  5
7ED
100
AcDbEntity
  8
0
100
AcDbLine
 62
7
  6
CONTINUOUS
 10
112.275
 20
99.7411504194
 11
112.275
 21
100.3124999994
  0
LINE
  5
7EE
100
AcDbEntity
  8
0
100
AcDbLine
 62
7
  6
CONTINUOUS
 10
112.725
 20
93.9525
 11
112.725
 21
92.0625
  0
LINE
  5
7EF
100
AcDbEntity
  8
0
100
AcDbLine
 62
7
  6
CONTINUOUS
 10
112.725
 20
99.7411504194
 11
112.725
 21
100.3124999994
  0
LINE
  5
7F0
100
AcDbEntity
  8
0
100
AcDbLine
 62
7
  6
CONTINUOUS
 10
112.845
 20
102.2188915404
 11
112.845
 21
102.2625
  0
LINE
  5
7F1
100
AcDbEntity
  8
0
100
AcDbLine
 62
7
  6
CONTINUOUS
 10
113.025
 20
102.2625
 11
113.025
 21
101.4225000013
  0
LINE
  5
7F2
100
AcDbEntity
  8
0
100
AcDbLine
 62
7
  6
CONTINUOUS
 10
113.025
 20
93.0525
 11
113.025
 21
92.0625
  0
LINE
  5
7F3
100
AcDbEntity
  8
0
100
AcDbLine
 62
7
  6
CONTINUOUS
 10
113.475
 20
102.2625
 11
113.475
 21
101.4225000013
  0
LINE
  5
7F4
100
AcDbEntity
  8
0
100
AcDbLine
 62
7
  6
CONTINUOUS
 10
113.475
 20
93.0525
 11
113.475
 21
92.0625
  0
LINE
  5
7F5
100
AcDbEntity
  8
0
100
AcDbLine
 62
7
  6
CONTINUOUS
 10
112.2181825278
 20
99.5025
 11
112.275
 21
99.7411504194
  0
LINE
  5
7F6
100
AcDbEntity
  8
0
100
AcDbLine
 62
7
  6
CONTINUOUS
 10
113.7181825278
 20
99.5025
 11
113.775
 21
99.7411504194
  0
LINE
  5
7F7
100
AcDbEntity
  8
0
100
AcDbLine
 62
7
  6
CONTINUOUS
 10
113.655
 20
102.2188915404
 11
113.475
 21
101.6785258453
  0
LINE
  5
7F8
100
AcDbEntity
  8
0
100
AcDbLine
 62
7
  6
CONTINUOUS
 10
87.0
 20
93.9525
 11
131.865
 21
93.9525
  0
LINE
  5
7F9
100
AcDbEntity
  8
0
100
AcDbLine
 62
7
  6
CONTINUOUS
 10
136.635
 20
93.9525
 11
144.0
 21
93.9525
  0
LINE
  5
7FA
100
AcDbEntity
  8
0
100
AcDbLine
 62
7
  6
CONTINUOUS
 10
87.0
 20
95.1525
 11
131.865
 21
95.1525
  0
LINE
  5
7FB
100
AcDbEntity
  8
0
100
AcDbLine
 62
7
  6
CONTINUOUS
 10
136.635
 20
95.1525
 11
144.0
 21
95.1525
  0
LINE
  5
7FC
100
AcDbEntity
  8
0
100
AcDbLine
 62
7
  6
CONTINUOUS
 10
110.025
 20
101.6785258453
 11
109.845
 21
102.2188915404
  0
LINE
  5
7FD
100
AcDbEntity
  8
0
100
AcDbLine
 62
7
  6
CONTINUOUS
 10
111.525
 20
101.6785258453
 11
111.345
 21
102.2188915404
  0
LINE
  5
7FE
100
AcDbEntity
  8
0
100
AcDbLine
 62
7
  6
CONTINUOUS
 10
111.2818174722
 20
99.5025
 11
111.225
 21
99.7411504194
  0
LINE
  5
7FF
100
AcDbEntity
  8
0
100
AcDbLine
 62
7
  6
CONTINUOUS
 10
112.7818174722
 20
99.5025
 11
112.725
 21
99.7411504194
  0
LINE
  5
800
100
AcDbEntity
  8
0
100
AcDbLine
 62
7
  6
CONTINUOUS
 10
113.655
 20
102.2188915404
 11
113.655
 21
102.2625
  0
LINE
  5
801
100
AcDbEntity
  8
0
100
AcDbLine
 62
7
  6
CONTINUOUS
 10
113.775
 20
93.9525
 11
113.775
 21
92.0625
  0
LINE
  5
802
100
AcDbEntity
  8
0
100
AcDbLine
 62
7
  6
CONTINUOUS
 10
113.775
 20
99.7411504194
 11
113.775
 21
100.3124999994
  0
LINE
  5
803
100
AcDbEntity
  8
0
100
AcDbLine
 62
7
  6
CONTINUOUS
 10
114.225
 20
93.9525
 11
114.225
 21
92.0625
  0
LINE
  5
804
100
AcDbEntity
  8
0
100
AcDbLine
 62
7
  6
CONTINUOUS
 10
114.225
 20
99.7411504194
 11
114.225
 21
100.3124999994
  0
LINE
  5
805
100
AcDbEntity
  8
0
100
AcDbLine
 62
7
  6
CONTINUOUS
 10
114.345
 20
102.2188915404
 11
114.345
 21
102.2625
  0
LINE
  5
806
100
AcDbEntity
  8
0
100
AcDbLine
 62
7
  6
CONTINUOUS
 10
114.525
 20
102.2625
 11
114.525
 21
101.4225000013
  0
LINE
  5
807
100
AcDbEntity
  8
0
100
AcDbLine
 62
7
  6
CONTINUOUS
 10
114.525
 20
93.0525
 11
114.525
 21
92.0625
  0
LINE
  5
808
100
AcDbEntity
  8
0
100
AcDbLine
 62
7
  6
CONTINUOUS
 10
114.975
 20
102.2625
 11
114.975
 21
101.4225000013
  0
LINE
  5
809
100
AcDbEntity
  8
0
100
AcDbLine
 62
7
  6
CONTINUOUS
 10
114.975
 20
93.0525
 11
114.975
 21
92.0625
  0
LINE
  5
80A
100
AcDbEntity
  8
0
100
AcDbLine
 62
7
  6
CONTINUOUS
 10
115.155
 20
102.2188915404
 11
115.155
 21
102.2625
  0
LINE
  5
80B
100
AcDbEntity
  8
0
100
AcDbLine
 62
7
  6
CONTINUOUS
 10
115.275
 20
93.9525
 11
115.275
 21
92.0625
  0
LINE
  5
80C
100
AcDbEntity
  8
0
100
AcDbLine
 62
7
  6
CONTINUOUS
 10
115.275
 20
99.7411504194
 11
115.275
 21
100.3124999994
  0
LINE
  5
80D
100
AcDbEntity
  8
0
100
AcDbLine
 62
7
  6
CONTINUOUS
 10
115.725
 20
93.9525
 11
115.725
 21
92.0625
  0
LINE
  5
80E
100
AcDbEntity
  8
0
100
AcDbLine
 62
7
  6
CONTINUOUS
 10
115.725
 20
99.7411504194
 11
115.725
 21
100.3124999994
  0
LINE
  5
80F
100
AcDbEntity
  8
0
100
AcDbLine
 62
7
  6
CONTINUOUS
 10
115.2181825278
 20
99.5025
 11
115.275
 21
99.7411504194
  0
LINE
  5
810
100
AcDbEntity
  8
0
100
AcDbLine
 62
7
  6
CONTINUOUS
 10
115.155
 20
102.2188915404
 11
114.975
 21
101.6785258453
  0
LINE
  5
811
100
AcDbEntity
  8
0
100
AcDbLine
 62
7
  6
CONTINUOUS
 10
116.655
 20
102.2188915404
 11
116.475
 21
101.6785258453
  0
LINE
  5
812
100
AcDbEntity
  8
0
100
AcDbLine
 62
7
  6
CONTINUOUS
 10
87.0
 20
96.7125
 11
131.865
 21
96.7125
  0
LINE
  5
813
100
AcDbEntity
  8
0
100
AcDbLine
 62
7
  6
CONTINUOUS
 10
136.635
 20
96.7125
 11
144.0
 21
96.7125
  0
LINE
  5
814
100
AcDbEntity
  8
0
100
AcDbLine
 62
7
  6
CONTINUOUS
 10
113.025
 20
101.6785258453
 11
112.845
 21
102.2188915404
  0
LINE
  5
815
100
AcDbEntity
  8
0
100
AcDbLine
 62
7
  6
CONTINUOUS
 10
114.2818174722
 20
99.5025
 11
114.225
 21
99.7411504194
  0
LINE
  5
816
100
AcDbEntity
  8
0
100
AcDbLine
 62
7
  6
CONTINUOUS
 10
115.845
 20
102.2188915404
 11
115.845
 21
102.2625
  0
LINE
  5
817
100
AcDbEntity
  8
0
100
AcDbLine
 62
7
  6
CONTINUOUS
 10
116.025
 20
102.2625
 11
116.025
 21
101.4225000013
  0
LINE
  5
818
100
AcDbEntity
  8
0
100
AcDbLine
 62
7
  6
CONTINUOUS
 10
116.025
 20
93.0525
 11
116.025
 21
92.0625
  0
LINE
  5
819
100
AcDbEntity
  8
0
100
AcDbLine
 62
7
  6
CONTINUOUS
 10
116.475
 20
102.2625
 11
116.475
 21
101.4225000013
  0
LINE
  5
81A
100
AcDbEntity
  8
0
100
AcDbLine
 62
7
  6
CONTINUOUS
 10
116.475
 20
93.0525
 11
116.475
 21
92.0625
  0
LINE
  5
81B
100
AcDbEntity
  8
0
100
AcDbLine
 62
7
  6
CONTINUOUS
 10
116.655
 20
102.2188915404
 11
116.655
 21
102.2625
  0
LINE
  5
81C
100
AcDbEntity
  8
0
100
AcDbLine
 62
7
  6
CONTINUOUS
 10
116.775
 20
93.9525
 11
116.775
 21
92.0625
  0
LINE
  5
81D
100
AcDbEntity
  8
0
100
AcDbLine
 62
7
  6
CONTINUOUS
 10
116.775
 20
99.7411504194
 11
116.775
 21
100.3124999994
  0
LINE
  5
81E
100
AcDbEntity
  8
0
100
AcDbLine
 62
7
  6
CONTINUOUS
 10
117.225
 20
93.9525
 11
117.225
 21
92.0625
  0
LINE
  5
81F
100
AcDbEntity
  8
0
100
AcDbLine
 62
7
  6
CONTINUOUS
 10
117.225
 20
99.7411504194
 11
117.225
 21
100.3124999994
  0
LINE
  5
820
100
AcDbEntity
  8
0
100
AcDbLine
 62
7
  6
CONTINUOUS
 10
117.345
 20
102.2188915404
 11
117.345
 21
102.2625
  0
LINE
  5
821
100
AcDbEntity
  8
0
100
AcDbLine
 62
7
  6
CONTINUOUS
 10
117.525
 20
102.2625
 11
117.525
 21
101.4225000013
  0
LINE
  5
822
100
AcDbEntity
  8
0
100
AcDbLine
 62
7
  6
CONTINUOUS
 10
117.525
 20
93.0525
 11
117.525
 21
92.0625
  0
LINE
  5
823
100
AcDbEntity
  8
0
100
AcDbLine
 62
7
  6
CONTINUOUS
 10
117.975
 20
102.2625
 11
117.975
 21
101.4225000013
  0
LINE
  5
824
100
AcDbEntity
  8
0
100
AcDbLine
 62
7
  6
CONTINUOUS
 10
117.975
 20
93.0525
 11
117.975
 21
92.0625
  0
LINE
  5
825
100
AcDbEntity
  8
0
100
AcDbLine
 62
7
  6
CONTINUOUS
 10
116.7181825278
 20
99.5025
 11
116.775
 21
99.7411504194
  0
LINE
  5
826
100
AcDbEntity
  8
0
100
AcDbLine
 62
7
  6
CONTINUOUS
 10
118.2181825278
 20
99.5025
 11
118.275
 21
99.7411504194
  0
LINE
  5
827
100
AcDbEntity
  8
0
100
AcDbLine
 62
7
  6
CONTINUOUS
 10
118.155
 20
102.2188915404
 11
117.975
 21
101.6785258453
  0
LINE
  5
828
100
AcDbEntity
  8
0
100
AcDbLine
 62
7
  6
CONTINUOUS
 10
119.655
 20
102.2188915404
 11
119.475
 21
101.6785258453
  0
LINE
  5
829
100
AcDbEntity
  8
0
100
AcDbLine
 62
7
  6
CONTINUOUS
 10
147.225
 20
98.2125
 11
144.0
 21
98.2125
  0
LINE
  5
82A
100
AcDbEntity
  8
0
100
AcDbLine
 62
7
  6
CONTINUOUS
 10
87.0
 20
98.2125
 11
83.775
 21
98.2125
  0
LINE
  5
82B
100
AcDbEntity
  8
0
100
AcDbLine
 62
7
  6
CONTINUOUS
 10
131.865
 20
98.3025
 11
136.635
 21
98.3025
  0
LINE
  5
82C
100
AcDbEntity
  8
0
100
AcDbLine
 62
7
  6
CONTINUOUS
 10
136.965
 20
98.9025
 11
131.535
 21
98.9025
  0
LINE
  5
82D
100
AcDbEntity
  8
0
100
AcDbLine
 62
7
  6
CONTINUOUS
 10
85.275
 20
99.5025
 11
131.535
 21
99.5025
  0
LINE
  5
82E
100
AcDbEntity
  8
0
100
AcDbLine
 62
7
  6
CONTINUOUS
 10
136.965
 20
99.5025
 11
145.725
 21
99.5025
  0
LINE
  5
82F
100
AcDbEntity
  8
0
100
AcDbLine
 62
7
  6
CONTINUOUS
 10
88.275
 20
99.8092922964
 11
88.725
 21
99.8092922964
  0
LINE
  5
830
100
AcDbEntity
  8
0
100
AcDbLine
 62
7
  6
CONTINUOUS
 10
89.775
 20
99.8092922964
 11
90.225
 21
99.8092922964
  0
LINE
  5
831
100
AcDbEntity
  8
0
100
AcDbLine
 62
7
  6
CONTINUOUS
 10
91.275
 20
99.8092922964
 11
91.725
 21
99.8092922964
  0
LINE
  5
832
100
AcDbEntity
  8
0
100
AcDbLine
 62
7
  6
CONTINUOUS
 10
92.775
 20
99.8092922964
 11
93.225
 21
99.8092922964
  0
LINE
  5
833
100
AcDbEntity
  8
0
100
AcDbLine
 62
7
  6
CONTINUOUS
 10
94.275
 20
99.8092922964
 11
94.725
 21
99.8092922964
  0
LINE
  5
834
100
AcDbEntity
  8
0
100
AcDbLine
 62
7
  6
CONTINUOUS
 10
95.775
 20
99.8092922964
 11
96.225
 21
99.8092922964
  0
LINE
  5
835
100
AcDbEntity
  8
0
100
AcDbLine
 62
7
  6
CONTINUOUS
 10
97.275
 20
99.8092922964
 11
97.725
 21
99.8092922964
  0
LINE
  5
836
100
AcDbEntity
  8
0
100
AcDbLine
 62
7
  6
CONTINUOUS
 10
98.775
 20
99.8092922964
 11
99.225
 21
99.8092922964
  0
LINE
  5
837
100
AcDbEntity
  8
0
100
AcDbLine
 62
7
  6
CONTINUOUS
 10
100.275
 20
99.8092922964
 11
100.725
 21
99.8092922964
  0
LINE
  5
838
100
AcDbEntity
  8
0
100
AcDbLine
 62
7
  6
CONTINUOUS
 10
101.775
 20
99.8092922964
 11
102.225
 21
99.8092922964
  0
LINE
  5
839
100
AcDbEntity
  8
0
100
AcDbLine
 62
7
  6
CONTINUOUS
 10
103.275
 20
99.8092922964
 11
103.725
 21
99.8092922964
  0
LINE
  5
83A
100
AcDbEntity
  8
0
100
AcDbLine
 62
7
  6
CONTINUOUS
 10
104.775
 20
99.8092922964
 11
105.225
 21
99.8092922964
  0
LINE
  5
83B
100
AcDbEntity
  8
0
100
AcDbLine
 62
7
  6
CONTINUOUS
 10
106.275
 20
99.8092922964
 11
106.725
 21
99.8092922964
  0
LINE
  5
83C
100
AcDbEntity
  8
0
100
AcDbLine
 62
7
  6
CONTINUOUS
 10
107.775
 20
99.8092922964
 11
108.225
 21
99.8092922964
  0
LINE
  5
83D
100
AcDbEntity
  8
0
100
AcDbLine
 62
7
  6
CONTINUOUS
 10
109.275
 20
99.8092922964
 11
109.725
 21
99.8092922964
  0
LINE
  5
83E
100
AcDbEntity
  8
0
100
AcDbLine
 62
7
  6
CONTINUOUS
 10
110.775
 20
99.8092922964
 11
111.225
 21
99.8092922964
  0
LINE
  5
83F
100
AcDbEntity
  8
0
100
AcDbLine
 62
7
  6
CONTINUOUS
 10
112.275
 20
99.8092922964
 11
112.725
 21
99.8092922964
  0
LINE
  5
840
100
AcDbEntity
  8
0
100
AcDbLine
 62
7
  6
CONTINUOUS
 10
113.775
 20
99.8092922964
 11
114.225
 21
99.8092922964
  0
LINE
  5
841
100
AcDbEntity
  8
0
100
AcDbLine
 62
7
  6
CONTINUOUS
 10
115.275
 20
99.8092922964
 11
115.725
 21
99.8092922964
  0
LINE
  5
842
100
AcDbEntity
  8
0
100
AcDbLine
 62
7
  6
CONTINUOUS
 10
116.775
 20
99.8092922964
 11
117.225
 21
99.8092922964
  0
LINE
  5
843
100
AcDbEntity
  8
0
100
AcDbLine
 62
7
  6
CONTINUOUS
 10
118.275
 20
99.8092922964
 11
118.725
 21
99.8092922964
  0
LINE
  5
844
100
AcDbEntity
  8
0
100
AcDbLine
 62
7
  6
CONTINUOUS
 10
119.775
 20
99.8092922964
 11
120.225
 21
99.8092922964
  0
LINE
  5
845
100
AcDbEntity
  8
0
100
AcDbLine
 62
7
  6
CONTINUOUS
 10
121.275
 20
99.8092922964
 11
121.725
 21
99.8092922964
  0
LINE
  5
846
100
AcDbEntity
  8
0
100
AcDbLine
 62
7
  6
CONTINUOUS
 10
122.775
 20
99.8092922964
 11
123.225
 21
99.8092922964
  0
LINE
  5
847
100
AcDbEntity
  8
0
100
AcDbLine
 62
7
  6
CONTINUOUS
 10
124.275
 20
99.8092922964
 11
124.725
 21
99.8092922964
  0
LINE
  5
848
100
AcDbEntity
  8
0
100
AcDbLine
 62
7
  6
CONTINUOUS
 10
125.775
 20
99.8092922964
 11
126.225
 21
99.8092922964
  0
LINE
  5
849
100
AcDbEntity
  8
0
100
AcDbLine
 62
7
  6
CONTINUOUS
 10
127.275
 20
99.8092922964
 11
127.725
 21
99.8092922964
  0
LINE
  5
84A
100
AcDbEntity
  8
0
100
AcDbLine
 62
7
  6
CONTINUOUS
 10
128.775
 20
99.8092922964
 11
129.225
 21
99.8092922964
  0
LINE
  5
84B
100
AcDbEntity
  8
0
100
AcDbLine
 62
7
  6
CONTINUOUS
 10
130.275
 20
99.8092922964
 11
130.725
 21
99.8092922964
  0
LINE
  5
84C
100
AcDbEntity
  8
0
100
AcDbLine
 62
7
  6
CONTINUOUS
 10
137.775
 20
99.8092922964
 11
138.225
 21
99.8092922964
  0
LINE
  5
84D
100
AcDbEntity
  8
0
100
AcDbLine
 62
7
  6
CONTINUOUS
 10
139.275
 20
99.8092922964
 11
139.725
 21
99.8092922964
  0
LINE
  5
84E
100
AcDbEntity
  8
0
100
AcDbLine
 62
7
  6
CONTINUOUS
 10
140.775
 20
99.8092922964
 11
141.225
 21
99.8092922964
  0
LINE
  5
84F
100
AcDbEntity
  8
0
100
AcDbLine
 62
7
  6
CONTINUOUS
 10
142.275
 20
99.8092922964
 11
142.725
 21
99.8092922964
  0
LINE
  5
850
100
AcDbEntity
  8
0
100
AcDbLine
 62
7
  6
CONTINUOUS
 10
114.525
 20
101.6785258453
 11
114.345
 21
102.2188915404
  0
LINE
  5
851
100
AcDbEntity
  8
0
100
AcDbLine
 62
7
  6
CONTINUOUS
 10
116.025
 20
101.6785258453
 11
115.845
 21
102.2188915404
  0
LINE
  5
852
100
AcDbEntity
  8
0
100
AcDbLine
 62
7
  6
CONTINUOUS
 10
115.7818174722
 20
99.5025
 11
115.725
 21
99.7411504194
  0
LINE
  5
853
100
AcDbEntity
  8
0
100
AcDbLine
 62
7
  6
CONTINUOUS
 10
117.2818174722
 20
99.5025
 11
117.225
 21
99.7411504194
  0
LINE
  5
854
100
AcDbEntity
  8
0
100
AcDbLine
 62
7
  6
CONTINUOUS
 10
118.155
 20
102.2188915404
 11
118.155
 21
102.2625
  0
LINE
  5
855
100
AcDbEntity
  8
0
100
AcDbLine
 62
7
  6
CONTINUOUS
 10
118.275
 20
93.9525
 11
118.275
 21
92.0625
  0
LINE
  5
856
100
AcDbEntity
  8
0
100
AcDbLine
 62
7
  6
CONTINUOUS
 10
118.275
 20
99.7411504194
 11
118.275
 21
100.3124999994
  0
LINE
  5
857
100
AcDbEntity
  8
0
100
AcDbLine
 62
7
  6
CONTINUOUS
 10
118.725
 20
93.9525
 11
118.725
 21
92.0625
  0
LINE
  5
858
100
AcDbEntity
  8
0
100
AcDbLine
 62
7
  6
CONTINUOUS
 10
118.725
 20
99.7411504194
 11
118.725
 21
100.3124999994
  0
LINE
  5
859
100
AcDbEntity
  8
0
100
AcDbLine
 62
7
  6
CONTINUOUS
 10
118.845
 20
102.2188915404
 11
118.845
 21
102.2625
  0
LINE
  5
85A
100
AcDbEntity
  8
0
100
AcDbLine
 62
7
  6
CONTINUOUS
 10
119.025
 20
102.2625
 11
119.025
 21
101.4225000013
  0
LINE
  5
85B
100
AcDbEntity
  8
0
100
AcDbLine
 62
7
  6
CONTINUOUS
 10
119.025
 20
93.0525
 11
119.025
 21
92.0625
  0
LINE
  5
85C
100
AcDbEntity
  8
0
100
AcDbLine
 62
7
  6
CONTINUOUS
 10
119.475
 20
102.2625
 11
119.475
 21
101.4225000013
  0
LINE
  5
85D
100
AcDbEntity
  8
0
100
AcDbLine
 62
7
  6
CONTINUOUS
 10
119.475
 20
93.0525
 11
119.475
 21
92.0625
  0
LINE
  5
85E
100
AcDbEntity
  8
0
100
AcDbLine
 62
7
  6
CONTINUOUS
 10
119.655
 20
102.2188915404
 11
119.655
 21
102.2625
  0
LINE
  5
85F
100
AcDbEntity
  8
0
100
AcDbLine
 62
7
  6
CONTINUOUS
 10
119.775
 20
93.9525
 11
119.775
 21
92.0625
  0
LINE
  5
860
100
AcDbEntity
  8
0
100
AcDbLine
 62
7
  6
CONTINUOUS
 10
119.775
 20
99.7411504194
 11
119.775
 21
100.3124999994
  0
LINE
  5
861
100
AcDbEntity
  8
0
100
AcDbLine
 62
7
  6
CONTINUOUS
 10
120.225
 20
93.9525
 11
120.225
 21
92.0625
  0
LINE
  5
862
100
AcDbEntity
  8
0
100
AcDbLine
 62
7
  6
CONTINUOUS
 10
120.225
 20
99.7411504194
 11
120.225
 21
100.3124999994
  0
LINE
  5
863
100
AcDbEntity
  8
0
100
AcDbLine
 62
7
  6
CONTINUOUS
 10
119.7181825278
 20
99.5025
 11
119.775
 21
99.7411504194
  0
LINE
  5
864
100
AcDbEntity
  8
0
100
AcDbLine
 62
7
  6
CONTINUOUS
 10
121.155
 20
102.2188915404
 11
120.975
 21
101.6785258453
  0
LINE
  5
865
100
AcDbEntity
  8
0
100
AcDbLine
 62
7
  6
CONTINUOUS
 10
88.275
 20
100.0575
 11
88.725
 21
100.0575
  0
LINE
  5
866
100
AcDbEntity
  8
0
100
AcDbLine
 62
7
  6
CONTINUOUS
 10
89.775
 20
100.0575
 11
90.225
 21
100.0575
  0
LINE
  5
867
100
AcDbEntity
  8
0
100
AcDbLine
 62
7
  6
CONTINUOUS
 10
91.275
 20
100.0575
 11
91.725
 21
100.0575
  0
LINE
  5
868
100
AcDbEntity
  8
0
100
AcDbLine
 62
7
  6
CONTINUOUS
 10
92.775
 20
100.0575
 11
93.225
 21
100.0575
  0
LINE
  5
869
100
AcDbEntity
  8
0
100
AcDbLine
 62
7
  6
CONTINUOUS
 10
94.275
 20
100.0575
 11
94.725
 21
100.0575
  0
LINE
  5
86A
100
AcDbEntity
  8
0
100
AcDbLine
 62
7
  6
CONTINUOUS
 10
95.775
 20
100.0575
 11
96.225
 21
100.0575
  0
LINE
  5
86B
100
AcDbEntity
  8
0
100
AcDbLine
 62
7
  6
CONTINUOUS
 10
97.275
 20
100.0575
 11
97.725
 21
100.0575
  0
LINE
  5
86C
100
AcDbEntity
  8
0
100
AcDbLine
 62
7
  6
CONTINUOUS
 10
98.775
 20
100.0575
 11
99.225
 21
100.0575
  0
LINE
  5
86D
100
AcDbEntity
  8
0
100
AcDbLine
 62
7
  6
CONTINUOUS
 10
100.275
 20
100.0575
 11
100.725
 21
100.0575
  0
LINE
  5
86E
100
AcDbEntity
  8
0
100
AcDbLine
 62
7
  6
CONTINUOUS
 10
101.775
 20
100.0575
 11
102.225
 21
100.0575
  0
LINE
  5
86F
100
AcDbEntity
  8
0
100
AcDbLine
 62
7
  6
CONTINUOUS
 10
103.275
 20
100.0575
 11
103.725
 21
100.0575
  0
LINE
  5
870
100
AcDbEntity
  8
0
100
AcDbLine
 62
7
  6
CONTINUOUS
 10
104.775
 20
100.0575
 11
105.225
 21
100.0575
  0
LINE
  5
871
100
AcDbEntity
  8
0
100
AcDbLine
 62
7
  6
CONTINUOUS
 10
106.275
 20
100.0575
 11
106.725
 21
100.0575
  0
LINE
  5
872
100
AcDbEntity
  8
0
100
AcDbLine
 62
7
  6
CONTINUOUS
 10
107.775
 20
100.0575
 11
108.225
 21
100.0575
  0
LINE
  5
873
100
AcDbEntity
  8
0
100
AcDbLine
 62
7
  6
CONTINUOUS
 10
109.275
 20
100.0575
 11
109.725
 21
100.0575
  0
LINE
  5
874
100
AcDbEntity
  8
0
100
AcDbLine
 62
7
  6
CONTINUOUS
 10
110.775
 20
100.0575
 11
111.225
 21
100.0575
  0
LINE
  5
875
100
AcDbEntity
  8
0
100
AcDbLine
 62
7
  6
CONTINUOUS
 10
112.275
 20
100.0575
 11
112.725
 21
100.0575
  0
LINE
  5
876
100
AcDbEntity
  8
0
100
AcDbLine
 62
7
  6
CONTINUOUS
 10
113.775
 20
100.0575
 11
114.225
 21
100.0575
  0
LINE
  5
877
100
AcDbEntity
  8
0
100
AcDbLine
 62
7
  6
CONTINUOUS
 10
115.275
 20
100.0575
 11
115.725
 21
100.0575
  0
LINE
  5
878
100
AcDbEntity
  8
0
100
AcDbLine
 62
7
  6
CONTINUOUS
 10
116.775
 20
100.0575
 11
117.225
 21
100.0575
  0
LINE
  5
879
100
AcDbEntity
  8
0
100
AcDbLine
 62
7
  6
CONTINUOUS
 10
118.275
 20
100.0575
 11
118.725
 21
100.0575
  0
LINE
  5
87A
100
AcDbEntity
  8
0
100
AcDbLine
 62
7
  6
CONTINUOUS
 10
119.775
 20
100.0575
 11
120.225
 21
100.0575
  0
LINE
  5
87B
100
AcDbEntity
  8
0
100
AcDbLine
 62
7
  6
CONTINUOUS
 10
121.275
 20
100.0575
 11
121.725
 21
100.0575
  0
LINE
  5
87C
100
AcDbEntity
  8
0
100
AcDbLine
 62
7
  6
CONTINUOUS
 10
122.775
 20
100.0575
 11
123.225
 21
100.0575
  0
LINE
  5
87D
100
AcDbEntity
  8
0
100
AcDbLine
 62
7
  6
CONTINUOUS
 10
124.275
 20
100.0575
 11
124.725
 21
100.0575
  0
LINE
  5
87E
100
AcDbEntity
  8
0
100
AcDbLine
 62
7
  6
CONTINUOUS
 10
125.775
 20
100.0575
 11
126.225
 21
100.0575
  0
LINE
  5
87F
100
AcDbEntity
  8
0
100
AcDbLine
 62
7
  6
CONTINUOUS
 10
127.275
 20
100.0575
 11
127.725
 21
100.0575
  0
LINE
  5
880
100
AcDbEntity
  8
0
100
AcDbLine
 62
7
  6
CONTINUOUS
 10
128.775
 20
100.0575
 11
129.225
 21
100.0575
  0
LINE
  5
881
100
AcDbEntity
  8
0
100
AcDbLine
 62
7
  6
CONTINUOUS
 10
130.275
 20
100.0575
 11
130.725
 21
100.0575
  0
LINE
  5
882
100
AcDbEntity
  8
0
100
AcDbLine
 62
7
  6
CONTINUOUS
 10
137.775
 20
100.0575
 11
138.225
 21
100.0575
  0
LINE
  5
883
100
AcDbEntity
  8
0
100
AcDbLine
 62
7
  6
CONTINUOUS
 10
139.275
 20
100.0575
 11
139.725
 21
100.0575
  0
LINE
  5
884
100
AcDbEntity
  8
0
100
AcDbLine
 62
7
  6
CONTINUOUS
 10
140.775
 20
100.0575
 11
141.225
 21
100.0575
  0
LINE
  5
885
100
AcDbEntity
  8
0
100
AcDbLine
 62
7
  6
CONTINUOUS
 10
142.275
 20
100.0575
 11
142.725
 21
100.0575
  0
LINE
  5
886
100
AcDbEntity
  8
0
100
AcDbLine
 62
7
  6
CONTINUOUS
 10
88.275
 20
100.3125
 11
88.725
 21
100.3125
  0
LINE
  5
887
100
AcDbEntity
  8
0
100
AcDbLine
 62
7
  6
CONTINUOUS
 10
89.775
 20
100.3125
 11
90.225
 21
100.3125
  0
LINE
  5
888
100
AcDbEntity
  8
0
100
AcDbLine
 62
7
  6
CONTINUOUS
 10
91.275
 20
100.3125
 11
91.725
 21
100.3125
  0
LINE
  5
889
100
AcDbEntity
  8
0
100
AcDbLine
 62
7
  6
CONTINUOUS
 10
92.775
 20
100.3125
 11
93.225
 21
100.3125
  0
LINE
  5
88A
100
AcDbEntity
  8
0
100
AcDbLine
 62
7
  6
CONTINUOUS
 10
94.275
 20
100.3125
 11
94.725
 21
100.3125
  0
LINE
  5
88B
100
AcDbEntity
  8
0
100
AcDbLine
 62
7
  6
CONTINUOUS
 10
95.775
 20
100.3125
 11
96.225
 21
100.3125
  0
LINE
  5
88C
100
AcDbEntity
  8
0
100
AcDbLine
 62
7
  6
CONTINUOUS
 10
97.275
 20
100.3125
 11
97.725
 21
100.3125
  0
LINE
  5
88D
100
AcDbEntity
  8
0
100
AcDbLine
 62
7
  6
CONTINUOUS
 10
98.775
 20
100.3125
 11
99.225
 21
100.3125
  0
LINE
  5
88E
100
AcDbEntity
  8
0
100
AcDbLine
 62
7
  6
CONTINUOUS
 10
100.275
 20
100.3125
 11
100.725
 21
100.3125
  0
LINE
  5
88F
100
AcDbEntity
  8
0
100
AcDbLine
 62
7
  6
CONTINUOUS
 10
101.775
 20
100.3125
 11
102.225
 21
100.3125
  0
LINE
  5
890
100
AcDbEntity
  8
0
100
AcDbLine
 62
7
  6
CONTINUOUS
 10
103.275
 20
100.3125
 11
103.725
 21
100.3125
  0
LINE
  5
891
100
AcDbEntity
  8
0
100
AcDbLine
 62
7
  6
CONTINUOUS
 10
104.775
 20
100.3125
 11
105.225
 21
100.3125
  0
LINE
  5
892
100
AcDbEntity
  8
0
100
AcDbLine
 62
7
  6
CONTINUOUS
 10
106.275
 20
100.3125
 11
106.725
 21
100.3125
  0
LINE
  5
893
100
AcDbEntity
  8
0
100
AcDbLine
 62
7
  6
CONTINUOUS
 10
107.775
 20
100.3125
 11
108.225
 21
100.3125
  0
LINE
  5
894
100
AcDbEntity
  8
0
100
AcDbLine
 62
7
  6
CONTINUOUS
 10
109.275
 20
100.3125
 11
109.725
 21
100.3125
  0
LINE
  5
895
100
AcDbEntity
  8
0
100
AcDbLine
 62
7
  6
CONTINUOUS
 10
110.775
 20
100.3125
 11
111.225
 21
100.3125
  0
LINE
  5
896
100
AcDbEntity
  8
0
100
AcDbLine
 62
7
  6
CONTINUOUS
 10
112.275
 20
100.3125
 11
112.725
 21
100.3125
  0
LINE
  5
897
100
AcDbEntity
  8
0
100
AcDbLine
 62
7
  6
CONTINUOUS
 10
113.775
 20
100.3125
 11
114.225
 21
100.3125
  0
LINE
  5
898
100
AcDbEntity
  8
0
100
AcDbLine
 62
7
  6
CONTINUOUS
 10
115.275
 20
100.3125
 11
115.725
 21
100.3125
  0
LINE
  5
899
100
AcDbEntity
  8
0
100
AcDbLine
 62
7
  6
CONTINUOUS
 10
116.775
 20
100.3125
 11
117.225
 21
100.3125
  0
LINE
  5
89A
100
AcDbEntity
  8
0
100
AcDbLine
 62
7
  6
CONTINUOUS
 10
118.275
 20
100.3125
 11
118.725
 21
100.3125
  0
LINE
  5
89B
100
AcDbEntity
  8
0
100
AcDbLine
 62
7
  6
CONTINUOUS
 10
119.775
 20
100.3125
 11
120.225
 21
100.3125
  0
LINE
  5
89C
100
AcDbEntity
  8
0
100
AcDbLine
 62
7
  6
CONTINUOUS
 10
121.275
 20
100.3125
 11
121.725
 21
100.3125
  0
LINE
  5
89D
100
AcDbEntity
  8
0
100
AcDbLine
 62
7
  6
CONTINUOUS
 10
122.775
 20
100.3125
 11
123.225
 21
100.3125
  0
LINE
  5
89E
100
AcDbEntity
  8
0
100
AcDbLine
 62
7
  6
CONTINUOUS
 10
124.275
 20
100.3125
 11
124.725
 21
100.3125
  0
LINE
  5
89F
100
AcDbEntity
  8
0
100
AcDbLine
 62
7
  6
CONTINUOUS
 10
125.775
 20
100.3125
 11
126.225
 21
100.3125
  0
LINE
  5
8A0
100
AcDbEntity
  8
0
100
AcDbLine
 62
7
  6
CONTINUOUS
 10
127.275
 20
100.3125
 11
127.725
 21
100.3125
  0
LINE
  5
8A1
100
AcDbEntity
  8
0
100
AcDbLine
 62
7
  6
CONTINUOUS
 10
128.775
 20
100.3125
 11
129.225
 21
100.3125
  0
LINE
  5
8A2
100
AcDbEntity
  8
0
100
AcDbLine
 62
7
  6
CONTINUOUS
 10
130.275
 20
100.3125
 11
130.725
 21
100.3125
  0
LINE
  5
8A3
100
AcDbEntity
  8
0
100
AcDbLine
 62
7
  6
CONTINUOUS
 10
137.775
 20
100.3125
 11
138.225
 21
100.3125
  0
LINE
  5
8A4
100
AcDbEntity
  8
0
100
AcDbLine
 62
7
  6
CONTINUOUS
 10
139.275
 20
100.3125
 11
139.725
 21
100.3125
  0
LINE
  5
8A5
100
AcDbEntity
  8
0
100
AcDbLine
 62
7
  6
CONTINUOUS
 10
140.775
 20
100.3125
 11
141.225
 21
100.3125
  0
LINE
  5
8A6
100
AcDbEntity
  8
0
100
AcDbLine
 62
7
  6
CONTINUOUS
 10
142.275
 20
100.3125
 11
142.725
 21
100.3125
  0
LINE
  5
8A7
100
AcDbEntity
  8
0
100
AcDbLine
 62
7
  6
CONTINUOUS
 10
145.725
 20
100.9425
 11
135.525
 21
100.9425
  0
LINE
  5
8A8
100
AcDbEntity
  8
0
100
AcDbLine
 62
7
  6
CONTINUOUS
 10
132.225
 20
100.9425
 11
85.275
 21
100.9425
  0
LINE
  5
8A9
100
AcDbEntity
  8
0
100
AcDbLine
 62
7
  6
CONTINUOUS
 10
82.65
 20
101.3625
 11
85.275
 21
101.3625
  0
LINE
  5
8AA
100
AcDbEntity
  8
0
100
AcDbLine
 62
7
  6
CONTINUOUS
 10
130.785
 20
101.3625
 11
136.215
 21
101.3625
  0
LINE
  5
8AB
100
AcDbEntity
  8
0
100
AcDbLine
 62
7
  6
CONTINUOUS
 10
145.725
 20
101.3625
 11
148.35
 21
101.3625
  0
LINE
  5
8AC
100
AcDbEntity
  8
0
100
AcDbLine
 62
7
  6
CONTINUOUS
 10
145.725
 20
101.3925
 11
136.215
 21
101.3925
  0
LINE
  5
8AD
100
AcDbEntity
  8
0
100
AcDbLine
 62
7
  6
CONTINUOUS
 10
130.785
 20
101.3925
 11
85.275
 21
101.3925
  0
LINE
  5
8AE
100
AcDbEntity
  8
0
100
AcDbLine
 62
7
  6
CONTINUOUS
 10
87.525
 20
101.4225
 11
87.975
 21
101.4225
  0
LINE
  5
8AF
100
AcDbEntity
  8
0
100
AcDbLine
 62
7
  6
CONTINUOUS
 10
89.025
 20
101.4225
 11
89.475
 21
101.4225
  0
LINE
  5
8B0
100
AcDbEntity
  8
0
100
AcDbLine
 62
7
  6
CONTINUOUS
 10
90.525
 20
101.4225
 11
90.975
 21
101.4225
  0
LINE
  5
8B1
100
AcDbEntity
  8
0
100
AcDbLine
 62
7
  6
CONTINUOUS
 10
92.025
 20
101.4225
 11
92.475
 21
101.4225
  0
LINE
  5
8B2
100
AcDbEntity
  8
0
100
AcDbLine
 62
7
  6
CONTINUOUS
 10
93.525
 20
101.4225
 11
93.975
 21
101.4225
  0
LINE
  5
8B3
100
AcDbEntity
  8
0
100
AcDbLine
 62
7
  6
CONTINUOUS
 10
95.025
 20
101.4225
 11
95.475
 21
101.4225
  0
LINE
  5
8B4
100
AcDbEntity
  8
0
100
AcDbLine
 62
7
  6
CONTINUOUS
 10
96.525
 20
101.4225
 11
96.975
 21
101.4225
  0
LINE
  5
8B5
100
AcDbEntity
  8
0
100
AcDbLine
 62
7
  6
CONTINUOUS
 10
98.025
 20
101.4225
 11
98.475
 21
101.4225
  0
LINE
  5
8B6
100
AcDbEntity
  8
0
100
AcDbLine
 62
7
  6
CONTINUOUS
 10
99.525
 20
101.4225
 11
99.975
 21
101.4225
  0
LINE
  5
8B7
100
AcDbEntity
  8
0
100
AcDbLine
 62
7
  6
CONTINUOUS
 10
101.025
 20
101.4225
 11
101.475
 21
101.4225
  0
LINE
  5
8B8
100
AcDbEntity
  8
0
100
AcDbLine
 62
7
  6
CONTINUOUS
 10
102.525
 20
101.4225
 11
102.975
 21
101.4225
  0
LINE
  5
8B9
100
AcDbEntity
  8
0
100
AcDbLine
 62
7
  6
CONTINUOUS
 10
104.025
 20
101.4225
 11
104.475
 21
101.4225
  0
LINE
  5
8BA
100
AcDbEntity
  8
0
100
AcDbLine
 62
7
  6
CONTINUOUS
 10
105.525
 20
101.4225
 11
105.975
 21
101.4225
  0
LINE
  5
8BB
100
AcDbEntity
  8
0
100
AcDbLine
 62
7
  6
CONTINUOUS
 10
107.025
 20
101.4225
 11
107.475
 21
101.4225
  0
LINE
  5
8BC
100
AcDbEntity
  8
0
100
AcDbLine
 62
7
  6
CONTINUOUS
 10
108.525
 20
101.4225
 11
108.975
 21
101.4225
  0
LINE
  5
8BD
100
AcDbEntity
  8
0
100
AcDbLine
 62
7
  6
CONTINUOUS
 10
110.025
 20
101.4225
 11
110.475
 21
101.4225
  0
LINE
  5
8BE
100
AcDbEntity
  8
0
100
AcDbLine
 62
7
  6
CONTINUOUS
 10
111.525
 20
101.4225
 11
111.975
 21
101.4225
  0
LINE
  5
8BF
100
AcDbEntity
  8
0
100
AcDbLine
 62
7
  6
CONTINUOUS
 10
113.025
 20
101.4225
 11
113.475
 21
101.4225
  0
LINE
  5
8C0
100
AcDbEntity
  8
0
100
AcDbLine
 62
7
  6
CONTINUOUS
 10
114.525
 20
101.4225
 11
114.975
 21
101.4225
  0
LINE
  5
8C1
100
AcDbEntity
  8
0
100
AcDbLine
 62
7
  6
CONTINUOUS
 10
116.025
 20
101.4225
 11
116.475
 21
101.4225
  0
LINE
  5
8C2
100
AcDbEntity
  8
0
100
AcDbLine
 62
7
  6
CONTINUOUS
 10
117.525
 20
101.4225
 11
117.975
 21
101.4225
  0
LINE
  5
8C3
100
AcDbEntity
  8
0
100
AcDbLine
 62
7
  6
CONTINUOUS
 10
119.025
 20
101.4225
 11
119.475
 21
101.4225
  0
LINE
  5
8C4
100
AcDbEntity
  8
0
100
AcDbLine
 62
7
  6
CONTINUOUS
 10
120.525
 20
101.4225
 11
120.975
 21
101.4225
  0
LINE
  5
8C5
100
AcDbEntity
  8
0
100
AcDbLine
 62
7
  6
CONTINUOUS
 10
122.025
 20
101.4225
 11
122.475
 21
101.4225
  0
LINE
  5
8C6
100
AcDbEntity
  8
0
100
AcDbLine
 62
7
  6
CONTINUOUS
 10
123.525
 20
101.4225
 11
123.975
 21
101.4225
  0
LINE
  5
8C7
100
AcDbEntity
  8
0
100
AcDbLine
 62
7
  6
CONTINUOUS
 10
125.025
 20
101.4225
 11
125.475
 21
101.4225
  0
LINE
  5
8C8
100
AcDbEntity
  8
0
100
AcDbLine
 62
7
  6
CONTINUOUS
 10
126.525
 20
101.4225
 11
126.975
 21
101.4225
  0
LINE
  5
8C9
100
AcDbEntity
  8
0
100
AcDbLine
 62
7
  6
CONTINUOUS
 10
128.025
 20
101.4225
 11
128.475
 21
101.4225
  0
LINE
  5
8CA
100
AcDbEntity
  8
0
100
AcDbLine
 62
7
  6
CONTINUOUS
 10
129.525
 20
101.4225
 11
129.975
 21
101.4225
  0
LINE
  5
8CB
100
AcDbEntity
  8
0
100
AcDbLine
 62
7
  6
CONTINUOUS
 10
137.025
 20
101.4225
 11
137.475
 21
101.4225
  0
LINE
  5
8CC
100
AcDbEntity
  8
0
100
AcDbLine
 62
7
  6
CONTINUOUS
 10
138.525
 20
101.4225
 11
138.975
 21
101.4225
  0
LINE
  5
8CD
100
AcDbEntity
  8
0
100
AcDbLine
 62
7
  6
CONTINUOUS
 10
140.025
 20
101.4225
 11
140.475
 21
101.4225
  0
LINE
  5
8CE
100
AcDbEntity
  8
0
100
AcDbLine
 62
7
  6
CONTINUOUS
 10
141.525
 20
101.4225
 11
141.975
 21
101.4225
  0
LINE
  5
8CF
100
AcDbEntity
  8
0
100
AcDbLine
 62
7
  6
CONTINUOUS
 10
143.025
 20
101.4225
 11
143.475
 21
101.4225
  0
LINE
  5
8D0
100
AcDbEntity
  8
0
100
AcDbLine
 62
7
  6
CONTINUOUS
 10
87.525
 20
101.6865
 11
87.975
 21
101.6865
  0
LINE
  5
8D1
100
AcDbEntity
  8
0
100
AcDbLine
 62
7
  6
CONTINUOUS
 10
89.025
 20
101.6865
 11
89.475
 21
101.6865
  0
LINE
  5
8D2
100
AcDbEntity
  8
0
100
AcDbLine
 62
7
  6
CONTINUOUS
 10
90.525
 20
101.6865
 11
90.975
 21
101.6865
  0
LINE
  5
8D3
100
AcDbEntity
  8
0
100
AcDbLine
 62
7
  6
CONTINUOUS
 10
92.025
 20
101.6865
 11
92.475
 21
101.6865
  0
LINE
  5
8D4
100
AcDbEntity
  8
0
100
AcDbLine
 62
7
  6
CONTINUOUS
 10
93.525
 20
101.6865
 11
93.975
 21
101.6865
  0
LINE
  5
8D5
100
AcDbEntity
  8
0
100
AcDbLine
 62
7
  6
CONTINUOUS
 10
95.025
 20
101.6865
 11
95.475
 21
101.6865
  0
LINE
  5
8D6
100
AcDbEntity
  8
0
100
AcDbLine
 62
7
  6
CONTINUOUS
 10
96.525
 20
101.6865
 11
96.975
 21
101.6865
  0
LINE
  5
8D7
100
AcDbEntity
  8
0
100
AcDbLine
 62
7
  6
CONTINUOUS
 10
98.025
 20
101.6865
 11
98.475
 21
101.6865
  0
LINE
  5
8D8
100
AcDbEntity
  8
0
100
AcDbLine
 62
7
  6
CONTINUOUS
 10
99.525
 20
101.6865
 11
99.975
 21
101.6865
  0
LINE
  5
8D9
100
AcDbEntity
  8
0
100
AcDbLine
 62
7
  6
CONTINUOUS
 10
101.025
 20
101.6865
 11
101.475
 21
101.6865
  0
LINE
  5
8DA
100
AcDbEntity
  8
0
100
AcDbLine
 62
7
  6
CONTINUOUS
 10
102.525
 20
101.6865
 11
102.975
 21
101.6865
  0
LINE
  5
8DB
100
AcDbEntity
  8
0
100
AcDbLine
 62
7
  6
CONTINUOUS
 10
104.025
 20
101.6865
 11
104.475
 21
101.6865
  0
LINE
  5
8DC
100
AcDbEntity
  8
0
100
AcDbLine
 62
7
  6
CONTINUOUS
 10
105.525
 20
101.6865
 11
105.975
 21
101.6865
  0
LINE
  5
8DD
100
AcDbEntity
  8
0
100
AcDbLine
 62
7
  6
CONTINUOUS
 10
107.025
 20
101.6865
 11
107.475
 21
101.6865
  0
LINE
  5
8DE
100
AcDbEntity
  8
0
100
AcDbLine
 62
7
  6
CONTINUOUS
 10
108.525
 20
101.6865
 11
108.975
 21
101.6865
  0
LINE
  5
8DF
100
AcDbEntity
  8
0
100
AcDbLine
 62
7
  6
CONTINUOUS
 10
110.025
 20
101.6865
 11
110.475
 21
101.6865
  0
LINE
  5
8E0
100
AcDbEntity
  8
0
100
AcDbLine
 62
7
  6
CONTINUOUS
 10
111.525
 20
101.6865
 11
111.975
 21
101.6865
  0
LINE
  5
8E1
100
AcDbEntity
  8
0
100
AcDbLine
 62
7
  6
CONTINUOUS
 10
113.025
 20
101.6865
 11
113.475
 21
101.6865
  0
LINE
  5
8E2
100
AcDbEntity
  8
0
100
AcDbLine
 62
7
  6
CONTINUOUS
 10
114.525
 20
101.6865
 11
114.975
 21
101.6865
  0
LINE
  5
8E3
100
AcDbEntity
  8
0
100
AcDbLine
 62
7
  6
CONTINUOUS
 10
116.025
 20
101.6865
 11
116.475
 21
101.6865
  0
LINE
  5
8E4
100
AcDbEntity
  8
0
100
AcDbLine
 62
7
  6
CONTINUOUS
 10
117.525
 20
101.6865
 11
117.975
 21
101.6865
  0
LINE
  5
8E5
100
AcDbEntity
  8
0
100
AcDbLine
 62
7
  6
CONTINUOUS
 10
119.025
 20
101.6865
 11
119.475
 21
101.6865
  0
LINE
  5
8E6
100
AcDbEntity
  8
0
100
AcDbLine
 62
7
  6
CONTINUOUS
 10
120.525
 20
101.6865
 11
120.975
 21
101.6865
  0
LINE
  5
8E7
100
AcDbEntity
  8
0
100
AcDbLine
 62
7
  6
CONTINUOUS
 10
122.025
 20
101.6865
 11
122.475
 21
101.6865
  0
LINE
  5
8E8
100
AcDbEntity
  8
0
100
AcDbLine
 62
7
  6
CONTINUOUS
 10
123.525
 20
101.6865
 11
123.975
 21
101.6865
  0
LINE
  5
8E9
100
AcDbEntity
  8
0
100
AcDbLine
 62
7
  6
CONTINUOUS
 10
125.025
 20
101.6865
 11
125.475
 21
101.6865
  0
LINE
  5
8EA
100
AcDbEntity
  8
0
100
AcDbLine
 62
7
  6
CONTINUOUS
 10
126.525
 20
101.6865
 11
126.975
 21
101.6865
  0
LINE
  5
8EB
100
AcDbEntity
  8
0
100
AcDbLine
 62
7
  6
CONTINUOUS
 10
128.025
 20
101.6865
 11
128.475
 21
101.6865
  0
LINE
  5
8EC
100
AcDbEntity
  8
0
100
AcDbLine
 62
7
  6
CONTINUOUS
 10
129.525
 20
101.6865
 11
129.975
 21
101.6865
  0
LINE
  5
8ED
100
AcDbEntity
  8
0
100
AcDbLine
 62
7
  6
CONTINUOUS
 10
137.025
 20
101.6865
 11
137.475
 21
101.6865
  0
LINE
  5
8EE
100
AcDbEntity
  8
0
100
AcDbLine
 62
7
  6
CONTINUOUS
 10
138.525
 20
101.6865
 11
138.975
 21
101.6865
  0
LINE
  5
8EF
100
AcDbEntity
  8
0
100
AcDbLine
 62
7
  6
CONTINUOUS
 10
140.025
 20
101.6865
 11
140.475
 21
101.6865
  0
LINE
  5
8F0
100
AcDbEntity
  8
0
100
AcDbLine
 62
7
  6
CONTINUOUS
 10
141.525
 20
101.6865
 11
141.975
 21
101.6865
  0
LINE
  5
8F1
100
AcDbEntity
  8
0
100
AcDbLine
 62
7
  6
CONTINUOUS
 10
143.025
 20
101.6865
 11
143.475
 21
101.6865
  0
LINE
  5
8F2
100
AcDbEntity
  8
0
100
AcDbLine
 62
7
  6
CONTINUOUS
 10
117.525
 20
101.6785258453
 11
117.345
 21
102.2188915404
  0
LINE
  5
8F3
100
AcDbEntity
  8
0
100
AcDbLine
 62
7
  6
CONTINUOUS
 10
119.025
 20
101.6785258453
 11
118.845
 21
102.2188915404
  0
LINE
  5
8F4
100
AcDbEntity
  8
0
100
AcDbLine
 62
7
  6
CONTINUOUS
 10
118.7818174722
 20
99.5025
 11
118.725
 21
99.7411504194
  0
LINE
  5
8F5
100
AcDbEntity
  8
0
100
AcDbLine
 62
7
  6
CONTINUOUS
 10
120.345
 20
102.2188915404
 11
120.345
 21
102.2625
  0
LINE
  5
8F6
100
AcDbEntity
  8
0
100
AcDbLine
 62
7
  6
CONTINUOUS
 10
120.525
 20
102.2625
 11
120.525
 21
101.4225000013
  0
LINE
  5
8F7
100
AcDbEntity
  8
0
100
AcDbLine
 62
7
  6
CONTINUOUS
 10
120.525
 20
93.0525
 11
120.525
 21
92.0625
  0
LINE
  5
8F8
100
AcDbEntity
  8
0
100
AcDbLine
 62
7
  6
CONTINUOUS
 10
120.975
 20
102.2625
 11
120.975
 21
101.4225000013
  0
LINE
  5
8F9
100
AcDbEntity
  8
0
100
AcDbLine
 62
7
  6
CONTINUOUS
 10
120.975
 20
93.0525
 11
120.975
 21
92.0625
  0
LINE
  5
8FA
100
AcDbEntity
  8
0
100
AcDbLine
 62
7
  6
CONTINUOUS
 10
121.155
 20
102.2188915404
 11
121.155
 21
102.2625
  0
LINE
  5
8FB
100
AcDbEntity
  8
0
100
AcDbLine
 62
7
  6
CONTINUOUS
 10
121.275
 20
93.9525
 11
121.275
 21
92.0625
  0
LINE
  5
8FC
100
AcDbEntity
  8
0
100
AcDbLine
 62
7
  6
CONTINUOUS
 10
121.275
 20
99.7411504194
 11
121.275
 21
100.3124999994
  0
LINE
  5
8FD
100
AcDbEntity
  8
0
100
AcDbLine
 62
7
  6
CONTINUOUS
 10
121.725
 20
93.9525
 11
121.725
 21
92.0625
  0
LINE
  5
8FE
100
AcDbEntity
  8
0
100
AcDbLine
 62
7
  6
CONTINUOUS
 10
121.725
 20
99.7411504194
 11
121.725
 21
100.3124999994
  0
LINE
  5
8FF
100
AcDbEntity
  8
0
100
AcDbLine
 62
7
  6
CONTINUOUS
 10
121.845
 20
102.2188915404
 11
121.845
 21
102.2625
  0
LINE
  5
900
100
AcDbEntity
  8
0
100
AcDbLine
 62
7
  6
CONTINUOUS
 10
122.025
 20
102.2625
 11
122.025
 21
101.4225000013
  0
LINE
  5
901
100
AcDbEntity
  8
0
100
AcDbLine
 62
7
  6
CONTINUOUS
 10
122.025
 20
93.0525
 11
122.025
 21
92.0625
  0
LINE
  5
902
100
AcDbEntity
  8
0
100
AcDbLine
 62
7
  6
CONTINUOUS
 10
122.475
 20
102.2625
 11
122.475
 21
101.4225000013
  0
LINE
  5
903
100
AcDbEntity
  8
0
100
AcDbLine
 62
7
  6
CONTINUOUS
 10
122.475
 20
93.0525
 11
122.475
 21
92.0625
  0
LINE
  5
904
100
AcDbEntity
  8
0
100
AcDbLine
 62
7
  6
CONTINUOUS
 10
121.2181825278
 20
99.5025
 11
121.275
 21
99.7411504194
  0
LINE
  5
905
100
AcDbEntity
  8
0
100
AcDbLine
 62
7
  6
CONTINUOUS
 10
122.7181825278
 20
99.5025
 11
122.775
 21
99.7411504194
  0
LINE
  5
906
100
AcDbEntity
  8
0
100
AcDbLine
 62
7
  6
CONTINUOUS
 10
122.655
 20
102.2188915404
 11
122.475
 21
101.6785258453
  0
LINE
  5
907
100
AcDbEntity
  8
0
100
AcDbLine
 62
7
  6
CONTINUOUS
 10
124.155
 20
102.2188915404
 11
123.975
 21
101.6785258453
  0
LINE
  5
908
100
AcDbEntity
  8
0
100
AcDbLine
 62
7
  6
CONTINUOUS
 10
144.57
 20
102.2625
 11
136.215
 21
102.2625
  0
LINE
  5
909
100
AcDbEntity
  8
0
100
AcDbLine
 62
7
  6
CONTINUOUS
 10
130.785
 20
102.2625
 11
86.43
 21
102.2625
  0
LINE
  5
90A
100
AcDbEntity
  8
0
100
AcDbLine
 62
7
  6
CONTINUOUS
 10
86.43
 20
102.9825
 11
130.785
 21
102.9825
  0
LINE
  5
90B
100
AcDbEntity
  8
0
100
AcDbLine
 62
7
  6
CONTINUOUS
 10
136.215
 20
102.9825
 11
144.57
 21
102.9825
  0
LINE
  5
90C
100
AcDbEntity
  8
0
100
AcDbLine
 62
7
  6
CONTINUOUS
 10
86.43
 20
103.4325
 11
130.785
 21
103.4325
  0
LINE
  5
90D
100
AcDbEntity
  8
0
100
AcDbLine
 62
7
  6
CONTINUOUS
 10
136.215
 20
103.4325
 11
144.57
 21
103.4325
  0
LINE
  5
90E
100
AcDbEntity
  8
0
100
AcDbLine
 62
7
  6
CONTINUOUS
 10
85.275
 20
103.9125
 11
86.43
 21
103.9125
  0
LINE
  5
90F
100
AcDbEntity
  8
0
100
AcDbLine
 62
7
  6
CONTINUOUS
 10
130.785
 20
103.9125
 11
132.225
 21
103.9125
  0
LINE
  5
910
100
AcDbEntity
  8
0
100
AcDbLine
 62
7
  6
CONTINUOUS
 10
135.525
 20
103.9125
 11
136.215
 21
103.9125
  0
LINE
  5
911
100
AcDbEntity
  8
0
100
AcDbLine
 62
7
  6
CONTINUOUS
 10
144.57
 20
103.9125
 11
145.725
 21
103.9125
  0
LINE
  5
912
100
AcDbEntity
  8
0
100
AcDbLine
 62
7
  6
CONTINUOUS
 10
120.525
 20
101.6785258453
 11
120.345
 21
102.2188915404
  0
LINE
  5
913
100
AcDbEntity
  8
0
100
AcDbLine
 62
7
  6
CONTINUOUS
 10
120.2818174722
 20
99.5025
 11
120.225
 21
99.7411504194
  0
LINE
  5
914
100
AcDbEntity
  8
0
100
AcDbLine
 62
7
  6
CONTINUOUS
 10
121.7818174722
 20
99.5025
 11
121.725
 21
99.7411504194
  0
LINE
  5
915
100
AcDbEntity
  8
0
100
AcDbLine
 62
7
  6
CONTINUOUS
 10
122.655
 20
102.2188915404
 11
122.655
 21
102.2625
  0
LINE
  5
916
100
AcDbEntity
  8
0
100
AcDbLine
 62
7
  6
CONTINUOUS
 10
122.775
 20
93.9525
 11
122.775
 21
92.0625
  0
LINE
  5
917
100
AcDbEntity
  8
0
100
AcDbLine
 62
7
  6
CONTINUOUS
 10
122.775
 20
99.7411504194
 11
122.775
 21
100.3124999994
  0
LINE
  5
918
100
AcDbEntity
  8
0
100
AcDbLine
 62
7
  6
CONTINUOUS
 10
123.225
 20
93.9525
 11
123.225
 21
92.0625
  0
LINE
  5
919
100
AcDbEntity
  8
0
100
AcDbLine
 62
7
  6
CONTINUOUS
 10
123.225
 20
99.7411504194
 11
123.225
 21
100.3124999994
  0
LINE
  5
91A
100
AcDbEntity
  8
0
100
AcDbLine
 62
7
  6
CONTINUOUS
 10
123.345
 20
102.2188915404
 11
123.345
 21
102.2625
  0
LINE
  5
91B
100
AcDbEntity
  8
0
100
AcDbLine
 62
7
  6
CONTINUOUS
 10
123.525
 20
102.2625
 11
123.525
 21
101.4225000013
  0
LINE
  5
91C
100
AcDbEntity
  8
0
100
AcDbLine
 62
7
  6
CONTINUOUS
 10
123.525
 20
93.0525
 11
123.525
 21
92.0625
  0
LINE
  5
91D
100
AcDbEntity
  8
0
100
AcDbLine
 62
7
  6
CONTINUOUS
 10
123.975
 20
102.2625
 11
123.975
 21
101.4225000013
  0
LINE
  5
91E
100
AcDbEntity
  8
0
100
AcDbLine
 62
7
  6
CONTINUOUS
 10
123.975
 20
93.0525
 11
123.975
 21
92.0625
  0
LINE
  5
91F
100
AcDbEntity
  8
0
100
AcDbLine
 62
7
  6
CONTINUOUS
 10
124.155
 20
102.2188915404
 11
124.155
 21
102.2625
  0
LINE
  5
920
100
AcDbEntity
  8
0
100
AcDbLine
 62
7
  6
CONTINUOUS
 10
124.275
 20
93.9525
 11
124.275
 21
92.0625
  0
LINE
  5
921
100
AcDbEntity
  8
0
100
AcDbLine
 62
7
  6
CONTINUOUS
 10
124.275
 20
99.7411504194
 11
124.275
 21
100.3124999994
  0
LINE
  5
922
100
AcDbEntity
  8
0
100
AcDbLine
 62
7
  6
CONTINUOUS
 10
124.725
 20
93.9525
 11
124.725
 21
92.0625
  0
LINE
  5
923
100
AcDbEntity
  8
0
100
AcDbLine
 62
7
  6
CONTINUOUS
 10
124.725
 20
99.7411504194
 11
124.725
 21
100.3124999994
  0
LINE
  5
924
100
AcDbEntity
  8
0
100
AcDbLine
 62
7
  6
CONTINUOUS
 10
124.2181825278
 20
99.5025
 11
124.275
 21
99.7411504194
  0
LINE
  5
925
100
AcDbEntity
  8
0
100
AcDbLine
 62
7
  6
CONTINUOUS
 10
125.655
 20
102.2188915404
 11
125.475
 21
101.6785258453
  0
LINE
  5
926
100
AcDbEntity
  8
0
100
AcDbLine
 62
7
  6
CONTINUOUS
 10
82.65
 20
104.3625
 11
148.35
 21
104.3625
  0
LINE
  5
927
100
AcDbEntity
  8
0
100
AcDbLine
 62
7
  6
CONTINUOUS
 10
122.025
 20
101.6785258453
 11
121.845
 21
102.2188915404
  0
LINE
  5
928
100
AcDbEntity
  8
0
100
AcDbLine
 62
7
  6
CONTINUOUS
 10
123.525
 20
101.6785258453
 11
123.345
 21
102.2188915404
  0
LINE
  5
929
100
AcDbEntity
  8
0
100
AcDbLine
 62
7
  6
CONTINUOUS
 10
123.2818174722
 20
99.5025
 11
123.225
 21
99.7411504194
  0
LINE
  5
92A
100
AcDbEntity
  8
0
100
AcDbLine
 62
7
  6
CONTINUOUS
 10
124.845
 20
102.2188915404
 11
124.845
 21
102.2625
  0
LINE
  5
92B
100
AcDbEntity
  8
0
100
AcDbLine
 62
7
  6
CONTINUOUS
 10
125.025
 20
102.2625
 11
125.025
 21
101.4225000013
  0
LINE
  5
92C
100
AcDbEntity
  8
0
100
AcDbLine
 62
7
  6
CONTINUOUS
 10
125.025
 20
93.0525
 11
125.025
 21
92.0625
  0
LINE
  5
92D
100
AcDbEntity
  8
0
100
AcDbLine
 62
7
  6
CONTINUOUS
 10
125.475
 20
102.2625
 11
125.475
 21
101.4225000013
  0
LINE
  5
92E
100
AcDbEntity
  8
0
100
AcDbLine
 62
7
  6
CONTINUOUS
 10
125.475
 20
93.0525
 11
125.475
 21
92.0625
  0
LINE
  5
92F
100
AcDbEntity
  8
0
100
AcDbLine
 62
7
  6
CONTINUOUS
 10
125.655
 20
102.2188915404
 11
125.655
 21
102.2625
  0
LINE
  5
930
100
AcDbEntity
  8
0
100
AcDbLine
 62
7
  6
CONTINUOUS
 10
125.775
 20
93.9525
 11
125.775
 21
92.0625
  0
LINE
  5
931
100
AcDbEntity
  8
0
100
AcDbLine
 62
7
  6
CONTINUOUS
 10
125.775
 20
99.7411504194
 11
125.775
 21
100.3124999994
  0
LINE
  5
932
100
AcDbEntity
  8
0
100
AcDbLine
 62
7
  6
CONTINUOUS
 10
126.225
 20
93.9525
 11
126.225
 21
92.0625
  0
LINE
  5
933
100
AcDbEntity
  8
0
100
AcDbLine
 62
7
  6
CONTINUOUS
 10
126.225
 20
99.7411504194
 11
126.225
 21
100.3124999994
  0
LINE
  5
934
100
AcDbEntity
  8
0
100
AcDbLine
 62
7
  6
CONTINUOUS
 10
126.345
 20
102.2188915404
 11
126.345
 21
102.2625
  0
LINE
  5
935
100
AcDbEntity
  8
0
100
AcDbLine
 62
7
  6
CONTINUOUS
 10
126.525
 20
102.2625
 11
126.525
 21
101.4225000013
  0
LINE
  5
936
100
AcDbEntity
  8
0
100
AcDbLine
 62
7
  6
CONTINUOUS
 10
126.525
 20
93.0525
 11
126.525
 21
92.0625
  0
LINE
  5
937
100
AcDbEntity
  8
0
100
AcDbLine
 62
7
  6
CONTINUOUS
 10
126.975
 20
102.2625
 11
126.975
 21
101.4225000013
  0
LINE
  5
938
100
AcDbEntity
  8
0
100
AcDbLine
 62
7
  6
CONTINUOUS
 10
126.975
 20
93.0525
 11
126.975
 21
92.0625
  0
LINE
  5
939
100
AcDbEntity
  8
0
100
AcDbLine
 62
7
  6
CONTINUOUS
 10
125.7181825278
 20
99.5025
 11
125.775
 21
99.7411504194
  0
LINE
  5
93A
100
AcDbEntity
  8
0
100
AcDbLine
 62
7
  6
CONTINUOUS
 10
127.2181825278
 20
99.5025
 11
127.275
 21
99.7411504194
  0
LINE
  5
93B
100
AcDbEntity
  8
0
100
AcDbLine
 62
7
  6
CONTINUOUS
 10
127.155
 20
102.2188915404
 11
126.975
 21
101.6785258453
  0
LINE
  5
93C
100
AcDbEntity
  8
0
100
AcDbLine
 62
7
  6
CONTINUOUS
 10
128.655
 20
102.2188915404
 11
128.475
 21
101.6785258453
  0
LINE
  5
93D
100
AcDbEntity
  8
0
100
AcDbLine
 62
7
  6
CONTINUOUS
 10
125.025
 20
101.6785258453
 11
124.845
 21
102.2188915404
  0
LINE
  5
93E
100
AcDbEntity
  8
0
100
AcDbLine
 62
7
  6
CONTINUOUS
 10
124.7818174722
 20
99.5025
 11
124.725
 21
99.7411504194
  0
LINE
  5
93F
100
AcDbEntity
  8
0
100
AcDbLine
 62
7
  6
CONTINUOUS
 10
126.2818174722
 20
99.5025
 11
126.225
 21
99.7411504194
  0
LINE
  5
940
100
AcDbEntity
  8
0
100
AcDbLine
 62
7
  6
CONTINUOUS
 10
127.155
 20
102.2188915404
 11
127.155
 21
102.2625
  0
LINE
  5
941
100
AcDbEntity
  8
0
100
AcDbLine
 62
7
  6
CONTINUOUS
 10
127.275
 20
93.9525
 11
127.275
 21
92.0625
  0
LINE
  5
942
100
AcDbEntity
  8
0
100
AcDbLine
 62
7
  6
CONTINUOUS
 10
127.275
 20
99.7411504194
 11
127.275
 21
100.3124999994
  0
LINE
  5
943
100
AcDbEntity
  8
0
100
AcDbLine
 62
7
  6
CONTINUOUS
 10
127.725
 20
93.9525
 11
127.725
 21
92.0625
  0
LINE
  5
944
100
AcDbEntity
  8
0
100
AcDbLine
 62
7
  6
CONTINUOUS
 10
127.725
 20
99.7411504194
 11
127.725
 21
100.3124999994
  0
LINE
  5
945
100
AcDbEntity
  8
0
100
AcDbLine
 62
7
  6
CONTINUOUS
 10
127.845
 20
102.2188915404
 11
127.845
 21
102.2625
  0
LINE
  5
946
100
AcDbEntity
  8
0
100
AcDbLine
 62
7
  6
CONTINUOUS
 10
128.025
 20
102.2625
 11
128.025
 21
101.4225000013
  0
LINE
  5
947
100
AcDbEntity
  8
0
100
AcDbLine
 62
7
  6
CONTINUOUS
 10
128.025
 20
93.0525
 11
128.025
 21
92.0625
  0
LINE
  5
948
100
AcDbEntity
  8
0
100
AcDbLine
 62
7
  6
CONTINUOUS
 10
128.475
 20
102.2625
 11
128.475
 21
101.4225000013
  0
LINE
  5
949
100
AcDbEntity
  8
0
100
AcDbLine
 62
7
  6
CONTINUOUS
 10
128.475
 20
93.0525
 11
128.475
 21
92.0625
  0
LINE
  5
94A
100
AcDbEntity
  8
0
100
AcDbLine
 62
7
  6
CONTINUOUS
 10
128.655
 20
102.2188915404
 11
128.655
 21
102.2625
  0
LINE
  5
94B
100
AcDbEntity
  8
0
100
AcDbLine
 62
7
  6
CONTINUOUS
 10
128.775
 20
93.9525
 11
128.775
 21
92.0625
  0
LINE
  5
94C
100
AcDbEntity
  8
0
100
AcDbLine
 62
7
  6
CONTINUOUS
 10
128.775
 20
99.7411504194
 11
128.775
 21
100.3124999994
  0
LINE
  5
94D
100
AcDbEntity
  8
0
100
AcDbLine
 62
7
  6
CONTINUOUS
 10
129.225
 20
93.9525
 11
129.225
 21
92.0625
  0
LINE
  5
94E
100
AcDbEntity
  8
0
100
AcDbLine
 62
7
  6
CONTINUOUS
 10
129.225
 20
99.7411504194
 11
129.225
 21
100.3124999994
  0
LINE
  5
94F
100
AcDbEntity
  8
0
100
AcDbLine
 62
7
  6
CONTINUOUS
 10
128.7181825278
 20
99.5025
 11
128.775
 21
99.7411504194
  0
LINE
  5
950
100
AcDbEntity
  8
0
100
AcDbLine
 62
7
  6
CONTINUOUS
 10
130.155
 20
102.2188915404
 11
129.975
 21
101.6785258453
  0
LINE
  5
951
100
AcDbEntity
  8
0
100
AcDbLine
 62
7
  6
CONTINUOUS
 10
126.525
 20
101.6785258453
 11
126.345
 21
102.2188915404
  0
LINE
  5
952
100
AcDbEntity
  8
0
100
AcDbLine
 62
7
  6
CONTINUOUS
 10
128.025
 20
101.6785258453
 11
127.845
 21
102.2188915404
  0
LINE
  5
953
100
AcDbEntity
  8
0
100
AcDbLine
 62
7
  6
CONTINUOUS
 10
127.7818174722
 20
99.5025
 11
127.725
 21
99.7411504194
  0
LINE
  5
954
100
AcDbEntity
  8
0
100
AcDbLine
 62
7
  6
CONTINUOUS
 10
129.345
 20
102.2188915404
 11
129.345
 21
102.2625
  0
LINE
  5
955
100
AcDbEntity
  8
0
100
AcDbLine
 62
7
  6
CONTINUOUS
 10
129.525
 20
102.2625
 11
129.525
 21
101.4225000013
  0
LINE
  5
956
100
AcDbEntity
  8
0
100
AcDbLine
 62
7
  6
CONTINUOUS
 10
129.525
 20
93.0525
 11
129.525
 21
92.0625
  0
LINE
  5
957
100
AcDbEntity
  8
0
100
AcDbLine
 62
7
  6
CONTINUOUS
 10
129.975
 20
102.2625
 11
129.975
 21
101.4225000013
  0
LINE
  5
958
100
AcDbEntity
  8
0
100
AcDbLine
 62
7
  6
CONTINUOUS
 10
129.975
 20
93.0525
 11
129.975
 21
92.0625
  0
LINE
  5
959
100
AcDbEntity
  8
0
100
AcDbLine
 62
7
  6
CONTINUOUS
 10
130.155
 20
102.2188915404
 11
130.155
 21
102.2625
  0
LINE
  5
95A
100
AcDbEntity
  8
0
100
AcDbLine
 62
7
  6
CONTINUOUS
 10
130.275
 20
93.9525
 11
130.275
 21
92.0625
  0
LINE
  5
95B
100
AcDbEntity
  8
0
100
AcDbLine
 62
7
  6
CONTINUOUS
 10
130.275
 20
99.7411504194
 11
130.275
 21
100.3124999994
  0
LINE
  5
95C
100
AcDbEntity
  8
0
100
AcDbLine
 62
7
  6
CONTINUOUS
 10
130.725
 20
93.9525
 11
130.725
 21
92.0625
  0
LINE
  5
95D
100
AcDbEntity
  8
0
100
AcDbLine
 62
7
  6
CONTINUOUS
 10
130.725
 20
99.7411504194
 11
130.725
 21
100.3124999994
  0
LINE
  5
95E
100
AcDbEntity
  8
0
100
AcDbLine
 62
7
  6
CONTINUOUS
 10
130.785
 20
101.3925
 11
130.785
 21
101.3625
  0
LINE
  5
95F
100
AcDbEntity
  8
0
100
AcDbLine
 62
7
  6
CONTINUOUS
 10
130.785
 20
102.2625
 11
130.785
 21
103.9125
  0
LINE
  5
960
100
AcDbEntity
  8
0
100
AcDbLine
 62
7
  6
CONTINUOUS
 10
130.2181825278
 20
99.5025
 11
130.275
 21
99.7411504194
  0
LINE
  5
961
100
AcDbEntity
  8
0
100
AcDbLine
 62
7
  6
CONTINUOUS
 10
129.525
 20
101.6785258453
 11
129.345
 21
102.2188915404
  0
LINE
  5
962
100
AcDbEntity
  8
0
100
AcDbLine
 62
7
  6
CONTINUOUS
 10
129.2818174722
 20
99.5025
 11
129.225
 21
99.7411504194
  0
LINE
  5
963
100
AcDbEntity
  8
0
100
AcDbLine
 62
7
  6
CONTINUOUS
 10
130.7818174722
 20
99.5025
 11
130.725
 21
99.7411504194
  0
LINE
  5
964
100
AcDbEntity
  8
0
100
AcDbLine
 62
7
  6
CONTINUOUS
 10
131.535
 20
99.5025
 11
131.535
 21
98.9025
  0
LINE
  5
965
100
AcDbEntity
  8
0
100
AcDbLine
 62
7
  6
CONTINUOUS
 10
131.865
 20
93.9525
 11
131.865
 21
95.1525
  0
LINE
  5
966
100
AcDbEntity
  8
0
100
AcDbLine
 62
7
  6
CONTINUOUS
 10
131.865
 20
96.7125
 11
131.865
 21
98.9025
  0
LINE
  5
967
100
AcDbEntity
  8
0
100
AcDbLine
 62
7
  6
CONTINUOUS
 10
132.225
 20
98.9025
 11
132.225
 21
103.9125
  0
LINE
  5
968
100
AcDbEntity
  8
0
100
AcDbLine
 62
7
  6
CONTINUOUS
 10
133.725
 20
98.9025
 11
133.725
 21
104.3625
  0
LINE
  5
969
100
AcDbEntity
  8
0
100
AcDbLine
 62
7
  6
CONTINUOUS
 10
134.025
 20
104.3625
 11
134.025
 21
98.9025
  0
LINE
  5
96A
100
AcDbEntity
  8
0
100
AcDbLine
 62
7
  6
CONTINUOUS
 10
135.525
 20
103.9125
 11
135.525
 21
98.9025
  0
LINE
  5
96B
100
AcDbEntity
  8
0
100
AcDbLine
 62
7
  6
CONTINUOUS
 10
137.655
 20
102.2188915404
 11
137.475
 21
101.6785258453
  0
LINE
  5
96C
100
AcDbEntity
  8
0
100
AcDbLine
 62
7
  6
CONTINUOUS
 10
143.925
 20
90.2625
 11
143.325
 21
91.1625
  0
LINE
  5
96D
100
AcDbEntity
  8
0
100
AcDbLine
 62
7
  6
CONTINUOUS
 10
136.215
 20
101.3925
 11
136.215
 21
101.3625
  0
LINE
  5
96E
100
AcDbEntity
  8
0
100
AcDbLine
 62
7
  6
CONTINUOUS
 10
136.215
 20
102.2625
 11
136.215
 21
103.9125
  0
LINE
  5
96F
100
AcDbEntity
  8
0
100
AcDbLine
 62
7
  6
CONTINUOUS
 10
136.635
 20
93.9525
 11
136.635
 21
95.1525
  0
LINE
  5
970
100
AcDbEntity
  8
0
100
AcDbLine
 62
7
  6
CONTINUOUS
 10
136.635
 20
96.7125
 11
136.635
 21
98.9025
  0
LINE
  5
971
100
AcDbEntity
  8
0
100
AcDbLine
 62
7
  6
CONTINUOUS
 10
136.845
 20
102.2188915404
 11
136.845
 21
102.2625
  0
LINE
  5
972
100
AcDbEntity
  8
0
100
AcDbLine
 62
7
  6
CONTINUOUS
 10
136.965
 20
99.5025
 11
136.965
 21
98.9025
  0
LINE
  5
973
100
AcDbEntity
  8
0
100
AcDbLine
 62
7
  6
CONTINUOUS
 10
137.025
 20
102.2625
 11
137.025
 21
101.4225000013
  0
LINE
  5
974
100
AcDbEntity
  8
0
100
AcDbLine
 62
7
  6
CONTINUOUS
 10
137.025
 20
93.0525
 11
137.025
 21
92.0625
  0
LINE
  5
975
100
AcDbEntity
  8
0
100
AcDbLine
 62
7
  6
CONTINUOUS
 10
137.475
 20
102.2625
 11
137.475
 21
101.4225000013
  0
LINE
  5
976
100
AcDbEntity
  8
0
100
AcDbLine
 62
7
  6
CONTINUOUS
 10
137.475
 20
93.0525
 11
137.475
 21
92.0625
  0
LINE
  5
977
100
AcDbEntity
  8
0
100
AcDbLine
 62
7
  6
CONTINUOUS
 10
137.655
 20
102.2188915404
 11
137.655
 21
102.2625
  0
LINE
  5
978
100
AcDbEntity
  8
0
100
AcDbLine
 62
7
  6
CONTINUOUS
 10
137.775
 20
93.9525
 11
137.775
 21
92.0625
  0
LINE
  5
979
100
AcDbEntity
  8
0
100
AcDbLine
 62
7
  6
CONTINUOUS
 10
137.775
 20
99.7411504194
 11
137.775
 21
100.3124999994
  0
LINE
  5
97A
100
AcDbEntity
  8
0
100
AcDbLine
 62
7
  6
CONTINUOUS
 10
137.7181825278
 20
99.5025
 11
137.775
 21
99.7411504194
  0
LINE
  5
97B
100
AcDbEntity
  8
0
100
AcDbLine
 62
7
  6
CONTINUOUS
 10
139.2181825278
 20
99.5025
 11
139.275
 21
99.7411504194
  0
LINE
  5
97C
100
AcDbEntity
  8
0
100
AcDbLine
 62
7
  6
CONTINUOUS
 10
139.155
 20
102.2188915404
 11
138.975
 21
101.6785258453
  0
LINE
  5
97D
100
AcDbEntity
  8
0
100
AcDbLine
 62
7
  6
CONTINUOUS
 10
140.655
 20
102.2188915404
 11
140.475
 21
101.6785258453
  0
LINE
  5
97E
100
AcDbEntity
  8
0
100
AcDbLine
 62
7
  6
CONTINUOUS
 10
137.025
 20
101.6785258453
 11
136.845
 21
102.2188915404
  0
LINE
  5
97F
100
AcDbEntity
  8
0
100
AcDbLine
 62
7
  6
CONTINUOUS
 10
138.2818174722
 20
99.5025
 11
138.225
 21
99.7411504194
  0
LINE
  5
980
100
AcDbEntity
  8
0
100
AcDbLine
 62
7
  6
CONTINUOUS
 10
138.225
 20
93.9525
 11
138.225
 21
92.0625
  0
LINE
  5
981
100
AcDbEntity
  8
0
100
AcDbLine
 62
7
  6
CONTINUOUS
 10
138.225
 20
99.7411504194
 11
138.225
 21
100.3124999994
  0
LINE
  5
982
100
AcDbEntity
  8
0
100
AcDbLine
 62
7
  6
CONTINUOUS
 10
138.345
 20
102.2188915404
 11
138.345
 21
102.2625
  0
LINE
  5
983
100
AcDbEntity
  8
0
100
AcDbLine
 62
7
  6
CONTINUOUS
 10
138.525
 20
102.2625
 11
138.525
 21
101.4225000013
  0
LINE
  5
984
100
AcDbEntity
  8
0
100
AcDbLine
 62
7
  6
CONTINUOUS
 10
138.525
 20
93.0525
 11
138.525
 21
92.0625
  0
LINE
  5
985
100
AcDbEntity
  8
0
100
AcDbLine
 62
7
  6
CONTINUOUS
 10
138.975
 20
102.2625
 11
138.975
 21
101.4225000013
  0
LINE
  5
986
100
AcDbEntity
  8
0
100
AcDbLine
 62
7
  6
CONTINUOUS
 10
138.975
 20
93.0525
 11
138.975
 21
92.0625
  0
LINE
  5
987
100
AcDbEntity
  8
0
100
AcDbLine
 62
7
  6
CONTINUOUS
 10
139.155
 20
102.2188915404
 11
139.155
 21
102.2625
  0
LINE
  5
988
100
AcDbEntity
  8
0
100
AcDbLine
 62
7
  6
CONTINUOUS
 10
139.275
 20
93.9525
 11
139.275
 21
92.0625
  0
LINE
  5
989
100
AcDbEntity
  8
0
100
AcDbLine
 62
7
  6
CONTINUOUS
 10
139.275
 20
99.7411504194
 11
139.275
 21
100.3124999994
  0
LINE
  5
98A
100
AcDbEntity
  8
0
100
AcDbLine
 62
7
  6
CONTINUOUS
 10
139.725
 20
93.9525
 11
139.725
 21
92.0625
  0
LINE
  5
98B
100
AcDbEntity
  8
0
100
AcDbLine
 62
7
  6
CONTINUOUS
 10
139.725
 20
99.7411504194
 11
139.725
 21
100.3124999994
  0
LINE
  5
98C
100
AcDbEntity
  8
0
100
AcDbLine
 62
7
  6
CONTINUOUS
 10
139.845
 20
102.2188915404
 11
139.845
 21
102.2625
  0
LINE
  5
98D
100
AcDbEntity
  8
0
100
AcDbLine
 62
7
  6
CONTINUOUS
 10
140.025
 20
102.2625
 11
140.025
 21
101.4225000013
  0
LINE
  5
98E
100
AcDbEntity
  8
0
100
AcDbLine
 62
7
  6
CONTINUOUS
 10
140.025
 20
93.0525
 11
140.025
 21
92.0625
  0
LINE
  5
98F
100
AcDbEntity
  8
0
100
AcDbLine
 62
7
  6
CONTINUOUS
 10
140.7181825278
 20
99.5025
 11
140.775
 21
99.7411504194
  0
LINE
  5
990
100
AcDbEntity
  8
0
100
AcDbLine
 62
7
  6
CONTINUOUS
 10
142.155
 20
102.2188915404
 11
141.975
 21
101.6785258453
  0
LINE
  5
991
100
AcDbEntity
  8
0
100
AcDbLine
 62
7
  6
CONTINUOUS
 10
138.525
 20
101.6785258453
 11
138.345
 21
102.2188915404
  0
LINE
  5
992
100
AcDbEntity
  8
0
100
AcDbLine
 62
7
  6
CONTINUOUS
 10
140.025
 20
101.6785258453
 11
139.845
 21
102.2188915404
  0
LINE
  5
993
100
AcDbEntity
  8
0
100
AcDbLine
 62
7
  6
CONTINUOUS
 10
139.7818174722
 20
99.5025
 11
139.725
 21
99.7411504194
  0
LINE
  5
994
100
AcDbEntity
  8
0
100
AcDbLine
 62
7
  6
CONTINUOUS
 10
140.475
 20
102.2625
 11
140.475
 21
101.4225000013
  0
LINE
  5
995
100
AcDbEntity
  8
0
100
AcDbLine
 62
7
  6
CONTINUOUS
 10
140.475
 20
93.0525
 11
140.475
 21
92.0625
  0
LINE
  5
996
100
AcDbEntity
  8
0
100
AcDbLine
 62
7
  6
CONTINUOUS
 10
140.655
 20
102.2188915404
 11
140.655
 21
102.2625
  0
LINE
  5
997
100
AcDbEntity
  8
0
100
AcDbLine
 62
7
  6
CONTINUOUS
 10
140.775
 20
93.9525
 11
140.775
 21
92.0625
  0
LINE
  5
998
100
AcDbEntity
  8
0
100
AcDbLine
 62
7
  6
CONTINUOUS
 10
140.775
 20
99.7411504194
 11
140.775
 21
100.3124999994
  0
LINE
  5
999
100
AcDbEntity
  8
0
100
AcDbLine
 62
7
  6
CONTINUOUS
 10
141.225
 20
93.9525
 11
141.225
 21
92.0625
  0
LINE
  5
99A
100
AcDbEntity
  8
0
100
AcDbLine
 62
7
  6
CONTINUOUS
 10
141.225
 20
99.7411504194
 11
141.225
 21
100.3124999994
  0
LINE
  5
99B
100
AcDbEntity
  8
0
100
AcDbLine
 62
7
  6
CONTINUOUS
 10
141.345
 20
102.2188915404
 11
141.345
 21
102.2625
  0
LINE
  5
99C
100
AcDbEntity
  8
0
100
AcDbLine
 62
7
  6
CONTINUOUS
 10
141.525
 20
102.2625
 11
141.525
 21
101.4225000013
  0
LINE
  5
99D
100
AcDbEntity
  8
0
100
AcDbLine
 62
7
  6
CONTINUOUS
 10
141.525
 20
93.0525
 11
141.525
 21
92.0625
  0
LINE
  5
99E
100
AcDbEntity
  8
0
100
AcDbLine
 62
7
  6
CONTINUOUS
 10
141.975
 20
102.2625
 11
141.975
 21
101.4225000013
  0
LINE
  5
99F
100
AcDbEntity
  8
0
100
AcDbLine
 62
7
  6
CONTINUOUS
 10
141.975
 20
93.0525
 11
141.975
 21
92.0625
  0
LINE
  5
9A0
100
AcDbEntity
  8
0
100
AcDbLine
 62
7
  6
CONTINUOUS
 10
142.155
 20
102.2188915404
 11
142.155
 21
102.2625
  0
LINE
  5
9A1
100
AcDbEntity
  8
0
100
AcDbLine
 62
7
  6
CONTINUOUS
 10
142.275
 20
93.9525
 11
142.275
 21
92.0625
  0
LINE
  5
9A2
100
AcDbEntity
  8
0
100
AcDbLine
 62
7
  6
CONTINUOUS
 10
142.275
 20
99.7411504194
 11
142.275
 21
100.3124999994
  0
LINE
  5
9A3
100
AcDbEntity
  8
0
100
AcDbLine
 62
7
  6
CONTINUOUS
 10
142.2181825278
 20
99.5025
 11
142.275
 21
99.7411504194
  0
LINE
  5
9A4
100
AcDbEntity
  8
0
100
AcDbLine
 62
7
  6
CONTINUOUS
 10
143.655
 20
102.2188915404
 11
143.475
 21
101.6785258453
  0
LINE
  5
9A5
100
AcDbEntity
  8
0
100
AcDbLine
 62
7
  6
CONTINUOUS
 10
141.525
 20
101.6785258453
 11
141.345
 21
102.2188915404
  0
LINE
  5
9A6
100
AcDbEntity
  8
0
100
AcDbLine
 62
7
  6
CONTINUOUS
 10
141.2818174722
 20
99.5025
 11
141.225
 21
99.7411504194
  0
LINE
  5
9A7
100
AcDbEntity
  8
0
100
AcDbLine
 62
7
  6
CONTINUOUS
 10
142.7818174722
 20
99.5025
 11
142.725
 21
99.7411504194
  0
LINE
  5
9A8
100
AcDbEntity
  8
0
100
AcDbLine
 62
7
  6
CONTINUOUS
 10
142.725
 20
93.9525
 11
142.725
 21
92.0625
  0
LINE
  5
9A9
100
AcDbEntity
  8
0
100
AcDbLine
 62
7
  6
CONTINUOUS
 10
142.725
 20
99.7411504194
 11
142.725
 21
100.3124999994
  0
LINE
  5
9AA
100
AcDbEntity
  8
0
100
AcDbLine
 62
7
  6
CONTINUOUS
 10
142.845
 20
102.2188915404
 11
142.845
 21
102.2625
  0
LINE
  5
9AB
100
AcDbEntity
  8
0
100
AcDbLine
 62
7
  6
CONTINUOUS
 10
143.025
 20
102.2625
 11
143.025
 21
101.4225000013
  0
LINE
  5
9AC
100
AcDbEntity
  8
0
100
AcDbLine
 62
7
  6
CONTINUOUS
 10
143.025
 20
92.2125
 11
143.025
 21
92.0625
  0
LINE
  5
9AD
100
AcDbEntity
  8
0
100
AcDbLine
 62
7
  6
CONTINUOUS
 10
143.325
 20
91.1625
 11
143.325
 21
92.2125
  0
LINE
  5
9AE
100
AcDbEntity
  8
0
100
AcDbLine
 62
7
  6
CONTINUOUS
 10
143.475
 20
102.2625
 11
143.475
 21
101.4225000013
  0
LINE
  5
9AF
100
AcDbEntity
  8
0
100
AcDbLine
 62
7
  6
CONTINUOUS
 10
143.655
 20
102.2188915404
 11
143.655
 21
102.2625
  0
LINE
  5
9B0
100
AcDbEntity
  8
0
100
AcDbLine
 62
7
  6
CONTINUOUS
 10
144.0
 20
93.0525
 11
144.0
 21
99.5025
  0
LINE
  5
9B1
100
AcDbEntity
  8
0
100
AcDbLine
 62
7
  6
CONTINUOUS
 10
144.57
 20
102.2625
 11
144.57
 21
103.9125
  0
LINE
  5
9B2
100
AcDbEntity
  8
0
100
AcDbLine
 62
7
  6
CONTINUOUS
 10
143.025
 20
101.6785258453
 11
142.845
 21
102.2188915404
  0
LINE
  5
9B3
100
AcDbEntity
  8
0
100
AcDbLine
 62
7
  6
CONTINUOUS
 10
145.725
 20
98.2125
 11
145.725
 21
103.9125
  0
LINE
  5
9B4
100
AcDbEntity
  8
0
100
AcDbLine
 62
7
  6
CONTINUOUS
 10
147.225
 20
98.2125
 11
147.225
 21
104.3625
  0
LINE
  5
9B5
100
AcDbEntity
  8
0
100
AcDbLine
 62
7
  6
CONTINUOUS
 10
147.675
 20
91.1625
 11
147.675
 21
92.2125
  0
LINE
  5
9B6
100
AcDbEntity
  8
0
100
AcDbLine
 62
7
  6
CONTINUOUS
 10
147.75
 20
92.2125
 11
147.75
 21
92.0625
  0
LINE
  5
9B7
100
AcDbEntity
  8
0
100
AcDbLine
 62
7
  6
CONTINUOUS
 10
148.35
 20
104.3625
 11
148.35
 21
92.2125
  0
LINE
  5
9B8
100
AcDbEntity
  8
0
100
AcDbLine
 62
7
  6
CONTINUOUS
 10
147.075
 20
90.2625
 11
147.675
 21
91.1625
  0
LINE
  5
9B9
100
AcDbEntity
  8
0
100
AcDbLine
 62
7
  6
CONTINUOUS
 10
82.65
 20
189.8625
 11
82.65
 21
209.3625
  0
LINE
  5
9BA
100
AcDbEntity
  8
0
100
AcDbLine
 62
7
  6
CONTINUOUS
 10
83.775
 20
189.8625
 11
83.775
 21
192.8625
  0
LINE
  5
9BB
100
AcDbEntity
  8
0
100
AcDbLine
 62
7
  6
CONTINUOUS
 10
85.275
 20
191.3625
 11
85.275
 21
192.8625
  0
LINE
  5
9BC
100
AcDbEntity
  8
0
100
AcDbLine
 62
7
  6
CONTINUOUS
 10
87.0
 20
192.8625
 11
87.0
 21
186.1125
  0
LINE
  5
9BD
100
AcDbEntity
  8
0
100
AcDbLine
 62
7
  6
CONTINUOUS
 10
87.525
 20
211.1625
 11
87.525
 21
209.3625
  0
LINE
  5
9BE
100
AcDbEntity
  8
0
100
AcDbLine
 62
7
  6
CONTINUOUS
 10
87.75
 20
209.3325
 11
86.85
 21
207.7736542732
  0
LINE
  5
9BF
100
AcDbEntity
  8
0
100
AcDbLine
 62
7
  6
CONTINUOUS
 10
88.7818174722
 20
191.3581162321
 11
88.725
 21
192.1725
  0
LINE
  5
9C0
100
AcDbEntity
  8
0
100
AcDbLine
 62
7
  6
CONTINUOUS
 10
90.2818174722
 20
191.3581162321
 11
90.225
 21
192.1725
  0
LINE
  5
9C1
100
AcDbEntity
  8
0
100
AcDbLine
 62
7
  6
CONTINUOUS
 10
87.975
 20
211.1625
 11
87.975
 21
209.3625
  0
LINE
  5
9C2
100
AcDbEntity
  8
0
100
AcDbLine
 62
7
  6
CONTINUOUS
 10
88.275
 20
186.1125
 11
88.275
 21
185.0625
  0
LINE
  5
9C3
100
AcDbEntity
  8
0
100
AcDbLine
 62
7
  6
CONTINUOUS
 10
88.275
 20
192.1725
 11
88.275
 21
192.8625
  0
LINE
  5
9C4
100
AcDbEntity
  8
0
100
AcDbLine
 62
7
  6
CONTINUOUS
 10
88.725
 20
186.1125
 11
88.725
 21
185.0625
  0
LINE
  5
9C5
100
AcDbEntity
  8
0
100
AcDbLine
 62
7
  6
CONTINUOUS
 10
88.725
 20
192.1725
 11
88.725
 21
192.8625
  0
LINE
  5
9C6
100
AcDbEntity
  8
0
100
AcDbLine
 62
7
  6
CONTINUOUS
 10
89.025
 20
211.1625
 11
89.025
 21
209.3625
  0
LINE
  5
9C7
100
AcDbEntity
  8
0
100
AcDbLine
 62
7
  6
CONTINUOUS
 10
89.475
 20
211.1625
 11
89.475
 21
209.3625
  0
LINE
  5
9C8
100
AcDbEntity
  8
0
100
AcDbLine
 62
7
  6
CONTINUOUS
 10
89.775
 20
186.1125
 11
89.775
 21
185.0625
  0
LINE
  5
9C9
100
AcDbEntity
  8
0
100
AcDbLine
 62
7
  6
CONTINUOUS
 10
89.775
 20
192.1725
 11
89.775
 21
192.8625
  0
LINE
  5
9CA
100
AcDbEntity
  8
0
100
AcDbLine
 62
7
  6
CONTINUOUS
 10
88.2181825278
 20
191.3581162321
 11
88.275
 21
192.1725
  0
LINE
  5
9CB
100
AcDbEntity
  8
0
100
AcDbLine
 62
7
  6
CONTINUOUS
 10
91.7818174722
 20
191.3581162321
 11
91.725
 21
192.1725
  0
LINE
  5
9CC
100
AcDbEntity
  8
0
100
AcDbLine
 62
7
  6
CONTINUOUS
 10
90.225
 20
186.1125
 11
90.225
 21
185.0625
  0
LINE
  5
9CD
100
AcDbEntity
  8
0
100
AcDbLine
 62
7
  6
CONTINUOUS
 10
90.225
 20
192.1725
 11
90.225
 21
192.8625
  0
LINE
  5
9CE
100
AcDbEntity
  8
0
100
AcDbLine
 62
7
  6
CONTINUOUS
 10
90.525
 20
211.1625
 11
90.525
 21
209.3625
  0
LINE
  5
9CF
100
AcDbEntity
  8
0
100
AcDbLine
 62
7
  6
CONTINUOUS
 10
90.975
 20
211.1625
 11
90.975
 21
209.3625
  0
LINE
  5
9D0
100
AcDbEntity
  8
0
100
AcDbLine
 62
7
  6
CONTINUOUS
 10
91.275
 20
186.1125
 11
91.275
 21
185.0625
  0
LINE
  5
9D1
100
AcDbEntity
  8
0
100
AcDbLine
 62
7
  6
CONTINUOUS
 10
91.275
 20
192.1725
 11
91.275
 21
192.8625
  0
LINE
  5
9D2
100
AcDbEntity
  8
0
100
AcDbLine
 62
7
  6
CONTINUOUS
 10
91.725
 20
186.1125
 11
91.725
 21
185.0625
  0
LINE
  5
9D3
100
AcDbEntity
  8
0
100
AcDbLine
 62
7
  6
CONTINUOUS
 10
91.725
 20
192.1725
 11
91.725
 21
192.8625
  0
LINE
  5
9D4
100
AcDbEntity
  8
0
100
AcDbLine
 62
7
  6
CONTINUOUS
 10
92.025
 20
211.1625
 11
92.025
 21
209.3625
  0
LINE
  5
9D5
100
AcDbEntity
  8
0
100
AcDbLine
 62
7
  6
CONTINUOUS
 10
89.7181825278
 20
191.3581162321
 11
89.775
 21
192.1725
  0
LINE
  5
9D6
100
AcDbEntity
  8
0
100
AcDbLine
 62
7
  6
CONTINUOUS
 10
91.2181825278
 20
191.3581162321
 11
91.275
 21
192.1725
  0
LINE
  5
9D7
100
AcDbEntity
  8
0
100
AcDbLine
 62
7
  6
CONTINUOUS
 10
93.2818174722
 20
191.3581162321
 11
93.225
 21
192.1725
  0
LINE
  5
9D8
100
AcDbEntity
  8
0
100
AcDbLine
 62
7
  6
CONTINUOUS
 10
94.7818174722
 20
191.3581162321
 11
94.725
 21
192.1725
  0
LINE
  5
9D9
100
AcDbEntity
  8
0
100
AcDbLine
 62
7
  6
CONTINUOUS
 10
92.475
 20
211.1625
 11
92.475
 21
209.3625
  0
LINE
  5
9DA
100
AcDbEntity
  8
0
100
AcDbLine
 62
7
  6
CONTINUOUS
 10
92.775
 20
186.1125
 11
92.775
 21
185.0625
  0
LINE
  5
9DB
100
AcDbEntity
  8
0
100
AcDbLine
 62
7
  6
CONTINUOUS
 10
92.775
 20
192.1725
 11
92.775
 21
192.8625
  0
LINE
  5
9DC
100
AcDbEntity
  8
0
100
AcDbLine
 62
7
  6
CONTINUOUS
 10
93.225
 20
186.1125
 11
93.225
 21
185.0625
  0
LINE
  5
9DD
100
AcDbEntity
  8
0
100
AcDbLine
 62
7
  6
CONTINUOUS
 10
93.225
 20
192.1725
 11
93.225
 21
192.8625
  0
LINE
  5
9DE
100
AcDbEntity
  8
0
100
AcDbLine
 62
7
  6
CONTINUOUS
 10
93.525
 20
211.1625
 11
93.525
 21
209.3625
  0
LINE
  5
9DF
100
AcDbEntity
  8
0
100
AcDbLine
 62
7
  6
CONTINUOUS
 10
93.975
 20
211.1625
 11
93.975
 21
209.3625
  0
LINE
  5
9E0
100
AcDbEntity
  8
0
100
AcDbLine
 62
7
  6
CONTINUOUS
 10
94.275
 20
186.1125
 11
94.275
 21
185.0625
  0
LINE
  5
9E1
100
AcDbEntity
  8
0
100
AcDbLine
 62
7
  6
CONTINUOUS
 10
94.275
 20
192.1725
 11
94.275
 21
192.8625
  0
LINE
  5
9E2
100
AcDbEntity
  8
0
100
AcDbLine
 62
7
  6
CONTINUOUS
 10
92.7181825278
 20
191.3581162321
 11
92.775
 21
192.1725
  0
LINE
  5
9E3
100
AcDbEntity
  8
0
100
AcDbLine
 62
7
  6
CONTINUOUS
 10
96.2818174722
 20
191.3581162321
 11
96.225
 21
192.1725
  0
LINE
  5
9E4
100
AcDbEntity
  8
0
100
AcDbLine
 62
7
  6
CONTINUOUS
 10
94.725
 20
186.1125
 11
94.725
 21
185.0625
  0
LINE
  5
9E5
100
AcDbEntity
  8
0
100
AcDbLine
 62
7
  6
CONTINUOUS
 10
94.725
 20
192.1725
 11
94.725
 21
192.8625
  0
LINE
  5
9E6
100
AcDbEntity
  8
0
100
AcDbLine
 62
7
  6
CONTINUOUS
 10
95.025
 20
211.1625
 11
95.025
 21
209.3625
  0
LINE
  5
9E7
100
AcDbEntity
  8
0
100
AcDbLine
 62
7
  6
CONTINUOUS
 10
95.475
 20
211.1625
 11
95.475
 21
209.3625
  0
LINE
  5
9E8
100
AcDbEntity
  8
0
100
AcDbLine
 62
7
  6
CONTINUOUS
 10
95.775
 20
186.1125
 11
95.775
 21
185.0625
  0
LINE
  5
9E9
100
AcDbEntity
  8
0
100
AcDbLine
 62
7
  6
CONTINUOUS
 10
95.775
 20
192.1725
 11
95.775
 21
192.8625
  0
LINE
  5
9EA
100
AcDbEntity
  8
0
100
AcDbLine
 62
7
  6
CONTINUOUS
 10
96.225
 20
186.1125
 11
96.225
 21
185.0625
  0
LINE
  5
9EB
100
AcDbEntity
  8
0
100
AcDbLine
 62
7
  6
CONTINUOUS
 10
96.225
 20
192.1725
 11
96.225
 21
192.8625
  0
LINE
  5
9EC
100
AcDbEntity
  8
0
100
AcDbLine
 62
7
  6
CONTINUOUS
 10
96.525
 20
211.1625
 11
96.525
 21
209.3625
  0
LINE
  5
9ED
100
AcDbEntity
  8
0
100
AcDbLine
 62
7
  6
CONTINUOUS
 10
94.2181825278
 20
191.3581162321
 11
94.275
 21
192.1725
  0
LINE
  5
9EE
100
AcDbEntity
  8
0
100
AcDbLine
 62
7
  6
CONTINUOUS
 10
95.7181825278
 20
191.3581162321
 11
95.775
 21
192.1725
  0
LINE
  5
9EF
100
AcDbEntity
  8
0
100
AcDbLine
 62
7
  6
CONTINUOUS
 10
97.7818174722
 20
191.3581162321
 11
97.725
 21
192.1725
  0
LINE
  5
9F0
100
AcDbEntity
  8
0
100
AcDbLine
 62
7
  6
CONTINUOUS
 10
99.2818174722
 20
191.3581162321
 11
99.225
 21
192.1725
  0
LINE
  5
9F1
100
AcDbEntity
  8
0
100
AcDbLine
 62
7
  6
CONTINUOUS
 10
96.975
 20
211.1625
 11
96.975
 21
209.3625
  0
LINE
  5
9F2
100
AcDbEntity
  8
0
100
AcDbLine
 62
7
  6
CONTINUOUS
 10
97.275
 20
186.1125
 11
97.275
 21
185.0625
  0
LINE
  5
9F3
100
AcDbEntity
  8
0
100
AcDbLine
 62
7
  6
CONTINUOUS
 10
97.275
 20
192.1725
 11
97.275
 21
192.8625
  0
LINE
  5
9F4
100
AcDbEntity
  8
0
100
AcDbLine
 62
7
  6
CONTINUOUS
 10
97.725
 20
186.1125
 11
97.725
 21
185.0625
  0
LINE
  5
9F5
100
AcDbEntity
  8
0
100
AcDbLine
 62
7
  6
CONTINUOUS
 10
97.725
 20
192.1725
 11
97.725
 21
192.8625
  0
LINE
  5
9F6
100
AcDbEntity
  8
0
100
AcDbLine
 62
7
  6
CONTINUOUS
 10
98.025
 20
211.1625
 11
98.025
 21
209.3625
  0
LINE
  5
9F7
100
AcDbEntity
  8
0
100
AcDbLine
 62
7
  6
CONTINUOUS
 10
98.475
 20
211.1625
 11
98.475
 21
209.3625
  0
LINE
  5
9F8
100
AcDbEntity
  8
0
100
AcDbLine
 62
7
  6
CONTINUOUS
 10
98.775
 20
186.1125
 11
98.775
 21
185.0625
  0
LINE
  5
9F9
100
AcDbEntity
  8
0
100
AcDbLine
 62
7
  6
CONTINUOUS
 10
98.775
 20
192.1725
 11
98.775
 21
192.8625
  0
LINE
  5
9FA
100
AcDbEntity
  8
0
100
AcDbLine
 62
7
  6
CONTINUOUS
 10
99.225
 20
186.1125
 11
99.225
 21
185.0625
  0
LINE
  5
9FB
100
AcDbEntity
  8
0
100
AcDbLine
 62
7
  6
CONTINUOUS
 10
99.225
 20
192.1725
 11
99.225
 21
192.8625
  0
LINE
  5
9FC
100
AcDbEntity
  8
0
100
AcDbLine
 62
7
  6
CONTINUOUS
 10
97.2181825278
 20
191.3581162321
 11
97.275
 21
192.1725
  0
LINE
  5
9FD
100
AcDbEntity
  8
0
100
AcDbLine
 62
7
  6
CONTINUOUS
 10
98.7181825278
 20
191.3581162321
 11
98.775
 21
192.1725
  0
LINE
  5
9FE
100
AcDbEntity
  8
0
100
AcDbLine
 62
7
  6
CONTINUOUS
 10
88.65
 20
207.7736542732
 11
87.75
 21
209.3325
  0
LINE
  5
9FF
100
AcDbEntity
  8
0
100
AcDbLine
 62
7
  6
CONTINUOUS
 10
100.7818174722
 20
191.3581162321
 11
100.725
 21
192.1725
  0
LINE
  5
A00
100
AcDbEntity
  8
0
100
AcDbLine
 62
7
  6
CONTINUOUS
 10
99.525
 20
211.1625
 11
99.525
 21
209.3625
  0
LINE
  5
A01
100
AcDbEntity
  8
0
100
AcDbLine
 62
7
  6
CONTINUOUS
 10
99.975
 20
211.1625
 11
99.975
 21
209.3625
  0
LINE
  5
A02
100
AcDbEntity
  8
0
100
AcDbLine
 62
7
  6
CONTINUOUS
 10
100.275
 20
186.1125
 11
100.275
 21
185.0625
  0
LINE
  5
A03
100
AcDbEntity
  8
0
100
AcDbLine
 62
7
  6
CONTINUOUS
 10
100.275
 20
192.1725
 11
100.275
 21
192.8625
  0
LINE
  5
A04
100
AcDbEntity
  8
0
100
AcDbLine
 62
7
  6
CONTINUOUS
 10
100.725
 20
186.1125
 11
100.725
 21
185.0625
  0
LINE
  5
A05
100
AcDbEntity
  8
0
100
AcDbLine
 62
7
  6
CONTINUOUS
 10
100.725
 20
192.1725
 11
100.725
 21
192.8625
  0
LINE
  5
A06
100
AcDbEntity
  8
0
100
AcDbLine
 62
7
  6
CONTINUOUS
 10
101.025
 20
211.1625
 11
101.025
 21
209.3625
  0
LINE
  5
A07
100
AcDbEntity
  8
0
100
AcDbLine
 62
7
  6
CONTINUOUS
 10
101.475
 20
211.1625
 11
101.475
 21
209.3625
  0
LINE
  5
A08
100
AcDbEntity
  8
0
100
AcDbLine
 62
7
  6
CONTINUOUS
 10
100.2181825278
 20
191.3581162321
 11
100.275
 21
192.1725
  0
LINE
  5
A09
100
AcDbEntity
  8
0
100
AcDbLine
 62
7
  6
CONTINUOUS
 10
102.2818174722
 20
191.3581162321
 11
102.225
 21
192.1725
  0
LINE
  5
A0A
100
AcDbEntity
  8
0
100
AcDbLine
 62
7
  6
CONTINUOUS
 10
103.7818174722
 20
191.3581162321
 11
103.725
 21
192.1725
  0
LINE
  5
A0B
100
AcDbEntity
  8
0
100
AcDbLine
 62
7
  6
CONTINUOUS
 10
101.775
 20
186.1125
 11
101.775
 21
185.0625
  0
LINE
  5
A0C
100
AcDbEntity
  8
0
100
AcDbLine
 62
7
  6
CONTINUOUS
 10
101.775
 20
192.1725
 11
101.775
 21
192.8625
  0
LINE
  5
A0D
100
AcDbEntity
  8
0
100
AcDbLine
 62
7
  6
CONTINUOUS
 10
102.225
 20
186.1125
 11
102.225
 21
185.0625
  0
LINE
  5
A0E
100
AcDbEntity
  8
0
100
AcDbLine
 62
7
  6
CONTINUOUS
 10
102.225
 20
192.1725
 11
102.225
 21
192.8625
  0
LINE
  5
A0F
100
AcDbEntity
  8
0
100
AcDbLine
 62
7
  6
CONTINUOUS
 10
102.525
 20
211.1625
 11
102.525
 21
209.3625
  0
LINE
  5
A10
100
AcDbEntity
  8
0
100
AcDbLine
 62
7
  6
CONTINUOUS
 10
102.975
 20
211.1625
 11
102.975
 21
209.3625
  0
LINE
  5
A11
100
AcDbEntity
  8
0
100
AcDbLine
 62
7
  6
CONTINUOUS
 10
103.275
 20
186.1125
 11
103.275
 21
185.0625
  0
LINE
  5
A12
100
AcDbEntity
  8
0
100
AcDbLine
 62
7
  6
CONTINUOUS
 10
103.275
 20
192.1725
 11
103.275
 21
192.8625
  0
LINE
  5
A13
100
AcDbEntity
  8
0
100
AcDbLine
 62
7
  6
CONTINUOUS
 10
103.725
 20
186.1125
 11
103.725
 21
185.0625
  0
LINE
  5
A14
100
AcDbEntity
  8
0
100
AcDbLine
 62
7
  6
CONTINUOUS
 10
103.725
 20
192.1725
 11
103.725
 21
192.8625
  0
LINE
  5
A15
100
AcDbEntity
  8
0
100
AcDbLine
 62
7
  6
CONTINUOUS
 10
104.025
 20
211.1625
 11
104.025
 21
209.3625
  0
LINE
  5
A16
100
AcDbEntity
  8
0
100
AcDbLine
 62
7
  6
CONTINUOUS
 10
101.7181825278
 20
191.3581162321
 11
101.775
 21
192.1725
  0
LINE
  5
A17
100
AcDbEntity
  8
0
100
AcDbLine
 62
7
  6
CONTINUOUS
 10
103.2181825278
 20
191.3581162321
 11
103.275
 21
192.1725
  0
LINE
  5
A18
100
AcDbEntity
  8
0
100
AcDbLine
 62
7
  6
CONTINUOUS
 10
88.275
 20
185.0625
 11
88.725
 21
185.0625
  0
LINE
  5
A19
100
AcDbEntity
  8
0
100
AcDbLine
 62
7
  6
CONTINUOUS
 10
89.775
 20
185.0625
 11
90.225
 21
185.0625
  0
LINE
  5
A1A
100
AcDbEntity
  8
0
100
AcDbLine
 62
7
  6
CONTINUOUS
 10
91.275
 20
185.0625
 11
91.725
 21
185.0625
  0
LINE
  5
A1B
100
AcDbEntity
  8
0
100
AcDbLine
 62
7
  6
CONTINUOUS
 10
92.775
 20
185.0625
 11
93.225
 21
185.0625
  0
LINE
  5
A1C
100
AcDbEntity
  8
0
100
AcDbLine
 62
7
  6
CONTINUOUS
 10
94.275
 20
185.0625
 11
94.725
 21
185.0625
  0
LINE
  5
A1D
100
AcDbEntity
  8
0
100
AcDbLine
 62
7
  6
CONTINUOUS
 10
95.775
 20
185.0625
 11
96.225
 21
185.0625
  0
LINE
  5
A1E
100
AcDbEntity
  8
0
100
AcDbLine
 62
7
  6
CONTINUOUS
 10
97.275
 20
185.0625
 11
97.725
 21
185.0625
  0
LINE
  5
A1F
100
AcDbEntity
  8
0
100
AcDbLine
 62
7
  6
CONTINUOUS
 10
98.775
 20
185.0625
 11
99.225
 21
185.0625
  0
LINE
  5
A20
100
AcDbEntity
  8
0
100
AcDbLine
 62
7
  6
CONTINUOUS
 10
100.275
 20
185.0625
 11
100.725
 21
185.0625
  0
LINE
  5
A21
100
AcDbEntity
  8
0
100
AcDbLine
 62
7
  6
CONTINUOUS
 10
101.775
 20
185.0625
 11
102.225
 21
185.0625
  0
LINE
  5
A22
100
AcDbEntity
  8
0
100
AcDbLine
 62
7
  6
CONTINUOUS
 10
103.275
 20
185.0625
 11
103.725
 21
185.0625
  0
LINE
  5
A23
100
AcDbEntity
  8
0
100
AcDbLine
 62
7
  6
CONTINUOUS
 10
104.775
 20
185.0625
 11
105.225
 21
185.0625
  0
LINE
  5
A24
100
AcDbEntity
  8
0
100
AcDbLine
 62
7
  6
CONTINUOUS
 10
106.275
 20
185.0625
 11
106.725
 21
185.0625
  0
LINE
  5
A25
100
AcDbEntity
  8
0
100
AcDbLine
 62
7
  6
CONTINUOUS
 10
107.775
 20
185.0625
 11
108.225
 21
185.0625
  0
LINE
  5
A26
100
AcDbEntity
  8
0
100
AcDbLine
 62
7
  6
CONTINUOUS
 10
109.275
 20
185.0625
 11
109.725
 21
185.0625
  0
LINE
  5
A27
100
AcDbEntity
  8
0
100
AcDbLine
 62
7
  6
CONTINUOUS
 10
110.775
 20
185.0625
 11
111.225
 21
185.0625
  0
LINE
  5
A28
100
AcDbEntity
  8
0
100
AcDbLine
 62
7
  6
CONTINUOUS
 10
112.275
 20
185.0625
 11
112.725
 21
185.0625
  0
LINE
  5
A29
100
AcDbEntity
  8
0
100
AcDbLine
 62
7
  6
CONTINUOUS
 10
113.775
 20
185.0625
 11
114.225
 21
185.0625
  0
LINE
  5
A2A
100
AcDbEntity
  8
0
100
AcDbLine
 62
7
  6
CONTINUOUS
 10
115.275
 20
185.0625
 11
115.725
 21
185.0625
  0
LINE
  5
A2B
100
AcDbEntity
  8
0
100
AcDbLine
 62
7
  6
CONTINUOUS
 10
116.775
 20
185.0625
 11
117.225
 21
185.0625
  0
LINE
  5
A2C
100
AcDbEntity
  8
0
100
AcDbLine
 62
7
  6
CONTINUOUS
 10
118.275
 20
185.0625
 11
118.725
 21
185.0625
  0
LINE
  5
A2D
100
AcDbEntity
  8
0
100
AcDbLine
 62
7
  6
CONTINUOUS
 10
119.775
 20
185.0625
 11
120.225
 21
185.0625
  0
LINE
  5
A2E
100
AcDbEntity
  8
0
100
AcDbLine
 62
7
  6
CONTINUOUS
 10
121.275
 20
185.0625
 11
121.725
 21
185.0625
  0
LINE
  5
A2F
100
AcDbEntity
  8
0
100
AcDbLine
 62
7
  6
CONTINUOUS
 10
122.775
 20
185.0625
 11
123.225
 21
185.0625
  0
LINE
  5
A30
100
AcDbEntity
  8
0
100
AcDbLine
 62
7
  6
CONTINUOUS
 10
124.275
 20
185.0625
 11
124.725
 21
185.0625
  0
LINE
  5
A31
100
AcDbEntity
  8
0
100
AcDbLine
 62
7
  6
CONTINUOUS
 10
125.775
 20
185.0625
 11
126.225
 21
185.0625
  0
LINE
  5
A32
100
AcDbEntity
  8
0
100
AcDbLine
 62
7
  6
CONTINUOUS
 10
127.275
 20
185.0625
 11
127.725
 21
185.0625
  0
LINE
  5
A33
100
AcDbEntity
  8
0
100
AcDbLine
 62
7
  6
CONTINUOUS
 10
128.775
 20
185.0625
 11
129.225
 21
185.0625
  0
LINE
  5
A34
100
AcDbEntity
  8
0
100
AcDbLine
 62
7
  6
CONTINUOUS
 10
130.275
 20
185.0625
 11
130.725
 21
185.0625
  0
LINE
  5
A35
100
AcDbEntity
  8
0
100
AcDbLine
 62
7
  6
CONTINUOUS
 10
137.775
 20
185.0625
 11
138.225
 21
185.0625
  0
LINE
  5
A36
100
AcDbEntity
  8
0
100
AcDbLine
 62
7
  6
CONTINUOUS
 10
139.275
 20
185.0625
 11
139.725
 21
185.0625
  0
LINE
  5
A37
100
AcDbEntity
  8
0
100
AcDbLine
 62
7
  6
CONTINUOUS
 10
140.775
 20
185.0625
 11
141.225
 21
185.0625
  0
LINE
  5
A38
100
AcDbEntity
  8
0
100
AcDbLine
 62
7
  6
CONTINUOUS
 10
142.275
 20
185.0625
 11
142.725
 21
185.0625
  0
LINE
  5
A39
100
AcDbEntity
  8
0
100
AcDbLine
 62
7
  6
CONTINUOUS
 10
87.0
 20
186.1125
 11
131.865
 21
186.1125
  0
LINE
  5
A3A
100
AcDbEntity
  8
0
100
AcDbLine
 62
7
  6
CONTINUOUS
 10
136.635
 20
186.1125
 11
144.0
 21
186.1125
  0
LINE
  5
A3B
100
AcDbEntity
  8
0
100
AcDbLine
 62
7
  6
CONTINUOUS
 10
105.2818174722
 20
191.3581162321
 11
105.225
 21
192.1725
  0
LINE
  5
A3C
100
AcDbEntity
  8
0
100
AcDbLine
 62
7
  6
CONTINUOUS
 10
106.7818174722
 20
191.3581162321
 11
106.725
 21
192.1725
  0
LINE
  5
A3D
100
AcDbEntity
  8
0
100
AcDbLine
 62
7
  6
CONTINUOUS
 10
104.475
 20
211.1625
 11
104.475
 21
209.3625
  0
LINE
  5
A3E
100
AcDbEntity
  8
0
100
AcDbLine
 62
7
  6
CONTINUOUS
 10
104.775
 20
186.1125
 11
104.775
 21
185.0625
  0
LINE
  5
A3F
100
AcDbEntity
  8
0
100
AcDbLine
 62
7
  6
CONTINUOUS
 10
104.775
 20
192.1725
 11
104.775
 21
192.8625
  0
LINE
  5
A40
100
AcDbEntity
  8
0
100
AcDbLine
 62
7
  6
CONTINUOUS
 10
105.225
 20
186.1125
 11
105.225
 21
185.0625
  0
LINE
  5
A41
100
AcDbEntity
  8
0
100
AcDbLine
 62
7
  6
CONTINUOUS
 10
105.225
 20
192.1725
 11
105.225
 21
192.8625
  0
LINE
  5
A42
100
AcDbEntity
  8
0
100
AcDbLine
 62
7
  6
CONTINUOUS
 10
105.525
 20
211.1625
 11
105.525
 21
209.3625
  0
LINE
  5
A43
100
AcDbEntity
  8
0
100
AcDbLine
 62
7
  6
CONTINUOUS
 10
105.975
 20
211.1625
 11
105.975
 21
209.3625
  0
LINE
  5
A44
100
AcDbEntity
  8
0
100
AcDbLine
 62
7
  6
CONTINUOUS
 10
106.275
 20
186.1125
 11
106.275
 21
185.0625
  0
LINE
  5
A45
100
AcDbEntity
  8
0
100
AcDbLine
 62
7
  6
CONTINUOUS
 10
106.275
 20
192.1725
 11
106.275
 21
192.8625
  0
LINE
  5
A46
100
AcDbEntity
  8
0
100
AcDbLine
 62
7
  6
CONTINUOUS
 10
104.7181825278
 20
191.3581162321
 11
104.775
 21
192.1725
  0
LINE
  5
A47
100
AcDbEntity
  8
0
100
AcDbLine
 62
7
  6
CONTINUOUS
 10
136.635
 20
186.8625
 11
131.865
 21
186.8625
  0
LINE
  5
A48
100
AcDbEntity
  8
0
100
AcDbLine
 62
7
  6
CONTINUOUS
 10
108.2818174722
 20
191.3581162321
 11
108.225
 21
192.1725
  0
LINE
  5
A49
100
AcDbEntity
  8
0
100
AcDbLine
 62
7
  6
CONTINUOUS
 10
106.725
 20
186.1125
 11
106.725
 21
185.0625
  0
LINE
  5
A4A
100
AcDbEntity
  8
0
100
AcDbLine
 62
7
  6
CONTINUOUS
 10
106.725
 20
192.1725
 11
106.725
 21
192.8625
  0
LINE
  5
A4B
100
AcDbEntity
  8
0
100
AcDbLine
 62
7
  6
CONTINUOUS
 10
107.025
 20
211.1625
 11
107.025
 21
209.3625
  0
LINE
  5
A4C
100
AcDbEntity
  8
0
100
AcDbLine
 62
7
  6
CONTINUOUS
 10
107.475
 20
211.1625
 11
107.475
 21
209.3625
  0
LINE
  5
A4D
100
AcDbEntity
  8
0
100
AcDbLine
 62
7
  6
CONTINUOUS
 10
107.775
 20
186.1125
 11
107.775
 21
185.0625
  0
LINE
  5
A4E
100
AcDbEntity
  8
0
100
AcDbLine
 62
7
  6
CONTINUOUS
 10
107.775
 20
192.1725
 11
107.775
 21
192.8625
  0
LINE
  5
A4F
100
AcDbEntity
  8
0
100
AcDbLine
 62
7
  6
CONTINUOUS
 10
108.225
 20
186.1125
 11
108.225
 21
185.0625
  0
LINE
  5
A50
100
AcDbEntity
  8
0
100
AcDbLine
 62
7
  6
CONTINUOUS
 10
108.225
 20
192.1725
 11
108.225
 21
192.8625
  0
LINE
  5
A51
100
AcDbEntity
  8
0
100
AcDbLine
 62
7
  6
CONTINUOUS
 10
108.525
 20
211.1625
 11
108.525
 21
209.3625
  0
LINE
  5
A52
100
AcDbEntity
  8
0
100
AcDbLine
 62
7
  6
CONTINUOUS
 10
106.2181825278
 20
191.3581162321
 11
106.275
 21
192.1725
  0
LINE
  5
A53
100
AcDbEntity
  8
0
100
AcDbLine
 62
7
  6
CONTINUOUS
 10
107.7181825278
 20
191.3581162321
 11
107.775
 21
192.1725
  0
LINE
  5
A54
100
AcDbEntity
  8
0
100
AcDbLine
 62
7
  6
CONTINUOUS
 10
134.025
 20
189.8625
 11
133.725
 21
189.8625
  0
LINE
  5
A55
100
AcDbEntity
  8
0
100
AcDbLine
 62
7
  6
CONTINUOUS
 10
82.65
 20
189.8625
 11
87.0
 21
189.8625
  0
LINE
  5
A56
100
AcDbEntity
  8
0
100
AcDbLine
 62
7
  6
CONTINUOUS
 10
144.0
 20
189.8625
 11
148.35
 21
189.8625
  0
LINE
  5
A57
100
AcDbEntity
  8
0
100
AcDbLine
 62
7
  6
CONTINUOUS
 10
88.2181825278
 20
191.3581162321
 11
88.7818174722
 21
191.3581162321
  0
LINE
  5
A58
100
AcDbEntity
  8
0
100
AcDbLine
 62
7
  6
CONTINUOUS
 10
89.7181825278
 20
191.3581162321
 11
90.2818174722
 21
191.3581162321
  0
LINE
  5
A59
100
AcDbEntity
  8
0
100
AcDbLine
 62
7
  6
CONTINUOUS
 10
91.2181825278
 20
191.3581162321
 11
91.7818174722
 21
191.3581162321
  0
LINE
  5
A5A
100
AcDbEntity
  8
0
100
AcDbLine
 62
7
  6
CONTINUOUS
 10
92.7181825278
 20
191.3581162321
 11
93.2818174722
 21
191.3581162321
  0
LINE
  5
A5B
100
AcDbEntity
  8
0
100
AcDbLine
 62
7
  6
CONTINUOUS
 10
94.2181825278
 20
191.3581162321
 11
94.7818174722
 21
191.3581162321
  0
LINE
  5
A5C
100
AcDbEntity
  8
0
100
AcDbLine
 62
7
  6
CONTINUOUS
 10
95.7181825278
 20
191.3581162321
 11
96.2818174722
 21
191.3581162321
  0
LINE
  5
A5D
100
AcDbEntity
  8
0
100
AcDbLine
 62
7
  6
CONTINUOUS
 10
97.2181825278
 20
191.3581162321
 11
97.7818174722
 21
191.3581162321
  0
LINE
  5
A5E
100
AcDbEntity
  8
0
100
AcDbLine
 62
7
  6
CONTINUOUS
 10
98.7181825278
 20
191.3581162321
 11
99.2818174722
 21
191.3581162321
  0
LINE
  5
A5F
100
AcDbEntity
  8
0
100
AcDbLine
 62
7
  6
CONTINUOUS
 10
100.2181825278
 20
191.3581162321
 11
100.7818174722
 21
191.3581162321
  0
LINE
  5
A60
100
AcDbEntity
  8
0
100
AcDbLine
 62
7
  6
CONTINUOUS
 10
101.7181825278
 20
191.3581162321
 11
102.2818174722
 21
191.3581162321
  0
LINE
  5
A61
100
AcDbEntity
  8
0
100
AcDbLine
 62
7
  6
CONTINUOUS
 10
103.2181825278
 20
191.3581162321
 11
103.7818174722
 21
191.3581162321
  0
LINE
  5
A62
100
AcDbEntity
  8
0
100
AcDbLine
 62
7
  6
CONTINUOUS
 10
104.7181825278
 20
191.3581162321
 11
105.2818174722
 21
191.3581162321
  0
LINE
  5
A63
100
AcDbEntity
  8
0
100
AcDbLine
 62
7
  6
CONTINUOUS
 10
106.2181825278
 20
191.3581162321
 11
106.7818174722
 21
191.3581162321
  0
LINE
  5
A64
100
AcDbEntity
  8
0
100
AcDbLine
 62
7
  6
CONTINUOUS
 10
107.7181825278
 20
191.3581162321
 11
108.2818174722
 21
191.3581162321
  0
LINE
  5
A65
100
AcDbEntity
  8
0
100
AcDbLine
 62
7
  6
CONTINUOUS
 10
109.2181825278
 20
191.3581162321
 11
109.7818174722
 21
191.3581162321
  0
LINE
  5
A66
100
AcDbEntity
  8
0
100
AcDbLine
 62
7
  6
CONTINUOUS
 10
110.7181825278
 20
191.3581162321
 11
111.2818174722
 21
191.3581162321
  0
LINE
  5
A67
100
AcDbEntity
  8
0
100
AcDbLine
 62
7
  6
CONTINUOUS
 10
112.2181825278
 20
191.3581162321
 11
112.7818174722
 21
191.3581162321
  0
LINE
  5
A68
100
AcDbEntity
  8
0
100
AcDbLine
 62
7
  6
CONTINUOUS
 10
113.7181825278
 20
191.3581162321
 11
114.2818174722
 21
191.3581162321
  0
LINE
  5
A69
100
AcDbEntity
  8
0
100
AcDbLine
 62
7
  6
CONTINUOUS
 10
115.2181825278
 20
191.3581162321
 11
115.7818174722
 21
191.3581162321
  0
LINE
  5
A6A
100
AcDbEntity
  8
0
100
AcDbLine
 62
7
  6
CONTINUOUS
 10
116.7181825278
 20
191.3581162321
 11
117.2818174722
 21
191.3581162321
  0
LINE
  5
A6B
100
AcDbEntity
  8
0
100
AcDbLine
 62
7
  6
CONTINUOUS
 10
118.2181825278
 20
191.3581162321
 11
118.7818174722
 21
191.3581162321
  0
LINE
  5
A6C
100
AcDbEntity
  8
0
100
AcDbLine
 62
7
  6
CONTINUOUS
 10
119.7181825278
 20
191.3581162321
 11
120.2818174722
 21
191.3581162321
  0
LINE
  5
A6D
100
AcDbEntity
  8
0
100
AcDbLine
 62
7
  6
CONTINUOUS
 10
121.2181825278
 20
191.3581162321
 11
121.7818174722
 21
191.3581162321
  0
LINE
  5
A6E
100
AcDbEntity
  8
0
100
AcDbLine
 62
7
  6
CONTINUOUS
 10
122.7181825278
 20
191.3581162321
 11
123.2818174722
 21
191.3581162321
  0
LINE
  5
A6F
100
AcDbEntity
  8
0
100
AcDbLine
 62
7
  6
CONTINUOUS
 10
124.2181825278
 20
191.3581162321
 11
124.7818174722
 21
191.3581162321
  0
LINE
  5
A70
100
AcDbEntity
  8
0
100
AcDbLine
 62
7
  6
CONTINUOUS
 10
125.7181825278
 20
191.3581162321
 11
126.2818174722
 21
191.3581162321
  0
LINE
  5
A71
100
AcDbEntity
  8
0
100
AcDbLine
 62
7
  6
CONTINUOUS
 10
127.2181825278
 20
191.3581162321
 11
127.7818174722
 21
191.3581162321
  0
LINE
  5
A72
100
AcDbEntity
  8
0
100
AcDbLine
 62
7
  6
CONTINUOUS
 10
128.7181825278
 20
191.3581162321
 11
129.2818174722
 21
191.3581162321
  0
LINE
  5
A73
100
AcDbEntity
  8
0
100
AcDbLine
 62
7
  6
CONTINUOUS
 10
130.2181825278
 20
191.3581162321
 11
130.7818174722
 21
191.3581162321
  0
LINE
  5
A74
100
AcDbEntity
  8
0
100
AcDbLine
 62
7
  6
CONTINUOUS
 10
137.7181825278
 20
191.3581162321
 11
138.2818174722
 21
191.3581162321
  0
LINE
  5
A75
100
AcDbEntity
  8
0
100
AcDbLine
 62
7
  6
CONTINUOUS
 10
139.2181825278
 20
191.3581162321
 11
139.7818174722
 21
191.3581162321
  0
LINE
  5
A76
100
AcDbEntity
  8
0
100
AcDbLine
 62
7
  6
CONTINUOUS
 10
140.7181825278
 20
191.3581162321
 11
141.2818174722
 21
191.3581162321
  0
LINE
  5
A77
100
AcDbEntity
  8
0
100
AcDbLine
 62
7
  6
CONTINUOUS
 10
142.2181825278
 20
191.3581162321
 11
142.7818174722
 21
191.3581162321
  0
LINE
  5
A78
100
AcDbEntity
  8
0
100
AcDbLine
 62
7
  6
CONTINUOUS
 10
109.7818174722
 20
191.3581162321
 11
109.725
 21
192.1725
  0
LINE
  5
A79
100
AcDbEntity
  8
0
100
AcDbLine
 62
7
  6
CONTINUOUS
 10
111.2818174722
 20
191.3581162321
 11
111.225
 21
192.1725
  0
LINE
  5
A7A
100
AcDbEntity
  8
0
100
AcDbLine
 62
7
  6
CONTINUOUS
 10
108.975
 20
211.1625
 11
108.975
 21
209.3625
  0
LINE
  5
A7B
100
AcDbEntity
  8
0
100
AcDbLine
 62
7
  6
CONTINUOUS
 10
109.275
 20
186.1125
 11
109.275
 21
185.0625
  0
LINE
  5
A7C
100
AcDbEntity
  8
0
100
AcDbLine
 62
7
  6
CONTINUOUS
 10
109.275
 20
192.1725
 11
109.275
 21
192.8625
  0
LINE
  5
A7D
100
AcDbEntity
  8
0
100
AcDbLine
 62
7
  6
CONTINUOUS
 10
109.725
 20
186.1125
 11
109.725
 21
185.0625
  0
LINE
  5
A7E
100
AcDbEntity
  8
0
100
AcDbLine
 62
7
  6
CONTINUOUS
 10
109.725
 20
192.1725
 11
109.725
 21
192.8625
  0
LINE
  5
A7F
100
AcDbEntity
  8
0
100
AcDbLine
 62
7
  6
CONTINUOUS
 10
110.025
 20
211.1625
 11
110.025
 21
209.3625
  0
LINE
  5
A80
100
AcDbEntity
  8
0
100
AcDbLine
 62
7
  6
CONTINUOUS
 10
110.475
 20
211.1625
 11
110.475
 21
209.3625
  0
LINE
  5
A81
100
AcDbEntity
  8
0
100
AcDbLine
 62
7
  6
CONTINUOUS
 10
110.775
 20
186.1125
 11
110.775
 21
185.0625
  0
LINE
  5
A82
100
AcDbEntity
  8
0
100
AcDbLine
 62
7
  6
CONTINUOUS
 10
110.775
 20
192.1725
 11
110.775
 21
192.8625
  0
LINE
  5
A83
100
AcDbEntity
  8
0
100
AcDbLine
 62
7
  6
CONTINUOUS
 10
109.2181825278
 20
191.3581162321
 11
109.275
 21
192.1725
  0
LINE
  5
A84
100
AcDbEntity
  8
0
100
AcDbLine
 62
7
  6
CONTINUOUS
 10
88.275
 20
192.405031075
 11
88.725
 21
192.405031075
  0
LINE
  5
A85
100
AcDbEntity
  8
0
100
AcDbLine
 62
7
  6
CONTINUOUS
 10
89.775
 20
192.405031075
 11
90.225
 21
192.405031075
  0
LINE
  5
A86
100
AcDbEntity
  8
0
100
AcDbLine
 62
7
  6
CONTINUOUS
 10
91.275
 20
192.405031075
 11
91.725
 21
192.405031075
  0
LINE
  5
A87
100
AcDbEntity
  8
0
100
AcDbLine
 62
7
  6
CONTINUOUS
 10
92.775
 20
192.405031075
 11
93.225
 21
192.405031075
  0
LINE
  5
A88
100
AcDbEntity
  8
0
100
AcDbLine
 62
7
  6
CONTINUOUS
 10
94.275
 20
192.405031075
 11
94.725
 21
192.405031075
  0
LINE
  5
A89
100
AcDbEntity
  8
0
100
AcDbLine
 62
7
  6
CONTINUOUS
 10
95.775
 20
192.405031075
 11
96.225
 21
192.405031075
  0
LINE
  5
A8A
100
AcDbEntity
  8
0
100
AcDbLine
 62
7
  6
CONTINUOUS
 10
97.275
 20
192.405031075
 11
97.725
 21
192.405031075
  0
LINE
  5
A8B
100
AcDbEntity
  8
0
100
AcDbLine
 62
7
  6
CONTINUOUS
 10
98.775
 20
192.405031075
 11
99.225
 21
192.405031075
  0
LINE
  5
A8C
100
AcDbEntity
  8
0
100
AcDbLine
 62
7
  6
CONTINUOUS
 10
100.275
 20
192.405031075
 11
100.725
 21
192.405031075
  0
LINE
  5
A8D
100
AcDbEntity
  8
0
100
AcDbLine
 62
7
  6
CONTINUOUS
 10
101.775
 20
192.405031075
 11
102.225
 21
192.405031075
  0
LINE
  5
A8E
100
AcDbEntity
  8
0
100
AcDbLine
 62
7
  6
CONTINUOUS
 10
103.275
 20
192.405031075
 11
103.725
 21
192.405031075
  0
LINE
  5
A8F
100
AcDbEntity
  8
0
100
AcDbLine
 62
7
  6
CONTINUOUS
 10
104.775
 20
192.405031075
 11
105.225
 21
192.405031075
  0
LINE
  5
A90
100
AcDbEntity
  8
0
100
AcDbLine
 62
7
  6
CONTINUOUS
 10
106.275
 20
192.405031075
 11
106.725
 21
192.405031075
  0
LINE
  5
A91
100
AcDbEntity
  8
0
100
AcDbLine
 62
7
  6
CONTINUOUS
 10
107.775
 20
192.405031075
 11
108.225
 21
192.405031075
  0
LINE
  5
A92
100
AcDbEntity
  8
0
100
AcDbLine
 62
7
  6
CONTINUOUS
 10
109.275
 20
192.405031075
 11
109.725
 21
192.405031075
  0
LINE
  5
A93
100
AcDbEntity
  8
0
100
AcDbLine
 62
7
  6
CONTINUOUS
 10
110.775
 20
192.405031075
 11
111.225
 21
192.405031075
  0
LINE
  5
A94
100
AcDbEntity
  8
0
100
AcDbLine
 62
7
  6
CONTINUOUS
 10
112.275
 20
192.405031075
 11
112.725
 21
192.405031075
  0
LINE
  5
A95
100
AcDbEntity
  8
0
100
AcDbLine
 62
7
  6
CONTINUOUS
 10
113.775
 20
192.405031075
 11
114.225
 21
192.405031075
  0
LINE
  5
A96
100
AcDbEntity
  8
0
100
AcDbLine
 62
7
  6
CONTINUOUS
 10
115.275
 20
192.405031075
 11
115.725
 21
192.405031075
  0
LINE
  5
A97
100
AcDbEntity
  8
0
100
AcDbLine
 62
7
  6
CONTINUOUS
 10
116.775
 20
192.405031075
 11
117.225
 21
192.405031075
  0
LINE
  5
A98
100
AcDbEntity
  8
0
100
AcDbLine
 62
7
  6
CONTINUOUS
 10
118.275
 20
192.405031075
 11
118.725
 21
192.405031075
  0
LINE
  5
A99
100
AcDbEntity
  8
0
100
AcDbLine
 62
7
  6
CONTINUOUS
 10
119.775
 20
192.405031075
 11
120.225
 21
192.405031075
  0
LINE
  5
A9A
100
AcDbEntity
  8
0
100
AcDbLine
 62
7
  6
CONTINUOUS
 10
121.275
 20
192.405031075
 11
121.725
 21
192.405031075
  0
LINE
  5
A9B
100
AcDbEntity
  8
0
100
AcDbLine
 62
7
  6
CONTINUOUS
 10
122.775
 20
192.405031075
 11
123.225
 21
192.405031075
  0
LINE
  5
A9C
100
AcDbEntity
  8
0
100
AcDbLine
 62
7
  6
CONTINUOUS
 10
124.275
 20
192.405031075
 11
124.725
 21
192.405031075
  0
LINE
  5
A9D
100
AcDbEntity
  8
0
100
AcDbLine
 62
7
  6
CONTINUOUS
 10
125.775
 20
192.405031075
 11
126.225
 21
192.405031075
  0
LINE
  5
A9E
100
AcDbEntity
  8
0
100
AcDbLine
 62
7
  6
CONTINUOUS
 10
127.275
 20
192.405031075
 11
127.725
 21
192.405031075
  0
LINE
  5
A9F
100
AcDbEntity
  8
0
100
AcDbLine
 62
7
  6
CONTINUOUS
 10
128.775
 20
192.405031075
 11
129.225
 21
192.405031075
  0
LINE
  5
AA0
100
AcDbEntity
  8
0
100
AcDbLine
 62
7
  6
CONTINUOUS
 10
130.275
 20
192.405031075
 11
130.725
 21
192.405031075
  0
LINE
  5
AA1
100
AcDbEntity
  8
0
100
AcDbLine
 62
7
  6
CONTINUOUS
 10
137.775
 20
192.405031075
 11
138.225
 21
192.405031075
  0
LINE
  5
AA2
100
AcDbEntity
  8
0
100
AcDbLine
 62
7
  6
CONTINUOUS
 10
139.275
 20
192.405031075
 11
139.725
 21
192.405031075
  0
LINE
  5
AA3
100
AcDbEntity
  8
0
100
AcDbLine
 62
7
  6
CONTINUOUS
 10
140.775
 20
192.405031075
 11
141.225
 21
192.405031075
  0
LINE
  5
AA4
100
AcDbEntity
  8
0
100
AcDbLine
 62
7
  6
CONTINUOUS
 10
142.275
 20
192.405031075
 11
142.725
 21
192.405031075
  0
LINE
  5
AA5
100
AcDbEntity
  8
0
100
AcDbLine
 62
7
  6
CONTINUOUS
 10
88.275
 20
192.7208270441
 11
88.725
 21
192.7208270441
  0
LINE
  5
AA6
100
AcDbEntity
  8
0
100
AcDbLine
 62
7
  6
CONTINUOUS
 10
89.775
 20
192.7208270441
 11
90.225
 21
192.7208270441
  0
LINE
  5
AA7
100
AcDbEntity
  8
0
100
AcDbLine
 62
7
  6
CONTINUOUS
 10
91.275
 20
192.7208270441
 11
91.725
 21
192.7208270441
  0
LINE
  5
AA8
100
AcDbEntity
  8
0
100
AcDbLine
 62
7
  6
CONTINUOUS
 10
92.775
 20
192.7208270441
 11
93.225
 21
192.7208270441
  0
LINE
  5
AA9
100
AcDbEntity
  8
0
100
AcDbLine
 62
7
  6
CONTINUOUS
 10
94.275
 20
192.7208270441
 11
94.725
 21
192.7208270441
  0
LINE
  5
AAA
100
AcDbEntity
  8
0
100
AcDbLine
 62
7
  6
CONTINUOUS
 10
95.775
 20
192.7208270441
 11
96.225
 21
192.7208270441
  0
LINE
  5
AAB
100
AcDbEntity
  8
0
100
AcDbLine
 62
7
  6
CONTINUOUS
 10
97.275
 20
192.7208270441
 11
97.725
 21
192.7208270441
  0
LINE
  5
AAC
100
AcDbEntity
  8
0
100
AcDbLine
 62
7
  6
CONTINUOUS
 10
98.775
 20
192.7208270441
 11
99.225
 21
192.7208270441
  0
LINE
  5
AAD
100
AcDbEntity
  8
0
100
AcDbLine
 62
7
  6
CONTINUOUS
 10
100.275
 20
192.7208270441
 11
100.725
 21
192.7208270441
  0
LINE
  5
AAE
100
AcDbEntity
  8
0
100
AcDbLine
 62
7
  6
CONTINUOUS
 10
101.775
 20
192.7208270441
 11
102.225
 21
192.7208270441
  0
LINE
  5
AAF
100
AcDbEntity
  8
0
100
AcDbLine
 62
7
  6
CONTINUOUS
 10
103.275
 20
192.7208270441
 11
103.725
 21
192.7208270441
  0
LINE
  5
AB0
100
AcDbEntity
  8
0
100
AcDbLine
 62
7
  6
CONTINUOUS
 10
104.775
 20
192.7208270441
 11
105.225
 21
192.7208270441
  0
LINE
  5
AB1
100
AcDbEntity
  8
0
100
AcDbLine
 62
7
  6
CONTINUOUS
 10
106.275
 20
192.7208270441
 11
106.725
 21
192.7208270441
  0
LINE
  5
AB2
100
AcDbEntity
  8
0
100
AcDbLine
 62
7
  6
CONTINUOUS
 10
107.775
 20
192.7208270441
 11
108.225
 21
192.7208270441
  0
LINE
  5
AB3
100
AcDbEntity
  8
0
100
AcDbLine
 62
7
  6
CONTINUOUS
 10
109.275
 20
192.7208270441
 11
109.725
 21
192.7208270441
  0
LINE
  5
AB4
100
AcDbEntity
  8
0
100
AcDbLine
 62
7
  6
CONTINUOUS
 10
110.775
 20
192.7208270441
 11
111.225
 21
192.7208270441
  0
LINE
  5
AB5
100
AcDbEntity
  8
0
100
AcDbLine
 62
7
  6
CONTINUOUS
 10
112.275
 20
192.7208270441
 11
112.725
 21
192.7208270441
  0
LINE
  5
AB6
100
AcDbEntity
  8
0
100
AcDbLine
 62
7
  6
CONTINUOUS
 10
113.775
 20
192.7208270441
 11
114.225
 21
192.7208270441
  0
LINE
  5
AB7
100
AcDbEntity
  8
0
100
AcDbLine
 62
7
  6
CONTINUOUS
 10
115.275
 20
192.7208270441
 11
115.725
 21
192.7208270441
  0
LINE
  5
AB8
100
AcDbEntity
  8
0
100
AcDbLine
 62
7
  6
CONTINUOUS
 10
116.775
 20
192.7208270441
 11
117.225
 21
192.7208270441
  0
LINE
  5
AB9
100
AcDbEntity
  8
0
100
AcDbLine
 62
7
  6
CONTINUOUS
 10
118.275
 20
192.7208270441
 11
118.725
 21
192.7208270441
  0
LINE
  5
ABA
100
AcDbEntity
  8
0
100
AcDbLine
 62
7
  6
CONTINUOUS
 10
119.775
 20
192.7208270441
 11
120.225
 21
192.7208270441
  0
LINE
  5
ABB
100
AcDbEntity
  8
0
100
AcDbLine
 62
7
  6
CONTINUOUS
 10
121.275
 20
192.7208270441
 11
121.725
 21
192.7208270441
  0
LINE
  5
ABC
100
AcDbEntity
  8
0
100
AcDbLine
 62
7
  6
CONTINUOUS
 10
122.775
 20
192.7208270441
 11
123.225
 21
192.7208270441
  0
LINE
  5
ABD
100
AcDbEntity
  8
0
100
AcDbLine
 62
7
  6
CONTINUOUS
 10
124.275
 20
192.7208270441
 11
124.725
 21
192.7208270441
  0
LINE
  5
ABE
100
AcDbEntity
  8
0
100
AcDbLine
 62
7
  6
CONTINUOUS
 10
125.775
 20
192.7208270441
 11
126.225
 21
192.7208270441
  0
LINE
  5
ABF
100
AcDbEntity
  8
0
100
AcDbLine
 62
7
  6
CONTINUOUS
 10
127.275
 20
192.7208270441
 11
127.725
 21
192.7208270441
  0
LINE
  5
AC0
100
AcDbEntity
  8
0
100
AcDbLine
 62
7
  6
CONTINUOUS
 10
128.775
 20
192.7208270441
 11
129.225
 21
192.7208270441
  0
LINE
  5
AC1
100
AcDbEntity
  8
0
100
AcDbLine
 62
7
  6
CONTINUOUS
 10
130.275
 20
192.7208270441
 11
130.725
 21
192.7208270441
  0
LINE
  5
AC2
100
AcDbEntity
  8
0
100
AcDbLine
 62
7
  6
CONTINUOUS
 10
137.775
 20
192.7208270441
 11
138.225
 21
192.7208270441
  0
LINE
  5
AC3
100
AcDbEntity
  8
0
100
AcDbLine
 62
7
  6
CONTINUOUS
 10
139.275
 20
192.7208270441
 11
139.725
 21
192.7208270441
  0
LINE
  5
AC4
100
AcDbEntity
  8
0
100
AcDbLine
 62
7
  6
CONTINUOUS
 10
140.775
 20
192.7208270441
 11
141.225
 21
192.7208270441
  0
LINE
  5
AC5
100
AcDbEntity
  8
0
100
AcDbLine
 62
7
  6
CONTINUOUS
 10
142.275
 20
192.7208270441
 11
142.725
 21
192.7208270441
  0
LINE
  5
AC6
100
AcDbEntity
  8
0
100
AcDbLine
 62
7
  6
CONTINUOUS
 10
82.65
 20
192.8625
 11
148.35
 21
192.8625
  0
LINE
  5
AC7
100
AcDbEntity
  8
0
100
AcDbLine
 62
7
  6
CONTINUOUS
 10
112.7818174722
 20
191.3581162321
 11
112.725
 21
192.1725
  0
LINE
  5
AC8
100
AcDbEntity
  8
0
100
AcDbLine
 62
7
  6
CONTINUOUS
 10
111.225
 20
186.1125
 11
111.225
 21
185.0625
  0
LINE
  5
AC9
100
AcDbEntity
  8
0
100
AcDbLine
 62
7
  6
CONTINUOUS
 10
111.225
 20
192.1725
 11
111.225
 21
192.8625
  0
LINE
  5
ACA
100
AcDbEntity
  8
0
100
AcDbLine
 62
7
  6
CONTINUOUS
 10
111.525
 20
211.1625
 11
111.525
 21
209.3625
  0
LINE
  5
ACB
100
AcDbEntity
  8
0
100
AcDbLine
 62
7
  6
CONTINUOUS
 10
111.975
 20
211.1625
 11
111.975
 21
209.3625
  0
LINE
  5
ACC
100
AcDbEntity
  8
0
100
AcDbLine
 62
7
  6
CONTINUOUS
 10
112.275
 20
186.1125
 11
112.275
 21
185.0625
  0
LINE
  5
ACD
100
AcDbEntity
  8
0
100
AcDbLine
 62
7
  6
CONTINUOUS
 10
112.275
 20
192.1725
 11
112.275
 21
192.8625
  0
LINE
  5
ACE
100
AcDbEntity
  8
0
100
AcDbLine
 62
7
  6
CONTINUOUS
 10
112.725
 20
186.1125
 11
112.725
 21
185.0625
  0
LINE
  5
ACF
100
AcDbEntity
  8
0
100
AcDbLine
 62
7
  6
CONTINUOUS
 10
112.725
 20
192.1725
 11
112.725
 21
192.8625
  0
LINE
  5
AD0
100
AcDbEntity
  8
0
100
AcDbLine
 62
7
  6
CONTINUOUS
 10
113.025
 20
211.1625
 11
113.025
 21
209.3625
  0
LINE
  5
AD1
100
AcDbEntity
  8
0
100
AcDbLine
 62
7
  6
CONTINUOUS
 10
110.7181825278
 20
191.3581162321
 11
110.775
 21
192.1725
  0
LINE
  5
AD2
100
AcDbEntity
  8
0
100
AcDbLine
 62
7
  6
CONTINUOUS
 10
112.2181825278
 20
191.3581162321
 11
112.275
 21
192.1725
  0
LINE
  5
AD3
100
AcDbEntity
  8
0
100
AcDbLine
 62
7
  6
CONTINUOUS
 10
114.2818174722
 20
191.3581162321
 11
114.225
 21
192.1725
  0
LINE
  5
AD4
100
AcDbEntity
  8
0
100
AcDbLine
 62
7
  6
CONTINUOUS
 10
115.7818174722
 20
191.3581162321
 11
115.725
 21
192.1725
  0
LINE
  5
AD5
100
AcDbEntity
  8
0
100
AcDbLine
 62
7
  6
CONTINUOUS
 10
113.475
 20
211.1625
 11
113.475
 21
209.3625
  0
LINE
  5
AD6
100
AcDbEntity
  8
0
100
AcDbLine
 62
7
  6
CONTINUOUS
 10
113.775
 20
186.1125
 11
113.775
 21
185.0625
  0
LINE
  5
AD7
100
AcDbEntity
  8
0
100
AcDbLine
 62
7
  6
CONTINUOUS
 10
113.775
 20
192.1725
 11
113.775
 21
192.8625
  0
LINE
  5
AD8
100
AcDbEntity
  8
0
100
AcDbLine
 62
7
  6
CONTINUOUS
 10
114.225
 20
186.1125
 11
114.225
 21
185.0625
  0
LINE
  5
AD9
100
AcDbEntity
  8
0
100
AcDbLine
 62
7
  6
CONTINUOUS
 10
114.225
 20
192.1725
 11
114.225
 21
192.8625
  0
LINE
  5
ADA
100
AcDbEntity
  8
0
100
AcDbLine
 62
7
  6
CONTINUOUS
 10
114.525
 20
211.1625
 11
114.525
 21
209.3625
  0
LINE
  5
ADB
100
AcDbEntity
  8
0
100
AcDbLine
 62
7
  6
CONTINUOUS
 10
114.975
 20
211.1625
 11
114.975
 21
209.3625
  0
LINE
  5
ADC
100
AcDbEntity
  8
0
100
AcDbLine
 62
7
  6
CONTINUOUS
 10
115.275
 20
186.1125
 11
115.275
 21
185.0625
  0
LINE
  5
ADD
100
AcDbEntity
  8
0
100
AcDbLine
 62
7
  6
CONTINUOUS
 10
115.275
 20
192.1725
 11
115.275
 21
192.8625
  0
LINE
  5
ADE
100
AcDbEntity
  8
0
100
AcDbLine
 62
7
  6
CONTINUOUS
 10
115.725
 20
186.1125
 11
115.725
 21
185.0625
  0
LINE
  5
ADF
100
AcDbEntity
  8
0
100
AcDbLine
 62
7
  6
CONTINUOUS
 10
115.725
 20
192.1725
 11
115.725
 21
192.8625
  0
LINE
  5
AE0
100
AcDbEntity
  8
0
100
AcDbLine
 62
7
  6
CONTINUOUS
 10
113.7181825278
 20
191.3581162321
 11
113.775
 21
192.1725
  0
LINE
  5
AE1
100
AcDbEntity
  8
0
100
AcDbLine
 62
7
  6
CONTINUOUS
 10
115.2181825278
 20
191.3581162321
 11
115.275
 21
192.1725
  0
LINE
  5
AE2
100
AcDbEntity
  8
0
100
AcDbLine
 62
7
  6
CONTINUOUS
 10
117.2818174722
 20
191.3581162321
 11
117.225
 21
192.1725
  0
LINE
  5
AE3
100
AcDbEntity
  8
0
100
AcDbLine
 62
7
  6
CONTINUOUS
 10
116.025
 20
211.1625
 11
116.025
 21
209.3625
  0
LINE
  5
AE4
100
AcDbEntity
  8
0
100
AcDbLine
 62
7
  6
CONTINUOUS
 10
116.475
 20
211.1625
 11
116.475
 21
209.3625
  0
LINE
  5
AE5
100
AcDbEntity
  8
0
100
AcDbLine
 62
7
  6
CONTINUOUS
 10
116.775
 20
186.1125
 11
116.775
 21
185.0625
  0
LINE
  5
AE6
100
AcDbEntity
  8
0
100
AcDbLine
 62
7
  6
CONTINUOUS
 10
116.775
 20
192.1725
 11
116.775
 21
192.8625
  0
LINE
  5
AE7
100
AcDbEntity
  8
0
100
AcDbLine
 62
7
  6
CONTINUOUS
 10
117.225
 20
186.1125
 11
117.225
 21
185.0625
  0
LINE
  5
AE8
100
AcDbEntity
  8
0
100
AcDbLine
 62
7
  6
CONTINUOUS
 10
117.225
 20
192.1725
 11
117.225
 21
192.8625
  0
LINE
  5
AE9
100
AcDbEntity
  8
0
100
AcDbLine
 62
7
  6
CONTINUOUS
 10
117.525
 20
211.1625
 11
117.525
 21
209.3625
  0
LINE
  5
AEA
100
AcDbEntity
  8
0
100
AcDbLine
 62
7
  6
CONTINUOUS
 10
117.975
 20
211.1625
 11
117.975
 21
209.3625
  0
LINE
  5
AEB
100
AcDbEntity
  8
0
100
AcDbLine
 62
7
  6
CONTINUOUS
 10
116.7181825278
 20
191.3581162321
 11
116.775
 21
192.1725
  0
LINE
  5
AEC
100
AcDbEntity
  8
0
100
AcDbLine
 62
7
  6
CONTINUOUS
 10
118.7818174722
 20
191.3581162321
 11
118.725
 21
192.1725
  0
LINE
  5
AED
100
AcDbEntity
  8
0
100
AcDbLine
 62
7
  6
CONTINUOUS
 10
120.2818174722
 20
191.3581162321
 11
120.225
 21
192.1725
  0
LINE
  5
AEE
100
AcDbEntity
  8
0
100
AcDbLine
 62
7
  6
CONTINUOUS
 10
118.275
 20
186.1125
 11
118.275
 21
185.0625
  0
LINE
  5
AEF
100
AcDbEntity
  8
0
100
AcDbLine
 62
7
  6
CONTINUOUS
 10
118.275
 20
192.1725
 11
118.275
 21
192.8625
  0
LINE
  5
AF0
100
AcDbEntity
  8
0
100
AcDbLine
 62
7
  6
CONTINUOUS
 10
118.725
 20
186.1125
 11
118.725
 21
185.0625
  0
LINE
  5
AF1
100
AcDbEntity
  8
0
100
AcDbLine
 62
7
  6
CONTINUOUS
 10
118.725
 20
192.1725
 11
118.725
 21
192.8625
  0
LINE
  5
AF2
100
AcDbEntity
  8
0
100
AcDbLine
 62
7
  6
CONTINUOUS
 10
119.025
 20
211.1625
 11
119.025
 21
209.3625
  0
LINE
  5
AF3
100
AcDbEntity
  8
0
100
AcDbLine
 62
7
  6
CONTINUOUS
 10
119.475
 20
211.1625
 11
119.475
 21
209.3625
  0
LINE
  5
AF4
100
AcDbEntity
  8
0
100
AcDbLine
 62
7
  6
CONTINUOUS
 10
119.775
 20
186.1125
 11
119.775
 21
185.0625
  0
LINE
  5
AF5
100
AcDbEntity
  8
0
100
AcDbLine
 62
7
  6
CONTINUOUS
 10
119.775
 20
192.1725
 11
119.775
 21
192.8625
  0
LINE
  5
AF6
100
AcDbEntity
  8
0
100
AcDbLine
 62
7
  6
CONTINUOUS
 10
120.225
 20
186.1125
 11
120.225
 21
185.0625
  0
LINE
  5
AF7
100
AcDbEntity
  8
0
100
AcDbLine
 62
7
  6
CONTINUOUS
 10
120.225
 20
192.1725
 11
120.225
 21
192.8625
  0
LINE
  5
AF8
100
AcDbEntity
  8
0
100
AcDbLine
 62
7
  6
CONTINUOUS
 10
120.525
 20
211.1625
 11
120.525
 21
209.3625
  0
LINE
  5
AF9
100
AcDbEntity
  8
0
100
AcDbLine
 62
7
  6
CONTINUOUS
 10
118.2181825278
 20
191.3581162321
 11
118.275
 21
192.1725
  0
LINE
  5
AFA
100
AcDbEntity
  8
0
100
AcDbLine
 62
7
  6
CONTINUOUS
 10
119.7181825278
 20
191.3581162321
 11
119.775
 21
192.1725
  0
LINE
  5
AFB
100
AcDbEntity
  8
0
100
AcDbLine
 62
7
  6
CONTINUOUS
 10
121.7818174722
 20
191.3581162321
 11
121.725
 21
192.1725
  0
LINE
  5
AFC
100
AcDbEntity
  8
0
100
AcDbLine
 62
7
  6
CONTINUOUS
 10
123.2818174722
 20
191.3581162321
 11
123.225
 21
192.1725
  0
LINE
  5
AFD
100
AcDbEntity
  8
0
100
AcDbLine
 62
7
  6
CONTINUOUS
 10
120.975
 20
211.1625
 11
120.975
 21
209.3625
  0
LINE
  5
AFE
100
AcDbEntity
  8
0
100
AcDbLine
 62
7
  6
CONTINUOUS
 10
121.275
 20
186.1125
 11
121.275
 21
185.0625
  0
LINE
  5
AFF
100
AcDbEntity
  8
0
100
AcDbLine
 62
7
  6
CONTINUOUS
 10
121.275
 20
192.1725
 11
121.275
 21
192.8625
  0
LINE
  5
B00
100
AcDbEntity
  8
0
100
AcDbLine
 62
7
  6
CONTINUOUS
 10
121.725
 20
186.1125
 11
121.725
 21
185.0625
  0
LINE
  5
B01
100
AcDbEntity
  8
0
100
AcDbLine
 62
7
  6
CONTINUOUS
 10
121.725
 20
192.1725
 11
121.725
 21
192.8625
  0
LINE
  5
B02
100
AcDbEntity
  8
0
100
AcDbLine
 62
7
  6
CONTINUOUS
 10
122.025
 20
211.1625
 11
122.025
 21
209.3625
  0
LINE
  5
B03
100
AcDbEntity
  8
0
100
AcDbLine
 62
7
  6
CONTINUOUS
 10
122.475
 20
211.1625
 11
122.475
 21
209.3625
  0
LINE
  5
B04
100
AcDbEntity
  8
0
100
AcDbLine
 62
7
  6
CONTINUOUS
 10
122.775
 20
186.1125
 11
122.775
 21
185.0625
  0
LINE
  5
B05
100
AcDbEntity
  8
0
100
AcDbLine
 62
7
  6
CONTINUOUS
 10
122.775
 20
192.1725
 11
122.775
 21
192.8625
  0
LINE
  5
B06
100
AcDbEntity
  8
0
100
AcDbLine
 62
7
  6
CONTINUOUS
 10
121.2181825278
 20
191.3581162321
 11
121.275
 21
192.1725
  0
LINE
  5
B07
100
AcDbEntity
  8
0
100
AcDbLine
 62
7
  6
CONTINUOUS
 10
124.7818174722
 20
191.3581162321
 11
124.725
 21
192.1725
  0
LINE
  5
B08
100
AcDbEntity
  8
0
100
AcDbLine
 62
7
  6
CONTINUOUS
 10
123.225
 20
186.1125
 11
123.225
 21
185.0625
  0
LINE
  5
B09
100
AcDbEntity
  8
0
100
AcDbLine
 62
7
  6
CONTINUOUS
 10
123.225
 20
192.1725
 11
123.225
 21
192.8625
  0
LINE
  5
B0A
100
AcDbEntity
  8
0
100
AcDbLine
 62
7
  6
CONTINUOUS
 10
123.525
 20
211.1625
 11
123.525
 21
209.3625
  0
LINE
  5
B0B
100
AcDbEntity
  8
0
100
AcDbLine
 62
7
  6
CONTINUOUS
 10
123.975
 20
211.1625
 11
123.975
 21
209.3625
  0
LINE
  5
B0C
100
AcDbEntity
  8
0
100
AcDbLine
 62
7
  6
CONTINUOUS
 10
124.275
 20
186.1125
 11
124.275
 21
185.0625
  0
LINE
  5
B0D
100
AcDbEntity
  8
0
100
AcDbLine
 62
7
  6
CONTINUOUS
 10
124.275
 20
192.1725
 11
124.275
 21
192.8625
  0
LINE
  5
B0E
100
AcDbEntity
  8
0
100
AcDbLine
 62
7
  6
CONTINUOUS
 10
124.725
 20
186.1125
 11
124.725
 21
185.0625
  0
LINE
  5
B0F
100
AcDbEntity
  8
0
100
AcDbLine
 62
7
  6
CONTINUOUS
 10
124.725
 20
192.1725
 11
124.725
 21
192.8625
  0
LINE
  5
B10
100
AcDbEntity
  8
0
100
AcDbLine
 62
7
  6
CONTINUOUS
 10
125.025
 20
211.1625
 11
125.025
 21
209.3625
  0
LINE
  5
B11
100
AcDbEntity
  8
0
100
AcDbLine
 62
7
  6
CONTINUOUS
 10
122.7181825278
 20
191.3581162321
 11
122.775
 21
192.1725
  0
LINE
  5
B12
100
AcDbEntity
  8
0
100
AcDbLine
 62
7
  6
CONTINUOUS
 10
124.2181825278
 20
191.3581162321
 11
124.275
 21
192.1725
  0
LINE
  5
B13
100
AcDbEntity
  8
0
100
AcDbLine
 62
7
  6
CONTINUOUS
 10
86.85
 20
207.7736542732
 11
88.65
 21
207.7736542732
  0
LINE
  5
B14
100
AcDbEntity
  8
0
100
AcDbLine
 62
7
  6
CONTINUOUS
 10
126.2818174722
 20
191.3581162321
 11
126.225
 21
192.1725
  0
LINE
  5
B15
100
AcDbEntity
  8
0
100
AcDbLine
 62
7
  6
CONTINUOUS
 10
127.7818174722
 20
191.3581162321
 11
127.725
 21
192.1725
  0
LINE
  5
B16
100
AcDbEntity
  8
0
100
AcDbLine
 62
7
  6
CONTINUOUS
 10
125.475
 20
211.1625
 11
125.475
 21
209.3625
  0
LINE
  5
B17
100
AcDbEntity
  8
0
100
AcDbLine
 62
7
  6
CONTINUOUS
 10
125.775
 20
186.1125
 11
125.775
 21
185.0625
  0
LINE
  5
B18
100
AcDbEntity
  8
0
100
AcDbLine
 62
7
  6
CONTINUOUS
 10
125.775
 20
192.1725
 11
125.775
 21
192.8625
  0
LINE
  5
B19
100
AcDbEntity
  8
0
100
AcDbLine
 62
7
  6
CONTINUOUS
 10
126.225
 20
186.1125
 11
126.225
 21
185.0625
  0
LINE
  5
B1A
100
AcDbEntity
  8
0
100
AcDbLine
 62
7
  6
CONTINUOUS
 10
126.225
 20
192.1725
 11
126.225
 21
192.8625
  0
LINE
  5
B1B
100
AcDbEntity
  8
0
100
AcDbLine
 62
7
  6
CONTINUOUS
 10
126.525
 20
211.1625
 11
126.525
 21
209.3625
  0
LINE
  5
B1C
100
AcDbEntity
  8
0
100
AcDbLine
 62
7
  6
CONTINUOUS
 10
126.975
 20
211.1625
 11
126.975
 21
209.3625
  0
LINE
  5
B1D
100
AcDbEntity
  8
0
100
AcDbLine
 62
7
  6
CONTINUOUS
 10
127.275
 20
186.1125
 11
127.275
 21
185.0625
  0
LINE
  5
B1E
100
AcDbEntity
  8
0
100
AcDbLine
 62
7
  6
CONTINUOUS
 10
127.275
 20
192.1725
 11
127.275
 21
192.8625
  0
LINE
  5
B1F
100
AcDbEntity
  8
0
100
AcDbLine
 62
7
  6
CONTINUOUS
 10
125.7181825278
 20
191.3581162321
 11
125.775
 21
192.1725
  0
LINE
  5
B20
100
AcDbEntity
  8
0
100
AcDbLine
 62
7
  6
CONTINUOUS
 10
82.65
 20
209.3625
 11
148.35
 21
209.3625
  0
LINE
  5
B21
100
AcDbEntity
  8
0
100
AcDbLine
 62
7
  6
CONTINUOUS
 10
87.525
 20
209.6625
 11
87.975
 21
209.6625
  0
LINE
  5
B22
100
AcDbEntity
  8
0
100
AcDbLine
 62
7
  6
CONTINUOUS
 10
89.025
 20
209.6625
 11
89.475
 21
209.6625
  0
LINE
  5
B23
100
AcDbEntity
  8
0
100
AcDbLine
 62
7
  6
CONTINUOUS
 10
90.525
 20
209.6625
 11
90.975
 21
209.6625
  0
LINE
  5
B24
100
AcDbEntity
  8
0
100
AcDbLine
 62
7
  6
CONTINUOUS
 10
92.025
 20
209.6625
 11
92.475
 21
209.6625
  0
LINE
  5
B25
100
AcDbEntity
  8
0
100
AcDbLine
 62
7
  6
CONTINUOUS
 10
93.525
 20
209.6625
 11
93.975
 21
209.6625
  0
LINE
  5
B26
100
AcDbEntity
  8
0
100
AcDbLine
 62
7
  6
CONTINUOUS
 10
95.025
 20
209.6625
 11
95.475
 21
209.6625
  0
LINE
  5
B27
100
AcDbEntity
  8
0
100
AcDbLine
 62
7
  6
CONTINUOUS
 10
96.525
 20
209.6625
 11
96.975
 21
209.6625
  0
LINE
  5
B28
100
AcDbEntity
  8
0
100
AcDbLine
 62
7
  6
CONTINUOUS
 10
98.025
 20
209.6625
 11
98.475
 21
209.6625
  0
LINE
  5
B29
100
AcDbEntity
  8
0
100
AcDbLine
 62
7
  6
CONTINUOUS
 10
99.525
 20
209.6625
 11
99.975
 21
209.6625
  0
LINE
  5
B2A
100
AcDbEntity
  8
0
100
AcDbLine
 62
7
  6
CONTINUOUS
 10
101.025
 20
209.6625
 11
101.475
 21
209.6625
  0
LINE
  5
B2B
100
AcDbEntity
  8
0
100
AcDbLine
 62
7
  6
CONTINUOUS
 10
102.525
 20
209.6625
 11
102.975
 21
209.6625
  0
LINE
  5
B2C
100
AcDbEntity
  8
0
100
AcDbLine
 62
7
  6
CONTINUOUS
 10
104.025
 20
209.6625
 11
104.475
 21
209.6625
  0
LINE
  5
B2D
100
AcDbEntity
  8
0
100
AcDbLine
 62
7
  6
CONTINUOUS
 10
105.525
 20
209.6625
 11
105.975
 21
209.6625
  0
LINE
  5
B2E
100
AcDbEntity
  8
0
100
AcDbLine
 62
7
  6
CONTINUOUS
 10
107.025
 20
209.6625
 11
107.475
 21
209.6625
  0
LINE
  5
B2F
100
AcDbEntity
  8
0
100
AcDbLine
 62
7
  6
CONTINUOUS
 10
108.525
 20
209.6625
 11
108.975
 21
209.6625
  0
LINE
  5
B30
100
AcDbEntity
  8
0
100
AcDbLine
 62
7
  6
CONTINUOUS
 10
110.025
 20
209.6625
 11
110.475
 21
209.6625
  0
LINE
  5
B31
100
AcDbEntity
  8
0
100
AcDbLine
 62
7
  6
CONTINUOUS
 10
111.525
 20
209.6625
 11
111.975
 21
209.6625
  0
LINE
  5
B32
100
AcDbEntity
  8
0
100
AcDbLine
 62
7
  6
CONTINUOUS
 10
113.025
 20
209.6625
 11
113.475
 21
209.6625
  0
LINE
  5
B33
100
AcDbEntity
  8
0
100
AcDbLine
 62
7
  6
CONTINUOUS
 10
114.525
 20
209.6625
 11
114.975
 21
209.6625
  0
LINE
  5
B34
100
AcDbEntity
  8
0
100
AcDbLine
 62
7
  6
CONTINUOUS
 10
116.025
 20
209.6625
 11
116.475
 21
209.6625
  0
LINE
  5
B35
100
AcDbEntity
  8
0
100
AcDbLine
 62
7
  6
CONTINUOUS
 10
117.525
 20
209.6625
 11
117.975
 21
209.6625
  0
LINE
  5
B36
100
AcDbEntity
  8
0
100
AcDbLine
 62
7
  6
CONTINUOUS
 10
119.025
 20
209.6625
 11
119.475
 21
209.6625
  0
LINE
  5
B37
100
AcDbEntity
  8
0
100
AcDbLine
 62
7
  6
CONTINUOUS
 10
120.525
 20
209.6625
 11
120.975
 21
209.6625
  0
LINE
  5
B38
100
AcDbEntity
  8
0
100
AcDbLine
 62
7
  6
CONTINUOUS
 10
122.025
 20
209.6625
 11
122.475
 21
209.6625
  0
LINE
  5
B39
100
AcDbEntity
  8
0
100
AcDbLine
 62
7
  6
CONTINUOUS
 10
123.525
 20
209.6625
 11
123.975
 21
209.6625
  0
LINE
  5
B3A
100
AcDbEntity
  8
0
100
AcDbLine
 62
7
  6
CONTINUOUS
 10
125.025
 20
209.6625
 11
125.475
 21
209.6625
  0
LINE
  5
B3B
100
AcDbEntity
  8
0
100
AcDbLine
 62
7
  6
CONTINUOUS
 10
126.525
 20
209.6625
 11
126.975
 21
209.6625
  0
LINE
  5
B3C
100
AcDbEntity
  8
0
100
AcDbLine
 62
7
  6
CONTINUOUS
 10
128.025
 20
209.6625
 11
128.475
 21
209.6625
  0
LINE
  5
B3D
100
AcDbEntity
  8
0
100
AcDbLine
 62
7
  6
CONTINUOUS
 10
129.525
 20
209.6625
 11
129.975
 21
209.6625
  0
LINE
  5
B3E
100
AcDbEntity
  8
0
100
AcDbLine
 62
7
  6
CONTINUOUS
 10
137.025
 20
209.6625
 11
137.475
 21
209.6625
  0
LINE
  5
B3F
100
AcDbEntity
  8
0
100
AcDbLine
 62
7
  6
CONTINUOUS
 10
138.525
 20
209.6625
 11
138.975
 21
209.6625
  0
LINE
  5
B40
100
AcDbEntity
  8
0
100
AcDbLine
 62
7
  6
CONTINUOUS
 10
140.025
 20
209.6625
 11
140.475
 21
209.6625
  0
LINE
  5
B41
100
AcDbEntity
  8
0
100
AcDbLine
 62
7
  6
CONTINUOUS
 10
141.525
 20
209.6625
 11
141.975
 21
209.6625
  0
LINE
  5
B42
100
AcDbEntity
  8
0
100
AcDbLine
 62
7
  6
CONTINUOUS
 10
143.025
 20
209.6625
 11
143.475
 21
209.6625
  0
LINE
  5
B43
100
AcDbEntity
  8
0
100
AcDbLine
 62
7
  6
CONTINUOUS
 10
129.2818174722
 20
191.3581162321
 11
129.225
 21
192.1725
  0
LINE
  5
B44
100
AcDbEntity
  8
0
100
AcDbLine
 62
7
  6
CONTINUOUS
 10
127.725
 20
186.1125
 11
127.725
 21
185.0625
  0
LINE
  5
B45
100
AcDbEntity
  8
0
100
AcDbLine
 62
7
  6
CONTINUOUS
 10
127.725
 20
192.1725
 11
127.725
 21
192.8625
  0
LINE
  5
B46
100
AcDbEntity
  8
0
100
AcDbLine
 62
7
  6
CONTINUOUS
 10
128.025
 20
211.1625
 11
128.025
 21
209.3625
  0
LINE
  5
B47
100
AcDbEntity
  8
0
100
AcDbLine
 62
7
  6
CONTINUOUS
 10
128.475
 20
211.1625
 11
128.475
 21
209.3625
  0
LINE
  5
B48
100
AcDbEntity
  8
0
100
AcDbLine
 62
7
  6
CONTINUOUS
 10
128.775
 20
186.1125
 11
128.775
 21
185.0625
  0
LINE
  5
B49
100
AcDbEntity
  8
0
100
AcDbLine
 62
7
  6
CONTINUOUS
 10
128.775
 20
192.1725
 11
128.775
 21
192.8625
  0
LINE
  5
B4A
100
AcDbEntity
  8
0
100
AcDbLine
 62
7
  6
CONTINUOUS
 10
129.225
 20
186.1125
 11
129.225
 21
185.0625
  0
LINE
  5
B4B
100
AcDbEntity
  8
0
100
AcDbLine
 62
7
  6
CONTINUOUS
 10
129.225
 20
192.1725
 11
129.225
 21
192.8625
  0
LINE
  5
B4C
100
AcDbEntity
  8
0
100
AcDbLine
 62
7
  6
CONTINUOUS
 10
129.525
 20
211.1625
 11
129.525
 21
209.3625
  0
LINE
  5
B4D
100
AcDbEntity
  8
0
100
AcDbLine
 62
7
  6
CONTINUOUS
 10
127.2181825278
 20
191.3581162321
 11
127.275
 21
192.1725
  0
LINE
  5
B4E
100
AcDbEntity
  8
0
100
AcDbLine
 62
7
  6
CONTINUOUS
 10
128.7181825278
 20
191.3581162321
 11
128.775
 21
192.1725
  0
LINE
  5
B4F
100
AcDbEntity
  8
0
100
AcDbLine
 62
7
  6
CONTINUOUS
 10
87.525
 20
211.1625
 11
87.975
 21
211.1625
  0
LINE
  5
B50
100
AcDbEntity
  8
0
100
AcDbLine
 62
7
  6
CONTINUOUS
 10
89.025
 20
211.1625
 11
89.475
 21
211.1625
  0
LINE
  5
B51
100
AcDbEntity
  8
0
100
AcDbLine
 62
7
  6
CONTINUOUS
 10
90.525
 20
211.1625
 11
90.975
 21
211.1625
  0
LINE
  5
B52
100
AcDbEntity
  8
0
100
AcDbLine
 62
7
  6
CONTINUOUS
 10
92.025
 20
211.1625
 11
92.475
 21
211.1625
  0
LINE
  5
B53
100
AcDbEntity
  8
0
100
AcDbLine
 62
7
  6
CONTINUOUS
 10
93.525
 20
211.1625
 11
93.975
 21
211.1625
  0
LINE
  5
B54
100
AcDbEntity
  8
0
100
AcDbLine
 62
7
  6
CONTINUOUS
 10
95.025
 20
211.1625
 11
95.475
 21
211.1625
  0
LINE
  5
B55
100
AcDbEntity
  8
0
100
AcDbLine
 62
7
  6
CONTINUOUS
 10
96.525
 20
211.1625
 11
96.975
 21
211.1625
  0
LINE
  5
B56
100
AcDbEntity
  8
0
100
AcDbLine
 62
7
  6
CONTINUOUS
 10
98.025
 20
211.1625
 11
98.475
 21
211.1625
  0
LINE
  5
B57
100
AcDbEntity
  8
0
100
AcDbLine
 62
7
  6
CONTINUOUS
 10
99.525
 20
211.1625
 11
99.975
 21
211.1625
  0
LINE
  5
B58
100
AcDbEntity
  8
0
100
AcDbLine
 62
7
  6
CONTINUOUS
 10
101.025
 20
211.1625
 11
101.475
 21
211.1625
  0
LINE
  5
B59
100
AcDbEntity
  8
0
100
AcDbLine
 62
7
  6
CONTINUOUS
 10
102.525
 20
211.1625
 11
102.975
 21
211.1625
  0
LINE
  5
B5A
100
AcDbEntity
  8
0
100
AcDbLine
 62
7
  6
CONTINUOUS
 10
104.025
 20
211.1625
 11
104.475
 21
211.1625
  0
LINE
  5
B5B
100
AcDbEntity
  8
0
100
AcDbLine
 62
7
  6
CONTINUOUS
 10
105.525
 20
211.1625
 11
105.975
 21
211.1625
  0
LINE
  5
B5C
100
AcDbEntity
  8
0
100
AcDbLine
 62
7
  6
CONTINUOUS
 10
107.025
 20
211.1625
 11
107.475
 21
211.1625
  0
LINE
  5
B5D
100
AcDbEntity
  8
0
100
AcDbLine
 62
7
  6
CONTINUOUS
 10
108.525
 20
211.1625
 11
108.975
 21
211.1625
  0
LINE
  5
B5E
100
AcDbEntity
  8
0
100
AcDbLine
 62
7
  6
CONTINUOUS
 10
110.025
 20
211.1625
 11
110.475
 21
211.1625
  0
LINE
  5
B5F
100
AcDbEntity
  8
0
100
AcDbLine
 62
7
  6
CONTINUOUS
 10
111.525
 20
211.1625
 11
111.975
 21
211.1625
  0
LINE
  5
B60
100
AcDbEntity
  8
0
100
AcDbLine
 62
7
  6
CONTINUOUS
 10
113.025
 20
211.1625
 11
113.475
 21
211.1625
  0
LINE
  5
B61
100
AcDbEntity
  8
0
100
AcDbLine
 62
7
  6
CONTINUOUS
 10
114.525
 20
211.1625
 11
114.975
 21
211.1625
  0
LINE
  5
B62
100
AcDbEntity
  8
0
100
AcDbLine
 62
7
  6
CONTINUOUS
 10
116.025
 20
211.1625
 11
116.475
 21
211.1625
  0
LINE
  5
B63
100
AcDbEntity
  8
0
100
AcDbLine
 62
7
  6
CONTINUOUS
 10
117.525
 20
211.1625
 11
117.975
 21
211.1625
  0
LINE
  5
B64
100
AcDbEntity
  8
0
100
AcDbLine
 62
7
  6
CONTINUOUS
 10
119.025
 20
211.1625
 11
119.475
 21
211.1625
  0
LINE
  5
B65
100
AcDbEntity
  8
0
100
AcDbLine
 62
7
  6
CONTINUOUS
 10
120.525
 20
211.1625
 11
120.975
 21
211.1625
  0
LINE
  5
B66
100
AcDbEntity
  8
0
100
AcDbLine
 62
7
  6
CONTINUOUS
 10
122.025
 20
211.1625
 11
122.475
 21
211.1625
  0
LINE
  5
B67
100
AcDbEntity
  8
0
100
AcDbLine
 62
7
  6
CONTINUOUS
 10
123.525
 20
211.1625
 11
123.975
 21
211.1625
  0
LINE
  5
B68
100
AcDbEntity
  8
0
100
AcDbLine
 62
7
  6
CONTINUOUS
 10
125.025
 20
211.1625
 11
125.475
 21
211.1625
  0
LINE
  5
B69
100
AcDbEntity
  8
0
100
AcDbLine
 62
7
  6
CONTINUOUS
 10
126.525
 20
211.1625
 11
126.975
 21
211.1625
  0
LINE
  5
B6A
100
AcDbEntity
  8
0
100
AcDbLine
 62
7
  6
CONTINUOUS
 10
128.025
 20
211.1625
 11
128.475
 21
211.1625
  0
LINE
  5
B6B
100
AcDbEntity
  8
0
100
AcDbLine
 62
7
  6
CONTINUOUS
 10
129.525
 20
211.1625
 11
129.975
 21
211.1625
  0
LINE
  5
B6C
100
AcDbEntity
  8
0
100
AcDbLine
 62
7
  6
CONTINUOUS
 10
137.025
 20
211.1625
 11
137.475
 21
211.1625
  0
LINE
  5
B6D
100
AcDbEntity
  8
0
100
AcDbLine
 62
7
  6
CONTINUOUS
 10
138.525
 20
211.1625
 11
138.975
 21
211.1625
  0
LINE
  5
B6E
100
AcDbEntity
  8
0
100
AcDbLine
 62
7
  6
CONTINUOUS
 10
140.025
 20
211.1625
 11
140.475
 21
211.1625
  0
LINE
  5
B6F
100
AcDbEntity
  8
0
100
AcDbLine
 62
7
  6
CONTINUOUS
 10
141.525
 20
211.1625
 11
141.975
 21
211.1625
  0
LINE
  5
B70
100
AcDbEntity
  8
0
100
AcDbLine
 62
7
  6
CONTINUOUS
 10
143.025
 20
211.1625
 11
143.475
 21
211.1625
  0
LINE
  5
B71
100
AcDbEntity
  8
0
100
AcDbLine
 62
7
  6
CONTINUOUS
 10
130.7818174722
 20
191.3581162321
 11
130.725
 21
192.1725
  0
LINE
  5
B72
100
AcDbEntity
  8
0
100
AcDbLine
 62
7
  6
CONTINUOUS
 10
129.975
 20
211.1625
 11
129.975
 21
209.3625
  0
LINE
  5
B73
100
AcDbEntity
  8
0
100
AcDbLine
 62
7
  6
CONTINUOUS
 10
130.275
 20
186.1125
 11
130.275
 21
185.0625
  0
LINE
  5
B74
100
AcDbEntity
  8
0
100
AcDbLine
 62
7
  6
CONTINUOUS
 10
130.275
 20
192.1725
 11
130.275
 21
192.8625
  0
LINE
  5
B75
100
AcDbEntity
  8
0
100
AcDbLine
 62
7
  6
CONTINUOUS
 10
130.725
 20
186.1125
 11
130.725
 21
185.0625
  0
LINE
  5
B76
100
AcDbEntity
  8
0
100
AcDbLine
 62
7
  6
CONTINUOUS
 10
130.725
 20
192.1725
 11
130.725
 21
192.8625
  0
LINE
  5
B77
100
AcDbEntity
  8
0
100
AcDbLine
 62
7
  6
CONTINUOUS
 10
131.535
 20
192.8625
 11
131.535
 21
186.1125
  0
LINE
  5
B78
100
AcDbEntity
  8
0
100
AcDbLine
 62
7
  6
CONTINUOUS
 10
131.865
 20
186.1125
 11
131.865
 21
186.8625
  0
LINE
  5
B79
100
AcDbEntity
  8
0
100
AcDbLine
 62
7
  6
CONTINUOUS
 10
132.225
 20
192.8625
 11
132.225
 21
191.3625
  0
LINE
  5
B7A
100
AcDbEntity
  8
0
100
AcDbLine
 62
7
  6
CONTINUOUS
 10
130.2181825278
 20
191.3581162321
 11
130.275
 21
192.1725
  0
LINE
  5
B7B
100
AcDbEntity
  8
0
100
AcDbLine
 62
7
  6
CONTINUOUS
 10
133.725
 20
189.8625
 11
133.725
 21
192.8625
  0
LINE
  5
B7C
100
AcDbEntity
  8
0
100
AcDbLine
 62
7
  6
CONTINUOUS
 10
134.025
 20
192.8625
 11
134.025
 21
189.8625
  0
LINE
  5
B7D
100
AcDbEntity
  8
0
100
AcDbLine
 62
7
  6
CONTINUOUS
 10
135.525
 20
192.8625
 11
135.525
 21
191.3625
  0
LINE
  5
B7E
100
AcDbEntity
  8
0
100
AcDbLine
 62
7
  6
CONTINUOUS
 10
136.635
 20
186.1125
 11
136.635
 21
186.8625
  0
LINE
  5
B7F
100
AcDbEntity
  8
0
100
AcDbLine
 62
7
  6
CONTINUOUS
 10
136.965
 20
192.8625
 11
136.965
 21
186.1125
  0
LINE
  5
B80
100
AcDbEntity
  8
0
100
AcDbLine
 62
7
  6
CONTINUOUS
 10
138.2818174722
 20
191.3581162321
 11
138.225
 21
192.1725
  0
LINE
  5
B81
100
AcDbEntity
  8
0
100
AcDbLine
 62
7
  6
CONTINUOUS
 10
139.7818174722
 20
191.3581162321
 11
139.725
 21
192.1725
  0
LINE
  5
B82
100
AcDbEntity
  8
0
100
AcDbLine
 62
7
  6
CONTINUOUS
 10
137.025
 20
211.1625
 11
137.025
 21
209.3625
  0
LINE
  5
B83
100
AcDbEntity
  8
0
100
AcDbLine
 62
7
  6
CONTINUOUS
 10
137.475
 20
211.1625
 11
137.475
 21
209.3625
  0
LINE
  5
B84
100
AcDbEntity
  8
0
100
AcDbLine
 62
7
  6
CONTINUOUS
 10
137.775
 20
186.1125
 11
137.775
 21
185.0625
  0
LINE
  5
B85
100
AcDbEntity
  8
0
100
AcDbLine
 62
7
  6
CONTINUOUS
 10
137.775
 20
192.1725
 11
137.775
 21
192.8625
  0
LINE
  5
B86
100
AcDbEntity
  8
0
100
AcDbLine
 62
7
  6
CONTINUOUS
 10
138.225
 20
186.1125
 11
138.225
 21
185.0625
  0
LINE
  5
B87
100
AcDbEntity
  8
0
100
AcDbLine
 62
7
  6
CONTINUOUS
 10
138.225
 20
192.1725
 11
138.225
 21
192.8625
  0
LINE
  5
B88
100
AcDbEntity
  8
0
100
AcDbLine
 62
7
  6
CONTINUOUS
 10
138.525
 20
211.1625
 11
138.525
 21
209.3625
  0
LINE
  5
B89
100
AcDbEntity
  8
0
100
AcDbLine
 62
7
  6
CONTINUOUS
 10
138.975
 20
211.1625
 11
138.975
 21
209.3625
  0
LINE
  5
B8A
100
AcDbEntity
  8
0
100
AcDbLine
 62
7
  6
CONTINUOUS
 10
139.275
 20
186.1125
 11
139.275
 21
185.0625
  0
LINE
  5
B8B
100
AcDbEntity
  8
0
100
AcDbLine
 62
7
  6
CONTINUOUS
 10
139.275
 20
192.1725
 11
139.275
 21
192.8625
  0
LINE
  5
B8C
100
AcDbEntity
  8
0
100
AcDbLine
 62
7
  6
CONTINUOUS
 10
137.7181825278
 20
191.3581162321
 11
137.775
 21
192.1725
  0
LINE
  5
B8D
100
AcDbEntity
  8
0
100
AcDbLine
 62
7
  6
CONTINUOUS
 10
141.2818174722
 20
191.3581162321
 11
141.225
 21
192.1725
  0
LINE
  5
B8E
100
AcDbEntity
  8
0
100
AcDbLine
 62
7
  6
CONTINUOUS
 10
139.725
 20
186.1125
 11
139.725
 21
185.0625
  0
LINE
  5
B8F
100
AcDbEntity
  8
0
100
AcDbLine
 62
7
  6
CONTINUOUS
 10
139.725
 20
192.1725
 11
139.725
 21
192.8625
  0
LINE
  5
B90
100
AcDbEntity
  8
0
100
AcDbLine
 62
7
  6
CONTINUOUS
 10
140.025
 20
211.1625
 11
140.025
 21
209.3625
  0
LINE
  5
B91
100
AcDbEntity
  8
0
100
AcDbLine
 62
7
  6
CONTINUOUS
 10
140.475
 20
211.1625
 11
140.475
 21
209.3625
  0
LINE
  5
B92
100
AcDbEntity
  8
0
100
AcDbLine
 62
7
  6
CONTINUOUS
 10
140.775
 20
186.1125
 11
140.775
 21
185.0625
  0
LINE
  5
B93
100
AcDbEntity
  8
0
100
AcDbLine
 62
7
  6
CONTINUOUS
 10
140.775
 20
192.1725
 11
140.775
 21
192.8625
  0
LINE
  5
B94
100
AcDbEntity
  8
0
100
AcDbLine
 62
7
  6
CONTINUOUS
 10
141.225
 20
186.1125
 11
141.225
 21
185.0625
  0
LINE
  5
B95
100
AcDbEntity
  8
0
100
AcDbLine
 62
7
  6
CONTINUOUS
 10
141.225
 20
192.1725
 11
141.225
 21
192.8625
  0
LINE
  5
B96
100
AcDbEntity
  8
0
100
AcDbLine
 62
7
  6
CONTINUOUS
 10
141.525
 20
211.1625
 11
141.525
 21
209.3625
  0
LINE
  5
B97
100
AcDbEntity
  8
0
100
AcDbLine
 62
7
  6
CONTINUOUS
 10
139.2181825278
 20
191.3581162321
 11
139.275
 21
192.1725
  0
LINE
  5
B98
100
AcDbEntity
  8
0
100
AcDbLine
 62
7
  6
CONTINUOUS
 10
140.7181825278
 20
191.3581162321
 11
140.775
 21
192.1725
  0
LINE
  5
B99
100
AcDbEntity
  8
0
100
AcDbLine
 62
7
  6
CONTINUOUS
 10
142.7818174722
 20
191.3581162321
 11
142.725
 21
192.1725
  0
LINE
  5
B9A
100
AcDbEntity
  8
0
100
AcDbLine
 62
7
  6
CONTINUOUS
 10
141.975
 20
211.1625
 11
141.975
 21
209.3625
  0
LINE
  5
B9B
100
AcDbEntity
  8
0
100
AcDbLine
 62
7
  6
CONTINUOUS
 10
142.275
 20
186.1125
 11
142.275
 21
185.0625
  0
LINE
  5
B9C
100
AcDbEntity
  8
0
100
AcDbLine
 62
7
  6
CONTINUOUS
 10
142.275
 20
192.1725
 11
142.275
 21
192.8625
  0
LINE
  5
B9D
100
AcDbEntity
  8
0
100
AcDbLine
 62
7
  6
CONTINUOUS
 10
142.725
 20
186.1125
 11
142.725
 21
185.0625
  0
LINE
  5
B9E
100
AcDbEntity
  8
0
100
AcDbLine
 62
7
  6
CONTINUOUS
 10
142.725
 20
192.1725
 11
142.725
 21
192.8625
  0
LINE
  5
B9F
100
AcDbEntity
  8
0
100
AcDbLine
 62
7
  6
CONTINUOUS
 10
143.025
 20
211.1625
 11
143.025
 21
209.3625
  0
LINE
  5
BA0
100
AcDbEntity
  8
0
100
AcDbLine
 62
7
  6
CONTINUOUS
 10
143.475
 20
211.1625
 11
143.475
 21
209.3625
  0
LINE
  5
BA1
100
AcDbEntity
  8
0
100
AcDbLine
 62
7
  6
CONTINUOUS
 10
144.0
 20
192.8625
 11
144.0
 21
186.1125
  0
LINE
  5
BA2
100
AcDbEntity
  8
0
100
AcDbLine
 62
7
  6
CONTINUOUS
 10
142.2181825278
 20
191.3581162321
 11
142.275
 21
192.1725
  0
LINE
  5
BA3
100
AcDbEntity
  8
0
100
AcDbLine
 62
7
  6
CONTINUOUS
 10
145.725
 20
191.3625
 11
145.725
 21
192.8625
  0
LINE
  5
BA4
100
AcDbEntity
  8
0
100
AcDbLine
 62
7
  6
CONTINUOUS
 10
147.225
 20
189.8625
 11
147.225
 21
192.8625
  0
LINE
  5
BA5
100
AcDbEntity
  8
0
100
AcDbLine
 62
7
  6
CONTINUOUS
 10
148.35
 20
209.3625
 11
148.35
 21
189.8625
  0
LINE
  5
BA6
100
AcDbEntity
  8
0
100
AcDbLine
 62
7
  6
CONTINUOUS
 10
238.95
 20
92.5125
 11
238.95
 21
92.0625
  0
LINE
  5
BA7
100
AcDbEntity
  8
0
100
AcDbLine
 62
7
  6
CONTINUOUS
 10
240.0
 20
93.9525
 11
240.0
 21
95.1525
  0
LINE
  5
BA8
100
AcDbEntity
  8
0
100
AcDbLine
 62
7
  6
CONTINUOUS
 10
240.0
 20
96.7125
 11
240.0
 21
99.5025
  0
LINE
  5
BA9
100
AcDbEntity
  8
0
100
AcDbLine
 62
7
  6
CONTINUOUS
 10
240.6
 20
93.9525
 11
240.6
 21
92.8125
  0
LINE
  5
BAA
100
AcDbEntity
  8
0
100
AcDbLine
 62
7
  6
CONTINUOUS
 10
241.05
 20
92.8125
 11
241.05
 21
93.9525
  0
LINE
  5
BAB
100
AcDbEntity
  8
0
100
AcDbLine
 62
7
  6
CONTINUOUS
 10
241.35
 20
93.0525
 11
241.35
 21
93.9525
  0
LINE
  5
BAC
100
AcDbEntity
  8
0
100
AcDbLine
 62
7
  6
CONTINUOUS
 10
241.35
 20
95.1525
 11
241.35
 21
96.7125
  0
LINE
  5
BAD
100
AcDbEntity
  8
0
100
AcDbLine
 62
7
  6
CONTINUOUS
 10
245.925
 20
90.2625
 11
245.325
 21
91.1625
  0
LINE
  5
BAE
100
AcDbEntity
  8
0
100
AcDbLine
 62
7
  6
CONTINUOUS
 10
243.75
 20
101.3625
 11
243.75
 21
92.2125
  0
LINE
  5
BAF
100
AcDbEntity
  8
0
100
AcDbLine
 62
7
  6
CONTINUOUS
 10
245.925
 20
90.2625
 11
249.075
 21
90.2625
  0
LINE
  5
BB0
100
AcDbEntity
  8
0
100
AcDbLine
 62
7
  6
CONTINUOUS
 10
245.325
 20
91.1625
 11
245.325
 21
92.2125
  0
LINE
  5
BB1
100
AcDbEntity
  8
0
100
AcDbLine
 62
7
  6
CONTINUOUS
 10
245.325
 20
91.1625
 11
249.675
 21
91.1625
  0
LINE
  5
BB2
100
AcDbEntity
  8
0
100
AcDbLine
 62
7
  6
CONTINUOUS
 10
246.75
 20
96.8625
 11
246.75
 21
100.4625
  0
LINE
  5
BB3
100
AcDbEntity
  8
0
100
AcDbLine
 62
7
  6
CONTINUOUS
 10
238.95
 20
92.0625
 11
240.3
 21
92.0625
  0
LINE
  5
BB4
100
AcDbEntity
  8
0
100
AcDbLine
 62
7
  6
CONTINUOUS
 10
258.3
 20
92.0625
 11
263.1
 21
92.0625
  0
LINE
  5
BB5
100
AcDbEntity
  8
0
100
AcDbLine
 62
7
  6
CONTINUOUS
 10
263.55
 20
92.0625
 11
265.05
 21
92.0625
  0
LINE
  5
BB6
100
AcDbEntity
  8
0
100
AcDbLine
 62
7
  6
CONTINUOUS
 10
252.75
 20
92.2125
 11
243.75
 21
92.2125
  0
LINE
  5
BB7
100
AcDbEntity
  8
0
100
AcDbLine
 62
7
  6
CONTINUOUS
 10
260.1
 20
92.2125
 11
261.3
 21
92.2125
  0
LINE
  5
BB8
100
AcDbEntity
  8
0
100
AcDbLine
 62
7
  6
CONTINUOUS
 10
265.05
 20
92.5125
 11
263.55
 21
92.5125
  0
LINE
  5
BB9
100
AcDbEntity
  8
0
100
AcDbLine
 62
7
  6
CONTINUOUS
 10
240.3
 20
92.5125
 11
238.95
 21
92.5125
  0
LINE
  5
BBA
100
AcDbEntity
  8
0
100
AcDbLine
 62
7
  6
CONTINUOUS
 10
260.1
 20
92.5125
 11
261.3
 21
92.5125
  0
LINE
  5
BBB
100
AcDbEntity
  8
0
100
AcDbLine
 62
7
  6
CONTINUOUS
 10
258.3
 20
92.6625
 11
263.1
 21
92.6625
  0
LINE
  5
BBC
100
AcDbEntity
  8
0
100
AcDbLine
 62
7
  6
CONTINUOUS
 10
261.84
 20
92.9625
 11
259.56
 21
92.9625
  0
LINE
  5
BBD
100
AcDbEntity
  8
0
100
AcDbLine
 62
7
  6
CONTINUOUS
 10
241.35
 20
93.0525
 11
243.75
 21
93.0525
  0
LINE
  5
BBE
100
AcDbEntity
  8
0
100
AcDbLine
 62
7
  6
CONTINUOUS
 10
252.75
 20
93.0525
 11
263.25
 21
93.0525
  0
LINE
  5
BBF
100
AcDbEntity
  8
0
100
AcDbLine
 62
7
  6
CONTINUOUS
 10
240.0
 20
93.9525
 11
241.35
 21
93.9525
  0
LINE
  5
BC0
100
AcDbEntity
  8
0
100
AcDbLine
 62
7
  6
CONTINUOUS
 10
249.675
 20
91.1625
 11
249.675
 21
92.2125
  0
LINE
  5
BC1
100
AcDbEntity
  8
0
100
AcDbLine
 62
7
  6
CONTINUOUS
 10
240.0
 20
95.1525
 11
241.35
 21
95.1525
  0
LINE
  5
BC2
100
AcDbEntity
  8
0
100
AcDbLine
 62
7
  6
CONTINUOUS
 10
240.0
 20
96.7125
 11
241.35
 21
96.7125
  0
LINE
  5
BC3
100
AcDbEntity
  8
0
100
AcDbLine
 62
7
  6
CONTINUOUS
 10
263.25
 20
96.8625
 11
246.75
 21
96.8625
  0
LINE
  5
BC4
100
AcDbEntity
  8
0
100
AcDbLine
 62
7
  6
CONTINUOUS
 10
252.75
 20
93.0525
 11
252.75
 21
92.2125
  0
LINE
  5
BC5
100
AcDbEntity
  8
0
100
AcDbLine
 62
7
  6
CONTINUOUS
 10
263.25
 20
98.2125
 11
262.05
 21
98.2125
  0
LINE
  5
BC6
100
AcDbEntity
  8
0
100
AcDbLine
 62
7
  6
CONTINUOUS
 10
249.075
 20
90.2625
 11
249.675
 21
91.1625
  0
LINE
  5
BC7
100
AcDbEntity
  8
0
100
AcDbLine
 62
7
  6
CONTINUOUS
 10
243.75
 20
99.5025
 11
240.0
 21
99.5025
  0
LINE
  5
BC8
100
AcDbEntity
  8
0
100
AcDbLine
 62
7
  6
CONTINUOUS
 10
262.05
 20
100.4625
 11
246.75
 21
100.4625
  0
LINE
  5
BC9
100
AcDbEntity
  8
0
100
AcDbLine
 62
7
  6
CONTINUOUS
 10
263.25
 20
102.8925
 11
262.05
 21
102.8925
  0
LINE
  5
BCA
100
AcDbEntity
  8
0
100
AcDbLine
 62
7
  6
CONTINUOUS
 10
258.3
 20
92.6625
 11
258.3
 21
92.0625
  0
LINE
  5
BCB
100
AcDbEntity
  8
0
100
AcDbLine
 62
7
  6
CONTINUOUS
 10
258.6
 20
92.6625
 11
258.6
 21
92.0625
  0
LINE
  5
BCC
100
AcDbEntity
  8
0
100
AcDbLine
 62
7
  6
CONTINUOUS
 10
263.25
 20
104.3625
 11
246.75
 21
104.3625
  0
LINE
  5
BCD
100
AcDbEntity
  8
0
100
AcDbLine
 62
7
  6
CONTINUOUS
 10
259.5
 20
92.6625
 11
259.5
 21
92.0625
  0
LINE
  5
BCE
100
AcDbEntity
  8
0
100
AcDbLine
 62
7
  6
CONTINUOUS
 10
259.56
 20
92.9625
 11
259.56
 21
93.0525
  0
LINE
  5
BCF
100
AcDbEntity
  8
0
100
AcDbLine
 62
7
  6
CONTINUOUS
 10
260.1
 20
92.5125
 11
260.1
 21
92.2125
  0
LINE
  5
BD0
100
AcDbEntity
  8
0
100
AcDbLine
 62
7
  6
CONTINUOUS
 10
261.3
 20
92.5125
 11
261.3
 21
92.2125
  0
LINE
  5
BD1
100
AcDbEntity
  8
0
100
AcDbLine
 62
7
  6
CONTINUOUS
 10
261.84
 20
93.0525
 11
261.84
 21
92.9625
  0
LINE
  5
BD2
100
AcDbEntity
  8
0
100
AcDbLine
 62
7
  6
CONTINUOUS
 10
261.9
 20
92.6625
 11
261.9
 21
92.0625
  0
LINE
  5
BD3
100
AcDbEntity
  8
0
100
AcDbLine
 62
7
  6
CONTINUOUS
 10
262.05
 20
98.2125
 11
262.05
 21
102.8925
  0
LINE
  5
BD4
100
AcDbEntity
  8
0
100
AcDbLine
 62
7
  6
CONTINUOUS
 10
262.8
 20
93.0525
 11
262.8
 21
92.8125
  0
LINE
  5
BD5
100
AcDbEntity
  8
0
100
AcDbLine
 62
7
  6
CONTINUOUS
 10
262.8
 20
92.6625
 11
262.8
 21
92.0625
  0
LINE
  5
BD6
100
AcDbEntity
  8
0
100
AcDbLine
 62
7
  6
CONTINUOUS
 10
263.1
 20
92.6625
 11
263.1
 21
92.0625
  0
LINE
  5
BD7
100
AcDbEntity
  8
0
100
AcDbLine
 62
7
  6
CONTINUOUS
 10
263.25
 20
92.8125
 11
263.25
 21
104.3625
  0
LINE
  5
BD8
100
AcDbEntity
  8
0
100
AcDbLine
 62
7
  6
CONTINUOUS
 10
265.05
 20
92.0625
 11
265.05
 21
92.5125
  0
ARC
  5
BD9
100
AcDbEntity
  8
0
100
AcDbCircle
 62
7
  6
CONTINUOUS
 10
83.775
 20
102.8625
 40
1.5
100
AcDbArc
 50
0.0
 51
90.0
  0
ARC
  5
BDA
100
AcDbEntity
  8
0
100
AcDbCircle
 62
7
  6
CONTINUOUS
 10
133.725
 20
102.8625
 40
1.5
100
AcDbArc
 50
90.0
 51
180.0
  0
ARC
  5
BDB
100
AcDbEntity
  8
0
100
AcDbCircle
 62
7
  6
CONTINUOUS
 10
147.225
 20
102.8625
 40
1.5
100
AcDbArc
 50
90.0
 51
180.0
  0
ARC
  5
BDC
100
AcDbEntity
  8
0
100
AcDbCircle
 62
7
  6
CONTINUOUS
 10
134.025
 20
102.8625
 40
1.5
100
AcDbArc
 50
0.0
 51
90.0
  0
ARC
  5
BDD
100
AcDbEntity
  8
0
100
AcDbCircle
 62
7
  6
CONTINUOUS
 10
134.025
 20
191.3625
 40
1.5
100
AcDbArc
 50
270.0
 51
360.0
  0
ARC
  5
BDE
100
AcDbEntity
  8
0
100
AcDbCircle
 62
7
  6
CONTINUOUS
 10
133.725
 20
191.3625
 40
1.5
100
AcDbArc
 50
180.0
 51
270.0
  0
ARC
  5
BDF
100
AcDbEntity
  8
0
100
AcDbCircle
 62
7
  6
CONTINUOUS
 10
83.775
 20
191.3625
 40
1.5
100
AcDbArc
 50
270.0
 51
360.0
  0
ARC
  5
BE0
100
AcDbEntity
  8
0
100
AcDbCircle
 62
7
  6
CONTINUOUS
 10
147.225
 20
191.3625
 40
1.5
100
AcDbArc
 50
180.0
 51
270.0
  0
ARC
  5
BE1
100
AcDbEntity
  8
0
100
AcDbCircle
 62
7
  6
CONTINUOUS
 10
246.75
 20
101.3625
 40
3.0
100
AcDbArc
 50
90.0
 51
180.0
  0
ARC
  5
BE2
100
AcDbEntity
  8
0
100
AcDbCircle
 62
7
  6
CONTINUOUS
 10
240.3
 20
92.8125
 40
0.75
100
AcDbArc
 50
270.0
 51
360.0
  0
ARC
  5
BE3
100
AcDbEntity
  8
0
100
AcDbCircle
 62
7
  6
CONTINUOUS
 10
263.55
 20
92.8125
 40
0.75
100
AcDbArc
 50
180.0
 51
191.5371178835
  0
ARC
  5
BE4
100
AcDbEntity
  8
0
100
AcDbCircle
 62
7
  6
CONTINUOUS
 10
263.55
 20
92.8125
 40
0.75
100
AcDbArc
 50
233.125522861
 51
270.0
  0
ARC
  5
BE5
100
AcDbEntity
  8
0
100
AcDbCircle
 62
7
  6
CONTINUOUS
 10
240.3
 20
92.8125
 40
0.3
100
AcDbArc
 50
270.0
 51
360.0
  0
ARC
  5
BE6
100
AcDbEntity
  8
0
100
AcDbCircle
 62
7
  6
CONTINUOUS
 10
263.55
 20
92.8125
 40
0.3
100
AcDbArc
 50
180.0
 51
270.0
  0
SPLINE
  5
BE7
100
AcDbEntity
  8
0
100
AcDbSpline
 62
7
  6
CONTINUOUS
 70
0
 71
3
 72
36
 73
32
 74
0
 42
0.0000001
 43
0.0000001
 44
0.0000000001
 40
0.0
 40
0.0
 40
0.0
 40
0.0
 40
0.0242194315
 40
0.0494189022
 40
0.0755691983
 40
0.1026355034
 40
0.1305780246
 40
0.1593525386
 40
0.1889108688
 40
0.2192013108
 40
0.2501690142
 40
0.2817563324
 40
0.3139031461
 40
0.3465471679
 40
0.3796242289
 40
0.4130685552
 40
0.4468130347
 40
0.4807894758
 40
0.5491584505
 40
0.6176210754
 40
0.6856183899
 40
0.7192711083
 40
0.7526013475
 40
0.7855424092
 40
0.8180290204
 40
0.8499976033
 40
0.8813865547
 40
0.9121365388
 40
0.9421907965
 40
0.9714954792
 40
1.0
 40
1.0
 40
1.0
 40
1.0
 10
260.3365543584
 20
215.313118128
 30
0.0
 10
260.3212671864
 20
215.344270127
 30
0.0
 10
260.2913625779
 20
215.4084736059
 30
0.0
 10
260.2492654439
 20
215.5082504117
 30
0.0
 10
260.2091216918
 20
215.6132076772
 30
0.0
 10
260.1710285428
 20
215.7230922063
 30
0.0
 10
260.135077195
 20
215.8376414415
 30
0.0
 10
260.1013542063
 20
215.9565805803
 30
0.0
 10
260.0699407629
 20
216.0796242719
 30
0.0
 10
260.0409125797
 20
216.2064770541
 30
0.0
 10
260.0143396561
 20
216.3368341712
 30
0.0
 10
259.9902861002
 20
216.4703823075
 30
0.0
 10
259.9688099576
 20
216.6068003734
 30
0.0
 10
259.9499630715
 20
216.745760273
 30
0.0
 10
259.9337909223
 20
216.8869277849
 30
0.0
 10
259.9203326256
 20
217.0299630919
 30
0.0
 10
259.9096204137
 20
217.1745226991
 30
0.0
 10
259.8990132024
 20
217.3692290779
 30
0.0
 10
259.8927873379
 20
217.6139439574
 30
0.0
 10
259.8965065672
 20
217.9074596454
 30
0.0
 10
259.908930663
 20
218.1509419167
 30
0.0
 10
259.924480618
 20
218.343721459
 30
0.0
 10
259.938840509
 20
218.4861774513
 30
0.0
 10
259.9559017724
 20
218.6266521249
 30
0.0
 10
259.9756235115
 20
218.7648081865
 30
0.0
 10
259.9979580377
 20
218.9003131422
 30
0.0
 10
260.0228514729
 20
219.0328412052
 30
0.0
 10
260.0502437134
 20
219.1620736542
 30
0.0
 10
260.0800687939
 20
219.2877002937
 30
0.0
 10
260.1122544129
 20
219.4094180254
 30
0.0
 10
260.135569748
 20
219.4889088886
 30
0.0
 10
260.1476277349
 20
219.5279285846
 30
0.0
  0
SPLINE
  5
BE8
100
AcDbEntity
  8
0
100
AcDbSpline
 62
7
  6
CONTINUOUS
 70
0
 71
3
 72
23
 73
19
 74
0
 42
0.0000001
 43
0.0000001
 44
0.0000000001
 40
0.0
 40
0.0
 40
0.0
 40
0.0
 40
0.0606155338
 40
0.1222315197
 40
0.1848499662
 40
0.2483764061
 40
0.3126345995
 40
0.3773860636
 40
0.4423520603
 40
0.5072367458
 40
0.5717507293
 40
0.635634492
 40
0.6986810089
 40
0.7607565913
 40
0.8218181891
 40
0.8819243428
 40
0.9412356247
 40
1.0
 40
1.0
 40
1.0
 40
1.0
 10
306.2152539483
 20
219.0383844312
 30
0.0
 10
306.1956704211
 20
218.9750120551
 30
0.0
 10
306.1596792839
 20
218.8461165525
 30
0.0
 10
306.115095608
 20
218.6487414741
 30
0.0
 10
306.0792097239
 20
218.4463677209
 30
0.0
 10
306.0518740476
 20
218.2397538884
 30
0.0
 10
306.033023897
 20
218.02985391
 30
0.0
 10
306.022641093
 20
217.8177905853
 30
0.0
 10
306.020724477
 20
217.604797292
 30
0.0
 10
306.0272745548
 20
217.3921557289
 30
0.0
 10
306.0422905303
 20
217.1811293282
 30
0.0
 10
306.065780203
 20
216.9728981245
 30
0.0
 10
306.0977825641
 20
216.7684994703
 30
0.0
 10
306.1384031236
 20
216.5687803388
 30
0.0
 10
306.1878591526
 20
216.3743722994
 30
0.0
 10
306.2465339376
 20
216.1856935452
 30
0.0
 10
306.3150140062
 20
216.0030214976
 30
0.0
 10
306.367922531
 20
215.8850222017
 30
0.0
 10
306.3962510096
 20
215.8272947987
 30
0.0
  0
SPLINE
  5
BE9
100
AcDbEntity
  8
0
100
AcDbSpline
 62
7
  6
CONTINUOUS
 70
0
 71
3
 72
23
 73
19
 74
0
 42
0.0000001
 43
0.0000001
 44
0.0000000001
 40
0.0
 40
0.0
 40
0.0
 40
0.0
 40
0.0606155338
 40
0.1222315197
 40
0.1848499662
 40
0.2483764061
 40
0.3126345995
 40
0.3773860636
 40
0.4423520603
 40
0.5072367458
 40
0.5717507293
 40
0.635634492
 40
0.6986810089
 40
0.7607565913
 40
0.8218181891
 40
0.8819243428
 40
0.9412356247
 40
1.0
 40
1.0
 40
1.0
 40
1.0
 10
318.6495786382
 20
219.0383844312
 30
0.0
 10
318.629995111
 20
218.9750120551
 30
0.0
 10
318.5940039739
 20
218.8461165525
 30
0.0
 10
318.5494202979
 20
218.6487414741
 30
0.0
 10
318.5135344138
 20
218.4463677209
 30
0.0
 10
318.4861987376
 20
218.2397538884
 30
0.0
 10
318.4673485869
 20
218.02985391
 30
0.0
 10
318.456965783
 20
217.8177905853
 30
0.0
 10
318.4550491669
 20
217.604797292
 30
0.0
 10
318.4615992447
 20
217.3921557289
 30
0.0
 10
318.4766152202
 20
217.1811293282
 30
0.0
 10
318.500104893
 20
216.9728981245
 30
0.0
 10
318.5321072541
 20
216.7684994703
 30
0.0
 10
318.5727278135
 20
216.5687803388
 30
0.0
 10
318.6221838425
 20
216.3743722994
 30
0.0
 10
318.6808586275
 20
216.1856935452
 30
0.0
 10
318.7493386961
 20
216.0030214976
 30
0.0
 10
318.8022472209
 20
215.8850222017
 30
0.0
 10
318.8305756995
 20
215.8272947987
 30
0.0
  0
SPLINE
  5
BEA
100
AcDbEntity
  8
0
100
AcDbSpline
 62
7
  6
CONTINUOUS
 70
0
 71
3
 72
15
 73
11
 74
0
 42
0.0000001
 43
0.0000001
 44
0.0000000001
 40
0.0
 40
0.0
 40
0.0
 40
0.0
 40
0.1214542118
 40
0.2458393864
 40
0.3722170437
 40
0.4996218229
 40
0.6270746751
 40
0.7535959151
 40
0.8782182622
 40
1.0
 40
1.0
 40
1.0
 40
1.0
 10
316.3440753778
 20
216.3392619551
 30
0.0
 10
316.3466247462
 20
216.3553836039
 30
0.0
 10
316.3510893375
 20
216.3881294484
 30
0.0
 10
316.355874406
 20
216.4379334214
 30
0.0
 10
316.3588005992
 20
216.4886824974
 30
0.0
 10
316.3598409899
 20
216.5399170364
 30
0.0
 10
316.3589861099
 20
216.5911742928
 30
0.0
 10
316.3562437313
 20
216.641991304
 30
0.0
 10
316.3516390944
 20
216.6919078094
 30
0.0
 10
316.3472948599
 20
216.7247462943
 30
0.0
 10
316.3448051917
 20
216.7409218057
 30
0.0
  0
SPLINE
  5
BEB
100
AcDbEntity
  8
0
100
AcDbSpline
 62
7
  6
CONTINUOUS
 70
0
 71
3
 72
31
 73
27
 74
0
 42
0.0000001
 43
0.0000001
 44
0.0000000001
 40
0.0
 40
0.0
 40
0.0
 40
0.0
 40
0.0156966426
 40
0.0317131833
 40
0.0483458865
 40
0.065851239
 40
0.0844378134
 40
0.1042655672
 40
0.1254497498
 40
0.1480667153
 40
0.172159953
 40
0.1977455136
 40
0.2248165486
 40
0.2533470066
 40
0.2832946167
 40
0.3146032766
 40
0.3472049953
 40
0.381021515
 40
0.4519343207
 40
0.5265669166
 40
0.6040416722
 40
0.6834147427
 40
0.7636999463
 40
0.8438912361
 40
0.9229845927
 40
1.0
 40
1.0
 40
1.0
 40
1.0
 10
316.5294754414
 20
217.4383855884
 30
0.0
 10
316.5254375246
 20
217.4383840522
 30
0.0
 10
316.5172658311
 20
217.4377360326
 30
0.0
 10
316.5051232321
 20
217.4348481112
 30
0.0
 10
316.4930953283
 20
217.430064574
 30
0.0
 10
316.4812324592
 20
217.4234171775
 30
0.0
 10
316.4695733078
 20
217.4149412128
 30
0.0
 10
316.4581549093
 20
217.404674142
 30
0.0
 10
316.4470131418
 20
217.3926563576
 30
0.0
 10
316.4361841927
 20
217.3789324596
 30
0.0
 10
316.4257044378
 20
217.3635522229
 30
0.0
 10
316.4156101524
 20
217.3465711209
 30
0.0
 10
316.4059370542
 20
217.3280505068
 30
0.0
 10
316.3967199143
 20
217.308057561
 30
0.0
 10
316.3879922101
 20
217.2866650819
 30
0.0
 10
316.3797859599
 20
217.2639512813
 30
0.0
 10
316.3721310731
 20
217.2399992583
 30
0.0
 10
316.3625465896
 20
217.2059901385
 30
0.0
 10
316.3522149518
 20
217.1609888379
 30
0.0
 10
316.3425869295
 20
217.1044036781
 30
0.0
 10
316.3356845774
 20
217.0452313376
 30
0.0
 10
316.3316110856
 20
216.9843419632
 30
0.0
 10
316.3304275867
 20
216.9226297902
 30
0.0
 10
316.3321518946
 20
216.8610017887
 30
0.0
 10
316.3367578844
 20
216.8003664318
 30
0.0
 10
316.3417913014
 20
216.7605032171
 30
0.0
 10
316.3448051917
 20
216.7409218057
 30
0.0
  0
SPLINE
  5
BEC
100
AcDbEntity
  8
0
100
AcDbSpline
 62
7
  6
CONTINUOUS
 70
0
 71
3
 72
23
 73
19
 74
0
 42
0.0000001
 43
0.0000001
 44
0.0000000001
 40
0.0
 40
0.0
 40
0.0
 40
0.0
 40
0.0560422185
 40
0.1146468057
 40
0.175500905
 40
0.2382641237
 40
0.3025739155
 40
0.3680505093
 40
0.4343015224
 40
0.5009263624
 40
0.5675205196
 40
0.6336798041
 40
0.6990045904
 40
0.7631041176
 40
0.8256009247
 40
0.886135489
 40
0.944371227
 40
1.0
 40
1.0
 40
1.0
 40
1.0
 10
317.6710584901
 20
206.8296683013
 30
0.0
 10
317.676309827
 20
206.8466616495
 30
0.0
 10
317.6861834693
 20
206.8816984635
 30
0.0
 10
317.6989052237
 20
206.935941284
 30
0.0
 10
317.7098036651
 20
206.992752828
 30
0.0
 10
317.718799917
 20
207.0517270072
 30
0.0
 10
317.7258293085
 20
207.1124440752
 30
0.0
 10
317.730841143
 20
207.1744707818
 30
0.0
 10
317.7337992895
 20
207.2373644401
 30
0.0
 10
317.7346824148
 20
207.3006759569
 30
0.0
 10
317.7334841503
 20
207.3639531917
 30
0.0
 10
317.730213135
 20
207.4267442551
 30
0.0
 10
317.7248929649
 20
207.4886008051
 30
0.0
 10
317.717561981
 20
207.5490814044
 30
0.0
 10
317.7082730669
 20
207.6077545391
 30
0.0
 10
317.6970929658
 20
207.6642026949
 30
0.0
 10
317.6841026096
 20
207.718022443
 30
0.0
 10
317.674050242
 20
207.7527503828
 30
0.0
 10
317.668711474
 20
207.7695788561
 30
0.0
  0
SPLINE
  5
BED
100
AcDbEntity
  8
0
100
AcDbSpline
 62
7
  6
CONTINUOUS
 70
0
 71
3
 72
23
 73
19
 74
0
 42
0.0000001
 43
0.0000001
 44
0.0000000001
 40
0.0
 40
0.0
 40
0.0
 40
0.0
 40
0.0494135249
 40
0.1026266731
 40
0.1593416098
 40
0.2191892969
 40
0.2817439796
 40
0.3465350198
 40
0.4130569987
 40
0.4807787623
 40
0.5491518571
 40
0.6176186075
 40
0.6856200193
 40
0.7526036673
 40
0.8180316921
 40
0.8813890887
 40
0.9421925402
 40
1.0
 40
1.0
 40
1.0
 40
1.0
 10
317.1004195962
 20
207.5308737933
 30
0.0
 10
317.1035383627
 20
207.5245184116
 30
0.0
 10
317.1094735428
 20
207.5110490828
 30
0.0
 10
317.1172548212
 20
207.4895730747
 30
0.0
 10
317.1241853568
 20
207.4662445734
 30
0.0
 10
317.1301978443
 20
207.4412863165
 30
0.0
 10
317.1352344817
 20
207.4149351913
 30
0.0
 10
317.1392464002
 20
207.3874429703
 30
0.0
 10
317.1421946746
 20
207.3590726839
 30
0.0
 10
317.1440506569
 20
207.3300962001
 30
0.0
 10
317.1447963122
 20
207.3007914038
 30
0.0
 10
317.1444243878
 20
207.2714394416
 30
0.0
 10
317.1429385003
 20
207.2423219356
 30
0.0
 10
317.1403530907
 20
207.2137181487
 30
0.0
 10
317.136693303
 20
207.1859023543
 30
0.0
 10
317.1319945882
 20
207.1591405379
 30
0.0
 10
317.126302802
 20
207.1336896129
 30
0.0
 10
317.1217574832
 20
207.117305505
 30
0.0
 10
317.1193122586
 20
207.1093927476
 30
0.0
  0
SPLINE
  5
BEE
100
AcDbEntity
  8
0
100
AcDbSpline
 62
7
  6
CONTINUOUS
 70
0
 71
3
 72
15
 73
11
 74
0
 42
0.0000001
 43
0.0000001
 44
0.0000000001
 40
0.0
 40
0.0
 40
0.0
 40
0.0
 40
0.1214542118
 40
0.2458393864
 40
0.3722170437
 40
0.4996218229
 40
0.6270746751
 40
0.7535959151
 40
0.8782182622
 40
1.0
 40
1.0
 40
1.0
 40
1.0
 10
314.9624837456
 20
216.3392619551
 30
0.0
 10
314.9650331139
 20
216.3553836039
 30
0.0
 10
314.9694977053
 20
216.3881294484
 30
0.0
 10
314.9742827738
 20
216.4379334214
 30
0.0
 10
314.977208967
 20
216.4886824974
 30
0.0
 10
314.9782493577
 20
216.5399170364
 30
0.0
 10
314.9773944777
 20
216.5911742928
 30
0.0
 10
314.9746520991
 20
216.641991304
 30
0.0
 10
314.9700474622
 20
216.6919078094
 30
0.0
 10
314.9657032277
 20
216.7247462943
 30
0.0
 10
314.9632135595
 20
216.7409218057
 30
0.0
  0
SPLINE
  5
BEF
100
AcDbEntity
  8
0
100
AcDbSpline
 62
7
  6
CONTINUOUS
 70
0
 71
3
 72
31
 73
27
 74
0
 42
0.0000001
 43
0.0000001
 44
0.0000000001
 40
0.0
 40
0.0
 40
0.0
 40
0.0
 40
0.0156966426
 40
0.0317131833
 40
0.0483458865
 40
0.065851239
 40
0.0844378134
 40
0.1042655672
 40
0.1254497498
 40
0.1480667153
 40
0.172159953
 40
0.1977455136
 40
0.2248165486
 40
0.2533470066
 40
0.2832946167
 40
0.3146032766
 40
0.3472049953
 40
0.381021515
 40
0.4519343207
 40
0.5265669166
 40
0.6040416722
 40
0.6834147427
 40
0.7636999463
 40
0.8438912361
 40
0.9229845927
 40
1.0
 40
1.0
 40
1.0
 40
1.0
 10
315.1478838092
 20
217.4383855884
 30
0.0
 10
315.1438458924
 20
217.4383840522
 30
0.0
 10
315.1356741988
 20
217.4377360326
 30
0.0
 10
315.1235315999
 20
217.4348481112
 30
0.0
 10
315.111503696
 20
217.430064574
 30
0.0
 10
315.099640827
 20
217.4234171775
 30
0.0
 10
315.0879816756
 20
217.4149412128
 30
0.0
 10
315.0765632771
 20
217.404674142
 30
0.0
 10
315.0654215096
 20
217.3926563576
 30
0.0
 10
315.0545925605
 20
217.3789324596
 30
0.0
 10
315.0441128055
 20
217.3635522229
 30
0.0
 10
315.0340185202
 20
217.3465711209
 30
0.0
 10
315.024345422
 20
217.3280505068
 30
0.0
 10
315.0151282821
 20
217.308057561
 30
0.0
 10
315.0064005778
 20
217.2866650819
 30
0.0
 10
314.9981943277
 20
217.2639512813
 30
0.0
 10
314.9905394409
 20
217.2399992583
 30
0.0
 10
314.9809549574
 20
217.2059901385
 30
0.0
 10
314.9706233196
 20
217.1609888379
 30
0.0
 10
314.9609952973
 20
217.1044036781
 30
0.0
 10
314.9540929452
 20
217.0452313376
 30
0.0
 10
314.9500194534
 20
216.9843419632
 30
0.0
 10
314.9488359545
 20
216.9226297902
 30
0.0
 10
314.9505602623
 20
216.8610017887
 30
0.0
 10
314.9551662522
 20
216.8003664318
 30
0.0
 10
314.9601996692
 20
216.7605032171
 30
0.0
 10
314.9632135595
 20
216.7409218057
 30
0.0
  0
SPLINE
  5
BF0
100
AcDbEntity
  8
0
100
AcDbSpline
 62
7
  6
CONTINUOUS
 70
0
 71
3
 72
23
 73
19
 74
0
 42
0.0000001
 43
0.0000001
 44
0.0000000001
 40
0.0
 40
0.0
 40
0.0
 40
0.0
 40
0.0560422185
 40
0.1146468057
 40
0.175500905
 40
0.2382641237
 40
0.3025739155
 40
0.3680505093
 40
0.4343015224
 40
0.5009263624
 40
0.5675205196
 40
0.6336798041
 40
0.6990045904
 40
0.7631041176
 40
0.8256009247
 40
0.886135489
 40
0.944371227
 40
1.0
 40
1.0
 40
1.0
 40
1.0
 10
316.2894668579
 20
206.8296683013
 30
0.0
 10
316.2947181948
 20
206.8466616495
 30
0.0
 10
316.3045918371
 20
206.8816984635
 30
0.0
 10
316.3173135914
 20
206.935941284
 30
0.0
 10
316.3282120329
 20
206.992752828
 30
0.0
 10
316.3372082847
 20
207.0517270072
 30
0.0
 10
316.3442376763
 20
207.1124440752
 30
0.0
 10
316.3492495107
 20
207.1744707818
 30
0.0
 10
316.3522076573
 20
207.2373644401
 30
0.0
 10
316.3530907826
 20
207.3006759569
 30
0.0
 10
316.3518925181
 20
207.3639531917
 30
0.0
 10
316.3486215028
 20
207.4267442551
 30
0.0
 10
316.3433013327
 20
207.4886008051
 30
0.0
 10
316.3359703488
 20
207.5490814044
 30
0.0
 10
316.3266814347
 20
207.6077545391
 30
0.0
 10
316.3155013336
 20
207.6642026949
 30
0.0
 10
316.3025109774
 20
207.718022443
 30
0.0
 10
316.2924586097
 20
207.7527503828
 30
0.0
 10
316.2871198418
 20
207.7695788561
 30
0.0
  0
SPLINE
  5
BF1
100
AcDbEntity
  8
0
100
AcDbSpline
 62
7
  6
CONTINUOUS
 70
0
 71
3
 72
23
 73
19
 74
0
 42
0.0000001
 43
0.0000001
 44
0.0000000001
 40
0.0
 40
0.0
 40
0.0
 40
0.0
 40
0.0494135249
 40
0.1026266731
 40
0.1593416098
 40
0.2191892969
 40
0.2817439796
 40
0.3465350198
 40
0.4130569987
 40
0.4807787623
 40
0.5491518571
 40
0.6176186075
 40
0.6856200193
 40
0.7526036673
 40
0.8180316921
 40
0.8813890887
 40
0.9421925402
 40
1.0
 40
1.0
 40
1.0
 40
1.0
 10
315.718827964
 20
207.5308737933
 30
0.0
 10
315.7219467305
 20
207.5245184116
 30
0.0
 10
315.7278819106
 20
207.5110490828
 30
0.0
 10
315.7356631889
 20
207.4895730747
 30
0.0
 10
315.7425937246
 20
207.4662445734
 30
0.0
 10
315.7486062121
 20
207.4412863165
 30
0.0
 10
315.7536428495
 20
207.4149351913
 30
0.0
 10
315.757654768
 20
207.3874429703
 30
0.0
 10
315.7606030424
 20
207.3590726839
 30
0.0
 10
315.7624590247
 20
207.3300962001
 30
0.0
 10
315.76320468
 20
207.3007914038
 30
0.0
 10
315.7628327556
 20
207.2714394416
 30
0.0
 10
315.7613468681
 20
207.2423219356
 30
0.0
 10
315.7587614585
 20
207.2137181487
 30
0.0
 10
315.7551016708
 20
207.1859023543
 30
0.0
 10
315.750402956
 20
207.1591405379
 30
0.0
 10
315.7447111698
 20
207.1336896129
 30
0.0
 10
315.740165851
 20
207.117305505
 30
0.0
 10
315.7377206263
 20
207.1093927476
 30
0.0
  0
SPLINE
  5
BF2
100
AcDbEntity
  8
0
100
AcDbSpline
 62
7
  6
CONTINUOUS
 70
0
 71
3
 72
15
 73
11
 74
0
 42
0.0000001
 43
0.0000001
 44
0.0000000001
 40
0.0
 40
0.0
 40
0.0
 40
0.0
 40
0.1214542118
 40
0.2458393864
 40
0.3722170437
 40
0.4996218229
 40
0.6270746751
 40
0.7535959151
 40
0.8782182622
 40
1.0
 40
1.0
 40
1.0
 40
1.0
 10
313.5808921134
 20
216.3392619551
 30
0.0
 10
313.5834414817
 20
216.3553836039
 30
0.0
 10
313.5879060731
 20
216.3881294484
 30
0.0
 10
313.5926911416
 20
216.4379334214
 30
0.0
 10
313.5956173348
 20
216.4886824974
 30
0.0
 10
313.5966577254
 20
216.5399170364
 30
0.0
 10
313.5958028455
 20
216.5911742928
 30
0.0
 10
313.5930604668
 20
216.641991304
 30
0.0
 10
313.58845583
 20
216.6919078094
 30
0.0
 10
313.5841115955
 20
216.7247462943
 30
0.0
 10
313.5816219273
 20
216.7409218057
 30
0.0
  0
SPLINE
  5
BF3
100
AcDbEntity
  8
0
100
AcDbSpline
 62
7
  6
CONTINUOUS
 70
0
 71
3
 72
31
 73
27
 74
0
 42
0.0000001
 43
0.0000001
 44
0.0000000001
 40
0.0
 40
0.0
 40
0.0
 40
0.0
 40
0.0156966426
 40
0.0317131833
 40
0.0483458865
 40
0.065851239
 40
0.0844378134
 40
0.1042655672
 40
0.1254497498
 40
0.1480667153
 40
0.172159953
 40
0.1977455136
 40
0.2248165486
 40
0.2533470066
 40
0.2832946167
 40
0.3146032766
 40
0.3472049953
 40
0.381021515
 40
0.4519343207
 40
0.5265669166
 40
0.6040416722
 40
0.6834147427
 40
0.7636999463
 40
0.8438912361
 40
0.9229845927
 40
1.0
 40
1.0
 40
1.0
 40
1.0
 10
313.766292177
 20
217.4383855884
 30
0.0
 10
313.7622542602
 20
217.4383840522
 30
0.0
 10
313.7540825666
 20
217.4377360326
 30
0.0
 10
313.7419399676
 20
217.4348481112
 30
0.0
 10
313.7299120638
 20
217.430064574
 30
0.0
 10
313.7180491947
 20
217.4234171775
 30
0.0
 10
313.7063900434
 20
217.4149412128
 30
0.0
 10
313.6949716449
 20
217.404674142
 30
0.0
 10
313.6838298773
 20
217.3926563576
 30
0.0
 10
313.6730009283
 20
217.3789324596
 30
0.0
 10
313.6625211733
 20
217.3635522229
 30
0.0
 10
313.6524268879
 20
217.3465711209
 30
0.0
 10
313.6427537898
 20
217.3280505068
 30
0.0
 10
313.6335366499
 20
217.308057561
 30
0.0
 10
313.6248089456
 20
217.2866650819
 30
0.0
 10
313.6166026955
 20
217.2639512813
 30
0.0
 10
313.6089478086
 20
217.2399992583
 30
0.0
 10
313.5993633252
 20
217.2059901385
 30
0.0
 10
313.5890316873
 20
217.1609888379
 30
0.0
 10
313.5794036651
 20
217.1044036781
 30
0.0
 10
313.572501313
 20
217.0452313376
 30
0.0
 10
313.5684278212
 20
216.9843419632
 30
0.0
 10
313.5672443223
 20
216.9226297902
 30
0.0
 10
313.5689686301
 20
216.8610017887
 30
0.0
 10
313.5735746199
 20
216.8003664318
 30
0.0
 10
313.5786080369
 20
216.7605032171
 30
0.0
 10
313.5816219273
 20
216.7409218057
 30
0.0
  0
SPLINE
  5
BF4
100
AcDbEntity
  8
0
100
AcDbSpline
 62
7
  6
CONTINUOUS
 70
0
 71
3
 72
23
 73
19
 74
0
 42
0.0000001
 43
0.0000001
 44
0.0000000001
 40
0.0
 40
0.0
 40
0.0
 40
0.0
 40
0.0560422185
 40
0.1146468057
 40
0.175500905
 40
0.2382641237
 40
0.3025739155
 40
0.3680505093
 40
0.4343015224
 40
0.5009263624
 40
0.5675205196
 40
0.6336798041
 40
0.6990045904
 40
0.7631041176
 40
0.8256009247
 40
0.886135489
 40
0.944371227
 40
1.0
 40
1.0
 40
1.0
 40
1.0
 10
314.9078752257
 20
206.8296683013
 30
0.0
 10
314.9131265626
 20
206.8466616495
 30
0.0
 10
314.9230002049
 20
206.8816984635
 30
0.0
 10
314.9357219592
 20
206.935941284
 30
0.0
 10
314.9466204007
 20
206.992752828
 30
0.0
 10
314.9556166525
 20
207.0517270072
 30
0.0
 10
314.962646044
 20
207.1124440752
 30
0.0
 10
314.9676578785
 20
207.1744707818
 30
0.0
 10
314.9706160251
 20
207.2373644401
 30
0.0
 10
314.9714991504
 20
207.3006759569
 30
0.0
 10
314.9703008859
 20
207.3639531917
 30
0.0
 10
314.9670298705
 20
207.4267442551
 30
0.0
 10
314.9617097005
 20
207.4886008051
 30
0.0
 10
314.9543787166
 20
207.5490814044
 30
0.0
 10
314.9450898025
 20
207.6077545391
 30
0.0
 10
314.9339097014
 20
207.6642026949
 30
0.0
 10
314.9209193451
 20
207.718022443
 30
0.0
 10
314.9108669775
 20
207.7527503828
 30
0.0
 10
314.9055282096
 20
207.7695788561
 30
0.0
  0
SPLINE
  5
BF5
100
AcDbEntity
  8
0
100
AcDbSpline
 62
7
  6
CONTINUOUS
 70
0
 71
3
 72
23
 73
19
 74
0
 42
0.0000001
 43
0.0000001
 44
0.0000000001
 40
0.0
 40
0.0
 40
0.0
 40
0.0
 40
0.0494135249
 40
0.1026266731
 40
0.1593416098
 40
0.2191892969
 40
0.2817439796
 40
0.3465350198
 40
0.4130569987
 40
0.4807787623
 40
0.5491518571
 40
0.6176186075
 40
0.6856200193
 40
0.7526036673
 40
0.8180316921
 40
0.8813890887
 40
0.9421925402
 40
1.0
 40
1.0
 40
1.0
 40
1.0
 10
314.3372363318
 20
207.5308737933
 30
0.0
 10
314.3403550983
 20
207.5245184116
 30
0.0
 10
314.3462902784
 20
207.5110490829
 30
0.0
 10
314.3540715567
 20
207.4895730747
 30
0.0
 10
314.3610020923
 20
207.4662445734
 30
0.0
 10
314.3670145799
 20
207.4412863165
 30
0.0
 10
314.3720512172
 20
207.4149351913
 30
0.0
 10
314.3760631358
 20
207.3874429703
 30
0.0
 10
314.3790114102
 20
207.3590726839
 30
0.0
 10
314.3808673925
 20
207.3300962001
 30
0.0
 10
314.3816130478
 20
207.3007914038
 30
0.0
 10
314.3812411234
 20
207.2714394416
 30
0.0
 10
314.3797552359
 20
207.2423219356
 30
0.0
 10
314.3771698262
 20
207.2137181487
 30
0.0
 10
314.3735100386
 20
207.1859023543
 30
0.0
 10
314.3688113238
 20
207.1591405379
 30
0.0
 10
314.3631195376
 20
207.1336896129
 30
0.0
 10
314.3585742188
 20
207.117305505
 30
0.0
 10
314.3561289941
 20
207.1093927476
 30
0.0
  0
SPLINE
  5
BF6
100
AcDbEntity
  8
0
100
AcDbSpline
 62
7
  6
CONTINUOUS
 70
0
 71
3
 72
15
 73
11
 74
0
 42
0.0000001
 43
0.0000001
 44
0.0000000001
 40
0.0
 40
0.0
 40
0.0
 40
0.0
 40
0.1214542118
 40
0.2458393864
 40
0.3722170437
 40
0.4996218229
 40
0.6270746751
 40
0.7535959151
 40
0.8782182622
 40
1.0
 40
1.0
 40
1.0
 40
1.0
 10
312.1993004812
 20
216.3392619551
 30
0.0
 10
312.2018498495
 20
216.3553836039
 30
0.0
 10
312.2063144408
 20
216.3881294484
 30
0.0
 10
312.2110995094
 20
216.4379334214
 30
0.0
 10
312.2140257026
 20
216.4886824974
 30
0.0
 10
312.2150660932
 20
216.5399170364
 30
0.0
 10
312.2142112133
 20
216.5911742928
 30
0.0
 10
312.2114688346
 20
216.641991304
 30
0.0
 10
312.2068641977
 20
216.6919078094
 30
0.0
 10
312.2025199633
 20
216.7247462943
 30
0.0
 10
312.2000302951
 20
216.7409218057
 30
0.0
  0
SPLINE
  5
BF7
100
AcDbEntity
  8
0
100
AcDbSpline
 62
7
  6
CONTINUOUS
 70
0
 71
3
 72
31
 73
27
 74
0
 42
0.0000001
 43
0.0000001
 44
0.0000000001
 40
0.0
 40
0.0
 40
0.0
 40
0.0
 40
0.0156966426
 40
0.0317131833
 40
0.0483458865
 40
0.065851239
 40
0.0844378134
 40
0.1042655672
 40
0.1254497498
 40
0.1480667153
 40
0.172159953
 40
0.1977455136
 40
0.2248165486
 40
0.2533470066
 40
0.2832946167
 40
0.3146032766
 40
0.3472049953
 40
0.381021515
 40
0.4519343207
 40
0.5265669166
 40
0.6040416722
 40
0.6834147427
 40
0.7636999463
 40
0.8438912361
 40
0.9229845927
 40
1.0
 40
1.0
 40
1.0
 40
1.0
 10
312.3847005447
 20
217.4383855884
 30
0.0
 10
312.3806626279
 20
217.4383840522
 30
0.0
 10
312.3724909344
 20
217.4377360326
 30
0.0
 10
312.3603483354
 20
217.4348481112
 30
0.0
 10
312.3483204316
 20
217.430064574
 30
0.0
 10
312.3364575625
 20
217.4234171775
 30
0.0
 10
312.3247984112
 20
217.4149412128
 30
0.0
 10
312.3133800127
 20
217.404674142
 30
0.0
 10
312.3022382451
 20
217.3926563576
 30
0.0
 10
312.2914092961
 20
217.3789324596
 30
0.0
 10
312.2809295411
 20
217.3635522229
 30
0.0
 10
312.2708352557
 20
217.3465711209
 30
0.0
 10
312.2611621576
 20
217.3280505068
 30
0.0
 10
312.2519450177
 20
217.308057561
 30
0.0
 10
312.2432173134
 20
217.2866650819
 30
0.0
 10
312.2350110633
 20
217.2639512813
 30
0.0
 10
312.2273561764
 20
217.2399992583
 30
0.0
 10
312.217771693
 20
217.2059901385
 30
0.0
 10
312.2074400551
 20
217.1609888379
 30
0.0
 10
312.1978120329
 20
217.1044036781
 30
0.0
 10
312.1909096808
 20
217.0452313376
 30
0.0
 10
312.186836189
 20
216.9843419632
 30
0.0
 10
312.1856526901
 20
216.9226297902
 30
0.0
 10
312.1873769979
 20
216.8610017887
 30
0.0
 10
312.1919829877
 20
216.8003664318
 30
0.0
 10
312.1970164047
 20
216.7605032171
 30
0.0
 10
312.2000302951
 20
216.7409218057
 30
0.0
  0
SPLINE
  5
BF8
100
AcDbEntity
  8
0
100
AcDbSpline
 62
7
  6
CONTINUOUS
 70
0
 71
3
 72
23
 73
19
 74
0
 42
0.0000001
 43
0.0000001
 44
0.0000000001
 40
0.0
 40
0.0
 40
0.0
 40
0.0
 40
0.0560422185
 40
0.1146468057
 40
0.175500905
 40
0.2382641237
 40
0.3025739155
 40
0.3680505093
 40
0.4343015224
 40
0.5009263624
 40
0.5675205196
 40
0.6336798041
 40
0.6990045904
 40
0.7631041176
 40
0.8256009247
 40
0.886135489
 40
0.944371227
 40
1.0
 40
1.0
 40
1.0
 40
1.0
 10
313.5262835934
 20
206.8296683013
 30
0.0
 10
313.5315349303
 20
206.8466616495
 30
0.0
 10
313.5414085727
 20
206.8816984635
 30
0.0
 10
313.554130327
 20
206.935941284
 30
0.0
 10
313.5650287684
 20
206.992752828
 30
0.0
 10
313.5740250203
 20
207.0517270072
 30
0.0
 10
313.5810544118
 20
207.1124440752
 30
0.0
 10
313.5860662463
 20
207.1744707818
 30
0.0
 10
313.5890243929
 20
207.2373644401
 30
0.0
 10
313.5899075182
 20
207.3006759569
 30
0.0
 10
313.5887092537
 20
207.3639531917
 30
0.0
 10
313.5854382383
 20
207.4267442551
 30
0.0
 10
313.5801180683
 20
207.4886008051
 30
0.0
 10
313.5727870844
 20
207.5490814044
 30
0.0
 10
313.5634981703
 20
207.6077545391
 30
0.0
 10
313.5523180692
 20
207.6642026949
 30
0.0
 10
313.5393277129
 20
207.718022443
 30
0.0
 10
313.5292753453
 20
207.7527503828
 30
0.0
 10
313.5239365774
 20
207.7695788561
 30
0.0
  0
SPLINE
  5
BF9
100
AcDbEntity
  8
0
100
AcDbSpline
 62
7
  6
CONTINUOUS
 70
0
 71
3
 72
23
 73
19
 74
0
 42
0.0000001
 43
0.0000001
 44
0.0000000001
 40
0.0
 40
0.0
 40
0.0
 40
0.0
 40
0.0494135249
 40
0.1026266731
 40
0.1593416098
 40
0.2191892969
 40
0.2817439796
 40
0.3465350198
 40
0.4130569987
 40
0.4807787623
 40
0.5491518571
 40
0.6176186075
 40
0.6856200193
 40
0.7526036673
 40
0.8180316921
 40
0.8813890887
 40
0.9421925402
 40
1.0
 40
1.0
 40
1.0
 40
1.0
 10
312.9556446995
 20
207.5308737933
 30
0.0
 10
312.9587634661
 20
207.5245184116
 30
0.0
 10
312.9646986461
 20
207.5110490828
 30
0.0
 10
312.9724799245
 20
207.4895730747
 30
0.0
 10
312.9794104601
 20
207.4662445734
 30
0.0
 10
312.9854229477
 20
207.4412863165
 30
0.0
 10
312.990459585
 20
207.4149351913
 30
0.0
 10
312.9944715036
 20
207.3874429703
 30
0.0
 10
312.997419778
 20
207.3590726839
 30
0.0
 10
312.9992757603
 20
207.3300962001
 30
0.0
 10
313.0000214156
 20
207.3007914038
 30
0.0
 10
312.9996494912
 20
207.2714394416
 30
0.0
 10
312.9981636037
 20
207.2423219356
 30
0.0
 10
312.995578194
 20
207.2137181487
 30
0.0
 10
312.9919184064
 20
207.1859023543
 30
0.0
 10
312.9872196916
 20
207.1591405379
 30
0.0
 10
312.9815279053
 20
207.1336896129
 30
0.0
 10
312.9769825866
 20
207.117305505
 30
0.0
 10
312.9745373619
 20
207.1093927476
 30
0.0
  0
SPLINE
  5
BFA
100
AcDbEntity
  8
0
100
AcDbSpline
 62
7
  6
CONTINUOUS
 70
0
 71
3
 72
15
 73
11
 74
0
 42
0.0000001
 43
0.0000001
 44
0.0000000001
 40
0.0
 40
0.0
 40
0.0
 40
0.0
 40
0.1214542118
 40
0.2458393864
 40
0.3722170437
 40
0.4996218229
 40
0.6270746751
 40
0.7535959151
 40
0.8782182622
 40
1.0
 40
1.0
 40
1.0
 40
1.0
 10
305.2913423201
 20
216.3392619551
 30
0.0
 10
305.2938916884
 20
216.3553836039
 30
0.0
 10
305.2983562798
 20
216.3881294484
 30
0.0
 10
305.3031413483
 20
216.4379334214
 30
0.0
 10
305.3060675415
 20
216.4886824974
 30
0.0
 10
305.3071079322
 20
216.5399170364
 30
0.0
 10
305.3062530522
 20
216.5911742928
 30
0.0
 10
305.3035106735
 20
216.641991304
 30
0.0
 10
305.2989060367
 20
216.6919078094
 30
0.0
 10
305.2945618022
 20
216.7247462943
 30
0.0
 10
305.292072134
 20
216.7409218057
 30
0.0
  0
SPLINE
  5
BFB
100
AcDbEntity
  8
0
100
AcDbSpline
 62
7
  6
CONTINUOUS
 70
0
 71
3
 72
31
 73
27
 74
0
 42
0.0000001
 43
0.0000001
 44
0.0000000001
 40
0.0
 40
0.0
 40
0.0
 40
0.0
 40
0.0156966426
 40
0.0317131833
 40
0.0483458865
 40
0.065851239
 40
0.0844378134
 40
0.1042655672
 40
0.1254497498
 40
0.1480667153
 40
0.172159953
 40
0.1977455136
 40
0.2248165486
 40
0.2533470066
 40
0.2832946167
 40
0.3146032766
 40
0.3472049953
 40
0.381021515
 40
0.4519343207
 40
0.5265669166
 40
0.6040416722
 40
0.6834147427
 40
0.7636999463
 40
0.8438912361
 40
0.9229845927
 40
1.0
 40
1.0
 40
1.0
 40
1.0
 10
305.4767423837
 20
217.4383855884
 30
0.0
 10
305.4727044669
 20
217.4383840522
 30
0.0
 10
305.4645327733
 20
217.4377360326
 30
0.0
 10
305.4523901743
 20
217.4348481112
 30
0.0
 10
305.4403622705
 20
217.430064574
 30
0.0
 10
305.4284994015
 20
217.4234171775
 30
0.0
 10
305.4168402501
 20
217.4149412128
 30
0.0
 10
305.4054218516
 20
217.404674142
 30
0.0
 10
305.394280084
 20
217.3926563576
 30
0.0
 10
305.383451135
 20
217.3789324596
 30
0.0
 10
305.37297138
 20
217.3635522229
 30
0.0
 10
305.3628770946
 20
217.3465711209
 30
0.0
 10
305.3532039965
 20
217.3280505068
 30
0.0
 10
305.3439868566
 20
217.308057561
 30
0.0
 10
305.3352591523
 20
217.2866650819
 30
0.0
 10
305.3270529022
 20
217.2639512813
 30
0.0
 10
305.3193980153
 20
217.2399992583
 30
0.0
 10
305.3098135319
 20
217.2059901385
 30
0.0
 10
305.2994818941
 20
217.1609888379
 30
0.0
 10
305.2898538718
 20
217.1044036781
 30
0.0
 10
305.2829515197
 20
217.0452313376
 30
0.0
 10
305.2788780279
 20
216.9843419632
 30
0.0
 10
305.277694529
 20
216.9226297902
 30
0.0
 10
305.2794188368
 20
216.8610017887
 30
0.0
 10
305.2840248266
 20
216.8003664318
 30
0.0
 10
305.2890582436
 20
216.7605032171
 30
0.0
 10
305.292072134
 20
216.7409218057
 30
0.0
  0
SPLINE
  5
BFC
100
AcDbEntity
  8
0
100
AcDbSpline
 62
7
  6
CONTINUOUS
 70
0
 71
3
 72
23
 73
19
 74
0
 42
0.0000001
 43
0.0000001
 44
0.0000000001
 40
0.0
 40
0.0
 40
0.0
 40
0.0
 40
0.0560422185
 40
0.1146468057
 40
0.175500905
 40
0.2382641237
 40
0.3025739155
 40
0.3680505093
 40
0.4343015224
 40
0.5009263624
 40
0.5675205196
 40
0.6336798041
 40
0.6990045904
 40
0.7631041176
 40
0.8256009247
 40
0.886135489
 40
0.944371227
 40
1.0
 40
1.0
 40
1.0
 40
1.0
 10
306.6183254324
 20
206.8296683013
 30
0.0
 10
306.6235767693
 20
206.8466616495
 30
0.0
 10
306.6334504116
 20
206.8816984635
 30
0.0
 10
306.6461721659
 20
206.935941284
 30
0.0
 10
306.6570706074
 20
206.992752828
 30
0.0
 10
306.6660668592
 20
207.0517270072
 30
0.0
 10
306.6730962507
 20
207.1124440752
 30
0.0
 10
306.6781080852
 20
207.1744707818
 30
0.0
 10
306.6810662318
 20
207.2373644401
 30
0.0
 10
306.6819493571
 20
207.3006759569
 30
0.0
 10
306.6807510926
 20
207.3639531917
 30
0.0
 10
306.6774800773
 20
207.4267442551
 30
0.0
 10
306.6721599072
 20
207.4886008051
 30
0.0
 10
306.6648289233
 20
207.5490814044
 30
0.0
 10
306.6555400092
 20
207.6077545391
 30
0.0
 10
306.6443599081
 20
207.6642026949
 30
0.0
 10
306.6313695519
 20
207.718022443
 30
0.0
 10
306.6213171842
 20
207.7527503828
 30
0.0
 10
306.6159784163
 20
207.7695788561
 30
0.0
  0
SPLINE
  5
BFD
100
AcDbEntity
  8
0
100
AcDbSpline
 62
7
  6
CONTINUOUS
 70
0
 71
3
 72
23
 73
19
 74
0
 42
0.0000001
 43
0.0000001
 44
0.0000000001
 40
0.0
 40
0.0
 40
0.0
 40
0.0
 40
0.0494135249
 40
0.1026266731
 40
0.1593416098
 40
0.2191892969
 40
0.2817439796
 40
0.3465350198
 40
0.4130569987
 40
0.4807787623
 40
0.5491518571
 40
0.6176186075
 40
0.6856200193
 40
0.7526036673
 40
0.8180316921
 40
0.8813890887
 40
0.9421925402
 40
1.0
 40
1.0
 40
1.0
 40
1.0
 10
306.0476865385
 20
207.5308737933
 30
0.0
 10
306.050805305
 20
207.5245184116
 30
0.0
 10
306.0567404851
 20
207.5110490828
 30
0.0
 10
306.0645217634
 20
207.4895730747
 30
0.0
 10
306.0714522991
 20
207.4662445734
 30
0.0
 10
306.0774647866
 20
207.4412863165
 30
0.0
 10
306.0825014239
 20
207.4149351913
 30
0.0
 10
306.0865133425
 20
207.3874429703
 30
0.0
 10
306.0894616169
 20
207.3590726839
 30
0.0
 10
306.0913175992
 20
207.3300962001
 30
0.0
 10
306.0920632545
 20
207.3007914038
 30
0.0
 10
306.0916913301
 20
207.2714394416
 30
0.0
 10
306.0902054426
 20
207.2423219356
 30
0.0
 10
306.087620033
 20
207.2137181487
 30
0.0
 10
306.0839602453
 20
207.1859023543
 30
0.0
 10
306.0792615305
 20
207.1591405379
 30
0.0
 10
306.0735697443
 20
207.1336896129
 30
0.0
 10
306.0690244255
 20
207.117305505
 30
0.0
 10
306.0665792008
 20
207.1093927476
 30
0.0
  0
SPLINE
  5
BFE
100
AcDbEntity
  8
0
100
AcDbSpline
 62
7
  6
CONTINUOUS
 70
0
 71
3
 72
15
 73
11
 74
0
 42
0.0000001
 43
0.0000001
 44
0.0000000001
 40
0.0
 40
0.0
 40
0.0
 40
0.0
 40
0.1214542118
 40
0.2458393864
 40
0.3722170437
 40
0.4996218229
 40
0.6270746751
 40
0.7535959151
 40
0.8782182622
 40
1.0
 40
1.0
 40
1.0
 40
1.0
 10
303.9097506879
 20
216.3392619551
 30
0.0
 10
303.9123000562
 20
216.3553836039
 30
0.0
 10
303.9167646476
 20
216.3881294484
 30
0.0
 10
303.9215497161
 20
216.4379334214
 30
0.0
 10
303.9244759093
 20
216.4886824974
 30
0.0
 10
303.9255162999
 20
216.5399170364
 30
0.0
 10
303.92466142
 20
216.5911742928
 30
0.0
 10
303.9219190413
 20
216.641991304
 30
0.0
 10
303.9173144044
 20
216.6919078094
 30
0.0
 10
303.91297017
 20
216.7247462943
 30
0.0
 10
303.9104805018
 20
216.7409218057
 30
0.0
  0
SPLINE
  5
BFF
100
AcDbEntity
  8
0
100
AcDbSpline
 62
7
  6
CONTINUOUS
 70
0
 71
3
 72
31
 73
27
 74
0
 42
0.0000001
 43
0.0000001
 44
0.0000000001
 40
0.0
 40
0.0
 40
0.0
 40
0.0
 40
0.0156966426
 40
0.0317131833
 40
0.0483458865
 40
0.065851239
 40
0.0844378134
 40
0.1042655672
 40
0.1254497498
 40
0.1480667153
 40
0.172159953
 40
0.1977455136
 40
0.2248165486
 40
0.2533470066
 40
0.2832946167
 40
0.3146032766
 40
0.3472049953
 40
0.381021515
 40
0.4519343207
 40
0.5265669166
 40
0.6040416722
 40
0.6834147427
 40
0.7636999463
 40
0.8438912361
 40
0.9229845927
 40
1.0
 40
1.0
 40
1.0
 40
1.0
 10
304.0951507514
 20
217.4383855884
 30
0.0
 10
304.0911128346
 20
217.4383840522
 30
0.0
 10
304.0829411411
 20
217.4377360326
 30
0.0
 10
304.0707985421
 20
217.4348481112
 30
0.0
 10
304.0587706383
 20
217.430064574
 30
0.0
 10
304.0469077692
 20
217.4234171775
 30
0.0
 10
304.0352486179
 20
217.4149412128
 30
0.0
 10
304.0238302194
 20
217.404674142
 30
0.0
 10
304.0126884518
 20
217.3926563576
 30
0.0
 10
304.0018595028
 20
217.3789324596
 30
0.0
 10
303.9913797478
 20
217.3635522229
 30
0.0
 10
303.9812854624
 20
217.3465711209
 30
0.0
 10
303.9716123643
 20
217.3280505068
 30
0.0
 10
303.9623952244
 20
217.308057561
 30
0.0
 10
303.9536675201
 20
217.2866650819
 30
0.0
 10
303.94546127
 20
217.2639512813
 30
0.0
 10
303.9378063831
 20
217.2399992583
 30
0.0
 10
303.9282218997
 20
217.2059901385
 30
0.0
 10
303.9178902618
 20
217.1609888379
 30
0.0
 10
303.9082622396
 20
217.1044036781
 30
0.0
 10
303.9013598875
 20
217.0452313376
 30
0.0
 10
303.8972863957
 20
216.9843419632
 30
0.0
 10
303.8961028968
 20
216.9226297902
 30
0.0
 10
303.8978272046
 20
216.8610017887
 30
0.0
 10
303.9024331944
 20
216.8003664318
 30
0.0
 10
303.9074666114
 20
216.7605032171
 30
0.0
 10
303.9104805018
 20
216.7409218057
 30
0.0
  0
SPLINE
  5
C00
100
AcDbEntity
  8
0
100
AcDbSpline
 62
7
  6
CONTINUOUS
 70
0
 71
3
 72
23
 73
19
 74
0
 42
0.0000001
 43
0.0000001
 44
0.0000000001
 40
0.0
 40
0.0
 40
0.0
 40
0.0
 40
0.0560422185
 40
0.1146468057
 40
0.175500905
 40
0.2382641237
 40
0.3025739155
 40
0.3680505093
 40
0.4343015224
 40
0.5009263624
 40
0.5675205196
 40
0.6336798041
 40
0.6990045904
 40
0.7631041176
 40
0.8256009247
 40
0.886135489
 40
0.944371227
 40
1.0
 40
1.0
 40
1.0
 40
1.0
 10
305.2367338001
 20
206.8296683013
 30
0.0
 10
305.241985137
 20
206.8466616495
 30
0.0
 10
305.2518587794
 20
206.8816984635
 30
0.0
 10
305.2645805337
 20
206.935941284
 30
0.0
 10
305.2754789751
 20
206.992752828
 30
0.0
 10
305.284475227
 20
207.0517270072
 30
0.0
 10
305.2915046185
 20
207.1124440752
 30
0.0
 10
305.296516453
 20
207.1744707818
 30
0.0
 10
305.2994745996
 20
207.2373644401
 30
0.0
 10
305.3003577249
 20
207.3006759569
 30
0.0
 10
305.2991594604
 20
207.3639531917
 30
0.0
 10
305.295888445
 20
207.4267442551
 30
0.0
 10
305.290568275
 20
207.4886008051
 30
0.0
 10
305.2832372911
 20
207.5490814044
 30
0.0
 10
305.273948377
 20
207.6077545391
 30
0.0
 10
305.2627682759
 20
207.6642026949
 30
0.0
 10
305.2497779196
 20
207.718022443
 30
0.0
 10
305.239725552
 20
207.7527503828
 30
0.0
 10
305.2343867841
 20
207.7695788561
 30
0.0
  0
SPLINE
  5
C01
100
AcDbEntity
  8
0
100
AcDbSpline
 62
7
  6
CONTINUOUS
 70
0
 71
3
 72
23
 73
19
 74
0
 42
0.0000001
 43
0.0000001
 44
0.0000000001
 40
0.0
 40
0.0
 40
0.0
 40
0.0
 40
0.0494135249
 40
0.1026266731
 40
0.1593416098
 40
0.2191892969
 40
0.2817439796
 40
0.3465350198
 40
0.4130569987
 40
0.4807787623
 40
0.5491518571
 40
0.6176186075
 40
0.6856200193
 40
0.7526036673
 40
0.8180316921
 40
0.8813890887
 40
0.9421925402
 40
1.0
 40
1.0
 40
1.0
 40
1.0
 10
304.6660949063
 20
207.5308737933
 30
0.0
 10
304.6692136728
 20
207.5245184116
 30
0.0
 10
304.6751488528
 20
207.5110490828
 30
0.0
 10
304.6829301312
 20
207.4895730747
 30
0.0
 10
304.6898606668
 20
207.4662445734
 30
0.0
 10
304.6958731544
 20
207.4412863165
 30
0.0
 10
304.7009097917
 20
207.4149351913
 30
0.0
 10
304.7049217103
 20
207.3874429703
 30
0.0
 10
304.7078699847
 20
207.3590726839
 30
0.0
 10
304.709725967
 20
207.3300962001
 30
0.0
 10
304.7104716223
 20
207.3007914038
 30
0.0
 10
304.7100996979
 20
207.2714394416
 30
0.0
 10
304.7086138104
 20
207.2423219356
 30
0.0
 10
304.7060284007
 20
207.2137181487
 30
0.0
 10
304.7023686131
 20
207.1859023543
 30
0.0
 10
304.6976698983
 20
207.1591405379
 30
0.0
 10
304.6919781121
 20
207.1336896129
 30
0.0
 10
304.6874327933
 20
207.117305505
 30
0.0
 10
304.6849875686
 20
207.1093927476
 30
0.0
  0
SPLINE
  5
C02
100
AcDbEntity
  8
0
100
AcDbSpline
 62
7
  6
CONTINUOUS
 70
0
 71
3
 72
15
 73
11
 74
0
 42
0.0000001
 43
0.0000001
 44
0.0000000001
 40
0.0
 40
0.0
 40
0.0
 40
0.0
 40
0.1214542118
 40
0.2458393864
 40
0.3722170437
 40
0.4996218229
 40
0.6270746751
 40
0.7535959151
 40
0.8782182622
 40
1.0
 40
1.0
 40
1.0
 40
1.0
 10
302.5281590557
 20
216.3392619551
 30
0.0
 10
302.530708424
 20
216.3553836039
 30
0.0
 10
302.5351730153
 20
216.3881294484
 30
0.0
 10
302.5399580839
 20
216.4379334214
 30
0.0
 10
302.5428842771
 20
216.4886824974
 30
0.0
 10
302.5439246677
 20
216.5399170364
 30
0.0
 10
302.5430697878
 20
216.5911742928
 30
0.0
 10
302.5403274091
 20
216.641991304
 30
0.0
 10
302.5357227722
 20
216.6919078094
 30
0.0
 10
302.5313785378
 20
216.7247462943
 30
0.0
 10
302.5288888696
 20
216.7409218057
 30
0.0
  0
SPLINE
  5
C03
100
AcDbEntity
  8
0
100
AcDbSpline
 62
7
  6
CONTINUOUS
 70
0
 71
3
 72
31
 73
27
 74
0
 42
0.0000001
 43
0.0000001
 44
0.0000000001
 40
0.0
 40
0.0
 40
0.0
 40
0.0
 40
0.0156966426
 40
0.0317131833
 40
0.0483458865
 40
0.065851239
 40
0.0844378134
 40
0.1042655672
 40
0.1254497498
 40
0.1480667153
 40
0.172159953
 40
0.1977455136
 40
0.2248165486
 40
0.2533470066
 40
0.2832946167
 40
0.3146032766
 40
0.3472049953
 40
0.381021515
 40
0.4519343207
 40
0.5265669166
 40
0.6040416722
 40
0.6834147427
 40
0.7636999463
 40
0.8438912361
 40
0.9229845927
 40
1.0
 40
1.0
 40
1.0
 40
1.0
 10
302.7135591192
 20
217.4383855884
 30
0.0
 10
302.7095212024
 20
217.4383840522
 30
0.0
 10
302.7013495089
 20
217.4377360326
 30
0.0
 10
302.6892069099
 20
217.4348481112
 30
0.0
 10
302.6771790061
 20
217.430064574
 30
0.0
 10
302.665316137
 20
217.4234171775
 30
0.0
 10
302.6536569856
 20
217.4149412128
 30
0.0
 10
302.6422385872
 20
217.404674142
 30
0.0
 10
302.6310968196
 20
217.3926563576
 30
0.0
 10
302.6202678706
 20
217.3789324596
 30
0.0
 10
302.6097881156
 20
217.3635522229
 30
0.0
 10
302.5996938302
 20
217.3465711209
 30
0.0
 10
302.5900207321
 20
217.3280505068
 30
0.0
 10
302.5808035922
 20
217.308057561
 30
0.0
 10
302.5720758879
 20
217.2866650819
 30
0.0
 10
302.5638696377
 20
217.2639512813
 30
0.0
 10
302.5562147509
 20
217.2399992583
 30
0.0
 10
302.5466302674
 20
217.2059901385
 30
0.0
 10
302.5362986296
 20
217.1609888379
 30
0.0
 10
302.5266706074
 20
217.1044036781
 30
0.0
 10
302.5197682553
 20
217.0452313376
 30
0.0
 10
302.5156947635
 20
216.9843419632
 30
0.0
 10
302.5145112646
 20
216.9226297902
 30
0.0
 10
302.5162355724
 20
216.8610017887
 30
0.0
 10
302.5208415622
 20
216.8003664318
 30
0.0
 10
302.5258749792
 20
216.7605032171
 30
0.0
 10
302.5288888696
 20
216.7409218057
 30
0.0
  0
SPLINE
  5
C04
100
AcDbEntity
  8
0
100
AcDbSpline
 62
7
  6
CONTINUOUS
 70
0
 71
3
 72
23
 73
19
 74
0
 42
0.0000001
 43
0.0000001
 44
0.0000000001
 40
0.0
 40
0.0
 40
0.0
 40
0.0
 40
0.0560422185
 40
0.1146468057
 40
0.175500905
 40
0.2382641237
 40
0.3025739155
 40
0.3680505093
 40
0.4343015224
 40
0.5009263624
 40
0.5675205196
 40
0.6336798041
 40
0.6990045904
 40
0.7631041176
 40
0.8256009247
 40
0.886135489
 40
0.944371227
 40
1.0
 40
1.0
 40
1.0
 40
1.0
 10
303.8551421679
 20
206.8296683013
 30
0.0
 10
303.8603935048
 20
206.8466616495
 30
0.0
 10
303.8702671472
 20
206.8816984635
 30
0.0
 10
303.8829889015
 20
206.935941284
 30
0.0
 10
303.8938873429
 20
206.992752828
 30
0.0
 10
303.9028835948
 20
207.0517270072
 30
0.0
 10
303.9099129863
 20
207.1124440752
 30
0.0
 10
303.9149248208
 20
207.1744707818
 30
0.0
 10
303.9178829674
 20
207.2373644401
 30
0.0
 10
303.9187660927
 20
207.3006759569
 30
0.0
 10
303.9175678281
 20
207.3639531917
 30
0.0
 10
303.9142968128
 20
207.4267442551
 30
0.0
 10
303.9089766428
 20
207.4886008051
 30
0.0
 10
303.9016456589
 20
207.5490814044
 30
0.0
 10
303.8923567448
 20
207.6077545391
 30
0.0
 10
303.8811766436
 20
207.6642026949
 30
0.0
 10
303.8681862874
 20
207.718022443
 30
0.0
 10
303.8581339198
 20
207.7527503828
 30
0.0
 10
303.8527951519
 20
207.7695788561
 30
0.0
  0
SPLINE
  5
C05
100
AcDbEntity
  8
0
100
AcDbSpline
 62
7
  6
CONTINUOUS
 70
0
 71
3
 72
23
 73
19
 74
0
 42
0.0000001
 43
0.0000001
 44
0.0000000001
 40
0.0
 40
0.0
 40
0.0
 40
0.0
 40
0.0494135249
 40
0.1026266731
 40
0.1593416098
 40
0.2191892969
 40
0.2817439796
 40
0.3465350198
 40
0.4130569987
 40
0.4807787623
 40
0.5491518571
 40
0.6176186075
 40
0.6856200193
 40
0.7526036673
 40
0.8180316921
 40
0.8813890887
 40
0.9421925402
 40
1.0
 40
1.0
 40
1.0
 40
1.0
 10
303.284503274
 20
207.5308737933
 30
0.0
 10
303.2876220406
 20
207.5245184116
 30
0.0
 10
303.2935572206
 20
207.5110490828
 30
0.0
 10
303.301338499
 20
207.4895730747
 30
0.0
 10
303.3082690346
 20
207.4662445734
 30
0.0
 10
303.3142815222
 20
207.4412863165
 30
0.0
 10
303.3193181595
 20
207.4149351913
 30
0.0
 10
303.3233300781
 20
207.3874429703
 30
0.0
 10
303.3262783525
 20
207.3590726839
 30
0.0
 10
303.3281343347
 20
207.3300962001
 30
0.0
 10
303.3288799901
 20
207.3007914038
 30
0.0
 10
303.3285080657
 20
207.2714394416
 30
0.0
 10
303.3270221782
 20
207.2423219356
 30
0.0
 10
303.3244367685
 20
207.2137181487
 30
0.0
 10
303.3207769808
 20
207.1859023543
 30
0.0
 10
303.3160782661
 20
207.1591405379
 30
0.0
 10
303.3103864798
 20
207.1336896129
 30
0.0
 10
303.3058411611
 20
207.117305505
 30
0.0
 10
303.3033959364
 20
207.1093927476
 30
0.0
  0
SPLINE
  5
C06
100
AcDbEntity
  8
0
100
AcDbSpline
 62
7
  6
CONTINUOUS
 70
0
 71
3
 72
15
 73
11
 74
0
 42
0.0000001
 43
0.0000001
 44
0.0000000001
 40
0.0
 40
0.0
 40
0.0
 40
0.0
 40
0.1214542118
 40
0.2458393864
 40
0.3722170437
 40
0.4996218229
 40
0.6270746751
 40
0.7535959151
 40
0.8782182622
 40
1.0
 40
1.0
 40
1.0
 40
1.0
 10
301.1465674235
 20
216.3392619551
 30
0.0
 10
301.1491167918
 20
216.3553836039
 30
0.0
 10
301.1535813831
 20
216.3881294484
 30
0.0
 10
301.1583664517
 20
216.4379334214
 30
0.0
 10
301.1612926449
 20
216.4886824974
 30
0.0
 10
301.1623330355
 20
216.5399170364
 30
0.0
 10
301.1614781556
 20
216.5911742928
 30
0.0
 10
301.1587357769
 20
216.641991304
 30
0.0
 10
301.15413114
 20
216.6919078094
 30
0.0
 10
301.1497869056
 20
216.7247462943
 30
0.0
 10
301.1472972373
 20
216.7409218057
 30
0.0
  0
SPLINE
  5
C07
100
AcDbEntity
  8
0
100
AcDbSpline
 62
7
  6
CONTINUOUS
 70
0
 71
3
 72
31
 73
27
 74
0
 42
0.0000001
 43
0.0000001
 44
0.0000000001
 40
0.0
 40
0.0
 40
0.0
 40
0.0
 40
0.0156966426
 40
0.0317131833
 40
0.0483458865
 40
0.065851239
 40
0.0844378134
 40
0.1042655672
 40
0.1254497498
 40
0.1480667153
 40
0.172159953
 40
0.1977455136
 40
0.2248165486
 40
0.2533470066
 40
0.2832946167
 40
0.3146032766
 40
0.3472049953
 40
0.381021515
 40
0.4519343207
 40
0.5265669166
 40
0.6040416722
 40
0.6834147427
 40
0.7636999463
 40
0.8438912361
 40
0.9229845927
 40
1.0
 40
1.0
 40
1.0
 40
1.0
 10
301.331967487
 20
217.4383855884
 30
0.0
 10
301.3279295702
 20
217.4383840522
 30
0.0
 10
301.3197578767
 20
217.4377360326
 30
0.0
 10
301.3076152777
 20
217.4348481112
 30
0.0
 10
301.2955873739
 20
217.430064574
 30
0.0
 10
301.2837245048
 20
217.4234171775
 30
0.0
 10
301.2720653534
 20
217.4149412128
 30
0.0
 10
301.260646955
 20
217.404674142
 30
0.0
 10
301.2495051874
 20
217.3926563576
 30
0.0
 10
301.2386762384
 20
217.3789324596
 30
0.0
 10
301.2281964834
 20
217.3635522229
 30
0.0
 10
301.218102198
 20
217.3465711209
 30
0.0
 10
301.2084290999
 20
217.3280505068
 30
0.0
 10
301.19921196
 20
217.308057561
 30
0.0
 10
301.1904842557
 20
217.2866650819
 30
0.0
 10
301.1822780055
 20
217.2639512813
 30
0.0
 10
301.1746231187
 20
217.2399992583
 30
0.0
 10
301.1650386352
 20
217.2059901385
 30
0.0
 10
301.1547069974
 20
217.1609888379
 30
0.0
 10
301.1450789752
 20
217.1044036781
 30
0.0
 10
301.138176623
 20
217.0452313376
 30
0.0
 10
301.1341031313
 20
216.9843419632
 30
0.0
 10
301.1329196323
 20
216.9226297902
 30
0.0
 10
301.1346439402
 20
216.8610017887
 30
0.0
 10
301.13924993
 20
216.8003664318
 30
0.0
 10
301.144283347
 20
216.7605032171
 30
0.0
 10
301.1472972373
 20
216.7409218057
 30
0.0
  0
SPLINE
  5
C08
100
AcDbEntity
  8
0
100
AcDbSpline
 62
7
  6
CONTINUOUS
 70
0
 71
3
 72
23
 73
19
 74
0
 42
0.0000001
 43
0.0000001
 44
0.0000000001
 40
0.0
 40
0.0
 40
0.0
 40
0.0
 40
0.0560422185
 40
0.1146468057
 40
0.175500905
 40
0.2382641237
 40
0.3025739155
 40
0.3680505093
 40
0.4343015224
 40
0.5009263624
 40
0.5675205196
 40
0.6336798041
 40
0.6990045904
 40
0.7631041176
 40
0.8256009247
 40
0.886135489
 40
0.944371227
 40
1.0
 40
1.0
 40
1.0
 40
1.0
 10
302.4735505357
 20
206.8296683013
 30
0.0
 10
302.4788018726
 20
206.8466616495
 30
0.0
 10
302.4886755149
 20
206.8816984635
 30
0.0
 10
302.5013972693
 20
206.935941284
 30
0.0
 10
302.5122957107
 20
206.992752828
 30
0.0
 10
302.5212919626
 20
207.0517270072
 30
0.0
 10
302.5283213541
 20
207.1124440752
 30
0.0
 10
302.5333331886
 20
207.1744707818
 30
0.0
 10
302.5362913352
 20
207.2373644401
 30
0.0
 10
302.5371744605
 20
207.3006759569
 30
0.0
 10
302.5359761959
 20
207.3639531917
 30
0.0
 10
302.5327051806
 20
207.4267442551
 30
0.0
 10
302.5273850106
 20
207.4886008051
 30
0.0
 10
302.5200540266
 20
207.5490814044
 30
0.0
 10
302.5107651126
 20
207.6077545391
 30
0.0
 10
302.4995850114
 20
207.6642026949
 30
0.0
 10
302.4865946552
 20
207.718022443
 30
0.0
 10
302.4765422876
 20
207.7527503828
 30
0.0
 10
302.4712035196
 20
207.7695788561
 30
0.0
  0
SPLINE
  5
C09
100
AcDbEntity
  8
0
100
AcDbSpline
 62
7
  6
CONTINUOUS
 70
0
 71
3
 72
23
 73
19
 74
0
 42
0.0000001
 43
0.0000001
 44
0.0000000001
 40
0.0
 40
0.0
 40
0.0
 40
0.0
 40
0.0494135249
 40
0.1026266731
 40
0.1593416098
 40
0.2191892969
 40
0.2817439796
 40
0.3465350198
 40
0.4130569987
 40
0.4807787623
 40
0.5491518571
 40
0.6176186075
 40
0.6856200193
 40
0.7526036673
 40
0.8180316921
 40
0.8813890887
 40
0.9421925402
 40
1.0
 40
1.0
 40
1.0
 40
1.0
 10
301.9029116418
 20
207.5308737933
 30
0.0
 10
301.9060304084
 20
207.5245184116
 30
0.0
 10
301.9119655884
 20
207.5110490828
 30
0.0
 10
301.9197468668
 20
207.4895730747
 30
0.0
 10
301.9266774024
 20
207.4662445734
 30
0.0
 10
301.93268989
 20
207.4412863165
 30
0.0
 10
301.9377265273
 20
207.4149351913
 30
0.0
 10
301.9417384458
 20
207.3874429703
 30
0.0
 10
301.9446867203
 20
207.3590726839
 30
0.0
 10
301.9465427025
 20
207.3300962001
 30
0.0
 10
301.9472883579
 20
207.3007914038
 30
0.0
 10
301.9469164335
 20
207.2714394416
 30
0.0
 10
301.945430546
 20
207.2423219356
 30
0.0
 10
301.9428451363
 20
207.2137181487
 30
0.0
 10
301.9391853486
 20
207.1859023543
 30
0.0
 10
301.9344866339
 20
207.1591405379
 30
0.0
 10
301.9287948476
 20
207.1336896129
 30
0.0
 10
301.9242495289
 20
207.117305505
 30
0.0
 10
301.9218043042
 20
207.1093927476
 30
0.0
  0
SPLINE
  5
C0A
100
AcDbEntity
  8
0
100
AcDbSpline
 62
7
  6
CONTINUOUS
 70
0
 71
3
 72
15
 73
11
 74
0
 42
0.0000001
 43
0.0000001
 44
0.0000000001
 40
0.0
 40
0.0
 40
0.0
 40
0.0
 40
0.1214542118
 40
0.2458393864
 40
0.3722170437
 40
0.4996218229
 40
0.6270746751
 40
0.7535959151
 40
0.8782182622
 40
1.0
 40
1.0
 40
1.0
 40
1.0
 10
299.7649757913
 20
216.3392619551
 30
0.0
 10
299.7675251596
 20
216.3553836039
 30
0.0
 10
299.7719897509
 20
216.3881294484
 30
0.0
 10
299.7767748195
 20
216.4379334214
 30
0.0
 10
299.7797010127
 20
216.4886824974
 30
0.0
 10
299.7807414033
 20
216.5399170364
 30
0.0
 10
299.7798865233
 20
216.5911742928
 30
0.0
 10
299.7771441447
 20
216.641991304
 30
0.0
 10
299.7725395078
 20
216.6919078094
 30
0.0
 10
299.7681952733
 20
216.7247462943
 30
0.0
 10
299.7657056051
 20
216.7409218057
 30
0.0
  0
SPLINE
  5
C0B
100
AcDbEntity
  8
0
100
AcDbSpline
 62
7
  6
CONTINUOUS
 70
0
 71
3
 72
31
 73
27
 74
0
 42
0.0000001
 43
0.0000001
 44
0.0000000001
 40
0.0
 40
0.0
 40
0.0
 40
0.0
 40
0.0156966426
 40
0.0317131833
 40
0.0483458865
 40
0.065851239
 40
0.0844378134
 40
0.1042655672
 40
0.1254497498
 40
0.1480667153
 40
0.172159953
 40
0.1977455136
 40
0.2248165486
 40
0.2533470066
 40
0.2832946167
 40
0.3146032766
 40
0.3472049953
 40
0.381021515
 40
0.4519343207
 40
0.5265669166
 40
0.6040416722
 40
0.6834147427
 40
0.7636999463
 40
0.8438912361
 40
0.9229845927
 40
1.0
 40
1.0
 40
1.0
 40
1.0
 10
299.9503758548
 20
217.4383855884
 30
0.0
 10
299.946337938
 20
217.4383840522
 30
0.0
 10
299.9381662445
 20
217.4377360326
 30
0.0
 10
299.9260236455
 20
217.4348481112
 30
0.0
 10
299.9139957417
 20
217.430064574
 30
0.0
 10
299.9021328726
 20
217.4234171775
 30
0.0
 10
299.8904737212
 20
217.4149412128
 30
0.0
 10
299.8790553228
 20
217.404674142
 30
0.0
 10
299.8679135552
 20
217.3926563576
 30
0.0
 10
299.8570846062
 20
217.3789324596
 30
0.0
 10
299.8466048512
 20
217.3635522229
 30
0.0
 10
299.8365105658
 20
217.3465711209
 30
0.0
 10
299.8268374676
 20
217.3280505068
 30
0.0
 10
299.8176203277
 20
217.308057561
 30
0.0
 10
299.8088926235
 20
217.2866650819
 30
0.0
 10
299.8006863733
 20
217.2639512813
 30
0.0
 10
299.7930314865
 20
217.2399992583
 30
0.0
 10
299.783447003
 20
217.2059901385
 30
0.0
 10
299.7731153652
 20
217.1609888379
 30
0.0
 10
299.763487343
 20
217.1044036781
 30
0.0
 10
299.7565849908
 20
217.0452313376
 30
0.0
 10
299.7525114991
 20
216.9843419632
 30
0.0
 10
299.7513280001
 20
216.9226297902
 30
0.0
 10
299.753052308
 20
216.8610017887
 30
0.0
 10
299.7576582978
 20
216.8003664318
 30
0.0
 10
299.7626917148
 20
216.7605032171
 30
0.0
 10
299.7657056051
 20
216.7409218057
 30
0.0
  0
SPLINE
  5
C0C
100
AcDbEntity
  8
0
100
AcDbSpline
 62
7
  6
CONTINUOUS
 70
0
 71
3
 72
23
 73
19
 74
0
 42
0.0000001
 43
0.0000001
 44
0.0000000001
 40
0.0
 40
0.0
 40
0.0
 40
0.0
 40
0.0560422185
 40
0.1146468057
 40
0.175500905
 40
0.2382641237
 40
0.3025739155
 40
0.3680505093
 40
0.4343015224
 40
0.5009263624
 40
0.5675205196
 40
0.6336798041
 40
0.6990045904
 40
0.7631041176
 40
0.8256009247
 40
0.886135489
 40
0.944371227
 40
1.0
 40
1.0
 40
1.0
 40
1.0
 10
301.0919589035
 20
206.8296683013
 30
0.0
 10
301.0972102404
 20
206.8466616495
 30
0.0
 10
301.1070838827
 20
206.8816984635
 30
0.0
 10
301.1198056371
 20
206.935941284
 30
0.0
 10
301.1307040785
 20
206.992752828
 30
0.0
 10
301.1397003304
 20
207.0517270072
 30
0.0
 10
301.1467297219
 20
207.1124440752
 30
0.0
 10
301.1517415564
 20
207.1744707818
 30
0.0
 10
301.154699703
 20
207.2373644401
 30
0.0
 10
301.1555828282
 20
207.3006759569
 30
0.0
 10
301.1543845637
 20
207.3639531917
 30
0.0
 10
301.1511135484
 20
207.4267442551
 30
0.0
 10
301.1457933783
 20
207.4886008051
 30
0.0
 10
301.1384623944
 20
207.5490814044
 30
0.0
 10
301.1291734804
 20
207.6077545391
 30
0.0
 10
301.1179933792
 20
207.6642026949
 30
0.0
 10
301.105003023
 20
207.718022443
 30
0.0
 10
301.0949506554
 20
207.7527503828
 30
0.0
 10
301.0896118874
 20
207.7695788561
 30
0.0
  0
SPLINE
  5
C0D
100
AcDbEntity
  8
0
100
AcDbSpline
 62
7
  6
CONTINUOUS
 70
0
 71
3
 72
23
 73
19
 74
0
 42
0.0000001
 43
0.0000001
 44
0.0000000001
 40
0.0
 40
0.0
 40
0.0
 40
0.0
 40
0.0494135249
 40
0.1026266731
 40
0.1593416098
 40
0.2191892969
 40
0.2817439796
 40
0.3465350198
 40
0.4130569987
 40
0.4807787623
 40
0.5491518571
 40
0.6176186075
 40
0.6856200193
 40
0.7526036673
 40
0.8180316921
 40
0.8813890887
 40
0.9421925402
 40
1.0
 40
1.0
 40
1.0
 40
1.0
 10
300.5213200096
 20
207.5308737933
 30
0.0
 10
300.5244387762
 20
207.5245184116
 30
0.0
 10
300.5303739562
 20
207.5110490828
 30
0.0
 10
300.5381552346
 20
207.4895730747
 30
0.0
 10
300.5450857702
 20
207.4662445734
 30
0.0
 10
300.5510982578
 20
207.4412863165
 30
0.0
 10
300.5561348951
 20
207.4149351913
 30
0.0
 10
300.5601468136
 20
207.3874429703
 30
0.0
 10
300.563095088
 20
207.3590726839
 30
0.0
 10
300.5649510703
 20
207.3300962001
 30
0.0
 10
300.5656967256
 20
207.3007914038
 30
0.0
 10
300.5653248012
 20
207.2714394416
 30
0.0
 10
300.5638389138
 20
207.2423219356
 30
0.0
 10
300.5612535041
 20
207.2137181487
 30
0.0
 10
300.5575937164
 20
207.1859023543
 30
0.0
 10
300.5528950017
 20
207.1591405379
 30
0.0
 10
300.5472032154
 20
207.1336896129
 30
0.0
 10
300.5426578967
 20
207.117305505
 30
0.0
 10
300.540212672
 20
207.1093927476
 30
0.0
  0
SPLINE
  5
C0E
100
AcDbEntity
  8
0
100
AcDbSpline
 62
7
  6
CONTINUOUS
 70
0
 71
3
 72
15
 73
11
 74
0
 42
0.0000001
 43
0.0000001
 44
0.0000000001
 40
0.0
 40
0.0
 40
0.0
 40
0.0
 40
0.1214542118
 40
0.2458393864
 40
0.3722170437
 40
0.4996218229
 40
0.6270746751
 40
0.7535959151
 40
0.8782182622
 40
1.0
 40
1.0
 40
1.0
 40
1.0
 10
298.383384159
 20
216.3392619551
 30
0.0
 10
298.3859335274
 20
216.3553836039
 30
0.0
 10
298.3903981187
 20
216.3881294484
 30
0.0
 10
298.3951831872
 20
216.4379334214
 30
0.0
 10
298.3981093804
 20
216.4886824974
 30
0.0
 10
298.3991497711
 20
216.5399170364
 30
0.0
 10
298.3982948911
 20
216.5911742928
 30
0.0
 10
298.3955525125
 20
216.641991304
 30
0.0
 10
298.3909478756
 20
216.6919078094
 30
0.0
 10
298.3866036411
 20
216.7247462943
 30
0.0
 10
298.3841139729
 20
216.7409218057
 30
0.0
  0
SPLINE
  5
C0F
100
AcDbEntity
  8
0
100
AcDbSpline
 62
7
  6
CONTINUOUS
 70
0
 71
3
 72
31
 73
27
 74
0
 42
0.0000001
 43
0.0000001
 44
0.0000000001
 40
0.0
 40
0.0
 40
0.0
 40
0.0
 40
0.0156966426
 40
0.0317131833
 40
0.0483458865
 40
0.065851239
 40
0.0844378134
 40
0.1042655672
 40
0.1254497498
 40
0.1480667153
 40
0.172159953
 40
0.1977455136
 40
0.2248165486
 40
0.2533470066
 40
0.2832946167
 40
0.3146032766
 40
0.3472049953
 40
0.381021515
 40
0.4519343207
 40
0.5265669166
 40
0.6040416722
 40
0.6834147427
 40
0.7636999463
 40
0.8438912361
 40
0.9229845927
 40
1.0
 40
1.0
 40
1.0
 40
1.0
 10
298.5687842226
 20
217.4383855884
 30
0.0
 10
298.5647463058
 20
217.4383840522
 30
0.0
 10
298.5565746123
 20
217.4377360326
 30
0.0
 10
298.5444320133
 20
217.4348481112
 30
0.0
 10
298.5324041095
 20
217.430064574
 30
0.0
 10
298.5205412404
 20
217.4234171775
 30
0.0
 10
298.508882089
 20
217.4149412128
 30
0.0
 10
298.4974636905
 20
217.404674142
 30
0.0
 10
298.486321923
 20
217.3926563576
 30
0.0
 10
298.4754929739
 20
217.3789324596
 30
0.0
 10
298.465013219
 20
217.3635522229
 30
0.0
 10
298.4549189336
 20
217.3465711209
 30
0.0
 10
298.4452458354
 20
217.3280505068
 30
0.0
 10
298.4360286955
 20
217.308057561
 30
0.0
 10
298.4273009913
 20
217.2866650819
 30
0.0
 10
298.4190947411
 20
217.2639512813
 30
0.0
 10
298.4114398543
 20
217.2399992583
 30
0.0
 10
298.4018553708
 20
217.2059901385
 30
0.0
 10
298.391523733
 20
217.1609888379
 30
0.0
 10
298.3818957107
 20
217.1044036781
 30
0.0
 10
298.3749933586
 20
217.0452313376
 30
0.0
 10
298.3709198668
 20
216.9843419632
 30
0.0
 10
298.3697363679
 20
216.9226297902
 30
0.0
 10
298.3714606758
 20
216.8610017887
 30
0.0
 10
298.3760666656
 20
216.8003664318
 30
0.0
 10
298.3811000826
 20
216.7605032171
 30
0.0
 10
298.3841139729
 20
216.7409218057
 30
0.0
  0
SPLINE
  5
C10
100
AcDbEntity
  8
0
100
AcDbSpline
 62
7
  6
CONTINUOUS
 70
0
 71
3
 72
23
 73
19
 74
0
 42
0.0000001
 43
0.0000001
 44
0.0000000001
 40
0.0
 40
0.0
 40
0.0
 40
0.0
 40
0.0560422185
 40
0.1146468057
 40
0.175500905
 40
0.2382641237
 40
0.3025739155
 40
0.3680505093
 40
0.4343015224
 40
0.5009263624
 40
0.5675205196
 40
0.6336798041
 40
0.6990045904
 40
0.7631041176
 40
0.8256009247
 40
0.886135489
 40
0.944371227
 40
1.0
 40
1.0
 40
1.0
 40
1.0
 10
299.7103672713
 20
206.8296683013
 30
0.0
 10
299.7156186082
 20
206.8466616495
 30
0.0
 10
299.7254922505
 20
206.8816984635
 30
0.0
 10
299.7382140049
 20
206.935941284
 30
0.0
 10
299.7491124463
 20
206.992752828
 30
0.0
 10
299.7581086982
 20
207.0517270072
 30
0.0
 10
299.7651380897
 20
207.1124440752
 30
0.0
 10
299.7701499241
 20
207.1744707818
 30
0.0
 10
299.7731080707
 20
207.2373644401
 30
0.0
 10
299.773991196
 20
207.3006759569
 30
0.0
 10
299.7727929315
 20
207.3639531917
 30
0.0
 10
299.7695219162
 20
207.4267442551
 30
0.0
 10
299.7642017461
 20
207.4886008051
 30
0.0
 10
299.7568707622
 20
207.5490814044
 30
0.0
 10
299.7475818481
 20
207.6077545391
 30
0.0
 10
299.736401747
 20
207.6642026949
 30
0.0
 10
299.7234113908
 20
207.718022443
 30
0.0
 10
299.7133590232
 20
207.7527503828
 30
0.0
 10
299.7080202552
 20
207.7695788561
 30
0.0
  0
SPLINE
  5
C11
100
AcDbEntity
  8
0
100
AcDbSpline
 62
7
  6
CONTINUOUS
 70
0
 71
3
 72
23
 73
19
 74
0
 42
0.0000001
 43
0.0000001
 44
0.0000000001
 40
0.0
 40
0.0
 40
0.0
 40
0.0
 40
0.0494135249
 40
0.1026266731
 40
0.1593416098
 40
0.2191892969
 40
0.2817439796
 40
0.3465350198
 40
0.4130569987
 40
0.4807787623
 40
0.5491518571
 40
0.6176186075
 40
0.6856200193
 40
0.7526036673
 40
0.8180316921
 40
0.8813890887
 40
0.9421925402
 40
1.0
 40
1.0
 40
1.0
 40
1.0
 10
299.1397283774
 20
207.5308737933
 30
0.0
 10
299.1428471439
 20
207.5245184116
 30
0.0
 10
299.148782324
 20
207.5110490828
 30
0.0
 10
299.1565636024
 20
207.4895730747
 30
0.0
 10
299.163494138
 20
207.4662445734
 30
0.0
 10
299.1695066255
 20
207.4412863165
 30
0.0
 10
299.1745432629
 20
207.4149351913
 30
0.0
 10
299.1785551814
 20
207.3874429703
 30
0.0
 10
299.1815034558
 20
207.3590726839
 30
0.0
 10
299.1833594381
 20
207.3300962001
 30
0.0
 10
299.1841050934
 20
207.3007914038
 30
0.0
 10
299.183733169
 20
207.2714394416
 30
0.0
 10
299.1822472815
 20
207.2423219356
 30
0.0
 10
299.1796618719
 20
207.2137181487
 30
0.0
 10
299.1760020842
 20
207.1859023543
 30
0.0
 10
299.1713033694
 20
207.1591405379
 30
0.0
 10
299.1656115832
 20
207.1336896129
 30
0.0
 10
299.1610662644
 20
207.117305505
 30
0.0
 10
299.1586210397
 20
207.1093927476
 30
0.0
  0
SPLINE
  5
C12
100
AcDbEntity
  8
0
100
AcDbSpline
 62
7
  6
CONTINUOUS
 70
0
 71
3
 72
15
 73
11
 74
0
 42
0.0000001
 43
0.0000001
 44
0.0000000001
 40
0.0
 40
0.0
 40
0.0
 40
0.0
 40
0.1214542118
 40
0.2458393864
 40
0.3722170437
 40
0.4996218229
 40
0.6270746751
 40
0.7535959151
 40
0.8782182622
 40
1.0
 40
1.0
 40
1.0
 40
1.0
 10
297.0017925268
 20
216.3392619551
 30
0.0
 10
297.0043418951
 20
216.3553836039
 30
0.0
 10
297.0088064865
 20
216.3881294484
 30
0.0
 10
297.013591555
 20
216.4379334214
 30
0.0
 10
297.0165177482
 20
216.4886824974
 30
0.0
 10
297.0175581389
 20
216.5399170364
 30
0.0
 10
297.0167032589
 20
216.5911742928
 30
0.0
 10
297.0139608802
 20
216.641991304
 30
0.0
 10
297.0093562434
 20
216.6919078094
 30
0.0
 10
297.0050120089
 20
216.7247462943
 30
0.0
 10
297.0025223407
 20
216.7409218057
 30
0.0
  0
SPLINE
  5
C13
100
AcDbEntity
  8
0
100
AcDbSpline
 62
7
  6
CONTINUOUS
 70
0
 71
3
 72
31
 73
27
 74
0
 42
0.0000001
 43
0.0000001
 44
0.0000000001
 40
0.0
 40
0.0
 40
0.0
 40
0.0
 40
0.0156966426
 40
0.0317131833
 40
0.0483458865
 40
0.065851239
 40
0.0844378134
 40
0.1042655672
 40
0.1254497498
 40
0.1480667153
 40
0.172159953
 40
0.1977455136
 40
0.2248165486
 40
0.2533470066
 40
0.2832946167
 40
0.3146032766
 40
0.3472049953
 40
0.381021515
 40
0.4519343207
 40
0.5265669166
 40
0.6040416722
 40
0.6834147427
 40
0.7636999463
 40
0.8438912361
 40
0.9229845927
 40
1.0
 40
1.0
 40
1.0
 40
1.0
 10
297.1871925904
 20
217.4383855884
 30
0.0
 10
297.1831546736
 20
217.4383840522
 30
0.0
 10
297.17498298
 20
217.4377360326
 30
0.0
 10
297.1628403811
 20
217.4348481112
 30
0.0
 10
297.1508124772
 20
217.430064574
 30
0.0
 10
297.1389496082
 20
217.4234171775
 30
0.0
 10
297.1272904568
 20
217.4149412128
 30
0.0
 10
297.1158720583
 20
217.404674142
 30
0.0
 10
297.1047302908
 20
217.3926563576
 30
0.0
 10
297.0939013417
 20
217.3789324596
 30
0.0
 10
297.0834215867
 20
217.3635522229
 30
0.0
 10
297.0733273013
 20
217.3465711209
 30
0.0
 10
297.0636542032
 20
217.3280505068
 30
0.0
 10
297.0544370633
 20
217.308057561
 30
0.0
 10
297.045709359
 20
217.2866650819
 30
0.0
 10
297.0375031089
 20
217.2639512813
 30
0.0
 10
297.0298482221
 20
217.2399992583
 30
0.0
 10
297.0202637386
 20
217.2059901385
 30
0.0
 10
297.0099321008
 20
217.1609888379
 30
0.0
 10
297.0003040785
 20
217.1044036781
 30
0.0
 10
296.9934017264
 20
217.0452313376
 30
0.0
 10
296.9893282346
 20
216.9843419632
 30
0.0
 10
296.9881447357
 20
216.9226297902
 30
0.0
 10
296.9898690435
 20
216.8610017887
 30
0.0
 10
296.9944750333
 20
216.8003664318
 30
0.0
 10
296.9995084504
 20
216.7605032171
 30
0.0
 10
297.0025223407
 20
216.7409218057
 30
0.0
  0
SPLINE
  5
C14
100
AcDbEntity
  8
0
100
AcDbSpline
 62
7
  6
CONTINUOUS
 70
0
 71
3
 72
23
 73
19
 74
0
 42
0.0000001
 43
0.0000001
 44
0.0000000001
 40
0.0
 40
0.0
 40
0.0
 40
0.0
 40
0.0560422185
 40
0.1146468057
 40
0.175500905
 40
0.2382641237
 40
0.3025739155
 40
0.3680505093
 40
0.4343015224
 40
0.5009263624
 40
0.5675205196
 40
0.6336798041
 40
0.6990045904
 40
0.7631041176
 40
0.8256009247
 40
0.886135489
 40
0.944371227
 40
1.0
 40
1.0
 40
1.0
 40
1.0
 10
298.3287756391
 20
206.8296683013
 30
0.0
 10
298.334026976
 20
206.8466616495
 30
0.0
 10
298.3439006183
 20
206.8816984635
 30
0.0
 10
298.3566223726
 20
206.935941284
 30
0.0
 10
298.3675208141
 20
206.992752828
 30
0.0
 10
298.3765170659
 20
207.0517270072
 30
0.0
 10
298.3835464575
 20
207.1124440752
 30
0.0
 10
298.3885582919
 20
207.1744707818
 30
0.0
 10
298.3915164385
 20
207.2373644401
 30
0.0
 10
298.3923995638
 20
207.3006759569
 30
0.0
 10
298.3912012993
 20
207.3639531917
 30
0.0
 10
298.387930284
 20
207.4267442551
 30
0.0
 10
298.3826101139
 20
207.4886008051
 30
0.0
 10
298.37527913
 20
207.5490814044
 30
0.0
 10
298.3659902159
 20
207.6077545391
 30
0.0
 10
298.3548101148
 20
207.6642026949
 30
0.0
 10
298.3418197586
 20
207.718022443
 30
0.0
 10
298.3317673909
 20
207.7527503828
 30
0.0
 10
298.326428623
 20
207.7695788561
 30
0.0
  0
SPLINE
  5
C15
100
AcDbEntity
  8
0
100
AcDbSpline
 62
7
  6
CONTINUOUS
 70
0
 71
3
 72
23
 73
19
 74
0
 42
0.0000001
 43
0.0000001
 44
0.0000000001
 40
0.0
 40
0.0
 40
0.0
 40
0.0
 40
0.0494135249
 40
0.1026266731
 40
0.1593416098
 40
0.2191892969
 40
0.2817439796
 40
0.3465350198
 40
0.4130569987
 40
0.4807787623
 40
0.5491518571
 40
0.6176186075
 40
0.6856200193
 40
0.7526036673
 40
0.8180316921
 40
0.8813890887
 40
0.9421925402
 40
1.0
 40
1.0
 40
1.0
 40
1.0
 10
297.7581367452
 20
207.5308737933
 30
0.0
 10
297.7612555117
 20
207.5245184116
 30
0.0
 10
297.7671906918
 20
207.5110490829
 30
0.0
 10
297.7749719701
 20
207.4895730747
 30
0.0
 10
297.7819025058
 20
207.4662445734
 30
0.0
 10
297.7879149933
 20
207.4412863165
 30
0.0
 10
297.7929516307
 20
207.4149351913
 30
0.0
 10
297.7969635492
 20
207.3874429703
 30
0.0
 10
297.7999118236
 20
207.3590726839
 30
0.0
 10
297.8017678059
 20
207.3300962001
 30
0.0
 10
297.8025134612
 20
207.3007914038
 30
0.0
 10
297.8021415368
 20
207.2714394416
 30
0.0
 10
297.8006556493
 20
207.2423219356
 30
0.0
 10
297.7980702397
 20
207.2137181487
 30
0.0
 10
297.794410452
 20
207.1859023543
 30
0.0
 10
297.7897117372
 20
207.1591405379
 30
0.0
 10
297.784019951
 20
207.1336896129
 30
0.0
 10
297.7794746322
 20
207.117305505
 30
0.0
 10
297.7770294075
 20
207.1093927476
 30
0.0
  0
SPLINE
  5
C16
100
AcDbEntity
  8
0
100
AcDbSpline
 62
7
  6
CONTINUOUS
 70
0
 71
3
 72
15
 73
11
 74
0
 42
0.0000001
 43
0.0000001
 44
0.0000000001
 40
0.0
 40
0.0
 40
0.0
 40
0.0
 40
0.1214542118
 40
0.2458393864
 40
0.3722170437
 40
0.4996218229
 40
0.6270746751
 40
0.7535959151
 40
0.8782182622
 40
1.0
 40
1.0
 40
1.0
 40
1.0
 10
295.6202008946
 20
216.3392619551
 30
0.0
 10
295.6227502629
 20
216.3553836039
 30
0.0
 10
295.6272148543
 20
216.3881294484
 30
0.0
 10
295.6319999228
 20
216.4379334214
 30
0.0
 10
295.634926116
 20
216.4886824974
 30
0.0
 10
295.6359665066
 20
216.5399170364
 30
0.0
 10
295.6351116267
 20
216.5911742928
 30
0.0
 10
295.632369248
 20
216.641991304
 30
0.0
 10
295.6277646112
 20
216.6919078094
 30
0.0
 10
295.6234203767
 20
216.7247462943
 30
0.0
 10
295.6209307085
 20
216.7409218057
 30
0.0
  0
SPLINE
  5
C17
100
AcDbEntity
  8
0
100
AcDbSpline
 62
7
  6
CONTINUOUS
 70
0
 71
3
 72
31
 73
27
 74
0
 42
0.0000001
 43
0.0000001
 44
0.0000000001
 40
0.0
 40
0.0
 40
0.0
 40
0.0
 40
0.0156966426
 40
0.0317131833
 40
0.0483458865
 40
0.065851239
 40
0.0844378134
 40
0.1042655672
 40
0.1254497498
 40
0.1480667153
 40
0.172159953
 40
0.1977455136
 40
0.2248165486
 40
0.2533470066
 40
0.2832946167
 40
0.3146032766
 40
0.3472049953
 40
0.381021515
 40
0.4519343207
 40
0.5265669166
 40
0.6040416722
 40
0.6834147427
 40
0.7636999463
 40
0.8438912361
 40
0.9229845927
 40
1.0
 40
1.0
 40
1.0
 40
1.0
 10
295.8056009581
 20
217.4383855884
 30
0.0
 10
295.8015630414
 20
217.4383840522
 30
0.0
 10
295.7933913478
 20
217.4377360326
 30
0.0
 10
295.7812487488
 20
217.4348481112
 30
0.0
 10
295.769220845
 20
217.430064574
 30
0.0
 10
295.7573579759
 20
217.4234171775
 30
0.0
 10
295.7456988246
 20
217.4149412128
 30
0.0
 10
295.7342804261
 20
217.404674142
 30
0.0
 10
295.7231386585
 20
217.3926563576
 30
0.0
 10
295.7123097095
 20
217.3789324596
 30
0.0
 10
295.7018299545
 20
217.3635522229
 30
0.0
 10
295.6917356691
 20
217.3465711209
 30
0.0
 10
295.682062571
 20
217.3280505068
 30
0.0
 10
295.6728454311
 20
217.308057561
 30
0.0
 10
295.6641177268
 20
217.2866650819
 30
0.0
 10
295.6559114767
 20
217.2639512813
 30
0.0
 10
295.6482565898
 20
217.2399992583
 30
0.0
 10
295.6386721064
 20
217.2059901385
 30
0.0
 10
295.6283404685
 20
217.1609888379
 30
0.0
 10
295.6187124463
 20
217.1044036781
 30
0.0
 10
295.6118100942
 20
217.0452313376
 30
0.0
 10
295.6077366024
 20
216.9843419632
 30
0.0
 10
295.6065531035
 20
216.9226297902
 30
0.0
 10
295.6082774113
 20
216.8610017887
 30
0.0
 10
295.6128834011
 20
216.8003664318
 30
0.0
 10
295.6179168181
 20
216.7605032171
 30
0.0
 10
295.6209307085
 20
216.7409218057
 30
0.0
  0
SPLINE
  5
C18
100
AcDbEntity
  8
0
100
AcDbSpline
 62
7
  6
CONTINUOUS
 70
0
 71
3
 72
23
 73
19
 74
0
 42
0.0000001
 43
0.0000001
 44
0.0000000001
 40
0.0
 40
0.0
 40
0.0
 40
0.0
 40
0.0560422185
 40
0.1146468057
 40
0.175500905
 40
0.2382641237
 40
0.3025739155
 40
0.3680505093
 40
0.4343015224
 40
0.5009263624
 40
0.5675205196
 40
0.6336798041
 40
0.6990045904
 40
0.7631041176
 40
0.8256009247
 40
0.886135489
 40
0.944371227
 40
1.0
 40
1.0
 40
1.0
 40
1.0
 10
296.9471840069
 20
206.8296683013
 30
0.0
 10
296.9524353437
 20
206.8466616495
 30
0.0
 10
296.9623089861
 20
206.8816984635
 30
0.0
 10
296.9750307404
 20
206.935941284
 30
0.0
 10
296.9859291819
 20
206.992752828
 30
0.0
 10
296.9949254337
 20
207.0517270072
 30
0.0
 10
297.0019548252
 20
207.1124440752
 30
0.0
 10
297.0069666597
 20
207.1744707818
 30
0.0
 10
297.0099248063
 20
207.2373644401
 30
0.0
 10
297.0108079316
 20
207.3006759569
 30
0.0
 10
297.0096096671
 20
207.3639531917
 30
0.0
 10
297.0063386517
 20
207.4267442551
 30
0.0
 10
297.0010184817
 20
207.4886008051
 30
0.0
 10
296.9936874978
 20
207.5490814044
 30
0.0
 10
296.9843985837
 20
207.6077545391
 30
0.0
 10
296.9732184826
 20
207.6642026949
 30
0.0
 10
296.9602281263
 20
207.718022443
 30
0.0
 10
296.9501757587
 20
207.7527503828
 30
0.0
 10
296.9448369908
 20
207.7695788561
 30
0.0
  0
SPLINE
  5
C19
100
AcDbEntity
  8
0
100
AcDbSpline
 62
7
  6
CONTINUOUS
 70
0
 71
3
 72
23
 73
19
 74
0
 42
0.0000001
 43
0.0000001
 44
0.0000000001
 40
0.0
 40
0.0
 40
0.0
 40
0.0
 40
0.0494135249
 40
0.1026266731
 40
0.1593416098
 40
0.2191892969
 40
0.2817439796
 40
0.3465350198
 40
0.4130569987
 40
0.4807787623
 40
0.5491518571
 40
0.6176186075
 40
0.6856200193
 40
0.7526036673
 40
0.8180316921
 40
0.8813890887
 40
0.9421925402
 40
1.0
 40
1.0
 40
1.0
 40
1.0
 10
296.376545113
 20
207.5308737933
 30
0.0
 10
296.3796638795
 20
207.5245184116
 30
0.0
 10
296.3855990596
 20
207.5110490828
 30
0.0
 10
296.3933803379
 20
207.4895730747
 30
0.0
 10
296.4003108735
 20
207.4662445734
 30
0.0
 10
296.4063233611
 20
207.4412863165
 30
0.0
 10
296.4113599984
 20
207.4149351913
 30
0.0
 10
296.415371917
 20
207.3874429703
 30
0.0
 10
296.4183201914
 20
207.3590726839
 30
0.0
 10
296.4201761737
 20
207.3300962001
 30
0.0
 10
296.420921829
 20
207.3007914038
 30
0.0
 10
296.4205499046
 20
207.2714394416
 30
0.0
 10
296.4190640171
 20
207.2423219356
 30
0.0
 10
296.4164786074
 20
207.2137181487
 30
0.0
 10
296.4128188198
 20
207.1859023543
 30
0.0
 10
296.408120105
 20
207.1591405379
 30
0.0
 10
296.4024283188
 20
207.1336896129
 30
0.0
 10
296.397883
 20
207.117305505
 30
0.0
 10
296.3954377753
 20
207.1093927476
 30
0.0
  0
SPLINE
  5
C1A
100
AcDbEntity
  8
0
100
AcDbSpline
 62
7
  6
CONTINUOUS
 70
0
 71
3
 72
15
 73
11
 74
0
 42
0.0000001
 43
0.0000001
 44
0.0000000001
 40
0.0
 40
0.0
 40
0.0
 40
0.0
 40
0.1214542118
 40
0.2458393864
 40
0.3722170437
 40
0.4996218229
 40
0.6270746751
 40
0.7535959151
 40
0.8782182622
 40
1.0
 40
1.0
 40
1.0
 40
1.0
 10
294.2386092624
 20
216.3392619551
 30
0.0
 10
294.2411586307
 20
216.3553836039
 30
0.0
 10
294.245623222
 20
216.3881294484
 30
0.0
 10
294.2504082906
 20
216.4379334214
 30
0.0
 10
294.2533344838
 20
216.4886824974
 30
0.0
 10
294.2543748744
 20
216.5399170364
 30
0.0
 10
294.2535199945
 20
216.5911742928
 30
0.0
 10
294.2507776158
 20
216.641991304
 30
0.0
 10
294.2461729789
 20
216.6919078094
 30
0.0
 10
294.2418287445
 20
216.7247462943
 30
0.0
 10
294.2393390763
 20
216.7409218057
 30
0.0
  0
SPLINE
  5
C1B
100
AcDbEntity
  8
0
100
AcDbSpline
 62
7
  6
CONTINUOUS
 70
0
 71
3
 72
31
 73
27
 74
0
 42
0.0000001
 43
0.0000001
 44
0.0000000001
 40
0.0
 40
0.0
 40
0.0
 40
0.0
 40
0.0156966426
 40
0.0317131833
 40
0.0483458865
 40
0.065851239
 40
0.0844378134
 40
0.1042655672
 40
0.1254497498
 40
0.1480667153
 40
0.172159953
 40
0.1977455136
 40
0.2248165486
 40
0.2533470066
 40
0.2832946167
 40
0.3146032766
 40
0.3472049953
 40
0.381021515
 40
0.4519343207
 40
0.5265669166
 40
0.6040416722
 40
0.6834147427
 40
0.7636999463
 40
0.8438912361
 40
0.9229845927
 40
1.0
 40
1.0
 40
1.0
 40
1.0
 10
294.4240093259
 20
217.4383855884
 30
0.0
 10
294.4199714091
 20
217.4383840522
 30
0.0
 10
294.4117997156
 20
217.4377360326
 30
0.0
 10
294.3996571166
 20
217.4348481112
 30
0.0
 10
294.3876292128
 20
217.430064574
 30
0.0
 10
294.3757663437
 20
217.4234171775
 30
0.0
 10
294.3641071923
 20
217.4149412128
 30
0.0
 10
294.3526887939
 20
217.404674142
 30
0.0
 10
294.3415470263
 20
217.3926563576
 30
0.0
 10
294.3307180773
 20
217.3789324596
 30
0.0
 10
294.3202383223
 20
217.3635522229
 30
0.0
 10
294.3101440369
 20
217.3465711209
 30
0.0
 10
294.3004709388
 20
217.3280505068
 30
0.0
 10
294.2912537989
 20
217.308057561
 30
0.0
 10
294.2825260946
 20
217.2866650819
 30
0.0
 10
294.2743198444
 20
217.2639512813
 30
0.0
 10
294.2666649576
 20
217.2399992583
 30
0.0
 10
294.2570804741
 20
217.2059901385
 30
0.0
 10
294.2467488363
 20
217.1609888379
 30
0.0
 10
294.2371208141
 20
217.1044036781
 30
0.0
 10
294.230218462
 20
217.0452313376
 30
0.0
 10
294.2261449702
 20
216.9843419632
 30
0.0
 10
294.2249614713
 20
216.9226297902
 30
0.0
 10
294.2266857791
 20
216.8610017887
 30
0.0
 10
294.2312917689
 20
216.8003664318
 30
0.0
 10
294.2363251859
 20
216.7605032171
 30
0.0
 10
294.2393390763
 20
216.7409218057
 30
0.0
  0
SPLINE
  5
C1C
100
AcDbEntity
  8
0
100
AcDbSpline
 62
7
  6
CONTINUOUS
 70
0
 71
3
 72
23
 73
19
 74
0
 42
0.0000001
 43
0.0000001
 44
0.0000000001
 40
0.0
 40
0.0
 40
0.0
 40
0.0
 40
0.0560422185
 40
0.1146468057
 40
0.175500905
 40
0.2382641237
 40
0.3025739155
 40
0.3680505093
 40
0.4343015224
 40
0.5009263624
 40
0.5675205196
 40
0.6336798041
 40
0.6990045904
 40
0.7631041176
 40
0.8256009247
 40
0.886135489
 40
0.944371227
 40
1.0
 40
1.0
 40
1.0
 40
1.0
 10
295.5655923746
 20
206.8296683013
 30
0.0
 10
295.5708437115
 20
206.8466616495
 30
0.0
 10
295.5807173539
 20
206.8816984635
 30
0.0
 10
295.5934391082
 20
206.935941284
 30
0.0
 10
295.6043375496
 20
206.992752828
 30
0.0
 10
295.6133338015
 20
207.0517270072
 30
0.0
 10
295.620363193
 20
207.1124440752
 30
0.0
 10
295.6253750275
 20
207.1744707818
 30
0.0
 10
295.6283331741
 20
207.2373644401
 30
0.0
 10
295.6292162994
 20
207.3006759569
 30
0.0
 10
295.6280180349
 20
207.3639531917
 30
0.0
 10
295.6247470195
 20
207.4267442551
 30
0.0
 10
295.6194268495
 20
207.4886008051
 30
0.0
 10
295.6120958656
 20
207.5490814044
 30
0.0
 10
295.6028069515
 20
207.6077545391
 30
0.0
 10
295.5916268503
 20
207.6642026949
 30
0.0
 10
295.5786364941
 20
207.718022443
 30
0.0
 10
295.5685841265
 20
207.7527503828
 30
0.0
 10
295.5632453586
 20
207.7695788561
 30
0.0
  0
SPLINE
  5
C1D
100
AcDbEntity
  8
0
100
AcDbSpline
 62
7
  6
CONTINUOUS
 70
0
 71
3
 72
23
 73
19
 74
0
 42
0.0000001
 43
0.0000001
 44
0.0000000001
 40
0.0
 40
0.0
 40
0.0
 40
0.0
 40
0.0494135249
 40
0.1026266731
 40
0.1593416098
 40
0.2191892969
 40
0.2817439796
 40
0.3465350198
 40
0.4130569987
 40
0.4807787623
 40
0.5491518571
 40
0.6176186075
 40
0.6856200193
 40
0.7526036673
 40
0.8180316921
 40
0.8813890887
 40
0.9421925402
 40
1.0
 40
1.0
 40
1.0
 40
1.0
 10
294.9949534807
 20
207.5308737933
 30
0.0
 10
294.9980722473
 20
207.5245184116
 30
0.0
 10
295.0040074273
 20
207.5110490828
 30
0.0
 10
295.0117887057
 20
207.4895730747
 30
0.0
 10
295.0187192413
 20
207.4662445734
 30
0.0
 10
295.0247317289
 20
207.4412863165
 30
0.0
 10
295.0297683662
 20
207.4149351913
 30
0.0
 10
295.0337802848
 20
207.3874429703
 30
0.0
 10
295.0367285592
 20
207.3590726839
 30
0.0
 10
295.0385845415
 20
207.3300962001
 30
0.0
 10
295.0393301968
 20
207.3007914038
 30
0.0
 10
295.0389582724
 20
207.2714394416
 30
0.0
 10
295.0374723849
 20
207.2423219356
 30
0.0
 10
295.0348869752
 20
207.2137181487
 30
0.0
 10
295.0312271876
 20
207.1859023543
 30
0.0
 10
295.0265284728
 20
207.1591405379
 30
0.0
 10
295.0208366865
 20
207.1336896129
 30
0.0
 10
295.0162913678
 20
207.117305505
 30
0.0
 10
295.0138461431
 20
207.1093927476
 30
0.0
  0
SPLINE
  5
C1E
100
AcDbEntity
  8
0
100
AcDbSpline
 62
7
  6
CONTINUOUS
 70
0
 71
3
 72
15
 73
11
 74
0
 42
0.0000001
 43
0.0000001
 44
0.0000000001
 40
0.0
 40
0.0
 40
0.0
 40
0.0
 40
0.1214542118
 40
0.2458393864
 40
0.3722170437
 40
0.4996218229
 40
0.6270746751
 40
0.7535959151
 40
0.8782182622
 40
1.0
 40
1.0
 40
1.0
 40
1.0
 10
292.8570176302
 20
216.3392619551
 30
0.0
 10
292.8595669985
 20
216.3553836039
 30
0.0
 10
292.8640315898
 20
216.3881294484
 30
0.0
 10
292.8688166584
 20
216.4379334214
 30
0.0
 10
292.8717428516
 20
216.4886824974
 30
0.0
 10
292.8727832422
 20
216.5399170364
 30
0.0
 10
292.8719283623
 20
216.5911742928
 30
0.0
 10
292.8691859836
 20
216.641991304
 30
0.0
 10
292.8645813467
 20
216.6919078094
 30
0.0
 10
292.8602371123
 20
216.7247462943
 30
0.0
 10
292.8577474441
 20
216.7409218057
 30
0.0
  0
SPLINE
  5
C1F
100
AcDbEntity
  8
0
100
AcDbSpline
 62
7
  6
CONTINUOUS
 70
0
 71
3
 72
31
 73
27
 74
0
 42
0.0000001
 43
0.0000001
 44
0.0000000001
 40
0.0
 40
0.0
 40
0.0
 40
0.0
 40
0.0156966426
 40
0.0317131833
 40
0.0483458865
 40
0.065851239
 40
0.0844378134
 40
0.1042655672
 40
0.1254497498
 40
0.1480667153
 40
0.172159953
 40
0.1977455136
 40
0.2248165486
 40
0.2533470066
 40
0.2832946167
 40
0.3146032766
 40
0.3472049953
 40
0.381021515
 40
0.4519343207
 40
0.5265669166
 40
0.6040416722
 40
0.6834147427
 40
0.7636999463
 40
0.8438912361
 40
0.9229845927
 40
1.0
 40
1.0
 40
1.0
 40
1.0
 10
293.0424176937
 20
217.4383855884
 30
0.0
 10
293.0383797769
 20
217.4383840522
 30
0.0
 10
293.0302080834
 20
217.4377360326
 30
0.0
 10
293.0180654844
 20
217.4348481112
 30
0.0
 10
293.0060375806
 20
217.430064574
 30
0.0
 10
292.9941747115
 20
217.4234171775
 30
0.0
 10
292.9825155601
 20
217.4149412128
 30
0.0
 10
292.9710971617
 20
217.404674142
 30
0.0
 10
292.9599553941
 20
217.3926563576
 30
0.0
 10
292.9491264451
 20
217.3789324596
 30
0.0
 10
292.9386466901
 20
217.3635522229
 30
0.0
 10
292.9285524047
 20
217.3465711209
 30
0.0
 10
292.9188793066
 20
217.3280505068
 30
0.0
 10
292.9096621667
 20
217.308057561
 30
0.0
 10
292.9009344624
 20
217.2866650819
 30
0.0
 10
292.8927282122
 20
217.2639512813
 30
0.0
 10
292.8850733254
 20
217.2399992583
 30
0.0
 10
292.8754888419
 20
217.2059901385
 30
0.0
 10
292.8651572041
 20
217.1609888379
 30
0.0
 10
292.8555291819
 20
217.1044036781
 30
0.0
 10
292.8486268298
 20
217.0452313376
 30
0.0
 10
292.844553338
 20
216.9843419632
 30
0.0
 10
292.843369839
 20
216.9226297902
 30
0.0
 10
292.8450941469
 20
216.8610017887
 30
0.0
 10
292.8497001367
 20
216.8003664318
 30
0.0
 10
292.8547335537
 20
216.7605032171
 30
0.0
 10
292.8577474441
 20
216.7409218057
 30
0.0
  0
SPLINE
  5
C20
100
AcDbEntity
  8
0
100
AcDbSpline
 62
7
  6
CONTINUOUS
 70
0
 71
3
 72
23
 73
19
 74
0
 42
0.0000001
 43
0.0000001
 44
0.0000000001
 40
0.0
 40
0.0
 40
0.0
 40
0.0
 40
0.0560422185
 40
0.1146468057
 40
0.175500905
 40
0.2382641237
 40
0.3025739155
 40
0.3680505093
 40
0.4343015224
 40
0.5009263624
 40
0.5675205196
 40
0.6336798041
 40
0.6990045904
 40
0.7631041176
 40
0.8256009247
 40
0.886135489
 40
0.944371227
 40
1.0
 40
1.0
 40
1.0
 40
1.0
 10
294.1840007424
 20
206.8296683013
 30
0.0
 10
294.1892520793
 20
206.8466616495
 30
0.0
 10
294.1991257216
 20
206.8816984635
 30
0.0
 10
294.211847476
 20
206.935941284
 30
0.0
 10
294.2227459174
 20
206.992752828
 30
0.0
 10
294.2317421693
 20
207.0517270072
 30
0.0
 10
294.2387715608
 20
207.1124440752
 30
0.0
 10
294.2437833953
 20
207.1744707818
 30
0.0
 10
294.2467415419
 20
207.2373644401
 30
0.0
 10
294.2476246672
 20
207.3006759569
 30
0.0
 10
294.2464264026
 20
207.3639531917
 30
0.0
 10
294.2431553873
 20
207.4267442551
 30
0.0
 10
294.2378352173
 20
207.4886008051
 30
0.0
 10
294.2305042333
 20
207.5490814044
 30
0.0
 10
294.2212153193
 20
207.6077545391
 30
0.0
 10
294.2100352181
 20
207.6642026949
 30
0.0
 10
294.1970448619
 20
207.718022443
 30
0.0
 10
294.1869924943
 20
207.7527503828
 30
0.0
 10
294.1816537264
 20
207.7695788561
 30
0.0
  0
SPLINE
  5
C21
100
AcDbEntity
  8
0
100
AcDbSpline
 62
7
  6
CONTINUOUS
 70
0
 71
3
 72
23
 73
19
 74
0
 42
0.0000001
 43
0.0000001
 44
0.0000000001
 40
0.0
 40
0.0
 40
0.0
 40
0.0
 40
0.0494135249
 40
0.1026266731
 40
0.1593416098
 40
0.2191892969
 40
0.2817439796
 40
0.3465350198
 40
0.4130569987
 40
0.4807787623
 40
0.5491518571
 40
0.6176186075
 40
0.6856200193
 40
0.7526036673
 40
0.8180316921
 40
0.8813890887
 40
0.9421925402
 40
1.0
 40
1.0
 40
1.0
 40
1.0
 10
293.6133618485
 20
207.5308737933
 30
0.0
 10
293.6164806151
 20
207.5245184116
 30
0.0
 10
293.6224157951
 20
207.5110490828
 30
0.0
 10
293.6301970735
 20
207.4895730747
 30
0.0
 10
293.6371276091
 20
207.4662445734
 30
0.0
 10
293.6431400967
 20
207.4412863165
 30
0.0
 10
293.648176734
 20
207.4149351913
 30
0.0
 10
293.6521886525
 20
207.3874429703
 30
0.0
 10
293.655136927
 20
207.3590726839
 30
0.0
 10
293.6569929092
 20
207.3300962001
 30
0.0
 10
293.6577385646
 20
207.3007914038
 30
0.0
 10
293.6573666402
 20
207.2714394416
 30
0.0
 10
293.6558807527
 20
207.2423219356
 30
0.0
 10
293.653295343
 20
207.2137181487
 30
0.0
 10
293.6496355553
 20
207.1859023543
 30
0.0
 10
293.6449368406
 20
207.1591405379
 30
0.0
 10
293.6392450543
 20
207.1336896129
 30
0.0
 10
293.6346997356
 20
207.117305505
 30
0.0
 10
293.6322545109
 20
207.1093927476
 30
0.0
  0
SPLINE
  5
C22
100
AcDbEntity
  8
0
100
AcDbSpline
 62
7
  6
CONTINUOUS
 70
0
 71
3
 72
15
 73
11
 74
0
 42
0.0000001
 43
0.0000001
 44
0.0000000001
 40
0.0
 40
0.0
 40
0.0
 40
0.0
 40
0.1214542118
 40
0.2458393864
 40
0.3722170437
 40
0.4996218229
 40
0.6270746751
 40
0.7535959151
 40
0.8782182622
 40
1.0
 40
1.0
 40
1.0
 40
1.0
 10
291.475425998
 20
216.3392619551
 30
0.0
 10
291.4779753663
 20
216.3553836039
 30
0.0
 10
291.4824399576
 20
216.3881294484
 30
0.0
 10
291.4872250262
 20
216.4379334214
 30
0.0
 10
291.4901512194
 20
216.4886824974
 30
0.0
 10
291.49119161
 20
216.5399170364
 30
0.0
 10
291.49033673
 20
216.5911742928
 30
0.0
 10
291.4875943514
 20
216.641991304
 30
0.0
 10
291.4829897145
 20
216.6919078094
 30
0.0
 10
291.47864548
 20
216.7247462943
 30
0.0
 10
291.4761558118
 20
216.7409218057
 30
0.0
  0
SPLINE
  5
C23
100
AcDbEntity
  8
0
100
AcDbSpline
 62
7
  6
CONTINUOUS
 70
0
 71
3
 72
31
 73
27
 74
0
 42
0.0000001
 43
0.0000001
 44
0.0000000001
 40
0.0
 40
0.0
 40
0.0
 40
0.0
 40
0.0156966426
 40
0.0317131833
 40
0.0483458865
 40
0.065851239
 40
0.0844378134
 40
0.1042655672
 40
0.1254497498
 40
0.1480667153
 40
0.172159953
 40
0.1977455136
 40
0.2248165486
 40
0.2533470066
 40
0.2832946167
 40
0.3146032766
 40
0.3472049953
 40
0.381021515
 40
0.4519343207
 40
0.5265669166
 40
0.6040416722
 40
0.6834147427
 40
0.7636999463
 40
0.8438912361
 40
0.9229845927
 40
1.0
 40
1.0
 40
1.0
 40
1.0
 10
291.6608260615
 20
217.4383855884
 30
0.0
 10
291.6567881447
 20
217.4383840522
 30
0.0
 10
291.6486164512
 20
217.4377360326
 30
0.0
 10
291.6364738522
 20
217.4348481112
 30
0.0
 10
291.6244459484
 20
217.430064574
 30
0.0
 10
291.6125830793
 20
217.4234171775
 30
0.0
 10
291.6009239279
 20
217.4149412128
 30
0.0
 10
291.5895055295
 20
217.404674142
 30
0.0
 10
291.5783637619
 20
217.3926563576
 30
0.0
 10
291.5675348129
 20
217.3789324596
 30
0.0
 10
291.5570550579
 20
217.3635522229
 30
0.0
 10
291.5469607725
 20
217.3465711209
 30
0.0
 10
291.5372876744
 20
217.3280505068
 30
0.0
 10
291.5280705344
 20
217.308057561
 30
0.0
 10
291.5193428302
 20
217.2866650819
 30
0.0
 10
291.51113658
 20
217.2639512813
 30
0.0
 10
291.5034816932
 20
217.2399992583
 30
0.0
 10
291.4938972097
 20
217.2059901385
 30
0.0
 10
291.4835655719
 20
217.1609888379
 30
0.0
 10
291.4739375497
 20
217.1044036781
 30
0.0
 10
291.4670351975
 20
217.0452313376
 30
0.0
 10
291.4629617058
 20
216.9843419632
 30
0.0
 10
291.4617782068
 20
216.9226297902
 30
0.0
 10
291.4635025147
 20
216.8610017887
 30
0.0
 10
291.4681085045
 20
216.8003664318
 30
0.0
 10
291.4731419215
 20
216.7605032171
 30
0.0
 10
291.4761558118
 20
216.7409218057
 30
0.0
  0
SPLINE
  5
C24
100
AcDbEntity
  8
0
100
AcDbSpline
 62
7
  6
CONTINUOUS
 70
0
 71
3
 72
23
 73
19
 74
0
 42
0.0000001
 43
0.0000001
 44
0.0000000001
 40
0.0
 40
0.0
 40
0.0
 40
0.0
 40
0.0560422185
 40
0.1146468057
 40
0.175500905
 40
0.2382641237
 40
0.3025739155
 40
0.3680505093
 40
0.4343015224
 40
0.5009263624
 40
0.5675205196
 40
0.6336798041
 40
0.6990045904
 40
0.7631041176
 40
0.8256009247
 40
0.886135489
 40
0.944371227
 40
1.0
 40
1.0
 40
1.0
 40
1.0
 10
292.8024091102
 20
206.8296683013
 30
0.0
 10
292.8076604471
 20
206.8466616495
 30
0.0
 10
292.8175340894
 20
206.8816984635
 30
0.0
 10
292.8302558438
 20
206.935941284
 30
0.0
 10
292.8411542852
 20
206.992752828
 30
0.0
 10
292.8501505371
 20
207.0517270072
 30
0.0
 10
292.8571799286
 20
207.1124440752
 30
0.0
 10
292.8621917631
 20
207.1744707818
 30
0.0
 10
292.8651499097
 20
207.2373644401
 30
0.0
 10
292.8660330349
 20
207.3006759569
 30
0.0
 10
292.8648347704
 20
207.3639531917
 30
0.0
 10
292.8615637551
 20
207.4267442551
 30
0.0
 10
292.856243585
 20
207.4886008051
 30
0.0
 10
292.8489126011
 20
207.5490814044
 30
0.0
 10
292.8396236871
 20
207.6077545391
 30
0.0
 10
292.8284435859
 20
207.6642026949
 30
0.0
 10
292.8154532297
 20
207.718022443
 30
0.0
 10
292.8054008621
 20
207.7527503828
 30
0.0
 10
292.8000620941
 20
207.7695788561
 30
0.0
  0
SPLINE
  5
C25
100
AcDbEntity
  8
0
100
AcDbSpline
 62
7
  6
CONTINUOUS
 70
0
 71
3
 72
23
 73
19
 74
0
 42
0.0000001
 43
0.0000001
 44
0.0000000001
 40
0.0
 40
0.0
 40
0.0
 40
0.0
 40
0.0494135249
 40
0.1026266731
 40
0.1593416098
 40
0.2191892969
 40
0.2817439796
 40
0.3465350198
 40
0.4130569987
 40
0.4807787623
 40
0.5491518571
 40
0.6176186075
 40
0.6856200193
 40
0.7526036673
 40
0.8180316921
 40
0.8813890887
 40
0.9421925402
 40
1.0
 40
1.0
 40
1.0
 40
1.0
 10
292.2317702163
 20
207.5308737933
 30
0.0
 10
292.2348889829
 20
207.5245184116
 30
0.0
 10
292.2408241629
 20
207.5110490828
 30
0.0
 10
292.2486054413
 20
207.4895730747
 30
0.0
 10
292.2555359769
 20
207.4662445734
 30
0.0
 10
292.2615484645
 20
207.4412863165
 30
0.0
 10
292.2665851018
 20
207.4149351913
 30
0.0
 10
292.2705970203
 20
207.3874429703
 30
0.0
 10
292.2735452947
 20
207.3590726839
 30
0.0
 10
292.275401277
 20
207.3300962001
 30
0.0
 10
292.2761469323
 20
207.3007914038
 30
0.0
 10
292.275775008
 20
207.2714394416
 30
0.0
 10
292.2742891205
 20
207.2423219356
 30
0.0
 10
292.2717037108
 20
207.2137181487
 30
0.0
 10
292.2680439231
 20
207.1859023543
 30
0.0
 10
292.2633452084
 20
207.1591405379
 30
0.0
 10
292.2576534221
 20
207.1336896129
 30
0.0
 10
292.2531081034
 20
207.117305505
 30
0.0
 10
292.2506628787
 20
207.1093927476
 30
0.0
  0
SPLINE
  5
C26
100
AcDbEntity
  8
0
100
AcDbSpline
 62
7
  6
CONTINUOUS
 70
0
 71
3
 72
15
 73
11
 74
0
 42
0.0000001
 43
0.0000001
 44
0.0000000001
 40
0.0
 40
0.0
 40
0.0
 40
0.0
 40
0.1214542118
 40
0.2458393864
 40
0.3722170437
 40
0.4996218229
 40
0.6270746751
 40
0.7535959151
 40
0.8782182622
 40
1.0
 40
1.0
 40
1.0
 40
1.0
 10
290.0938343658
 20
216.3392619551
 30
0.0
 10
290.0963837341
 20
216.3553836039
 30
0.0
 10
290.1008483254
 20
216.3881294484
 30
0.0
 10
290.1056333939
 20
216.4379334214
 30
0.0
 10
290.1085595872
 20
216.4886824974
 30
0.0
 10
290.1095999778
 20
216.5399170364
 30
0.0
 10
290.1087450978
 20
216.5911742928
 30
0.0
 10
290.1060027192
 20
216.641991304
 30
0.0
 10
290.1013980823
 20
216.6919078094
 30
0.0
 10
290.0970538478
 20
216.7247462943
 30
0.0
 10
290.0945641796
 20
216.7409218057
 30
0.0
  0
SPLINE
  5
C27
100
AcDbEntity
  8
0
100
AcDbSpline
 62
7
  6
CONTINUOUS
 70
0
 71
3
 72
31
 73
27
 74
0
 42
0.0000001
 43
0.0000001
 44
0.0000000001
 40
0.0
 40
0.0
 40
0.0
 40
0.0
 40
0.0156966426
 40
0.0317131833
 40
0.0483458865
 40
0.065851239
 40
0.0844378134
 40
0.1042655672
 40
0.1254497498
 40
0.1480667153
 40
0.172159953
 40
0.1977455136
 40
0.2248165486
 40
0.2533470066
 40
0.2832946167
 40
0.3146032766
 40
0.3472049953
 40
0.381021515
 40
0.4519343207
 40
0.5265669166
 40
0.6040416722
 40
0.6834147427
 40
0.7636999463
 40
0.8438912361
 40
0.9229845927
 40
1.0
 40
1.0
 40
1.0
 40
1.0
 10
290.2792344293
 20
217.4383855884
 30
0.0
 10
290.2751965125
 20
217.4383840522
 30
0.0
 10
290.267024819
 20
217.4377360326
 30
0.0
 10
290.25488222
 20
217.4348481112
 30
0.0
 10
290.2428543162
 20
217.430064574
 30
0.0
 10
290.2309914471
 20
217.4234171775
 30
0.0
 10
290.2193322957
 20
217.4149412128
 30
0.0
 10
290.2079138972
 20
217.404674142
 30
0.0
 10
290.1967721297
 20
217.3926563576
 30
0.0
 10
290.1859431806
 20
217.3789324596
 30
0.0
 10
290.1754634257
 20
217.3635522229
 30
0.0
 10
290.1653691403
 20
217.3465711209
 30
0.0
 10
290.1556960421
 20
217.3280505068
 30
0.0
 10
290.1464789022
 20
217.308057561
 30
0.0
 10
290.137751198
 20
217.2866650819
 30
0.0
 10
290.1295449478
 20
217.2639512813
 30
0.0
 10
290.121890061
 20
217.2399992583
 30
0.0
 10
290.1123055775
 20
217.2059901385
 30
0.0
 10
290.1019739397
 20
217.1609888379
 30
0.0
 10
290.0923459174
 20
217.1044036781
 30
0.0
 10
290.0854435653
 20
217.0452313376
 30
0.0
 10
290.0813700735
 20
216.9843419632
 30
0.0
 10
290.0801865746
 20
216.9226297902
 30
0.0
 10
290.0819108825
 20
216.8610017887
 30
0.0
 10
290.0865168723
 20
216.8003664318
 30
0.0
 10
290.0915502893
 20
216.7605032171
 30
0.0
 10
290.0945641796
 20
216.7409218057
 30
0.0
  0
SPLINE
  5
C28
100
AcDbEntity
  8
0
100
AcDbSpline
 62
7
  6
CONTINUOUS
 70
0
 71
3
 72
23
 73
19
 74
0
 42
0.0000001
 43
0.0000001
 44
0.0000000001
 40
0.0
 40
0.0
 40
0.0
 40
0.0
 40
0.0560422185
 40
0.1146468057
 40
0.175500905
 40
0.2382641237
 40
0.3025739155
 40
0.3680505093
 40
0.4343015224
 40
0.5009263624
 40
0.5675205196
 40
0.6336798041
 40
0.6990045904
 40
0.7631041176
 40
0.8256009247
 40
0.886135489
 40
0.944371227
 40
1.0
 40
1.0
 40
1.0
 40
1.0
 10
291.420817478
 20
206.8296683013
 30
0.0
 10
291.4260688149
 20
206.8466616495
 30
0.0
 10
291.4359424572
 20
206.8816984635
 30
0.0
 10
291.4486642116
 20
206.935941284
 30
0.0
 10
291.459562653
 20
206.992752828
 30
0.0
 10
291.4685589049
 20
207.0517270072
 30
0.0
 10
291.4755882964
 20
207.1124440752
 30
0.0
 10
291.4806001309
 20
207.1744707818
 30
0.0
 10
291.4835582775
 20
207.2373644401
 30
0.0
 10
291.4844414027
 20
207.3006759569
 30
0.0
 10
291.4832431382
 20
207.3639531917
 30
0.0
 10
291.4799721229
 20
207.4267442551
 30
0.0
 10
291.4746519528
 20
207.4886008051
 30
0.0
 10
291.4673209689
 20
207.5490814044
 30
0.0
 10
291.4580320548
 20
207.6077545391
 30
0.0
 10
291.4468519537
 20
207.6642026949
 30
0.0
 10
291.4338615975
 20
207.718022443
 30
0.0
 10
291.4238092299
 20
207.7527503828
 30
0.0
 10
291.4184704619
 20
207.7695788561
 30
0.0
  0
SPLINE
  5
C29
100
AcDbEntity
  8
0
100
AcDbSpline
 62
7
  6
CONTINUOUS
 70
0
 71
3
 72
23
 73
19
 74
0
 42
0.0000001
 43
0.0000001
 44
0.0000000001
 40
0.0
 40
0.0
 40
0.0
 40
0.0
 40
0.0494135249
 40
0.1026266731
 40
0.1593416098
 40
0.2191892969
 40
0.2817439796
 40
0.3465350198
 40
0.4130569987
 40
0.4807787623
 40
0.5491518571
 40
0.6176186075
 40
0.6856200193
 40
0.7526036673
 40
0.8180316921
 40
0.8813890887
 40
0.9421925402
 40
1.0
 40
1.0
 40
1.0
 40
1.0
 10
290.8501785841
 20
207.5308737933
 30
0.0
 10
290.8532973507
 20
207.5245184116
 30
0.0
 10
290.8592325307
 20
207.5110490828
 30
0.0
 10
290.8670138091
 20
207.4895730747
 30
0.0
 10
290.8739443447
 20
207.4662445734
 30
0.0
 10
290.8799568322
 20
207.4412863165
 30
0.0
 10
290.8849934696
 20
207.4149351913
 30
0.0
 10
290.8890053881
 20
207.3874429703
 30
0.0
 10
290.8919536625
 20
207.3590726839
 30
0.0
 10
290.8938096448
 20
207.3300962001
 30
0.0
 10
290.8945553001
 20
207.3007914038
 30
0.0
 10
290.8941833757
 20
207.2714394416
 30
0.0
 10
290.8926974883
 20
207.2423219356
 30
0.0
 10
290.8901120786
 20
207.2137181487
 30
0.0
 10
290.8864522909
 20
207.1859023543
 30
0.0
 10
290.8817535762
 20
207.1591405379
 30
0.0
 10
290.8760617899
 20
207.1336896129
 30
0.0
 10
290.8715164711
 20
207.117305505
 30
0.0
 10
290.8690712465
 20
207.1093927476
 30
0.0
  0
SPLINE
  5
C2A
100
AcDbEntity
  8
0
100
AcDbSpline
 62
7
  6
CONTINUOUS
 70
0
 71
3
 72
15
 73
11
 74
0
 42
0.0000001
 43
0.0000001
 44
0.0000000001
 40
0.0
 40
0.0
 40
0.0
 40
0.0
 40
0.1214542118
 40
0.2458393864
 40
0.3722170437
 40
0.4996218229
 40
0.6270746751
 40
0.7535959151
 40
0.8782182622
 40
1.0
 40
1.0
 40
1.0
 40
1.0
 10
288.7122427335
 20
216.3392619551
 30
0.0
 10
288.7147921018
 20
216.3553836039
 30
0.0
 10
288.7192566932
 20
216.3881294484
 30
0.0
 10
288.7240417617
 20
216.4379334214
 30
0.0
 10
288.7269679549
 20
216.4886824974
 30
0.0
 10
288.7280083456
 20
216.5399170364
 30
0.0
 10
288.7271534656
 20
216.5911742928
 30
0.0
 10
288.724411087
 20
216.641991304
 30
0.0
 10
288.7198064501
 20
216.6919078094
 30
0.0
 10
288.7154622156
 20
216.7247462943
 30
0.0
 10
288.7129725474
 20
216.7409218057
 30
0.0
  0
SPLINE
  5
C2B
100
AcDbEntity
  8
0
100
AcDbSpline
 62
7
  6
CONTINUOUS
 70
0
 71
3
 72
31
 73
27
 74
0
 42
0.0000001
 43
0.0000001
 44
0.0000000001
 40
0.0
 40
0.0
 40
0.0
 40
0.0
 40
0.0156966426
 40
0.0317131833
 40
0.0483458865
 40
0.065851239
 40
0.0844378134
 40
0.1042655672
 40
0.1254497498
 40
0.1480667153
 40
0.172159953
 40
0.1977455136
 40
0.2248165486
 40
0.2533470066
 40
0.2832946167
 40
0.3146032766
 40
0.3472049953
 40
0.381021515
 40
0.4519343207
 40
0.5265669166
 40
0.6040416722
 40
0.6834147427
 40
0.7636999463
 40
0.8438912361
 40
0.9229845927
 40
1.0
 40
1.0
 40
1.0
 40
1.0
 10
288.8976427971
 20
217.4383855884
 30
0.0
 10
288.8936048803
 20
217.4383840522
 30
0.0
 10
288.8854331867
 20
217.4377360326
 30
0.0
 10
288.8732905878
 20
217.4348481112
 30
0.0
 10
288.8612626839
 20
217.430064574
 30
0.0
 10
288.8493998149
 20
217.4234171775
 30
0.0
 10
288.8377406635
 20
217.4149412128
 30
0.0
 10
288.826322265
 20
217.404674142
 30
0.0
 10
288.8151804975
 20
217.3926563576
 30
0.0
 10
288.8043515484
 20
217.3789324596
 30
0.0
 10
288.7938717934
 20
217.3635522229
 30
0.0
 10
288.7837775081
 20
217.3465711209
 30
0.0
 10
288.7741044099
 20
217.3280505068
 30
0.0
 10
288.76488727
 20
217.308057561
 30
0.0
 10
288.7561595657
 20
217.2866650819
 30
0.0
 10
288.7479533156
 20
217.2639512813
 30
0.0
 10
288.7402984288
 20
217.2399992583
 30
0.0
 10
288.7307139453
 20
217.2059901385
 30
0.0
 10
288.7203823075
 20
217.1609888379
 30
0.0
 10
288.7107542852
 20
217.1044036781
 30
0.0
 10
288.7038519331
 20
217.0452313376
 30
0.0
 10
288.6997784413
 20
216.9843419632
 30
0.0
 10
288.6985949424
 20
216.9226297902
 30
0.0
 10
288.7003192503
 20
216.8610017887
 30
0.0
 10
288.7049252401
 20
216.8003664318
 30
0.0
 10
288.7099586571
 20
216.7605032171
 30
0.0
 10
288.7129725474
 20
216.7409218057
 30
0.0
  0
SPLINE
  5
C2C
100
AcDbEntity
  8
0
100
AcDbSpline
 62
7
  6
CONTINUOUS
 70
0
 71
3
 72
23
 73
19
 74
0
 42
0.0000001
 43
0.0000001
 44
0.0000000001
 40
0.0
 40
0.0
 40
0.0
 40
0.0
 40
0.0560422185
 40
0.1146468057
 40
0.175500905
 40
0.2382641237
 40
0.3025739155
 40
0.3680505093
 40
0.4343015224
 40
0.5009263624
 40
0.5675205196
 40
0.6336798041
 40
0.6990045904
 40
0.7631041176
 40
0.8256009247
 40
0.886135489
 40
0.944371227
 40
1.0
 40
1.0
 40
1.0
 40
1.0
 10
290.0392258458
 20
206.8296683013
 30
0.0
 10
290.0444771827
 20
206.8466616495
 30
0.0
 10
290.054350825
 20
206.8816984635
 30
0.0
 10
290.0670725794
 20
206.935941284
 30
0.0
 10
290.0779710208
 20
206.992752828
 30
0.0
 10
290.0869672726
 20
207.0517270072
 30
0.0
 10
290.0939966642
 20
207.1124440752
 30
0.0
 10
290.0990084986
 20
207.1744707818
 30
0.0
 10
290.1019666452
 20
207.2373644401
 30
0.0
 10
290.1028497705
 20
207.3006759569
 30
0.0
 10
290.101651506
 20
207.3639531917
 30
0.0
 10
290.0983804907
 20
207.4267442551
 30
0.0
 10
290.0930603206
 20
207.4886008051
 30
0.0
 10
290.0857293367
 20
207.5490814044
 30
0.0
 10
290.0764404226
 20
207.6077545391
 30
0.0
 10
290.0652603215
 20
207.6642026949
 30
0.0
 10
290.0522699653
 20
207.718022443
 30
0.0
 10
290.0422175977
 20
207.7527503828
 30
0.0
 10
290.0368788297
 20
207.7695788561
 30
0.0
  0
SPLINE
  5
C2D
100
AcDbEntity
  8
0
100
AcDbSpline
 62
7
  6
CONTINUOUS
 70
0
 71
3
 72
23
 73
19
 74
0
 42
0.0000001
 43
0.0000001
 44
0.0000000001
 40
0.0
 40
0.0
 40
0.0
 40
0.0
 40
0.0494135249
 40
0.1026266731
 40
0.1593416098
 40
0.2191892969
 40
0.2817439796
 40
0.3465350198
 40
0.4130569987
 40
0.4807787623
 40
0.5491518571
 40
0.6176186075
 40
0.6856200193
 40
0.7526036673
 40
0.8180316921
 40
0.8813890887
 40
0.9421925402
 40
1.0
 40
1.0
 40
1.0
 40
1.0
 10
289.4685869519
 20
207.5308737933
 30
0.0
 10
289.4717057184
 20
207.5245184116
 30
0.0
 10
289.4776408985
 20
207.5110490828
 30
0.0
 10
289.4854221769
 20
207.4895730747
 30
0.0
 10
289.4923527125
 20
207.4662445734
 30
0.0
 10
289.4983652
 20
207.4412863165
 30
0.0
 10
289.5034018374
 20
207.4149351913
 30
0.0
 10
289.5074137559
 20
207.3874429703
 30
0.0
 10
289.5103620303
 20
207.3590726839
 30
0.0
 10
289.5122180126
 20
207.3300962001
 30
0.0
 10
289.5129636679
 20
207.3007914038
 30
0.0
 10
289.5125917435
 20
207.2714394416
 30
0.0
 10
289.511105856
 20
207.2423219356
 30
0.0
 10
289.5085204464
 20
207.2137181487
 30
0.0
 10
289.5048606587
 20
207.1859023543
 30
0.0
 10
289.5001619439
 20
207.1591405379
 30
0.0
 10
289.4944701577
 20
207.1336896129
 30
0.0
 10
289.4899248389
 20
207.117305505
 30
0.0
 10
289.4874796142
 20
207.1093927476
 30
0.0
  0
SPLINE
  5
C2E
100
AcDbEntity
  8
0
100
AcDbSpline
 62
7
  6
CONTINUOUS
 70
0
 71
3
 72
15
 73
11
 74
0
 42
0.0000001
 43
0.0000001
 44
0.0000000001
 40
0.0
 40
0.0
 40
0.0
 40
0.0
 40
0.1214542118
 40
0.2458393864
 40
0.3722170437
 40
0.4996218229
 40
0.6270746751
 40
0.7535959151
 40
0.8782182622
 40
1.0
 40
1.0
 40
1.0
 40
1.0
 10
287.3306511013
 20
216.3392619551
 30
0.0
 10
287.3332004696
 20
216.3553836039
 30
0.0
 10
287.337665061
 20
216.3881294484
 30
0.0
 10
287.3424501295
 20
216.4379334214
 30
0.0
 10
287.3453763227
 20
216.4886824974
 30
0.0
 10
287.3464167133
 20
216.5399170364
 30
0.0
 10
287.3455618334
 20
216.5911742928
 30
0.0
 10
287.3428194547
 20
216.641991304
 30
0.0
 10
287.3382148179
 20
216.6919078094
 30
0.0
 10
287.3338705834
 20
216.7247462943
 30
0.0
 10
287.3313809152
 20
216.7409218057
 30
0.0
  0
SPLINE
  5
C2F
100
AcDbEntity
  8
0
100
AcDbSpline
 62
7
  6
CONTINUOUS
 70
0
 71
3
 72
31
 73
27
 74
0
 42
0.0000001
 43
0.0000001
 44
0.0000000001
 40
0.0
 40
0.0
 40
0.0
 40
0.0
 40
0.0156966426
 40
0.0317131833
 40
0.0483458865
 40
0.065851239
 40
0.0844378134
 40
0.1042655672
 40
0.1254497498
 40
0.1480667153
 40
0.172159953
 40
0.1977455136
 40
0.2248165486
 40
0.2533470066
 40
0.2832946167
 40
0.3146032766
 40
0.3472049953
 40
0.381021515
 40
0.4519343207
 40
0.5265669166
 40
0.6040416722
 40
0.6834147427
 40
0.7636999463
 40
0.8438912361
 40
0.9229845927
 40
1.0
 40
1.0
 40
1.0
 40
1.0
 10
287.5160511649
 20
217.4383855884
 30
0.0
 10
287.5120132481
 20
217.4383840522
 30
0.0
 10
287.5038415545
 20
217.4377360326
 30
0.0
 10
287.4916989555
 20
217.4348481112
 30
0.0
 10
287.4796710517
 20
217.430064574
 30
0.0
 10
287.4678081827
 20
217.4234171775
 30
0.0
 10
287.4561490313
 20
217.4149412128
 30
0.0
 10
287.4447306328
 20
217.404674142
 30
0.0
 10
287.4335888652
 20
217.3926563576
 30
0.0
 10
287.4227599162
 20
217.3789324596
 30
0.0
 10
287.4122801612
 20
217.3635522229
 30
0.0
 10
287.4021858758
 20
217.3465711209
 30
0.0
 10
287.3925127777
 20
217.3280505068
 30
0.0
 10
287.3832956378
 20
217.308057561
 30
0.0
 10
287.3745679335
 20
217.2866650819
 30
0.0
 10
287.3663616834
 20
217.2639512813
 30
0.0
 10
287.3587067965
 20
217.2399992583
 30
0.0
 10
287.3491223131
 20
217.2059901385
 30
0.0
 10
287.3387906753
 20
217.1609888379
 30
0.0
 10
287.329162653
 20
217.1044036781
 30
0.0
 10
287.3222603009
 20
217.0452313376
 30
0.0
 10
287.3181868091
 20
216.9843419632
 30
0.0
 10
287.3170033102
 20
216.9226297902
 30
0.0
 10
287.318727618
 20
216.8610017887
 30
0.0
 10
287.3233336078
 20
216.8003664318
 30
0.0
 10
287.3283670248
 20
216.7605032171
 30
0.0
 10
287.3313809152
 20
216.7409218057
 30
0.0
  0
SPLINE
  5
C30
100
AcDbEntity
  8
0
100
AcDbSpline
 62
7
  6
CONTINUOUS
 70
0
 71
3
 72
23
 73
19
 74
0
 42
0.0000001
 43
0.0000001
 44
0.0000000001
 40
0.0
 40
0.0
 40
0.0
 40
0.0
 40
0.0560422185
 40
0.1146468057
 40
0.175500905
 40
0.2382641237
 40
0.3025739155
 40
0.3680505093
 40
0.4343015224
 40
0.5009263624
 40
0.5675205196
 40
0.6336798041
 40
0.6990045904
 40
0.7631041176
 40
0.8256009247
 40
0.886135489
 40
0.944371227
 40
1.0
 40
1.0
 40
1.0
 40
1.0
 10
288.6576342136
 20
206.8296683013
 30
0.0
 10
288.6628855505
 20
206.8466616495
 30
0.0
 10
288.6727591928
 20
206.8816984635
 30
0.0
 10
288.6854809471
 20
206.935941284
 30
0.0
 10
288.6963793886
 20
206.992752828
 30
0.0
 10
288.7053756404
 20
207.0517270072
 30
0.0
 10
288.7124050319
 20
207.1124440752
 30
0.0
 10
288.7174168664
 20
207.1744707818
 30
0.0
 10
288.720375013
 20
207.2373644401
 30
0.0
 10
288.7212581383
 20
207.3006759569
 30
0.0
 10
288.7200598738
 20
207.3639531917
 30
0.0
 10
288.7167888584
 20
207.4267442551
 30
0.0
 10
288.7114686884
 20
207.4886008051
 30
0.0
 10
288.7041377045
 20
207.5490814044
 30
0.0
 10
288.6948487904
 20
207.6077545391
 30
0.0
 10
288.6836686893
 20
207.6642026949
 30
0.0
 10
288.670678333
 20
207.718022443
 30
0.0
 10
288.6606259654
 20
207.7527503828
 30
0.0
 10
288.6552871975
 20
207.7695788561
 30
0.0
  0
SPLINE
  5
C31
100
AcDbEntity
  8
0
100
AcDbSpline
 62
7
  6
CONTINUOUS
 70
0
 71
3
 72
23
 73
19
 74
0
 42
0.0000001
 43
0.0000001
 44
0.0000000001
 40
0.0
 40
0.0
 40
0.0
 40
0.0
 40
0.0494135249
 40
0.1026266731
 40
0.1593416098
 40
0.2191892969
 40
0.2817439796
 40
0.3465350198
 40
0.4130569987
 40
0.4807787623
 40
0.5491518571
 40
0.6176186075
 40
0.6856200193
 40
0.7526036673
 40
0.8180316921
 40
0.8813890887
 40
0.9421925402
 40
1.0
 40
1.0
 40
1.0
 40
1.0
 10
288.0869953197
 20
207.5308737933
 30
0.0
 10
288.0901140862
 20
207.5245184116
 30
0.0
 10
288.0960492663
 20
207.5110490828
 30
0.0
 10
288.1038305446
 20
207.4895730747
 30
0.0
 10
288.1107610802
 20
207.4662445734
 30
0.0
 10
288.1167735678
 20
207.4412863165
 30
0.0
 10
288.1218102051
 20
207.4149351913
 30
0.0
 10
288.1258221237
 20
207.3874429703
 30
0.0
 10
288.1287703981
 20
207.3590726839
 30
0.0
 10
288.1306263804
 20
207.3300962001
 30
0.0
 10
288.1313720357
 20
207.3007914038
 30
0.0
 10
288.1310001113
 20
207.2714394416
 30
0.0
 10
288.1295142238
 20
207.2423219356
 30
0.0
 10
288.1269288141
 20
207.2137181487
 30
0.0
 10
288.1232690265
 20
207.1859023543
 30
0.0
 10
288.1185703117
 20
207.1591405379
 30
0.0
 10
288.1128785255
 20
207.1336896129
 30
0.0
 10
288.1083332067
 20
207.117305505
 30
0.0
 10
288.105887982
 20
207.1093927476
 30
0.0
  0
SPLINE
  5
C32
100
AcDbEntity
  8
0
100
AcDbSpline
 62
7
  6
CONTINUOUS
 70
0
 71
3
 72
15
 73
11
 74
0
 42
0.0000001
 43
0.0000001
 44
0.0000000001
 40
0.0
 40
0.0
 40
0.0
 40
0.0
 40
0.1214542118
 40
0.2458393864
 40
0.3722170437
 40
0.4996218229
 40
0.6270746751
 40
0.7535959151
 40
0.8782182622
 40
1.0
 40
1.0
 40
1.0
 40
1.0
 10
285.9490594691
 20
216.3392619551
 30
0.0
 10
285.9516088374
 20
216.3553836039
 30
0.0
 10
285.9560734288
 20
216.3881294484
 30
0.0
 10
285.9608584973
 20
216.4379334214
 30
0.0
 10
285.9637846905
 20
216.4886824974
 30
0.0
 10
285.9648250811
 20
216.5399170364
 30
0.0
 10
285.9639702012
 20
216.5911742928
 30
0.0
 10
285.9612278225
 20
216.641991304
 30
0.0
 10
285.9566231856
 20
216.6919078094
 30
0.0
 10
285.9522789512
 20
216.7247462943
 30
0.0
 10
285.949789283
 20
216.7409218057
 30
0.0
  0
SPLINE
  5
C33
100
AcDbEntity
  8
0
100
AcDbSpline
 62
7
  6
CONTINUOUS
 70
0
 71
3
 72
31
 73
27
 74
0
 42
0.0000001
 43
0.0000001
 44
0.0000000001
 40
0.0
 40
0.0
 40
0.0
 40
0.0
 40
0.0156966426
 40
0.0317131833
 40
0.0483458865
 40
0.065851239
 40
0.0844378134
 40
0.1042655672
 40
0.1254497498
 40
0.1480667153
 40
0.172159953
 40
0.1977455136
 40
0.2248165486
 40
0.2533470066
 40
0.2832946167
 40
0.3146032766
 40
0.3472049953
 40
0.381021515
 40
0.4519343207
 40
0.5265669166
 40
0.6040416722
 40
0.6834147427
 40
0.7636999463
 40
0.8438912361
 40
0.9229845927
 40
1.0
 40
1.0
 40
1.0
 40
1.0
 10
286.1344595326
 20
217.4383855884
 30
0.0
 10
286.1304216158
 20
217.4383840522
 30
0.0
 10
286.1222499223
 20
217.4377360326
 30
0.0
 10
286.1101073233
 20
217.4348481112
 30
0.0
 10
286.0980794195
 20
217.430064574
 30
0.0
 10
286.0862165504
 20
217.4234171775
 30
0.0
 10
286.0745573991
 20
217.4149412128
 30
0.0
 10
286.0631390006
 20
217.404674142
 30
0.0
 10
286.051997233
 20
217.3926563576
 30
0.0
 10
286.041168284
 20
217.3789324596
 30
0.0
 10
286.030688529
 20
217.3635522229
 30
0.0
 10
286.0205942436
 20
217.3465711209
 30
0.0
 10
286.0109211455
 20
217.3280505068
 30
0.0
 10
286.0017040056
 20
217.308057561
 30
0.0
 10
285.9929763013
 20
217.2866650819
 30
0.0
 10
285.9847700512
 20
217.2639512813
 30
0.0
 10
285.9771151643
 20
217.2399992583
 30
0.0
 10
285.9675306809
 20
217.2059901385
 30
0.0
 10
285.957199043
 20
217.1609888379
 30
0.0
 10
285.9475710208
 20
217.1044036781
 30
0.0
 10
285.9406686687
 20
217.0452313376
 30
0.0
 10
285.9365951769
 20
216.9843419632
 30
0.0
 10
285.935411678
 20
216.9226297902
 30
0.0
 10
285.9371359858
 20
216.8610017887
 30
0.0
 10
285.9417419756
 20
216.8003664318
 30
0.0
 10
285.9467753926
 20
216.7605032171
 30
0.0
 10
285.949789283
 20
216.7409218057
 30
0.0
  0
SPLINE
  5
C34
100
AcDbEntity
  8
0
100
AcDbSpline
 62
7
  6
CONTINUOUS
 70
0
 71
3
 72
23
 73
19
 74
0
 42
0.0000001
 43
0.0000001
 44
0.0000000001
 40
0.0
 40
0.0
 40
0.0
 40
0.0
 40
0.0560422185
 40
0.1146468057
 40
0.175500905
 40
0.2382641237
 40
0.3025739155
 40
0.3680505093
 40
0.4343015224
 40
0.5009263624
 40
0.5675205196
 40
0.6336798041
 40
0.6990045904
 40
0.7631041176
 40
0.8256009247
 40
0.886135489
 40
0.944371227
 40
1.0
 40
1.0
 40
1.0
 40
1.0
 10
287.2760425813
 20
206.8296683013
 30
0.0
 10
287.2812939182
 20
206.8466616495
 30
0.0
 10
287.2911675606
 20
206.8816984635
 30
0.0
 10
287.3038893149
 20
206.935941284
 30
0.0
 10
287.3147877563
 20
206.992752828
 30
0.0
 10
287.3237840082
 20
207.0517270072
 30
0.0
 10
287.3308133997
 20
207.1124440752
 30
0.0
 10
287.3358252342
 20
207.1744707818
 30
0.0
 10
287.3387833808
 20
207.2373644401
 30
0.0
 10
287.3396665061
 20
207.3006759569
 30
0.0
 10
287.3384682416
 20
207.3639531917
 30
0.0
 10
287.3351972262
 20
207.4267442551
 30
0.0
 10
287.3298770562
 20
207.4886008051
 30
0.0
 10
287.3225460723
 20
207.5490814044
 30
0.0
 10
287.3132571582
 20
207.6077545391
 30
0.0
 10
287.3020770571
 20
207.6642026949
 30
0.0
 10
287.2890867008
 20
207.718022443
 30
0.0
 10
287.2790343332
 20
207.7527503828
 30
0.0
 10
287.2736955653
 20
207.7695788561
 30
0.0
  0
SPLINE
  5
C35
100
AcDbEntity
  8
0
100
AcDbSpline
 62
7
  6
CONTINUOUS
 70
0
 71
3
 72
23
 73
19
 74
0
 42
0.0000001
 43
0.0000001
 44
0.0000000001
 40
0.0
 40
0.0
 40
0.0
 40
0.0
 40
0.0494135249
 40
0.1026266731
 40
0.1593416098
 40
0.2191892969
 40
0.2817439796
 40
0.3465350198
 40
0.4130569987
 40
0.4807787623
 40
0.5491518571
 40
0.6176186075
 40
0.6856200193
 40
0.7526036673
 40
0.8180316921
 40
0.8813890887
 40
0.9421925402
 40
1.0
 40
1.0
 40
1.0
 40
1.0
 10
286.7054036875
 20
207.5308737933
 30
0.0
 10
286.708522454
 20
207.5245184116
 30
0.0
 10
286.714457634
 20
207.5110490828
 30
0.0
 10
286.7222389124
 20
207.4895730747
 30
0.0
 10
286.729169448
 20
207.4662445734
 30
0.0
 10
286.7351819356
 20
207.4412863165
 30
0.0
 10
286.7402185729
 20
207.4149351913
 30
0.0
 10
286.7442304915
 20
207.3874429703
 30
0.0
 10
286.7471787659
 20
207.3590726839
 30
0.0
 10
286.7490347482
 20
207.3300962001
 30
0.0
 10
286.7497804035
 20
207.3007914038
 30
0.0
 10
286.7494084791
 20
207.2714394416
 30
0.0
 10
286.7479225916
 20
207.2423219356
 30
0.0
 10
286.7453371819
 20
207.2137181487
 30
0.0
 10
286.7416773943
 20
207.1859023543
 30
0.0
 10
286.7369786795
 20
207.1591405379
 30
0.0
 10
286.7312868932
 20
207.1336896129
 30
0.0
 10
286.7267415745
 20
207.117305505
 30
0.0
 10
286.7242963498
 20
207.1093927476
 30
0.0
  0
SPLINE
  5
C36
100
AcDbEntity
  8
0
100
AcDbSpline
 62
7
  6
CONTINUOUS
 70
0
 71
3
 72
15
 73
11
 74
0
 42
0.0000001
 43
0.0000001
 44
0.0000000001
 40
0.0
 40
0.0
 40
0.0
 40
0.0
 40
0.1214542118
 40
0.2458393864
 40
0.3722170437
 40
0.4996218229
 40
0.6270746751
 40
0.7535959151
 40
0.8782182622
 40
1.0
 40
1.0
 40
1.0
 40
1.0
 10
284.5674678369
 20
216.3392619551
 30
0.0
 10
284.5700172052
 20
216.3553836039
 30
0.0
 10
284.5744817965
 20
216.3881294484
 30
0.0
 10
284.5792668651
 20
216.4379334214
 30
0.0
 10
284.5821930583
 20
216.4886824974
 30
0.0
 10
284.5832334489
 20
216.5399170364
 30
0.0
 10
284.582378569
 20
216.5911742928
 30
0.0
 10
284.5796361903
 20
216.641991304
 30
0.0
 10
284.5750315534
 20
216.6919078094
 30
0.0
 10
284.570687319
 20
216.7247462943
 30
0.0
 10
284.5681976508
 20
216.7409218057
 30
0.0
  0
SPLINE
  5
C37
100
AcDbEntity
  8
0
100
AcDbSpline
 62
7
  6
CONTINUOUS
 70
0
 71
3
 72
31
 73
27
 74
0
 42
0.0000001
 43
0.0000001
 44
0.0000000001
 40
0.0
 40
0.0
 40
0.0
 40
0.0
 40
0.0156966426
 40
0.0317131833
 40
0.0483458865
 40
0.065851239
 40
0.0844378134
 40
0.1042655672
 40
0.1254497498
 40
0.1480667153
 40
0.172159953
 40
0.1977455136
 40
0.2248165486
 40
0.2533470066
 40
0.2832946167
 40
0.3146032766
 40
0.3472049953
 40
0.381021515
 40
0.4519343207
 40
0.5265669166
 40
0.6040416722
 40
0.6834147427
 40
0.7636999463
 40
0.8438912361
 40
0.9229845927
 40
1.0
 40
1.0
 40
1.0
 40
1.0
 10
284.7528679004
 20
217.4383855884
 30
0.0
 10
284.7488299836
 20
217.4383840522
 30
0.0
 10
284.7406582901
 20
217.4377360326
 30
0.0
 10
284.7285156911
 20
217.4348481112
 30
0.0
 10
284.7164877873
 20
217.430064574
 30
0.0
 10
284.7046249182
 20
217.4234171775
 30
0.0
 10
284.6929657668
 20
217.4149412128
 30
0.0
 10
284.6815473684
 20
217.404674142
 30
0.0
 10
284.6704056008
 20
217.3926563576
 30
0.0
 10
284.6595766518
 20
217.3789324596
 30
0.0
 10
284.6490968968
 20
217.3635522229
 30
0.0
 10
284.6390026114
 20
217.3465711209
 30
0.0
 10
284.6293295133
 20
217.3280505068
 30
0.0
 10
284.6201123734
 20
217.308057561
 30
0.0
 10
284.6113846691
 20
217.2866650819
 30
0.0
 10
284.6031784189
 20
217.2639512813
 30
0.0
 10
284.5955235321
 20
217.2399992583
 30
0.0
 10
284.5859390486
 20
217.2059901385
 30
0.0
 10
284.5756074108
 20
217.1609888379
 30
0.0
 10
284.5659793886
 20
217.1044036781
 30
0.0
 10
284.5590770365
 20
217.0452313376
 30
0.0
 10
284.5550035447
 20
216.9843419632
 30
0.0
 10
284.5538200458
 20
216.9226297902
 30
0.0
 10
284.5555443536
 20
216.8610017887
 30
0.0
 10
284.5601503434
 20
216.8003664318
 30
0.0
 10
284.5651837604
 20
216.7605032171
 30
0.0
 10
284.5681976508
 20
216.7409218057
 30
0.0
  0
SPLINE
  5
C38
100
AcDbEntity
  8
0
100
AcDbSpline
 62
7
  6
CONTINUOUS
 70
0
 71
3
 72
23
 73
19
 74
0
 42
0.0000001
 43
0.0000001
 44
0.0000000001
 40
0.0
 40
0.0
 40
0.0
 40
0.0
 40
0.0560422185
 40
0.1146468057
 40
0.175500905
 40
0.2382641237
 40
0.3025739155
 40
0.3680505093
 40
0.4343015224
 40
0.5009263624
 40
0.5675205196
 40
0.6336798041
 40
0.6990045904
 40
0.7631041176
 40
0.8256009247
 40
0.886135489
 40
0.944371227
 40
1.0
 40
1.0
 40
1.0
 40
1.0
 10
285.8944509491
 20
206.8296683013
 30
0.0
 10
285.899702286
 20
206.8466616495
 30
0.0
 10
285.9095759284
 20
206.8816984635
 30
0.0
 10
285.9222976827
 20
206.935941284
 30
0.0
 10
285.9331961241
 20
206.992752828
 30
0.0
 10
285.942192376
 20
207.0517270072
 30
0.0
 10
285.9492217675
 20
207.1124440752
 30
0.0
 10
285.954233602
 20
207.1744707818
 30
0.0
 10
285.9571917486
 20
207.2373644401
 30
0.0
 10
285.9580748739
 20
207.3006759569
 30
0.0
 10
285.9568766093
 20
207.3639531917
 30
0.0
 10
285.953605594
 20
207.4267442551
 30
0.0
 10
285.948285424
 20
207.4886008051
 30
0.0
 10
285.94095444
 20
207.5490814044
 30
0.0
 10
285.931665526
 20
207.6077545391
 30
0.0
 10
285.9204854248
 20
207.6642026949
 30
0.0
 10
285.9074950686
 20
207.718022443
 30
0.0
 10
285.897442701
 20
207.7527503828
 30
0.0
 10
285.8921039331
 20
207.7695788561
 30
0.0
  0
SPLINE
  5
C39
100
AcDbEntity
  8
0
100
AcDbSpline
 62
7
  6
CONTINUOUS
 70
0
 71
3
 72
23
 73
19
 74
0
 42
0.0000001
 43
0.0000001
 44
0.0000000001
 40
0.0
 40
0.0
 40
0.0
 40
0.0
 40
0.0494135249
 40
0.1026266731
 40
0.1593416098
 40
0.2191892969
 40
0.2817439796
 40
0.3465350198
 40
0.4130569987
 40
0.4807787623
 40
0.5491518571
 40
0.6176186075
 40
0.6856200193
 40
0.7526036673
 40
0.8180316921
 40
0.8813890887
 40
0.9421925402
 40
1.0
 40
1.0
 40
1.0
 40
1.0
 10
285.3238120552
 20
207.5308737933
 30
0.0
 10
285.3269308218
 20
207.5245184116
 30
0.0
 10
285.3328660018
 20
207.5110490828
 30
0.0
 10
285.3406472802
 20
207.4895730747
 30
0.0
 10
285.3475778158
 20
207.4662445734
 30
0.0
 10
285.3535903034
 20
207.4412863165
 30
0.0
 10
285.3586269407
 20
207.4149351913
 30
0.0
 10
285.3626388593
 20
207.3874429703
 30
0.0
 10
285.3655871337
 20
207.3590726839
 30
0.0
 10
285.3674431159
 20
207.3300962001
 30
0.0
 10
285.3681887713
 20
207.3007914038
 30
0.0
 10
285.3678168469
 20
207.2714394416
 30
0.0
 10
285.3663309594
 20
207.2423219356
 30
0.0
 10
285.3637455497
 20
207.2137181487
 30
0.0
 10
285.360085762
 20
207.1859023543
 30
0.0
 10
285.3553870473
 20
207.1591405379
 30
0.0
 10
285.349695261
 20
207.1336896129
 30
0.0
 10
285.3451499423
 20
207.117305505
 30
0.0
 10
285.3427047176
 20
207.1093927476
 30
0.0
  0
SPLINE
  5
C3A
100
AcDbEntity
  8
0
100
AcDbSpline
 62
7
  6
CONTINUOUS
 70
0
 71
3
 72
15
 73
11
 74
0
 42
0.0000001
 43
0.0000001
 44
0.0000000001
 40
0.0
 40
0.0
 40
0.0
 40
0.0
 40
0.1214542118
 40
0.2458393864
 40
0.3722170437
 40
0.4996218229
 40
0.6270746751
 40
0.7535959151
 40
0.8782182622
 40
1.0
 40
1.0
 40
1.0
 40
1.0
 10
283.1858762047
 20
216.3392619551
 30
0.0
 10
283.188425573
 20
216.3553836039
 30
0.0
 10
283.1928901643
 20
216.3881294484
 30
0.0
 10
283.1976752329
 20
216.4379334214
 30
0.0
 10
283.2006014261
 20
216.4886824974
 30
0.0
 10
283.2016418167
 20
216.5399170364
 30
0.0
 10
283.2007869368
 20
216.5911742928
 30
0.0
 10
283.1980445581
 20
216.641991304
 30
0.0
 10
283.1934399212
 20
216.6919078094
 30
0.0
 10
283.1890956868
 20
216.7247462943
 30
0.0
 10
283.1866060185
 20
216.7409218057
 30
0.0
  0
SPLINE
  5
C3B
100
AcDbEntity
  8
0
100
AcDbSpline
 62
7
  6
CONTINUOUS
 70
0
 71
3
 72
31
 73
27
 74
0
 42
0.0000001
 43
0.0000001
 44
0.0000000001
 40
0.0
 40
0.0
 40
0.0
 40
0.0
 40
0.0156966426
 40
0.0317131833
 40
0.0483458865
 40
0.065851239
 40
0.0844378134
 40
0.1042655672
 40
0.1254497498
 40
0.1480667153
 40
0.172159953
 40
0.1977455136
 40
0.2248165486
 40
0.2533470066
 40
0.2832946167
 40
0.3146032766
 40
0.3472049953
 40
0.381021515
 40
0.4519343207
 40
0.5265669166
 40
0.6040416722
 40
0.6834147427
 40
0.7636999463
 40
0.8438912361
 40
0.9229845927
 40
1.0
 40
1.0
 40
1.0
 40
1.0
 10
283.3712762682
 20
217.4383855884
 30
0.0
 10
283.3672383514
 20
217.4383840522
 30
0.0
 10
283.3590666579
 20
217.4377360326
 30
0.0
 10
283.3469240589
 20
217.4348481112
 30
0.0
 10
283.3348961551
 20
217.430064574
 30
0.0
 10
283.323033286
 20
217.4234171775
 30
0.0
 10
283.3113741346
 20
217.4149412128
 30
0.0
 10
283.2999557362
 20
217.404674142
 30
0.0
 10
283.2888139686
 20
217.3926563576
 30
0.0
 10
283.2779850196
 20
217.3789324596
 30
0.0
 10
283.2675052646
 20
217.3635522229
 30
0.0
 10
283.2574109792
 20
217.3465711209
 30
0.0
 10
283.2477378811
 20
217.3280505068
 30
0.0
 10
283.2385207412
 20
217.308057561
 30
0.0
 10
283.2297930369
 20
217.2866650819
 30
0.0
 10
283.2215867867
 20
217.2639512813
 30
0.0
 10
283.2139318999
 20
217.2399992583
 30
0.0
 10
283.2043474164
 20
217.2059901385
 30
0.0
 10
283.1940157786
 20
217.1609888379
 30
0.0
 10
283.1843877564
 20
217.1044036781
 30
0.0
 10
283.1774854042
 20
217.0452313376
 30
0.0
 10
283.1734119125
 20
216.9843419632
 30
0.0
 10
283.1722284135
 20
216.9226297902
 30
0.0
 10
283.1739527214
 20
216.8610017887
 30
0.0
 10
283.1785587112
 20
216.8003664318
 30
0.0
 10
283.1835921282
 20
216.7605032171
 30
0.0
 10
283.1866060185
 20
216.7409218057
 30
0.0
  0
SPLINE
  5
C3C
100
AcDbEntity
  8
0
100
AcDbSpline
 62
7
  6
CONTINUOUS
 70
0
 71
3
 72
23
 73
19
 74
0
 42
0.0000001
 43
0.0000001
 44
0.0000000001
 40
0.0
 40
0.0
 40
0.0
 40
0.0
 40
0.0560422185
 40
0.1146468057
 40
0.175500905
 40
0.2382641237
 40
0.3025739155
 40
0.3680505093
 40
0.4343015224
 40
0.5009263624
 40
0.5675205196
 40
0.6336798041
 40
0.6990045904
 40
0.7631041176
 40
0.8256009247
 40
0.886135489
 40
0.944371227
 40
1.0
 40
1.0
 40
1.0
 40
1.0
 10
284.5128593169
 20
206.8296683013
 30
0.0
 10
284.5181106538
 20
206.8466616495
 30
0.0
 10
284.5279842961
 20
206.8816984635
 30
0.0
 10
284.5407060505
 20
206.935941284
 30
0.0
 10
284.5516044919
 20
206.992752828
 30
0.0
 10
284.5606007438
 20
207.0517270072
 30
0.0
 10
284.5676301353
 20
207.1124440752
 30
0.0
 10
284.5726419698
 20
207.1744707818
 30
0.0
 10
284.5756001164
 20
207.2373644401
 30
0.0
 10
284.5764832416
 20
207.3006759569
 30
0.0
 10
284.5752849771
 20
207.3639531917
 30
0.0
 10
284.5720139618
 20
207.4267442551
 30
0.0
 10
284.5666937918
 20
207.4886008051
 30
0.0
 10
284.5593628078
 20
207.5490814044
 30
0.0
 10
284.5500738938
 20
207.6077545391
 30
0.0
 10
284.5388937926
 20
207.6642026949
 30
0.0
 10
284.5259034364
 20
207.718022443
 30
0.0
 10
284.5158510688
 20
207.7527503828
 30
0.0
 10
284.5105123008
 20
207.7695788561
 30
0.0
  0
SPLINE
  5
C3D
100
AcDbEntity
  8
0
100
AcDbSpline
 62
7
  6
CONTINUOUS
 70
0
 71
3
 72
23
 73
19
 74
0
 42
0.0000001
 43
0.0000001
 44
0.0000000001
 40
0.0
 40
0.0
 40
0.0
 40
0.0
 40
0.0494135249
 40
0.1026266731
 40
0.1593416098
 40
0.2191892969
 40
0.2817439796
 40
0.3465350198
 40
0.4130569987
 40
0.4807787623
 40
0.5491518571
 40
0.6176186075
 40
0.6856200193
 40
0.7526036673
 40
0.8180316921
 40
0.8813890887
 40
0.9421925402
 40
1.0
 40
1.0
 40
1.0
 40
1.0
 10
283.942220423
 20
207.5308737933
 30
0.0
 10
283.9453391896
 20
207.5245184116
 30
0.0
 10
283.9512743696
 20
207.5110490828
 30
0.0
 10
283.959055648
 20
207.4895730747
 30
0.0
 10
283.9659861836
 20
207.4662445734
 30
0.0
 10
283.9719986712
 20
207.4412863165
 30
0.0
 10
283.9770353085
 20
207.4149351913
 30
0.0
 10
283.981047227
 20
207.3874429703
 30
0.0
 10
283.9839955015
 20
207.3590726839
 30
0.0
 10
283.9858514837
 20
207.3300962001
 30
0.0
 10
283.9865971391
 20
207.3007914038
 30
0.0
 10
283.9862252147
 20
207.2714394416
 30
0.0
 10
283.9847393272
 20
207.2423219356
 30
0.0
 10
283.9821539175
 20
207.2137181487
 30
0.0
 10
283.9784941298
 20
207.1859023543
 30
0.0
 10
283.9737954151
 20
207.1591405379
 30
0.0
 10
283.9681036288
 20
207.1336896129
 30
0.0
 10
283.9635583101
 20
207.117305505
 30
0.0
 10
283.9611130854
 20
207.1093927476
 30
0.0
  0
SPLINE
  5
C3E
100
AcDbEntity
  8
0
100
AcDbSpline
 62
7
  6
CONTINUOUS
 70
0
 71
3
 72
15
 73
11
 74
0
 42
0.0000001
 43
0.0000001
 44
0.0000000001
 40
0.0
 40
0.0
 40
0.0
 40
0.0
 40
0.1214542118
 40
0.2458393864
 40
0.3722170437
 40
0.4996218229
 40
0.6270746751
 40
0.7535959151
 40
0.8782182622
 40
1.0
 40
1.0
 40
1.0
 40
1.0
 10
281.8042845725
 20
216.3392619551
 30
0.0
 10
281.8068339408
 20
216.3553836039
 30
0.0
 10
281.8112985321
 20
216.3881294484
 30
0.0
 10
281.8160836007
 20
216.4379334214
 30
0.0
 10
281.8190097939
 20
216.4886824974
 30
0.0
 10
281.8200501845
 20
216.5399170364
 30
0.0
 10
281.8191953045
 20
216.5911742928
 30
0.0
 10
281.8164529259
 20
216.641991304
 30
0.0
 10
281.811848289
 20
216.6919078094
 30
0.0
 10
281.8075040545
 20
216.7247462943
 30
0.0
 10
281.8050143863
 20
216.7409218057
 30
0.0
  0
SPLINE
  5
C3F
100
AcDbEntity
  8
0
100
AcDbSpline
 62
7
  6
CONTINUOUS
 70
0
 71
3
 72
31
 73
27
 74
0
 42
0.0000001
 43
0.0000001
 44
0.0000000001
 40
0.0
 40
0.0
 40
0.0
 40
0.0
 40
0.0156966426
 40
0.0317131833
 40
0.0483458865
 40
0.065851239
 40
0.0844378134
 40
0.1042655672
 40
0.1254497498
 40
0.1480667153
 40
0.172159953
 40
0.1977455136
 40
0.2248165486
 40
0.2533470066
 40
0.2832946167
 40
0.3146032766
 40
0.3472049953
 40
0.381021515
 40
0.4519343207
 40
0.5265669166
 40
0.6040416722
 40
0.6834147427
 40
0.7636999463
 40
0.8438912361
 40
0.9229845927
 40
1.0
 40
1.0
 40
1.0
 40
1.0
 10
281.989684636
 20
217.4383855884
 30
0.0
 10
281.9856467192
 20
217.4383840522
 30
0.0
 10
281.9774750257
 20
217.4377360326
 30
0.0
 10
281.9653324267
 20
217.4348481112
 30
0.0
 10
281.9533045229
 20
217.430064574
 30
0.0
 10
281.9414416538
 20
217.4234171775
 30
0.0
 10
281.9297825024
 20
217.4149412128
 30
0.0
 10
281.918364104
 20
217.404674142
 30
0.0
 10
281.9072223364
 20
217.3926563576
 30
0.0
 10
281.8963933873
 20
217.3789324596
 30
0.0
 10
281.8859136324
 20
217.3635522229
 30
0.0
 10
281.875819347
 20
217.3465711209
 30
0.0
 10
281.8661462488
 20
217.3280505068
 30
0.0
 10
281.8569291089
 20
217.308057561
 30
0.0
 10
281.8482014047
 20
217.2866650819
 30
0.0
 10
281.8399951545
 20
217.2639512813
 30
0.0
 10
281.8323402677
 20
217.2399992583
 30
0.0
 10
281.8227557842
 20
217.2059901385
 30
0.0
 10
281.8124241464
 20
217.1609888379
 30
0.0
 10
281.8027961241
 20
217.1044036781
 30
0.0
 10
281.795893772
 20
217.0452313376
 30
0.0
 10
281.7918202803
 20
216.9843419632
 30
0.0
 10
281.7906367813
 20
216.9226297902
 30
0.0
 10
281.7923610892
 20
216.8610017887
 30
0.0
 10
281.796967079
 20
216.8003664318
 30
0.0
 10
281.802000496
 20
216.7605032171
 30
0.0
 10
281.8050143863
 20
216.7409218057
 30
0.0
  0
SPLINE
  5
C40
100
AcDbEntity
  8
0
100
AcDbSpline
 62
7
  6
CONTINUOUS
 70
0
 71
3
 72
23
 73
19
 74
0
 42
0.0000001
 43
0.0000001
 44
0.0000000001
 40
0.0
 40
0.0
 40
0.0
 40
0.0
 40
0.0560422185
 40
0.1146468057
 40
0.175500905
 40
0.2382641237
 40
0.3025739155
 40
0.3680505093
 40
0.4343015224
 40
0.5009263624
 40
0.5675205196
 40
0.6336798041
 40
0.6990045904
 40
0.7631041176
 40
0.8256009247
 40
0.886135489
 40
0.944371227
 40
1.0
 40
1.0
 40
1.0
 40
1.0
 10
283.1312676847
 20
206.8296683013
 30
0.0
 10
283.1365190216
 20
206.8466616495
 30
0.0
 10
283.1463926639
 20
206.8816984635
 30
0.0
 10
283.1591144183
 20
206.935941284
 30
0.0
 10
283.1700128597
 20
206.992752828
 30
0.0
 10
283.1790091116
 20
207.0517270072
 30
0.0
 10
283.1860385031
 20
207.1124440752
 30
0.0
 10
283.1910503376
 20
207.1744707818
 30
0.0
 10
283.1940084842
 20
207.2373644401
 30
0.0
 10
283.1948916094
 20
207.3006759569
 30
0.0
 10
283.1936933449
 20
207.3639531917
 30
0.0
 10
283.1904223296
 20
207.4267442551
 30
0.0
 10
283.1851021595
 20
207.4886008051
 30
0.0
 10
283.1777711756
 20
207.5490814044
 30
0.0
 10
283.1684822616
 20
207.6077545391
 30
0.0
 10
283.1573021604
 20
207.6642026949
 30
0.0
 10
283.1443118042
 20
207.718022443
 30
0.0
 10
283.1342594366
 20
207.7527503828
 30
0.0
 10
283.1289206686
 20
207.7695788561
 30
0.0
  0
SPLINE
  5
C41
100
AcDbEntity
  8
0
100
AcDbSpline
 62
7
  6
CONTINUOUS
 70
0
 71
3
 72
23
 73
19
 74
0
 42
0.0000001
 43
0.0000001
 44
0.0000000001
 40
0.0
 40
0.0
 40
0.0
 40
0.0
 40
0.0494135249
 40
0.1026266731
 40
0.1593416098
 40
0.2191892969
 40
0.2817439796
 40
0.3465350198
 40
0.4130569987
 40
0.4807787623
 40
0.5491518571
 40
0.6176186075
 40
0.6856200193
 40
0.7526036673
 40
0.8180316921
 40
0.8813890887
 40
0.9421925402
 40
1.0
 40
1.0
 40
1.0
 40
1.0
 10
282.5606287908
 20
207.5308737933
 30
0.0
 10
282.5637475574
 20
207.5245184116
 30
0.0
 10
282.5696827374
 20
207.5110490828
 30
0.0
 10
282.5774640158
 20
207.4895730747
 30
0.0
 10
282.5843945514
 20
207.4662445734
 30
0.0
 10
282.590407039
 20
207.4412863165
 30
0.0
 10
282.5954436763
 20
207.4149351913
 30
0.0
 10
282.5994555948
 20
207.3874429703
 30
0.0
 10
282.6024038692
 20
207.3590726839
 30
0.0
 10
282.6042598515
 20
207.3300962001
 30
0.0
 10
282.6050055068
 20
207.3007914038
 30
0.0
 10
282.6046335824
 20
207.2714394416
 30
0.0
 10
282.603147695
 20
207.2423219356
 30
0.0
 10
282.6005622853
 20
207.2137181487
 30
0.0
 10
282.5969024976
 20
207.1859023543
 30
0.0
 10
282.5922037829
 20
207.1591405379
 30
0.0
 10
282.5865119966
 20
207.1336896129
 30
0.0
 10
282.5819666779
 20
207.117305505
 30
0.0
 10
282.5795214532
 20
207.1093927476
 30
0.0
  0
SPLINE
  5
C42
100
AcDbEntity
  8
0
100
AcDbSpline
 62
7
  6
CONTINUOUS
 70
0
 71
3
 72
15
 73
11
 74
0
 42
0.0000001
 43
0.0000001
 44
0.0000000001
 40
0.0
 40
0.0
 40
0.0
 40
0.0
 40
0.1214542118
 40
0.2458393864
 40
0.3722170437
 40
0.4996218229
 40
0.6270746751
 40
0.7535959151
 40
0.8782182622
 40
1.0
 40
1.0
 40
1.0
 40
1.0
 10
280.4226929402
 20
216.3392619551
 30
0.0
 10
280.4252423086
 20
216.3553836039
 30
0.0
 10
280.4297068999
 20
216.3881294484
 30
0.0
 10
280.4344919684
 20
216.4379334214
 30
0.0
 10
280.4374181616
 20
216.4886824974
 30
0.0
 10
280.4384585523
 20
216.5399170364
 30
0.0
 10
280.4376036723
 20
216.5911742928
 30
0.0
 10
280.4348612937
 20
216.641991304
 30
0.0
 10
280.4302566568
 20
216.6919078094
 30
0.0
 10
280.4259124223
 20
216.7247462943
 30
0.0
 10
280.4234227541
 20
216.7409218057
 30
0.0
  0
SPLINE
  5
C43
100
AcDbEntity
  8
0
100
AcDbSpline
 62
7
  6
CONTINUOUS
 70
0
 71
3
 72
31
 73
27
 74
0
 42
0.0000001
 43
0.0000001
 44
0.0000000001
 40
0.0
 40
0.0
 40
0.0
 40
0.0
 40
0.0156966426
 40
0.0317131833
 40
0.0483458865
 40
0.065851239
 40
0.0844378134
 40
0.1042655672
 40
0.1254497498
 40
0.1480667153
 40
0.172159953
 40
0.1977455136
 40
0.2248165486
 40
0.2533470066
 40
0.2832946167
 40
0.3146032766
 40
0.3472049953
 40
0.381021515
 40
0.4519343207
 40
0.5265669166
 40
0.6040416722
 40
0.6834147427
 40
0.7636999463
 40
0.8438912361
 40
0.9229845927
 40
1.0
 40
1.0
 40
1.0
 40
1.0
 10
280.6080930038
 20
217.4383855884
 30
0.0
 10
280.604055087
 20
217.4383840522
 30
0.0
 10
280.5958833934
 20
217.4377360326
 30
0.0
 10
280.5837407945
 20
217.4348481112
 30
0.0
 10
280.5717128907
 20
217.430064574
 30
0.0
 10
280.5598500216
 20
217.4234171775
 30
0.0
 10
280.5481908702
 20
217.4149412128
 30
0.0
 10
280.5367724717
 20
217.404674142
 30
0.0
 10
280.5256307042
 20
217.3926563576
 30
0.0
 10
280.5148017551
 20
217.3789324596
 30
0.0
 10
280.5043220002
 20
217.3635522229
 30
0.0
 10
280.4942277148
 20
217.3465711209
 30
0.0
 10
280.4845546166
 20
217.3280505068
 30
0.0
 10
280.4753374767
 20
217.308057561
 30
0.0
 10
280.4666097724
 20
217.2866650819
 30
0.0
 10
280.4584035223
 20
217.2639512813
 30
0.0
 10
280.4507486355
 20
217.2399992583
 30
0.0
 10
280.441164152
 20
217.2059901385
 30
0.0
 10
280.4308325142
 20
217.1609888379
 30
0.0
 10
280.4212044919
 20
217.1044036781
 30
0.0
 10
280.4143021398
 20
217.0452313376
 30
0.0
 10
280.410228648
 20
216.9843419632
 30
0.0
 10
280.4090451491
 20
216.9226297902
 30
0.0
 10
280.410769457
 20
216.8610017887
 30
0.0
 10
280.4153754468
 20
216.8003664318
 30
0.0
 10
280.4204088638
 20
216.7605032171
 30
0.0
 10
280.4234227541
 20
216.7409218057
 30
0.0
  0
SPLINE
  5
C44
100
AcDbEntity
  8
0
100
AcDbSpline
 62
7
  6
CONTINUOUS
 70
0
 71
3
 72
23
 73
19
 74
0
 42
0.0000001
 43
0.0000001
 44
0.0000000001
 40
0.0
 40
0.0
 40
0.0
 40
0.0
 40
0.0560422185
 40
0.1146468057
 40
0.175500905
 40
0.2382641237
 40
0.3025739155
 40
0.3680505093
 40
0.4343015224
 40
0.5009263624
 40
0.5675205196
 40
0.6336798041
 40
0.6990045904
 40
0.7631041176
 40
0.8256009247
 40
0.886135489
 40
0.944371227
 40
1.0
 40
1.0
 40
1.0
 40
1.0
 10
281.7496760525
 20
206.8296683013
 30
0.0
 10
281.7549273894
 20
206.8466616495
 30
0.0
 10
281.7648010317
 20
206.8816984635
 30
0.0
 10
281.7775227861
 20
206.935941284
 30
0.0
 10
281.7884212275
 20
206.992752828
 30
0.0
 10
281.7974174794
 20
207.0517270072
 30
0.0
 10
281.8044468709
 20
207.1124440752
 30
0.0
 10
281.8094587053
 20
207.1744707818
 30
0.0
 10
281.8124168519
 20
207.2373644401
 30
0.0
 10
281.8132999772
 20
207.3006759569
 30
0.0
 10
281.8121017127
 20
207.3639531917
 30
0.0
 10
281.8088306974
 20
207.4267442551
 30
0.0
 10
281.8035105273
 20
207.4886008051
 30
0.0
 10
281.7961795434
 20
207.5490814044
 30
0.0
 10
281.7868906293
 20
207.6077545391
 30
0.0
 10
281.7757105282
 20
207.6642026949
 30
0.0
 10
281.762720172
 20
207.718022443
 30
0.0
 10
281.7526678044
 20
207.7527503828
 30
0.0
 10
281.7473290364
 20
207.7695788561
 30
0.0
  0
SPLINE
  5
C45
100
AcDbEntity
  8
0
100
AcDbSpline
 62
7
  6
CONTINUOUS
 70
0
 71
3
 72
23
 73
19
 74
0
 42
0.0000001
 43
0.0000001
 44
0.0000000001
 40
0.0
 40
0.0
 40
0.0
 40
0.0
 40
0.0494135249
 40
0.1026266731
 40
0.1593416098
 40
0.2191892969
 40
0.2817439796
 40
0.3465350198
 40
0.4130569987
 40
0.4807787623
 40
0.5491518571
 40
0.6176186075
 40
0.6856200193
 40
0.7526036673
 40
0.8180316921
 40
0.8813890887
 40
0.9421925402
 40
1.0
 40
1.0
 40
1.0
 40
1.0
 10
281.1790371586
 20
207.5308737933
 30
0.0
 10
281.1821559251
 20
207.5245184116
 30
0.0
 10
281.1880911052
 20
207.5110490828
 30
0.0
 10
281.1958723836
 20
207.4895730747
 30
0.0
 10
281.2028029192
 20
207.4662445734
 30
0.0
 10
281.2088154067
 20
207.4412863165
 30
0.0
 10
281.2138520441
 20
207.4149351913
 30
0.0
 10
281.2178639626
 20
207.3874429703
 30
0.0
 10
281.220812237
 20
207.3590726839
 30
0.0
 10
281.2226682193
 20
207.3300962001
 30
0.0
 10
281.2234138746
 20
207.3007914038
 30
0.0
 10
281.2230419502
 20
207.2714394416
 30
0.0
 10
281.2215560627
 20
207.2423219356
 30
0.0
 10
281.2189706531
 20
207.2137181487
 30
0.0
 10
281.2153108654
 20
207.1859023543
 30
0.0
 10
281.2106121506
 20
207.1591405379
 30
0.0
 10
281.2049203644
 20
207.1336896129
 30
0.0
 10
281.2003750456
 20
207.117305505
 30
0.0
 10
281.1979298209
 20
207.1093927476
 30
0.0
  0
SPLINE
  5
C46
100
AcDbEntity
  8
0
100
AcDbSpline
 62
7
  6
CONTINUOUS
 70
0
 71
3
 72
15
 73
11
 74
0
 42
0.0000001
 43
0.0000001
 44
0.0000000001
 40
0.0
 40
0.0
 40
0.0
 40
0.0
 40
0.1214542118
 40
0.2458393864
 40
0.3722170437
 40
0.4996218229
 40
0.6270746751
 40
0.7535959151
 40
0.8782182622
 40
1.0
 40
1.0
 40
1.0
 40
1.0
 10
279.041101308
 20
216.3392619551
 30
0.0
 10
279.0436506763
 20
216.3553836039
 30
0.0
 10
279.0481152677
 20
216.3881294484
 30
0.0
 10
279.0529003362
 20
216.4379334214
 30
0.0
 10
279.0558265294
 20
216.4886824974
 30
0.0
 10
279.0568669201
 20
216.5399170364
 30
0.0
 10
279.0560120401
 20
216.5911742928
 30
0.0
 10
279.0532696614
 20
216.641991304
 30
0.0
 10
279.0486650246
 20
216.6919078094
 30
0.0
 10
279.0443207901
 20
216.7247462943
 30
0.0
 10
279.0418311219
 20
216.7409218057
 30
0.0
  0
SPLINE
  5
C47
100
AcDbEntity
  8
0
100
AcDbSpline
 62
7
  6
CONTINUOUS
 70
0
 71
3
 72
31
 73
27
 74
0
 42
0.0000001
 43
0.0000001
 44
0.0000000001
 40
0.0
 40
0.0
 40
0.0
 40
0.0
 40
0.0156966426
 40
0.0317131833
 40
0.0483458865
 40
0.065851239
 40
0.0844378134
 40
0.1042655672
 40
0.1254497498
 40
0.1480667153
 40
0.172159953
 40
0.1977455136
 40
0.2248165486
 40
0.2533470066
 40
0.2832946167
 40
0.3146032766
 40
0.3472049953
 40
0.381021515
 40
0.4519343207
 40
0.5265669166
 40
0.6040416722
 40
0.6834147427
 40
0.7636999463
 40
0.8438912361
 40
0.9229845927
 40
1.0
 40
1.0
 40
1.0
 40
1.0
 10
279.2265013716
 20
217.4383855884
 30
0.0
 10
279.2224634548
 20
217.4383840522
 30
0.0
 10
279.2142917612
 20
217.4377360326
 30
0.0
 10
279.2021491623
 20
217.4348481112
 30
0.0
 10
279.1901212584
 20
217.430064574
 30
0.0
 10
279.1782583894
 20
217.4234171775
 30
0.0
 10
279.166599238
 20
217.4149412128
 30
0.0
 10
279.1551808395
 20
217.404674142
 30
0.0
 10
279.144039072
 20
217.3926563576
 30
0.0
 10
279.1332101229
 20
217.3789324596
 30
0.0
 10
279.1227303679
 20
217.3635522229
 30
0.0
 10
279.1126360825
 20
217.3465711209
 30
0.0
 10
279.1029629844
 20
217.3280505068
 30
0.0
 10
279.0937458445
 20
217.308057561
 30
0.0
 10
279.0850181402
 20
217.2866650819
 30
0.0
 10
279.0768118901
 20
217.2639512813
 30
0.0
 10
279.0691570033
 20
217.2399992583
 30
0.0
 10
279.0595725198
 20
217.2059901385
 30
0.0
 10
279.049240882
 20
217.1609888379
 30
0.0
 10
279.0396128597
 20
217.1044036781
 30
0.0
 10
279.0327105076
 20
217.0452313376
 30
0.0
 10
279.0286370158
 20
216.9843419632
 30
0.0
 10
279.0274535169
 20
216.9226297902
 30
0.0
 10
279.0291778247
 20
216.8610017887
 30
0.0
 10
279.0337838145
 20
216.8003664318
 30
0.0
 10
279.0388172316
 20
216.7605032171
 30
0.0
 10
279.0418311219
 20
216.7409218057
 30
0.0
  0
SPLINE
  5
C48
100
AcDbEntity
  8
0
100
AcDbSpline
 62
7
  6
CONTINUOUS
 70
0
 71
3
 72
23
 73
19
 74
0
 42
0.0000001
 43
0.0000001
 44
0.0000000001
 40
0.0
 40
0.0
 40
0.0
 40
0.0
 40
0.0560422185
 40
0.1146468057
 40
0.175500905
 40
0.2382641237
 40
0.3025739155
 40
0.3680505093
 40
0.4343015224
 40
0.5009263624
 40
0.5675205196
 40
0.6336798041
 40
0.6990045904
 40
0.7631041176
 40
0.8256009247
 40
0.886135489
 40
0.944371227
 40
1.0
 40
1.0
 40
1.0
 40
1.0
 10
280.3680844203
 20
206.8296683013
 30
0.0
 10
280.3733357572
 20
206.8466616495
 30
0.0
 10
280.3832093995
 20
206.8816984635
 30
0.0
 10
280.3959311538
 20
206.935941284
 30
0.0
 10
280.4068295953
 20
206.992752828
 30
0.0
 10
280.4158258471
 20
207.0517270072
 30
0.0
 10
280.4228552386
 20
207.1124440752
 30
0.0
 10
280.4278670731
 20
207.1744707818
 30
0.0
 10
280.4308252197
 20
207.2373644401
 30
0.0
 10
280.431708345
 20
207.3006759569
 30
0.0
 10
280.4305100805
 20
207.3639531917
 30
0.0
 10
280.4272390652
 20
207.4267442551
 30
0.0
 10
280.4219188951
 20
207.4886008051
 30
0.0
 10
280.4145879112
 20
207.5490814044
 30
0.0
 10
280.4052989971
 20
207.6077545391
 30
0.0
 10
280.394118896
 20
207.6642026949
 30
0.0
 10
280.3811285398
 20
207.718022443
 30
0.0
 10
280.3710761721
 20
207.7527503828
 30
0.0
 10
280.3657374042
 20
207.7695788561
 30
0.0
  0
SPLINE
  5
C49
100
AcDbEntity
  8
0
100
AcDbSpline
 62
7
  6
CONTINUOUS
 70
0
 71
3
 72
23
 73
19
 74
0
 42
0.0000001
 43
0.0000001
 44
0.0000000001
 40
0.0
 40
0.0
 40
0.0
 40
0.0
 40
0.0494135249
 40
0.1026266731
 40
0.1593416098
 40
0.2191892969
 40
0.2817439796
 40
0.3465350198
 40
0.4130569987
 40
0.4807787623
 40
0.5491518571
 40
0.6176186075
 40
0.6856200193
 40
0.7526036673
 40
0.8180316921
 40
0.8813890887
 40
0.9421925402
 40
1.0
 40
1.0
 40
1.0
 40
1.0
 10
279.7974455264
 20
207.5308737933
 30
0.0
 10
279.8005642929
 20
207.5245184116
 30
0.0
 10
279.806499473
 20
207.5110490828
 30
0.0
 10
279.8142807513
 20
207.4895730747
 30
0.0
 10
279.821211287
 20
207.4662445734
 30
0.0
 10
279.8272237745
 20
207.4412863165
 30
0.0
 10
279.8322604118
 20
207.4149351913
 30
0.0
 10
279.8362723304
 20
207.3874429703
 30
0.0
 10
279.8392206048
 20
207.3590726839
 30
0.0
 10
279.8410765871
 20
207.3300962001
 30
0.0
 10
279.8418222424
 20
207.3007914038
 30
0.0
 10
279.841450318
 20
207.2714394416
 30
0.0
 10
279.8399644305
 20
207.2423219356
 30
0.0
 10
279.8373790209
 20
207.2137181487
 30
0.0
 10
279.8337192332
 20
207.1859023543
 30
0.0
 10
279.8290205184
 20
207.1591405379
 30
0.0
 10
279.8233287322
 20
207.1336896129
 30
0.0
 10
279.8187834134
 20
207.117305505
 30
0.0
 10
279.8163381887
 20
207.1093927476
 30
0.0
  0
SPLINE
  5
C4A
100
AcDbEntity
  8
0
100
AcDbSpline
 62
7
  6
CONTINUOUS
 70
0
 71
3
 72
15
 73
11
 74
0
 42
0.0000001
 43
0.0000001
 44
0.0000000001
 40
0.0
 40
0.0
 40
0.0
 40
0.0
 40
0.1214542118
 40
0.2458393864
 40
0.3722170437
 40
0.4996218229
 40
0.6270746751
 40
0.7535959151
 40
0.8782182622
 40
1.0
 40
1.0
 40
1.0
 40
1.0
 10
277.6595096758
 20
216.3392619551
 30
0.0
 10
277.6620590441
 20
216.3553836039
 30
0.0
 10
277.6665236355
 20
216.3881294484
 30
0.0
 10
277.671308704
 20
216.4379334214
 30
0.0
 10
277.6742348972
 20
216.4886824974
 30
0.0
 10
277.6752752878
 20
216.5399170364
 30
0.0
 10
277.6744204079
 20
216.5911742928
 30
0.0
 10
277.6716780292
 20
216.641991304
 30
0.0
 10
277.6670733924
 20
216.6919078094
 30
0.0
 10
277.6627291579
 20
216.7247462943
 30
0.0
 10
277.6602394897
 20
216.7409218057
 30
0.0
  0
SPLINE
  5
C4B
100
AcDbEntity
  8
0
100
AcDbSpline
 62
7
  6
CONTINUOUS
 70
0
 71
3
 72
31
 73
27
 74
0
 42
0.0000001
 43
0.0000001
 44
0.0000000001
 40
0.0
 40
0.0
 40
0.0
 40
0.0
 40
0.0156966426
 40
0.0317131833
 40
0.0483458865
 40
0.065851239
 40
0.0844378134
 40
0.1042655672
 40
0.1254497498
 40
0.1480667153
 40
0.172159953
 40
0.1977455136
 40
0.2248165486
 40
0.2533470066
 40
0.2832946167
 40
0.3146032766
 40
0.3472049953
 40
0.381021515
 40
0.4519343207
 40
0.5265669166
 40
0.6040416722
 40
0.6834147427
 40
0.7636999463
 40
0.8438912361
 40
0.9229845927
 40
1.0
 40
1.0
 40
1.0
 40
1.0
 10
277.8449097393
 20
217.4383855884
 30
0.0
 10
277.8408718226
 20
217.4383840522
 30
0.0
 10
277.832700129
 20
217.4377360326
 30
0.0
 10
277.82055753
 20
217.4348481112
 30
0.0
 10
277.8085296262
 20
217.430064574
 30
0.0
 10
277.7966667571
 20
217.4234171775
 30
0.0
 10
277.7850076058
 20
217.4149412128
 30
0.0
 10
277.7735892073
 20
217.404674142
 30
0.0
 10
277.7624474397
 20
217.3926563576
 30
0.0
 10
277.7516184907
 20
217.3789324596
 30
0.0
 10
277.7411387357
 20
217.3635522229
 30
0.0
 10
277.7310444503
 20
217.3465711209
 30
0.0
 10
277.7213713522
 20
217.3280505068
 30
0.0
 10
277.7121542123
 20
217.308057561
 30
0.0
 10
277.703426508
 20
217.2866650819
 30
0.0
 10
277.6952202579
 20
217.2639512813
 30
0.0
 10
277.687565371
 20
217.2399992583
 30
0.0
 10
277.6779808876
 20
217.2059901385
 30
0.0
 10
277.6676492497
 20
217.1609888379
 30
0.0
 10
277.6580212275
 20
217.1044036781
 30
0.0
 10
277.6511188754
 20
217.0452313376
 30
0.0
 10
277.6470453836
 20
216.9843419632
 30
0.0
 10
277.6458618847
 20
216.9226297902
 30
0.0
 10
277.6475861925
 20
216.8610017887
 30
0.0
 10
277.6521921823
 20
216.8003664318
 30
0.0
 10
277.6572255993
 20
216.7605032171
 30
0.0
 10
277.6602394897
 20
216.7409218057
 30
0.0
  0
SPLINE
  5
C4C
100
AcDbEntity
  8
0
100
AcDbSpline
 62
7
  6
CONTINUOUS
 70
0
 71
3
 72
23
 73
19
 74
0
 42
0.0000001
 43
0.0000001
 44
0.0000000001
 40
0.0
 40
0.0
 40
0.0
 40
0.0
 40
0.0560422185
 40
0.1146468057
 40
0.175500905
 40
0.2382641237
 40
0.3025739155
 40
0.3680505093
 40
0.4343015224
 40
0.5009263624
 40
0.5675205196
 40
0.6336798041
 40
0.6990045904
 40
0.7631041176
 40
0.8256009247
 40
0.886135489
 40
0.944371227
 40
1.0
 40
1.0
 40
1.0
 40
1.0
 10
278.9864927881
 20
206.8296683013
 30
0.0
 10
278.9917441249
 20
206.8466616495
 30
0.0
 10
279.0016177673
 20
206.8816984635
 30
0.0
 10
279.0143395216
 20
206.935941284
 30
0.0
 10
279.0252379631
 20
206.992752828
 30
0.0
 10
279.0342342149
 20
207.0517270072
 30
0.0
 10
279.0412636064
 20
207.1124440752
 30
0.0
 10
279.0462754409
 20
207.1744707818
 30
0.0
 10
279.0492335875
 20
207.2373644401
 30
0.0
 10
279.0501167128
 20
207.3006759569
 30
0.0
 10
279.0489184483
 20
207.3639531917
 30
0.0
 10
279.0456474329
 20
207.4267442551
 30
0.0
 10
279.0403272629
 20
207.4886008051
 30
0.0
 10
279.032996279
 20
207.5490814044
 30
0.0
 10
279.0237073649
 20
207.6077545391
 30
0.0
 10
279.0125272638
 20
207.6642026949
 30
0.0
 10
278.9995369075
 20
207.718022443
 30
0.0
 10
278.9894845399
 20
207.7527503828
 30
0.0
 10
278.984145772
 20
207.7695788561
 30
0.0
  0
SPLINE
  5
C4D
100
AcDbEntity
  8
0
100
AcDbSpline
 62
7
  6
CONTINUOUS
 70
0
 71
3
 72
23
 73
19
 74
0
 42
0.0000001
 43
0.0000001
 44
0.0000000001
 40
0.0
 40
0.0
 40
0.0
 40
0.0
 40
0.0494135249
 40
0.1026266731
 40
0.1593416098
 40
0.2191892969
 40
0.2817439796
 40
0.3465350198
 40
0.4130569987
 40
0.4807787623
 40
0.5491518571
 40
0.6176186075
 40
0.6856200193
 40
0.7526036673
 40
0.8180316921
 40
0.8813890887
 40
0.9421925402
 40
1.0
 40
1.0
 40
1.0
 40
1.0
 10
278.4158538942
 20
207.5308737933
 30
0.0
 10
278.4189726607
 20
207.5245184116
 30
0.0
 10
278.4249078407
 20
207.5110490828
 30
0.0
 10
278.4326891191
 20
207.4895730747
 30
0.0
 10
278.4396196547
 20
207.4662445734
 30
0.0
 10
278.4456321423
 20
207.4412863165
 30
0.0
 10
278.4506687796
 20
207.4149351913
 30
0.0
 10
278.4546806982
 20
207.3874429703
 30
0.0
 10
278.4576289726
 20
207.3590726839
 30
0.0
 10
278.4594849549
 20
207.3300962001
 30
0.0
 10
278.4602306102
 20
207.3007914038
 30
0.0
 10
278.4598586858
 20
207.2714394416
 30
0.0
 10
278.4583727983
 20
207.2423219356
 30
0.0
 10
278.4557873886
 20
207.2137181487
 30
0.0
 10
278.452127601
 20
207.1859023543
 30
0.0
 10
278.4474288862
 20
207.1591405379
 30
0.0
 10
278.4417371
 20
207.1336896129
 30
0.0
 10
278.4371917812
 20
207.117305505
 30
0.0
 10
278.4347465565
 20
207.1093927476
 30
0.0
  0
SPLINE
  5
C4E
100
AcDbEntity
  8
0
100
AcDbSpline
 62
7
  6
CONTINUOUS
 70
0
 71
3
 72
15
 73
11
 74
0
 42
0.0000001
 43
0.0000001
 44
0.0000000001
 40
0.0
 40
0.0
 40
0.0
 40
0.0
 40
0.1214542118
 40
0.2458393864
 40
0.3722170437
 40
0.4996218229
 40
0.6270746751
 40
0.7535959151
 40
0.8782182622
 40
1.0
 40
1.0
 40
1.0
 40
1.0
 10
276.2779180436
 20
216.3392619551
 30
0.0
 10
276.2804674119
 20
216.3553836039
 30
0.0
 10
276.2849320032
 20
216.3881294484
 30
0.0
 10
276.2897170718
 20
216.4379334214
 30
0.0
 10
276.292643265
 20
216.4886824974
 30
0.0
 10
276.2936836556
 20
216.5399170364
 30
0.0
 10
276.2928287757
 20
216.5911742928
 30
0.0
 10
276.290086397
 20
216.641991304
 30
0.0
 10
276.2854817601
 20
216.6919078094
 30
0.0
 10
276.2811375257
 20
216.7247462943
 30
0.0
 10
276.2786478575
 20
216.7409218057
 30
0.0
  0
SPLINE
  5
C4F
100
AcDbEntity
  8
0
100
AcDbSpline
 62
7
  6
CONTINUOUS
 70
0
 71
3
 72
31
 73
27
 74
0
 42
0.0000001
 43
0.0000001
 44
0.0000000001
 40
0.0
 40
0.0
 40
0.0
 40
0.0
 40
0.0156966426
 40
0.0317131833
 40
0.0483458865
 40
0.065851239
 40
0.0844378134
 40
0.1042655672
 40
0.1254497498
 40
0.1480667153
 40
0.172159953
 40
0.1977455136
 40
0.2248165486
 40
0.2533470066
 40
0.2832946167
 40
0.3146032766
 40
0.3472049953
 40
0.381021515
 40
0.4519343207
 40
0.5265669166
 40
0.6040416722
 40
0.6834147427
 40
0.7636999463
 40
0.8438912361
 40
0.9229845927
 40
1.0
 40
1.0
 40
1.0
 40
1.0
 10
276.4633181071
 20
217.4383855884
 30
0.0
 10
276.4592801903
 20
217.4383840522
 30
0.0
 10
276.4511084968
 20
217.4377360326
 30
0.0
 10
276.4389658978
 20
217.4348481112
 30
0.0
 10
276.426937994
 20
217.430064574
 30
0.0
 10
276.4150751249
 20
217.4234171775
 30
0.0
 10
276.4034159735
 20
217.4149412128
 30
0.0
 10
276.3919975751
 20
217.404674142
 30
0.0
 10
276.3808558075
 20
217.3926563576
 30
0.0
 10
276.3700268585
 20
217.3789324596
 30
0.0
 10
276.3595471035
 20
217.3635522229
 30
0.0
 10
276.3494528181
 20
217.3465711209
 30
0.0
 10
276.33977972
 20
217.3280505068
 30
0.0
 10
276.3305625801
 20
217.308057561
 30
0.0
 10
276.3218348758
 20
217.2866650819
 30
0.0
 10
276.3136286256
 20
217.2639512813
 30
0.0
 10
276.3059737388
 20
217.2399992583
 30
0.0
 10
276.2963892553
 20
217.2059901385
 30
0.0
 10
276.2860576175
 20
217.1609888379
 30
0.0
 10
276.2764295953
 20
217.1044036781
 30
0.0
 10
276.2695272432
 20
217.0452313376
 30
0.0
 10
276.2654537514
 20
216.9843419632
 30
0.0
 10
276.2642702525
 20
216.9226297902
 30
0.0
 10
276.2659945603
 20
216.8610017887
 30
0.0
 10
276.2706005501
 20
216.8003664318
 30
0.0
 10
276.2756339671
 20
216.7605032171
 30
0.0
 10
276.2786478575
 20
216.7409218057
 30
0.0
  0
SPLINE
  5
C50
100
AcDbEntity
  8
0
100
AcDbSpline
 62
7
  6
CONTINUOUS
 70
0
 71
3
 72
23
 73
19
 74
0
 42
0.0000001
 43
0.0000001
 44
0.0000000001
 40
0.0
 40
0.0
 40
0.0
 40
0.0
 40
0.0560422185
 40
0.1146468057
 40
0.175500905
 40
0.2382641237
 40
0.3025739155
 40
0.3680505093
 40
0.4343015224
 40
0.5009263624
 40
0.5675205196
 40
0.6336798041
 40
0.6990045904
 40
0.7631041176
 40
0.8256009247
 40
0.886135489
 40
0.944371227
 40
1.0
 40
1.0
 40
1.0
 40
1.0
 10
277.6049011558
 20
206.8296683013
 30
0.0
 10
277.6101524927
 20
206.8466616495
 30
0.0
 10
277.6200261351
 20
206.8816984635
 30
0.0
 10
277.6327478894
 20
206.935941284
 30
0.0
 10
277.6436463308
 20
206.992752828
 30
0.0
 10
277.6526425827
 20
207.0517270072
 30
0.0
 10
277.6596719742
 20
207.1124440752
 30
0.0
 10
277.6646838087
 20
207.1744707818
 30
0.0
 10
277.6676419553
 20
207.2373644401
 30
0.0
 10
277.6685250806
 20
207.3006759569
 30
0.0
 10
277.6673268161
 20
207.3639531917
 30
0.0
 10
277.6640558007
 20
207.4267442551
 30
0.0
 10
277.6587356307
 20
207.4886008051
 30
0.0
 10
277.6514046468
 20
207.5490814044
 30
0.0
 10
277.6421157327
 20
207.6077545391
 30
0.0
 10
277.6309356315
 20
207.6642026949
 30
0.0
 10
277.6179452753
 20
207.718022443
 30
0.0
 10
277.6078929077
 20
207.7527503828
 30
0.0
 10
277.6025541398
 20
207.7695788561
 30
0.0
  0
SPLINE
  5
C51
100
AcDbEntity
  8
0
100
AcDbSpline
 62
7
  6
CONTINUOUS
 70
0
 71
3
 72
23
 73
19
 74
0
 42
0.0000001
 43
0.0000001
 44
0.0000000001
 40
0.0
 40
0.0
 40
0.0
 40
0.0
 40
0.0494135249
 40
0.1026266731
 40
0.1593416098
 40
0.2191892969
 40
0.2817439796
 40
0.3465350198
 40
0.4130569987
 40
0.4807787623
 40
0.5491518571
 40
0.6176186075
 40
0.6856200193
 40
0.7526036673
 40
0.8180316921
 40
0.8813890887
 40
0.9421925402
 40
1.0
 40
1.0
 40
1.0
 40
1.0
 10
277.0342622619
 20
207.5308737933
 30
0.0
 10
277.0373810285
 20
207.5245184116
 30
0.0
 10
277.0433162085
 20
207.5110490828
 30
0.0
 10
277.0510974869
 20
207.4895730747
 30
0.0
 10
277.0580280225
 20
207.4662445734
 30
0.0
 10
277.0640405101
 20
207.4412863165
 30
0.0
 10
277.0690771474
 20
207.4149351913
 30
0.0
 10
277.073089066
 20
207.3874429703
 30
0.0
 10
277.0760373404
 20
207.3590726839
 30
0.0
 10
277.0778933227
 20
207.3300962001
 30
0.0
 10
277.078638978
 20
207.3007914038
 30
0.0
 10
277.0782670536
 20
207.2714394416
 30
0.0
 10
277.0767811661
 20
207.2423219356
 30
0.0
 10
277.0741957564
 20
207.2137181487
 30
0.0
 10
277.0705359688
 20
207.1859023543
 30
0.0
 10
277.065837254
 20
207.1591405379
 30
0.0
 10
277.0601454677
 20
207.1336896129
 30
0.0
 10
277.055600149
 20
207.117305505
 30
0.0
 10
277.0531549243
 20
207.1093927476
 30
0.0
  0
SPLINE
  5
C52
100
AcDbEntity
  8
0
100
AcDbSpline
 62
7
  6
CONTINUOUS
 70
0
 71
3
 72
15
 73
11
 74
0
 42
0.0000001
 43
0.0000001
 44
0.0000000001
 40
0.0
 40
0.0
 40
0.0
 40
0.0
 40
0.1214542118
 40
0.2458393864
 40
0.3722170437
 40
0.4996218229
 40
0.6270746751
 40
0.7535959151
 40
0.8782182622
 40
1.0
 40
1.0
 40
1.0
 40
1.0
 10
274.8963264114
 20
216.3392619551
 30
0.0
 10
274.8988757797
 20
216.3553836039
 30
0.0
 10
274.903340371
 20
216.3881294484
 30
0.0
 10
274.9081254396
 20
216.4379334214
 30
0.0
 10
274.9110516328
 20
216.4886824974
 30
0.0
 10
274.9120920234
 20
216.5399170364
 30
0.0
 10
274.9112371435
 20
216.5911742928
 30
0.0
 10
274.9084947648
 20
216.641991304
 30
0.0
 10
274.9038901279
 20
216.6919078094
 30
0.0
 10
274.8995458935
 20
216.7247462943
 30
0.0
 10
274.8970562252
 20
216.7409218057
 30
0.0
  0
SPLINE
  5
C53
100
AcDbEntity
  8
0
100
AcDbSpline
 62
7
  6
CONTINUOUS
 70
0
 71
3
 72
31
 73
27
 74
0
 42
0.0000001
 43
0.0000001
 44
0.0000000001
 40
0.0
 40
0.0
 40
0.0
 40
0.0
 40
0.0156966426
 40
0.0317131833
 40
0.0483458865
 40
0.065851239
 40
0.0844378134
 40
0.1042655672
 40
0.1254497498
 40
0.1480667153
 40
0.172159953
 40
0.1977455136
 40
0.2248165486
 40
0.2533470066
 40
0.2832946167
 40
0.3146032766
 40
0.3472049953
 40
0.381021515
 40
0.4519343207
 40
0.5265669166
 40
0.6040416722
 40
0.6834147427
 40
0.7636999463
 40
0.8438912361
 40
0.9229845927
 40
1.0
 40
1.0
 40
1.0
 40
1.0
 10
275.0817264749
 20
217.4383855884
 30
0.0
 10
275.0776885581
 20
217.4383840522
 30
0.0
 10
275.0695168646
 20
217.4377360326
 30
0.0
 10
275.0573742656
 20
217.4348481112
 30
0.0
 10
275.0453463618
 20
217.430064574
 30
0.0
 10
275.0334834927
 20
217.4234171775
 30
0.0
 10
275.0218243413
 20
217.4149412128
 30
0.0
 10
275.0104059429
 20
217.404674142
 30
0.0
 10
274.9992641753
 20
217.3926563576
 30
0.0
 10
274.9884352263
 20
217.3789324596
 30
0.0
 10
274.9779554713
 20
217.3635522229
 30
0.0
 10
274.9678611859
 20
217.3465711209
 30
0.0
 10
274.9581880878
 20
217.3280505068
 30
0.0
 10
274.9489709479
 20
217.308057561
 30
0.0
 10
274.9402432436
 20
217.2866650819
 30
0.0
 10
274.9320369934
 20
217.2639512813
 30
0.0
 10
274.9243821066
 20
217.2399992583
 30
0.0
 10
274.9147976231
 20
217.2059901385
 30
0.0
 10
274.9044659853
 20
217.1609888379
 30
0.0
 10
274.8948379631
 20
217.1044036781
 30
0.0
 10
274.887935611
 20
217.0452313376
 30
0.0
 10
274.8838621192
 20
216.9843419632
 30
0.0
 10
274.8826786202
 20
216.9226297902
 30
0.0
 10
274.8844029281
 20
216.8610017887
 30
0.0
 10
274.8890089179
 20
216.8003664318
 30
0.0
 10
274.8940423349
 20
216.7605032171
 30
0.0
 10
274.8970562252
 20
216.7409218057
 30
0.0
  0
SPLINE
  5
C54
100
AcDbEntity
  8
0
100
AcDbSpline
 62
7
  6
CONTINUOUS
 70
0
 71
3
 72
23
 73
19
 74
0
 42
0.0000001
 43
0.0000001
 44
0.0000000001
 40
0.0
 40
0.0
 40
0.0
 40
0.0
 40
0.0560422185
 40
0.1146468057
 40
0.175500905
 40
0.2382641237
 40
0.3025739155
 40
0.3680505093
 40
0.4343015224
 40
0.5009263624
 40
0.5675205196
 40
0.6336798041
 40
0.6990045904
 40
0.7631041176
 40
0.8256009247
 40
0.886135489
 40
0.944371227
 40
1.0
 40
1.0
 40
1.0
 40
1.0
 10
276.2233095236
 20
206.8296683013
 30
0.0
 10
276.2285608605
 20
206.8466616495
 30
0.0
 10
276.2384345028
 20
206.8816984635
 30
0.0
 10
276.2511562572
 20
206.935941284
 30
0.0
 10
276.2620546986
 20
206.992752828
 30
0.0
 10
276.2710509505
 20
207.0517270072
 30
0.0
 10
276.278080342
 20
207.1124440752
 30
0.0
 10
276.2830921765
 20
207.1744707818
 30
0.0
 10
276.2860503231
 20
207.2373644401
 30
0.0
 10
276.2869334484
 20
207.3006759569
 30
0.0
 10
276.2857351838
 20
207.3639531917
 30
0.0
 10
276.2824641685
 20
207.4267442551
 30
0.0
 10
276.2771439985
 20
207.4886008051
 30
0.0
 10
276.2698130145
 20
207.5490814044
 30
0.0
 10
276.2605241005
 20
207.6077545391
 30
0.0
 10
276.2493439993
 20
207.6642026949
 30
0.0
 10
276.2363536431
 20
207.718022443
 30
0.0
 10
276.2263012755
 20
207.7527503828
 30
0.0
 10
276.2209625076
 20
207.7695788561
 30
0.0
  0
SPLINE
  5
C55
100
AcDbEntity
  8
0
100
AcDbSpline
 62
7
  6
CONTINUOUS
 70
0
 71
3
 72
23
 73
19
 74
0
 42
0.0000001
 43
0.0000001
 44
0.0000000001
 40
0.0
 40
0.0
 40
0.0
 40
0.0
 40
0.0494135249
 40
0.1026266731
 40
0.1593416098
 40
0.2191892969
 40
0.2817439796
 40
0.3465350198
 40
0.4130569987
 40
0.4807787623
 40
0.5491518571
 40
0.6176186075
 40
0.6856200193
 40
0.7526036673
 40
0.8180316921
 40
0.8813890887
 40
0.9421925402
 40
1.0
 40
1.0
 40
1.0
 40
1.0
 10
275.6526706297
 20
207.5308737933
 30
0.0
 10
275.6557893963
 20
207.5245184116
 30
0.0
 10
275.6617245763
 20
207.5110490828
 30
0.0
 10
275.6695058547
 20
207.4895730747
 30
0.0
 10
275.6764363903
 20
207.4662445734
 30
0.0
 10
275.6824488779
 20
207.4412863165
 30
0.0
 10
275.6874855152
 20
207.4149351913
 30
0.0
 10
275.6914974337
 20
207.3874429703
 30
0.0
 10
275.6944457082
 20
207.3590726839
 30
0.0
 10
275.6963016904
 20
207.3300962001
 30
0.0
 10
275.6970473458
 20
207.3007914038
 30
0.0
 10
275.6966754214
 20
207.2714394416
 30
0.0
 10
275.6951895339
 20
207.2423219356
 30
0.0
 10
275.6926041242
 20
207.2137181487
 30
0.0
 10
275.6889443365
 20
207.1859023543
 30
0.0
 10
275.6842456218
 20
207.1591405379
 30
0.0
 10
275.6785538355
 20
207.1336896129
 30
0.0
 10
275.6740085168
 20
207.117305505
 30
0.0
 10
275.6715632921
 20
207.1093927476
 30
0.0
  0
SPLINE
  5
C56
100
AcDbEntity
  8
0
100
AcDbSpline
 62
7
  6
CONTINUOUS
 70
0
 71
3
 72
23
 73
19
 74
0
 42
0.0000001
 43
0.0000001
 44
0.0000000001
 40
0.0
 40
0.0
 40
0.0
 40
0.0
 40
0.0494135249
 40
0.1026266731
 40
0.1593416098
 40
0.2191892969
 40
0.2817439796
 40
0.3465350198
 40
0.4130569987
 40
0.4807787623
 40
0.5491518571
 40
0.6176186075
 40
0.6856200193
 40
0.7526036673
 40
0.8180316921
 40
0.8813890887
 40
0.9421925402
 40
1.0
 40
1.0
 40
1.0
 40
1.0
 10
267.3631208364
 20
207.5308737933
 30
0.0
 10
267.366239603
 20
207.5245184116
 30
0.0
 10
267.372174783
 20
207.5110490828
 30
0.0
 10
267.3799560614
 20
207.4895730747
 30
0.0
 10
267.386886597
 20
207.4662445734
 30
0.0
 10
267.3928990846
 20
207.4412863165
 30
0.0
 10
267.3979357219
 20
207.4149351913
 30
0.0
 10
267.4019476405
 20
207.3874429703
 30
0.0
 10
267.4048959149
 20
207.3590726839
 30
0.0
 10
267.4067518971
 20
207.3300962001
 30
0.0
 10
267.4074975525
 20
207.3007914038
 30
0.0
 10
267.4071256281
 20
207.2714394416
 30
0.0
 10
267.4056397406
 20
207.2423219356
 30
0.0
 10
267.4030543309
 20
207.2137181487
 30
0.0
 10
267.3993945432
 20
207.1859023543
 30
0.0
 10
267.3946958285
 20
207.1591405379
 30
0.0
 10
267.3890040422
 20
207.1336896129
 30
0.0
 10
267.3844587235
 20
207.117305505
 30
0.0
 10
267.3820134988
 20
207.1093927476
 30
0.0
  0
SPLINE
  5
C57
100
AcDbEntity
  8
0
100
AcDbSpline
 62
7
  6
CONTINUOUS
 70
0
 71
3
 72
23
 73
19
 74
0
 42
0.0000001
 43
0.0000001
 44
0.0000000001
 40
0.0
 40
0.0
 40
0.0
 40
0.0
 40
0.0560422185
 40
0.1146468057
 40
0.175500905
 40
0.2382641237
 40
0.3025739155
 40
0.3680505093
 40
0.4343015224
 40
0.5009263624
 40
0.5675205196
 40
0.6336798041
 40
0.6990045904
 40
0.7631041176
 40
0.8256009247
 40
0.886135489
 40
0.944371227
 40
1.0
 40
1.0
 40
1.0
 40
1.0
 10
267.9337597303
 20
206.8296683013
 30
0.0
 10
267.9390110672
 20
206.8466616495
 30
0.0
 10
267.9488847096
 20
206.8816984635
 30
0.0
 10
267.9616064639
 20
206.935941284
 30
0.0
 10
267.9725049053
 20
206.992752828
 30
0.0
 10
267.9815011572
 20
207.0517270072
 30
0.0
 10
267.9885305487
 20
207.1124440752
 30
0.0
 10
267.9935423832
 20
207.1744707818
 30
0.0
 10
267.9965005298
 20
207.2373644401
 30
0.0
 10
267.9973836551
 20
207.3006759569
 30
0.0
 10
267.9961853905
 20
207.3639531917
 30
0.0
 10
267.9929143752
 20
207.4267442551
 30
0.0
 10
267.9875942052
 20
207.4886008051
 30
0.0
 10
267.9802632212
 20
207.5490814044
 30
0.0
 10
267.9709743072
 20
207.6077545391
 30
0.0
 10
267.959794206
 20
207.6642026949
 30
0.0
 10
267.9468038498
 20
207.718022443
 30
0.0
 10
267.9367514822
 20
207.7527503828
 30
0.0
 10
267.9314127143
 20
207.7695788561
 30
0.0
  0
SPLINE
  5
C58
100
AcDbEntity
  8
0
100
AcDbSpline
 62
7
  6
CONTINUOUS
 70
0
 71
3
 72
15
 73
11
 74
0
 42
0.0000001
 43
0.0000001
 44
0.0000000001
 40
0.0
 40
0.0
 40
0.0
 40
0.0
 40
0.1214542118
 40
0.2458393864
 40
0.3722170437
 40
0.4996218229
 40
0.6270746751
 40
0.7535959151
 40
0.8782182622
 40
1.0
 40
1.0
 40
1.0
 40
1.0
 10
273.5147347792
 20
216.3392619551
 30
0.0
 10
273.5172841475
 20
216.3553836039
 30
0.0
 10
273.5217487388
 20
216.3881294484
 30
0.0
 10
273.5265338074
 20
216.4379334214
 30
0.0
 10
273.5294600006
 20
216.4886824974
 30
0.0
 10
273.5305003912
 20
216.5399170364
 30
0.0
 10
273.5296455112
 20
216.5911742928
 30
0.0
 10
273.5269031326
 20
216.641991304
 30
0.0
 10
273.5222984957
 20
216.6919078094
 30
0.0
 10
273.5179542612
 20
216.7247462943
 30
0.0
 10
273.515464593
 20
216.7409218057
 30
0.0
  0
SPLINE
  5
C59
100
AcDbEntity
  8
0
100
AcDbSpline
 62
7
  6
CONTINUOUS
 70
0
 71
3
 72
31
 73
27
 74
0
 42
0.0000001
 43
0.0000001
 44
0.0000000001
 40
0.0
 40
0.0
 40
0.0
 40
0.0
 40
0.0156966426
 40
0.0317131833
 40
0.0483458865
 40
0.065851239
 40
0.0844378134
 40
0.1042655672
 40
0.1254497498
 40
0.1480667153
 40
0.172159953
 40
0.1977455136
 40
0.2248165486
 40
0.2533470066
 40
0.2832946167
 40
0.3146032766
 40
0.3472049953
 40
0.381021515
 40
0.4519343207
 40
0.5265669166
 40
0.6040416722
 40
0.6834147427
 40
0.7636999463
 40
0.8438912361
 40
0.9229845927
 40
1.0
 40
1.0
 40
1.0
 40
1.0
 10
266.7921766816
 20
217.4383855884
 30
0.0
 10
266.7881387648
 20
217.4383840522
 30
0.0
 10
266.7799670713
 20
217.4377360326
 30
0.0
 10
266.7678244723
 20
217.4348481112
 30
0.0
 10
266.7557965685
 20
217.430064574
 30
0.0
 10
266.7439336994
 20
217.4234171775
 30
0.0
 10
266.732274548
 20
217.4149412128
 30
0.0
 10
266.7208561496
 20
217.404674142
 30
0.0
 10
266.709714382
 20
217.3926563576
 30
0.0
 10
266.698885433
 20
217.3789324596
 30
0.0
 10
266.688405678
 20
217.3635522229
 30
0.0
 10
266.6783113926
 20
217.3465711209
 30
0.0
 10
266.6686382945
 20
217.3280505068
 30
0.0
 10
266.6594211546
 20
217.308057561
 30
0.0
 10
266.6506934503
 20
217.2866650819
 30
0.0
 10
266.6424872001
 20
217.2639512813
 30
0.0
 10
266.6348323133
 20
217.2399992583
 30
0.0
 10
266.6252478298
 20
217.2059901385
 30
0.0
 10
266.614916192
 20
217.1609888379
 30
0.0
 10
266.6052881698
 20
217.1044036781
 30
0.0
 10
266.5983858177
 20
217.0452313376
 30
0.0
 10
266.5943123259
 20
216.9843419632
 30
0.0
 10
266.5931288269
 20
216.9226297902
 30
0.0
 10
266.5948531348
 20
216.8610017887
 30
0.0
 10
266.5994591246
 20
216.8003664318
 30
0.0
 10
266.6044925416
 20
216.7605032171
 30
0.0
 10
266.607506432
 20
216.7409218057
 30
0.0
  0
SPLINE
  5
C5A
100
AcDbEntity
  8
0
100
AcDbSpline
 62
7
  6
CONTINUOUS
 70
0
 71
3
 72
15
 73
11
 74
0
 42
0.0000001
 43
0.0000001
 44
0.0000000001
 40
0.0
 40
0.0
 40
0.0
 40
0.0
 40
0.1214542118
 40
0.2458393864
 40
0.3722170437
 40
0.4996218229
 40
0.6270746751
 40
0.7535959151
 40
0.8782182622
 40
1.0
 40
1.0
 40
1.0
 40
1.0
 10
266.6067766181
 20
216.3392619551
 30
0.0
 10
266.6093259864
 20
216.3553836039
 30
0.0
 10
266.6137905777
 20
216.3881294484
 30
0.0
 10
266.6185756463
 20
216.4379334214
 30
0.0
 10
266.6215018395
 20
216.4886824974
 30
0.0
 10
266.6225422301
 20
216.5399170364
 30
0.0
 10
266.6216873502
 20
216.5911742928
 30
0.0
 10
266.6189449715
 20
216.641991304
 30
0.0
 10
266.6143403346
 20
216.6919078094
 30
0.0
 10
266.6099961002
 20
216.7247462943
 30
0.0
 10
266.607506432
 20
216.7409218057
 30
0.0
  0
SPLINE
  5
C5B
100
AcDbEntity
  8
0
100
AcDbSpline
 62
7
  6
CONTINUOUS
 70
0
 71
3
 72
31
 73
27
 74
0
 42
0.0000001
 43
0.0000001
 44
0.0000000001
 40
0.0
 40
0.0
 40
0.0
 40
0.0
 40
0.0156966426
 40
0.0317131833
 40
0.0483458865
 40
0.065851239
 40
0.0844378134
 40
0.1042655672
 40
0.1254497498
 40
0.1480667153
 40
0.172159953
 40
0.1977455136
 40
0.2248165486
 40
0.2533470066
 40
0.2832946167
 40
0.3146032766
 40
0.3472049953
 40
0.381021515
 40
0.4519343207
 40
0.5265669166
 40
0.6040416722
 40
0.6834147427
 40
0.7636999463
 40
0.8438912361
 40
0.9229845927
 40
1.0
 40
1.0
 40
1.0
 40
1.0
 10
273.7001348427
 20
217.4383855884
 30
0.0
 10
273.6960969259
 20
217.4383840522
 30
0.0
 10
273.6879252324
 20
217.4377360326
 30
0.0
 10
273.6757826334
 20
217.4348481112
 30
0.0
 10
273.6637547296
 20
217.430064574
 30
0.0
 10
273.6518918605
 20
217.4234171775
 30
0.0
 10
273.6402327091
 20
217.4149412128
 30
0.0
 10
273.6288143107
 20
217.404674142
 30
0.0
 10
273.6176725431
 20
217.3926563576
 30
0.0
 10
273.6068435941
 20
217.3789324596
 30
0.0
 10
273.5963638391
 20
217.3635522229
 30
0.0
 10
273.5862695537
 20
217.3465711209
 30
0.0
 10
273.5765964556
 20
217.3280505068
 30
0.0
 10
273.5673793156
 20
217.308057561
 30
0.0
 10
273.5586516114
 20
217.2866650819
 30
0.0
 10
273.5504453612
 20
217.2639512813
 30
0.0
 10
273.5427904744
 20
217.2399992583
 30
0.0
 10
273.5332059909
 20
217.2059901385
 30
0.0
 10
273.5228743531
 20
217.1609888379
 30
0.0
 10
273.5132463309
 20
217.1044036781
 30
0.0
 10
273.5063439787
 20
217.0452313376
 30
0.0
 10
273.502270487
 20
216.9843419632
 30
0.0
 10
273.501086988
 20
216.9226297902
 30
0.0
 10
273.5028112959
 20
216.8610017887
 30
0.0
 10
273.5074172857
 20
216.8003664318
 30
0.0
 10
273.5124507027
 20
216.7605032171
 30
0.0
 10
273.515464593
 20
216.7409218057
 30
0.0
  0
SPLINE
  5
C5C
100
AcDbEntity
  8
0
100
AcDbSpline
 62
7
  6
CONTINUOUS
 70
0
 71
3
 72
23
 73
19
 74
0
 42
0.0000001
 43
0.0000001
 44
0.0000000001
 40
0.0
 40
0.0
 40
0.0
 40
0.0
 40
0.0494135249
 40
0.1026266731
 40
0.1593416098
 40
0.2191892969
 40
0.2817439796
 40
0.3465350198
 40
0.4130569987
 40
0.4807787623
 40
0.5491518571
 40
0.6176186075
 40
0.6856200193
 40
0.7526036673
 40
0.8180316921
 40
0.8813890887
 40
0.9421925402
 40
1.0
 40
1.0
 40
1.0
 40
1.0
 10
268.7447124686
 20
207.5308737933
 30
0.0
 10
268.7478312352
 20
207.5245184116
 30
0.0
 10
268.7537664152
 20
207.5110490828
 30
0.0
 10
268.7615476936
 20
207.4895730747
 30
0.0
 10
268.7684782292
 20
207.4662445734
 30
0.0
 10
268.7744907168
 20
207.4412863165
 30
0.0
 10
268.7795273541
 20
207.4149351913
 30
0.0
 10
268.7835392727
 20
207.3874429703
 30
0.0
 10
268.7864875471
 20
207.3590726839
 30
0.0
 10
268.7883435294
 20
207.3300962001
 30
0.0
 10
268.7890891847
 20
207.3007914038
 30
0.0
 10
268.7887172603
 20
207.2714394416
 30
0.0
 10
268.7872313728
 20
207.2423219356
 30
0.0
 10
268.7846459631
 20
207.2137181487
 30
0.0
 10
268.7809861755
 20
207.1859023543
 30
0.0
 10
268.7762874607
 20
207.1591405379
 30
0.0
 10
268.7705956744
 20
207.1336896129
 30
0.0
 10
268.7660503557
 20
207.117305505
 30
0.0
 10
268.763605131
 20
207.1093927476
 30
0.0
  0
SPLINE
  5
C5D
100
AcDbEntity
  8
0
100
AcDbSpline
 62
7
  6
CONTINUOUS
 70
0
 71
3
 72
23
 73
19
 74
0
 42
0.0000001
 43
0.0000001
 44
0.0000000001
 40
0.0
 40
0.0
 40
0.0
 40
0.0
 40
0.0560422185
 40
0.1146468057
 40
0.175500905
 40
0.2382641237
 40
0.3025739155
 40
0.3680505093
 40
0.4343015224
 40
0.5009263624
 40
0.5675205196
 40
0.6336798041
 40
0.6990045904
 40
0.7631041176
 40
0.8256009247
 40
0.886135489
 40
0.944371227
 40
1.0
 40
1.0
 40
1.0
 40
1.0
 10
269.3153513625
 20
206.8296683013
 30
0.0
 10
269.3206026994
 20
206.8466616495
 30
0.0
 10
269.3304763418
 20
206.8816984635
 30
0.0
 10
269.3431980961
 20
206.935941284
 30
0.0
 10
269.3540965375
 20
206.992752828
 30
0.0
 10
269.3630927894
 20
207.0517270072
 30
0.0
 10
269.3701221809
 20
207.1124440752
 30
0.0
 10
269.3751340154
 20
207.1744707818
 30
0.0
 10
269.378092162
 20
207.2373644401
 30
0.0
 10
269.3789752873
 20
207.3006759569
 30
0.0
 10
269.3777770228
 20
207.3639531917
 30
0.0
 10
269.3745060074
 20
207.4267442551
 30
0.0
 10
269.3691858374
 20
207.4886008051
 30
0.0
 10
269.3618548535
 20
207.5490814044
 30
0.0
 10
269.3525659394
 20
207.6077545391
 30
0.0
 10
269.3413858383
 20
207.6642026949
 30
0.0
 10
269.328395482
 20
207.718022443
 30
0.0
 10
269.3183431144
 20
207.7527503828
 30
0.0
 10
269.3130043465
 20
207.7695788561
 30
0.0
  0
SPLINE
  5
C5E
100
AcDbEntity
  8
0
100
AcDbSpline
 62
7
  6
CONTINUOUS
 70
0
 71
3
 72
31
 73
27
 74
0
 42
0.0000001
 43
0.0000001
 44
0.0000000001
 40
0.0
 40
0.0
 40
0.0
 40
0.0
 40
0.0156966426
 40
0.0317131833
 40
0.0483458865
 40
0.065851239
 40
0.0844378134
 40
0.1042655672
 40
0.1254497498
 40
0.1480667153
 40
0.172159953
 40
0.1977455136
 40
0.2248165486
 40
0.2533470066
 40
0.2832946167
 40
0.3146032766
 40
0.3472049953
 40
0.381021515
 40
0.4519343207
 40
0.5265669166
 40
0.6040416722
 40
0.6834147427
 40
0.7636999463
 40
0.8438912361
 40
0.9229845927
 40
1.0
 40
1.0
 40
1.0
 40
1.0
 10
268.1737683138
 20
217.4383855884
 30
0.0
 10
268.169730397
 20
217.4383840522
 30
0.0
 10
268.1615587035
 20
217.4377360326
 30
0.0
 10
268.1494161045
 20
217.4348481112
 30
0.0
 10
268.1373882007
 20
217.430064574
 30
0.0
 10
268.1255253316
 20
217.4234171775
 30
0.0
 10
268.1138661803
 20
217.4149412128
 30
0.0
 10
268.1024477818
 20
217.404674142
 30
0.0
 10
268.0913060142
 20
217.3926563576
 30
0.0
 10
268.0804770652
 20
217.3789324596
 30
0.0
 10
268.0699973102
 20
217.3635522229
 30
0.0
 10
268.0599030248
 20
217.3465711209
 30
0.0
 10
268.0502299267
 20
217.3280505068
 30
0.0
 10
268.0410127868
 20
217.308057561
 30
0.0
 10
268.0322850825
 20
217.2866650819
 30
0.0
 10
268.0240788324
 20
217.2639512813
 30
0.0
 10
268.0164239455
 20
217.2399992583
 30
0.0
 10
268.0068394621
 20
217.2059901385
 30
0.0
 10
267.9965078242
 20
217.1609888379
 30
0.0
 10
267.986879802
 20
217.1044036781
 30
0.0
 10
267.9799774499
 20
217.0452313376
 30
0.0
 10
267.9759039581
 20
216.9843419632
 30
0.0
 10
267.9747204592
 20
216.9226297902
 30
0.0
 10
267.976444767
 20
216.8610017887
 30
0.0
 10
267.9810507568
 20
216.8003664318
 30
0.0
 10
267.9860841738
 20
216.7605032171
 30
0.0
 10
267.9890980642
 20
216.7409218057
 30
0.0
  0
SPLINE
  5
C5F
100
AcDbEntity
  8
0
100
AcDbSpline
 62
7
  6
CONTINUOUS
 70
0
 71
3
 72
15
 73
11
 74
0
 42
0.0000001
 43
0.0000001
 44
0.0000000001
 40
0.0
 40
0.0
 40
0.0
 40
0.0
 40
0.1214542118
 40
0.2458393864
 40
0.3722170437
 40
0.4996218229
 40
0.6270746751
 40
0.7535959151
 40
0.8782182622
 40
1.0
 40
1.0
 40
1.0
 40
1.0
 10
267.9883682503
 20
216.3392619551
 30
0.0
 10
267.9909176186
 20
216.3553836039
 30
0.0
 10
267.99538221
 20
216.3881294484
 30
0.0
 10
268.0001672785
 20
216.4379334214
 30
0.0
 10
268.0030934717
 20
216.4886824974
 30
0.0
 10
268.0041338623
 20
216.5399170364
 30
0.0
 10
268.0032789824
 20
216.5911742928
 30
0.0
 10
268.0005366037
 20
216.641991304
 30
0.0
 10
267.9959319668
 20
216.6919078094
 30
0.0
 10
267.9915877324
 20
216.7247462943
 30
0.0
 10
267.9890980642
 20
216.7409218057
 30
0.0
  0
SPLINE
  5
C60
100
AcDbEntity
  8
0
100
AcDbSpline
 62
7
  6
CONTINUOUS
 70
0
 71
3
 72
23
 73
19
 74
0
 42
0.0000001
 43
0.0000001
 44
0.0000000001
 40
0.0
 40
0.0
 40
0.0
 40
0.0
 40
0.0560422185
 40
0.1146468057
 40
0.175500905
 40
0.2382641237
 40
0.3025739155
 40
0.3680505093
 40
0.4343015224
 40
0.5009263624
 40
0.5675205196
 40
0.6336798041
 40
0.6990045904
 40
0.7631041176
 40
0.8256009247
 40
0.886135489
 40
0.944371227
 40
1.0
 40
1.0
 40
1.0
 40
1.0
 10
274.8417178914
 20
206.8296683013
 30
0.0
 10
274.8469692283
 20
206.8466616495
 30
0.0
 10
274.8568428706
 20
206.8816984635
 30
0.0
 10
274.869564625
 20
206.935941284
 30
0.0
 10
274.8804630664
 20
206.992752828
 30
0.0
 10
274.8894593183
 20
207.0517270072
 30
0.0
 10
274.8964887098
 20
207.1124440752
 30
0.0
 10
274.9015005443
 20
207.1744707818
 30
0.0
 10
274.9044586909
 20
207.2373644401
 30
0.0
 10
274.9053418161
 20
207.3006759569
 30
0.0
 10
274.9041435516
 20
207.3639531917
 30
0.0
 10
274.9008725363
 20
207.4267442551
 30
0.0
 10
274.8955523662
 20
207.4886008051
 30
0.0
 10
274.8882213823
 20
207.5490814044
 30
0.0
 10
274.8789324683
 20
207.6077545391
 30
0.0
 10
274.8677523671
 20
207.6642026949
 30
0.0
 10
274.8547620109
 20
207.718022443
 30
0.0
 10
274.8447096433
 20
207.7527503828
 30
0.0
 10
274.8393708753
 20
207.7695788561
 30
0.0
  0
SPLINE
  5
C61
100
AcDbEntity
  8
0
100
AcDbSpline
 62
7
  6
CONTINUOUS
 70
0
 71
3
 72
23
 73
19
 74
0
 42
0.0000001
 43
0.0000001
 44
0.0000000001
 40
0.0
 40
0.0
 40
0.0
 40
0.0
 40
0.0494135249
 40
0.1026266731
 40
0.1593416098
 40
0.2191892969
 40
0.2817439796
 40
0.3465350198
 40
0.4130569987
 40
0.4807787623
 40
0.5491518571
 40
0.6176186075
 40
0.6856200193
 40
0.7526036673
 40
0.8180316921
 40
0.8813890887
 40
0.9421925402
 40
1.0
 40
1.0
 40
1.0
 40
1.0
 10
274.2710789975
 20
207.5308737933
 30
0.0
 10
274.2741977641
 20
207.5245184116
 30
0.0
 10
274.2801329441
 20
207.5110490828
 30
0.0
 10
274.2879142225
 20
207.4895730747
 30
0.0
 10
274.2948447581
 20
207.4662445734
 30
0.0
 10
274.3008572457
 20
207.4412863165
 30
0.0
 10
274.305893883
 20
207.4149351913
 30
0.0
 10
274.3099058015
 20
207.3874429703
 30
0.0
 10
274.3128540759
 20
207.3590726839
 30
0.0
 10
274.3147100582
 20
207.3300962001
 30
0.0
 10
274.3154557135
 20
207.3007914038
 30
0.0
 10
274.3150837892
 20
207.2714394416
 30
0.0
 10
274.3135979017
 20
207.2423219356
 30
0.0
 10
274.311012492
 20
207.2137181487
 30
0.0
 10
274.3073527043
 20
207.1859023543
 30
0.0
 10
274.3026539896
 20
207.1591405379
 30
0.0
 10
274.2969622033
 20
207.1336896129
 30
0.0
 10
274.2924168846
 20
207.117305505
 30
0.0
 10
274.2899716599
 20
207.1093927476
 30
0.0
  0
SPLINE
  5
C62
100
AcDbEntity
  8
0
100
AcDbSpline
 62
7
  6
CONTINUOUS
 70
0
 71
3
 72
23
 73
19
 74
0
 42
0.0000001
 43
0.0000001
 44
0.0000000001
 40
0.0
 40
0.0
 40
0.0
 40
0.0
 40
0.0494135249
 40
0.1026266731
 40
0.1593416098
 40
0.2191892969
 40
0.2817439796
 40
0.3465350198
 40
0.4130569987
 40
0.4807787623
 40
0.5491518571
 40
0.6176186075
 40
0.6856200193
 40
0.7526036673
 40
0.8180316921
 40
0.8813890887
 40
0.9421925402
 40
1.0
 40
1.0
 40
1.0
 40
1.0
 10
270.1263041009
 20
207.5308737933
 30
0.0
 10
270.1294228674
 20
207.5245184116
 30
0.0
 10
270.1353580475
 20
207.5110490828
 30
0.0
 10
270.1431393258
 20
207.4895730747
 30
0.0
 10
270.1500698614
 20
207.4662445734
 30
0.0
 10
270.156082349
 20
207.4412863165
 30
0.0
 10
270.1611189863
 20
207.4149351913
 30
0.0
 10
270.1651309049
 20
207.3874429703
 30
0.0
 10
270.1680791793
 20
207.3590726839
 30
0.0
 10
270.1699351616
 20
207.3300962001
 30
0.0
 10
270.1706808169
 20
207.3007914038
 30
0.0
 10
270.1703088925
 20
207.2714394416
 30
0.0
 10
270.168823005
 20
207.2423219356
 30
0.0
 10
270.1662375953
 20
207.2137181487
 30
0.0
 10
270.1625778077
 20
207.1859023543
 30
0.0
 10
270.1578790929
 20
207.1591405379
 30
0.0
 10
270.1521873067
 20
207.1336896129
 30
0.0
 10
270.1476419879
 20
207.117305505
 30
0.0
 10
270.1451967632
 20
207.1093927476
 30
0.0
  0
SPLINE
  5
C63
100
AcDbEntity
  8
0
100
AcDbSpline
 62
7
  6
CONTINUOUS
 70
0
 71
3
 72
23
 73
19
 74
0
 42
0.0000001
 43
0.0000001
 44
0.0000000001
 40
0.0
 40
0.0
 40
0.0
 40
0.0
 40
0.0560422185
 40
0.1146468057
 40
0.175500905
 40
0.2382641237
 40
0.3025739155
 40
0.3680505093
 40
0.4343015224
 40
0.5009263624
 40
0.5675205196
 40
0.6336798041
 40
0.6990045904
 40
0.7631041176
 40
0.8256009247
 40
0.886135489
 40
0.944371227
 40
1.0
 40
1.0
 40
1.0
 40
1.0
 10
270.6969429948
 20
206.8296683013
 30
0.0
 10
270.7021943317
 20
206.8466616495
 30
0.0
 10
270.712067974
 20
206.8816984635
 30
0.0
 10
270.7247897283
 20
206.935941284
 30
0.0
 10
270.7356881698
 20
206.992752828
 30
0.0
 10
270.7446844216
 20
207.0517270072
 30
0.0
 10
270.7517138131
 20
207.1124440752
 30
0.0
 10
270.7567256476
 20
207.1744707818
 30
0.0
 10
270.7596837942
 20
207.2373644401
 30
0.0
 10
270.7605669195
 20
207.3006759569
 30
0.0
 10
270.759368655
 20
207.3639531917
 30
0.0
 10
270.7560976396
 20
207.4267442551
 30
0.0
 10
270.7507774696
 20
207.4886008051
 30
0.0
 10
270.7434464857
 20
207.5490814044
 30
0.0
 10
270.7341575716
 20
207.6077545391
 30
0.0
 10
270.7229774705
 20
207.6642026949
 30
0.0
 10
270.7099871142
 20
207.718022443
 30
0.0
 10
270.6999347466
 20
207.7527503828
 30
0.0
 10
270.6945959787
 20
207.7695788561
 30
0.0
  0
SPLINE
  5
C64
100
AcDbEntity
  8
0
100
AcDbSpline
 62
7
  6
CONTINUOUS
 70
0
 71
3
 72
31
 73
27
 74
0
 42
0.0000001
 43
0.0000001
 44
0.0000000001
 40
0.0
 40
0.0
 40
0.0
 40
0.0
 40
0.0156966426
 40
0.0317131833
 40
0.0483458865
 40
0.065851239
 40
0.0844378134
 40
0.1042655672
 40
0.1254497498
 40
0.1480667153
 40
0.172159953
 40
0.1977455136
 40
0.2248165486
 40
0.2533470066
 40
0.2832946167
 40
0.3146032766
 40
0.3472049953
 40
0.381021515
 40
0.4519343207
 40
0.5265669166
 40
0.6040416722
 40
0.6834147427
 40
0.7636999463
 40
0.8438912361
 40
0.9229845927
 40
1.0
 40
1.0
 40
1.0
 40
1.0
 10
269.5553599461
 20
217.4383855884
 30
0.0
 10
269.5513220293
 20
217.4383840522
 30
0.0
 10
269.5431503357
 20
217.4377360326
 30
0.0
 10
269.5310077367
 20
217.4348481112
 30
0.0
 10
269.5189798329
 20
217.430064574
 30
0.0
 10
269.5071169638
 20
217.4234171775
 30
0.0
 10
269.4954578125
 20
217.4149412128
 30
0.0
 10
269.484039414
 20
217.404674142
 30
0.0
 10
269.4728976464
 20
217.3926563576
 30
0.0
 10
269.4620686974
 20
217.3789324596
 30
0.0
 10
269.4515889424
 20
217.3635522229
 30
0.0
 10
269.441494657
 20
217.3465711209
 30
0.0
 10
269.4318215589
 20
217.3280505068
 30
0.0
 10
269.422604419
 20
217.308057561
 30
0.0
 10
269.4138767147
 20
217.2866650819
 30
0.0
 10
269.4056704646
 20
217.2639512813
 30
0.0
 10
269.3980155777
 20
217.2399992583
 30
0.0
 10
269.3884310943
 20
217.2059901385
 30
0.0
 10
269.3780994564
 20
217.1609888379
 30
0.0
 10
269.3684714342
 20
217.1044036781
 30
0.0
 10
269.3615690821
 20
217.0452313376
 30
0.0
 10
269.3574955903
 20
216.9843419632
 30
0.0
 10
269.3563120914
 20
216.9226297902
 30
0.0
 10
269.3580363992
 20
216.8610017887
 30
0.0
 10
269.362642389
 20
216.8003664318
 30
0.0
 10
269.367675806
 20
216.7605032171
 30
0.0
 10
269.3706896964
 20
216.7409218057
 30
0.0
  0
SPLINE
  5
C65
100
AcDbEntity
  8
0
100
AcDbSpline
 62
7
  6
CONTINUOUS
 70
0
 71
3
 72
15
 73
11
 74
0
 42
0.0000001
 43
0.0000001
 44
0.0000000001
 40
0.0
 40
0.0
 40
0.0
 40
0.0
 40
0.1214542118
 40
0.2458393864
 40
0.3722170437
 40
0.4996218229
 40
0.6270746751
 40
0.7535959151
 40
0.8782182622
 40
1.0
 40
1.0
 40
1.0
 40
1.0
 10
269.3699598825
 20
216.3392619551
 30
0.0
 10
269.3725092508
 20
216.3553836039
 30
0.0
 10
269.3769738422
 20
216.3881294484
 30
0.0
 10
269.3817589107
 20
216.4379334214
 30
0.0
 10
269.3846851039
 20
216.4886824974
 30
0.0
 10
269.3857254945
 20
216.5399170364
 30
0.0
 10
269.3848706146
 20
216.5911742928
 30
0.0
 10
269.3821282359
 20
216.641991304
 30
0.0
 10
269.3775235991
 20
216.6919078094
 30
0.0
 10
269.3731793646
 20
216.7247462943
 30
0.0
 10
269.3706896964
 20
216.7409218057
 30
0.0
  0
SPLINE
  5
C66
100
AcDbEntity
  8
0
100
AcDbSpline
 62
7
  6
CONTINUOUS
 70
0
 71
3
 72
23
 73
19
 74
0
 42
0.0000001
 43
0.0000001
 44
0.0000000001
 40
0.0
 40
0.0
 40
0.0
 40
0.0
 40
0.0494135249
 40
0.1026266731
 40
0.1593416098
 40
0.2191892969
 40
0.2817439796
 40
0.3465350198
 40
0.4130569987
 40
0.4807787623
 40
0.5491518571
 40
0.6176186075
 40
0.6856200193
 40
0.7526036673
 40
0.8180316921
 40
0.8813890887
 40
0.9421925402
 40
1.0
 40
1.0
 40
1.0
 40
1.0
 10
271.5078957331
 20
207.5308737933
 30
0.0
 10
271.5110144996
 20
207.5245184116
 30
0.0
 10
271.5169496797
 20
207.5110490828
 30
0.0
 10
271.524730958
 20
207.4895730747
 30
0.0
 10
271.5316614937
 20
207.4662445734
 30
0.0
 10
271.5376739812
 20
207.4412863165
 30
0.0
 10
271.5427106186
 20
207.4149351913
 30
0.0
 10
271.5467225371
 20
207.3874429703
 30
0.0
 10
271.5496708115
 20
207.3590726839
 30
0.0
 10
271.5515267938
 20
207.3300962001
 30
0.0
 10
271.5522724491
 20
207.3007914038
 30
0.0
 10
271.5519005247
 20
207.2714394416
 30
0.0
 10
271.5504146372
 20
207.2423219356
 30
0.0
 10
271.5478292276
 20
207.2137181487
 30
0.0
 10
271.5441694399
 20
207.1859023543
 30
0.0
 10
271.5394707251
 20
207.1591405379
 30
0.0
 10
271.5337789389
 20
207.1336896129
 30
0.0
 10
271.5292336201
 20
207.117305505
 30
0.0
 10
271.5267883954
 20
207.1093927476
 30
0.0
  0
SPLINE
  5
C67
100
AcDbEntity
  8
0
100
AcDbSpline
 62
7
  6
CONTINUOUS
 70
0
 71
3
 72
15
 73
11
 74
0
 42
0.0000001
 43
0.0000001
 44
0.0000000001
 40
0.0
 40
0.0
 40
0.0
 40
0.0
 40
0.1214542118
 40
0.2458393864
 40
0.3722170437
 40
0.4996218229
 40
0.6270746751
 40
0.7535959151
 40
0.8782182622
 40
1.0
 40
1.0
 40
1.0
 40
1.0
 10
272.1331431469
 20
216.3392619551
 30
0.0
 10
272.1356925153
 20
216.3553836039
 30
0.0
 10
272.1401571066
 20
216.3881294484
 30
0.0
 10
272.1449421751
 20
216.4379334214
 30
0.0
 10
272.1478683684
 20
216.4886824974
 30
0.0
 10
272.148908759
 20
216.5399170364
 30
0.0
 10
272.148053879
 20
216.5911742928
 30
0.0
 10
272.1453115004
 20
216.641991304
 30
0.0
 10
272.1407068635
 20
216.6919078094
 30
0.0
 10
272.136362629
 20
216.7247462943
 30
0.0
 10
272.1338729608
 20
216.7409218057
 30
0.0
  0
SPLINE
  5
C68
100
AcDbEntity
  8
0
100
AcDbSpline
 62
7
  6
CONTINUOUS
 70
0
 71
3
 72
23
 73
19
 74
0
 42
0.0000001
 43
0.0000001
 44
0.0000000001
 40
0.0
 40
0.0
 40
0.0
 40
0.0
 40
0.0560422185
 40
0.1146468057
 40
0.175500905
 40
0.2382641237
 40
0.3025739155
 40
0.3680505093
 40
0.4343015224
 40
0.5009263624
 40
0.5675205196
 40
0.6336798041
 40
0.6990045904
 40
0.7631041176
 40
0.8256009247
 40
0.886135489
 40
0.944371227
 40
1.0
 40
1.0
 40
1.0
 40
1.0
 10
272.078534627
 20
206.8296683013
 30
0.0
 10
272.0837859639
 20
206.8466616495
 30
0.0
 10
272.0936596062
 20
206.8816984635
 30
0.0
 10
272.1063813605
 20
206.935941284
 30
0.0
 10
272.117279802
 20
206.992752828
 30
0.0
 10
272.1262760538
 20
207.0517270072
 30
0.0
 10
272.1333054454
 20
207.1124440752
 30
0.0
 10
272.1383172798
 20
207.1744707818
 30
0.0
 10
272.1412754264
 20
207.2373644401
 30
0.0
 10
272.1421585517
 20
207.3006759569
 30
0.0
 10
272.1409602872
 20
207.3639531917
 30
0.0
 10
272.1376892719
 20
207.4267442551
 30
0.0
 10
272.1323691018
 20
207.4886008051
 30
0.0
 10
272.1250381179
 20
207.5490814044
 30
0.0
 10
272.1157492038
 20
207.6077545391
 30
0.0
 10
272.1045691027
 20
207.6642026949
 30
0.0
 10
272.0915787465
 20
207.718022443
 30
0.0
 10
272.0815263789
 20
207.7527503828
 30
0.0
 10
272.0761876109
 20
207.7695788561
 30
0.0
  0
SPLINE
  5
C69
100
AcDbEntity
  8
0
100
AcDbSpline
 62
7
  6
CONTINUOUS
 70
0
 71
3
 72
31
 73
27
 74
0
 42
0.0000001
 43
0.0000001
 44
0.0000000001
 40
0.0
 40
0.0
 40
0.0
 40
0.0
 40
0.0156966426
 40
0.0317131833
 40
0.0483458865
 40
0.065851239
 40
0.0844378134
 40
0.1042655672
 40
0.1254497498
 40
0.1480667153
 40
0.172159953
 40
0.1977455136
 40
0.2248165486
 40
0.2533470066
 40
0.2832946167
 40
0.3146032766
 40
0.3472049953
 40
0.381021515
 40
0.4519343207
 40
0.5265669166
 40
0.6040416722
 40
0.6834147427
 40
0.7636999463
 40
0.8438912361
 40
0.9229845927
 40
1.0
 40
1.0
 40
1.0
 40
1.0
 10
272.3185432105
 20
217.4383855884
 30
0.0
 10
272.3145052937
 20
217.4383840522
 30
0.0
 10
272.3063336002
 20
217.4377360326
 30
0.0
 10
272.2941910012
 20
217.4348481112
 30
0.0
 10
272.2821630974
 20
217.430064574
 30
0.0
 10
272.2703002283
 20
217.4234171775
 30
0.0
 10
272.2586410769
 20
217.4149412128
 30
0.0
 10
272.2472226784
 20
217.404674142
 30
0.0
 10
272.2360809109
 20
217.3926563576
 30
0.0
 10
272.2252519618
 20
217.3789324596
 30
0.0
 10
272.2147722069
 20
217.3635522229
 30
0.0
 10
272.2046779215
 20
217.3465711209
 30
0.0
 10
272.1950048233
 20
217.3280505068
 30
0.0
 10
272.1857876834
 20
217.308057561
 30
0.0
 10
272.1770599792
 20
217.2866650819
 30
0.0
 10
272.168853729
 20
217.2639512813
 30
0.0
 10
272.1611988422
 20
217.2399992583
 30
0.0
 10
272.1516143587
 20
217.2059901385
 30
0.0
 10
272.1412827209
 20
217.1609888379
 30
0.0
 10
272.1316546986
 20
217.1044036781
 30
0.0
 10
272.1247523465
 20
217.0452313376
 30
0.0
 10
272.1206788547
 20
216.9843419632
 30
0.0
 10
272.1194953558
 20
216.9226297902
 30
0.0
 10
272.1212196637
 20
216.8610017887
 30
0.0
 10
272.1258256535
 20
216.8003664318
 30
0.0
 10
272.1308590705
 20
216.7605032171
 30
0.0
 10
272.1338729608
 20
216.7409218057
 30
0.0
  0
SPLINE
  5
C6A
100
AcDbEntity
  8
0
100
AcDbSpline
 62
7
  6
CONTINUOUS
 70
0
 71
3
 72
31
 73
27
 74
0
 42
0.0000001
 43
0.0000001
 44
0.0000000001
 40
0.0
 40
0.0
 40
0.0
 40
0.0
 40
0.0156966426
 40
0.0317131833
 40
0.0483458865
 40
0.065851239
 40
0.0844378134
 40
0.1042655672
 40
0.1254497498
 40
0.1480667153
 40
0.172159953
 40
0.1977455136
 40
0.2248165486
 40
0.2533470066
 40
0.2832946167
 40
0.3146032766
 40
0.3472049953
 40
0.381021515
 40
0.4519343207
 40
0.5265669166
 40
0.6040416722
 40
0.6834147427
 40
0.7636999463
 40
0.8438912361
 40
0.9229845927
 40
1.0
 40
1.0
 40
1.0
 40
1.0
 10
270.9369515783
 20
217.4383855884
 30
0.0
 10
270.9329136615
 20
217.4383840522
 30
0.0
 10
270.9247419679
 20
217.4377360326
 30
0.0
 10
270.912599369
 20
217.4348481112
 30
0.0
 10
270.9005714651
 20
217.430064574
 30
0.0
 10
270.8887085961
 20
217.4234171775
 30
0.0
 10
270.8770494447
 20
217.4149412128
 30
0.0
 10
270.8656310462
 20
217.404674142
 30
0.0
 10
270.8544892787
 20
217.3926563576
 30
0.0
 10
270.8436603296
 20
217.3789324596
 30
0.0
 10
270.8331805746
 20
217.3635522229
 30
0.0
 10
270.8230862893
 20
217.3465711209
 30
0.0
 10
270.8134131911
 20
217.3280505068
 30
0.0
 10
270.8041960512
 20
217.308057561
 30
0.0
 10
270.7954683469
 20
217.2866650819
 30
0.0
 10
270.7872620968
 20
217.2639512813
 30
0.0
 10
270.77960721
 20
217.2399992583
 30
0.0
 10
270.7700227265
 20
217.2059901385
 30
0.0
 10
270.7596910887
 20
217.1609888379
 30
0.0
 10
270.7500630664
 20
217.1044036781
 30
0.0
 10
270.7431607143
 20
217.0452313376
 30
0.0
 10
270.7390872225
 20
216.9843419632
 30
0.0
 10
270.7379037236
 20
216.9226297902
 30
0.0
 10
270.7396280314
 20
216.8610017887
 30
0.0
 10
270.7442340213
 20
216.8003664318
 30
0.0
 10
270.7492674383
 20
216.7605032171
 30
0.0
 10
270.7522813286
 20
216.7409218057
 30
0.0
  0
SPLINE
  5
C6B
100
AcDbEntity
  8
0
100
AcDbSpline
 62
7
  6
CONTINUOUS
 70
0
 71
3
 72
15
 73
11
 74
0
 42
0.0000001
 43
0.0000001
 44
0.0000000001
 40
0.0
 40
0.0
 40
0.0
 40
0.0
 40
0.1214542118
 40
0.2458393864
 40
0.3722170437
 40
0.4996218229
 40
0.6270746751
 40
0.7535959151
 40
0.8782182622
 40
1.0
 40
1.0
 40
1.0
 40
1.0
 10
270.7515515147
 20
216.3392619551
 30
0.0
 10
270.754100883
 20
216.3553836039
 30
0.0
 10
270.7585654744
 20
216.3881294484
 30
0.0
 10
270.7633505429
 20
216.4379334214
 30
0.0
 10
270.7662767361
 20
216.4886824974
 30
0.0
 10
270.7673171268
 20
216.5399170364
 30
0.0
 10
270.7664622468
 20
216.5911742928
 30
0.0
 10
270.7637198682
 20
216.641991304
 30
0.0
 10
270.7591152313
 20
216.6919078094
 30
0.0
 10
270.7547709968
 20
216.7247462943
 30
0.0
 10
270.7522813286
 20
216.7409218057
 30
0.0
  0
SPLINE
  5
C6C
100
AcDbEntity
  8
0
100
AcDbSpline
 62
7
  6
CONTINUOUS
 70
0
 71
3
 72
23
 73
19
 74
0
 42
0.0000001
 43
0.0000001
 44
0.0000000001
 40
0.0
 40
0.0
 40
0.0
 40
0.0
 40
0.0494135249
 40
0.1026266731
 40
0.1593416098
 40
0.2191892969
 40
0.2817439796
 40
0.3465350198
 40
0.4130569987
 40
0.4807787623
 40
0.5491518571
 40
0.6176186075
 40
0.6856200193
 40
0.7526036673
 40
0.8180316921
 40
0.8813890887
 40
0.9421925402
 40
1.0
 40
1.0
 40
1.0
 40
1.0
 10
272.8894873653
 20
207.5308737933
 30
0.0
 10
272.8926061319
 20
207.5245184116
 30
0.0
 10
272.8985413119
 20
207.5110490828
 30
0.0
 10
272.9063225903
 20
207.4895730747
 30
0.0
 10
272.9132531259
 20
207.4662445734
 30
0.0
 10
272.9192656134
 20
207.4412863165
 30
0.0
 10
272.9243022508
 20
207.4149351913
 30
0.0
 10
272.9283141693
 20
207.3874429703
 30
0.0
 10
272.9312624437
 20
207.3590726839
 30
0.0
 10
272.933118426
 20
207.3300962001
 30
0.0
 10
272.9338640813
 20
207.3007914038
 30
0.0
 10
272.9334921569
 20
207.2714394416
 30
0.0
 10
272.9320062695
 20
207.2423219356
 30
0.0
 10
272.9294208598
 20
207.2137181487
 30
0.0
 10
272.9257610721
 20
207.1859023543
 30
0.0
 10
272.9210623573
 20
207.1591405379
 30
0.0
 10
272.9153705711
 20
207.1336896129
 30
0.0
 10
272.9108252523
 20
207.117305505
 30
0.0
 10
272.9083800277
 20
207.1093927476
 30
0.0
  0
SPLINE
  5
C6D
100
AcDbEntity
  8
0
100
AcDbSpline
 62
7
  6
CONTINUOUS
 70
0
 71
3
 72
23
 73
19
 74
0
 42
0.0000001
 43
0.0000001
 44
0.0000000001
 40
0.0
 40
0.0
 40
0.0
 40
0.0
 40
0.0560422185
 40
0.1146468057
 40
0.175500905
 40
0.2382641237
 40
0.3025739155
 40
0.3680505093
 40
0.4343015224
 40
0.5009263624
 40
0.5675205196
 40
0.6336798041
 40
0.6990045904
 40
0.7631041176
 40
0.8256009247
 40
0.886135489
 40
0.944371227
 40
1.0
 40
1.0
 40
1.0
 40
1.0
 10
273.4601262592
 20
206.8296683013
 30
0.0
 10
273.4653775961
 20
206.8466616495
 30
0.0
 10
273.4752512384
 20
206.8816984635
 30
0.0
 10
273.4879729928
 20
206.935941284
 30
0.0
 10
273.4988714342
 20
206.992752828
 30
0.0
 10
273.5078676861
 20
207.0517270072
 30
0.0
 10
273.5148970776
 20
207.1124440752
 30
0.0
 10
273.5199089121
 20
207.1744707818
 30
0.0
 10
273.5228670587
 20
207.2373644401
 30
0.0
 10
273.5237501839
 20
207.3006759569
 30
0.0
 10
273.5225519194
 20
207.3639531917
 30
0.0
 10
273.5192809041
 20
207.4267442551
 30
0.0
 10
273.513960734
 20
207.4886008051
 30
0.0
 10
273.5066297501
 20
207.5490814044
 30
0.0
 10
273.497340836
 20
207.6077545391
 30
0.0
 10
273.4861607349
 20
207.6642026949
 30
0.0
 10
273.4731703787
 20
207.718022443
 30
0.0
 10
273.4631180111
 20
207.7527503828
 30
0.0
 10
273.4577792431
 20
207.7695788561
 30
0.0
  0
SPLINE
  5
C6E
100
AcDbEntity
  8
0
100
AcDbSpline
 62
7
  6
CONTINUOUS
 70
0
 71
3
 72
31
 73
27
 74
0
 42
0.0000001
 43
0.0000001
 44
0.0000000001
 40
0.0
 40
0.0
 40
0.0
 40
0.0
 40
0.0156966426
 40
0.0317131833
 40
0.0483458865
 40
0.065851239
 40
0.0844378134
 40
0.1042655672
 40
0.1254497498
 40
0.1480667153
 40
0.172159953
 40
0.1977455136
 40
0.2248165486
 40
0.2533470066
 40
0.2832946167
 40
0.3146032766
 40
0.3472049953
 40
0.381021515
 40
0.4519343207
 40
0.5265669166
 40
0.6040416722
 40
0.6834147427
 40
0.7636999463
 40
0.8438912361
 40
0.9229845927
 40
1.0
 40
1.0
 40
1.0
 40
1.0
 10
287.9305286545
 20
217.4383855884
 30
0.0
 10
287.9264907377
 20
217.4383840522
 30
0.0
 10
287.9183190442
 20
217.4377360326
 30
0.0
 10
287.9061764452
 20
217.4348481112
 30
0.0
 10
287.8941485414
 20
217.430064574
 30
0.0
 10
287.8822856723
 20
217.4234171775
 30
0.0
 10
287.8706265209
 20
217.4149412128
 30
0.0
 10
287.8592081225
 20
217.404674142
 30
0.0
 10
287.8480663549
 20
217.3926563576
 30
0.0
 10
287.8372374059
 20
217.3789324596
 30
0.0
 10
287.8267576509
 20
217.3635522229
 30
0.0
 10
287.8166633655
 20
217.3465711209
 30
0.0
 10
287.8069902674
 20
217.3280505068
 30
0.0
 10
287.7977731275
 20
217.308057561
 30
0.0
 10
287.7890454232
 20
217.2866650819
 30
0.0
 10
287.780839173
 20
217.2639512813
 30
0.0
 10
287.7731842862
 20
217.2399992583
 30
0.0
 10
287.7635998027
 20
217.2059901385
 30
0.0
 10
287.7532681649
 20
217.1609888379
 30
0.0
 10
287.7436401427
 20
217.1044036781
 30
0.0
 10
287.7367377906
 20
217.0452313376
 30
0.0
 10
287.7326642988
 20
216.9843419632
 30
0.0
 10
287.7314807998
 20
216.9226297902
 30
0.0
 10
287.7332051077
 20
216.8610017887
 30
0.0
 10
287.7378110975
 20
216.8003664318
 30
0.0
 10
287.7428445145
 20
216.7605032171
 30
0.0
 10
287.7458584049
 20
216.7409218057
 30
0.0
  0
SPLINE
  5
C6F
100
AcDbEntity
  8
0
100
AcDbSpline
 62
7
  6
CONTINUOUS
 70
0
 71
3
 72
29
 73
25
 74
0
 42
0.0000001
 43
0.0000001
 44
0.0000000001
 40
0.0
 40
0.0
 40
0.0
 40
0.0
 40
0.0285052553
 40
0.0578106713
 40
0.0878656897
 40
0.1186164531
 40
0.1819716389
 40
0.2473973791
 40
0.3143786886
 40
0.3823777274
 40
0.450842088
 40
0.5192127964
 40
0.5869321958
 40
0.6534518524
 40
0.7182406325
 40
0.7807931309
 40
0.8110843408
 40
0.8406434206
 40
0.8694186644
 40
0.8973618941
 40
0.9244288851
 40
0.9505798428
 40
0.9757799444
 40
1.0
 40
1.0
 40
1.0
 40
1.0
 10
309.3062952434
 20
218.5955137636
 30
0.0
 10
309.3002662475
 20
218.5760039077
 30
0.0
 10
309.2886085691
 20
218.5362584647
 30
0.0
 10
309.272515808
 20
218.4753996453
 30
0.0
 10
309.2576030923
 20
218.4125861535
 30
0.0
 10
309.23915926
 20
218.3255675474
 30
0.0
 10
309.2193901582
 20
218.2129647644
 30
0.0
 10
309.2010910428
 20
218.0738870286
 30
0.0
 10
309.1881640382
 20
217.9308677517
 30
0.0
 10
309.1807345959
 20
217.7852803125
 30
0.0
 10
309.1788749744
 20
217.6385204839
 30
0.0
 10
309.1826032443
 20
217.4919964758
 30
0.0
 10
309.1918831682
 20
217.3471141757
 30
0.0
 10
309.2066245117
 20
217.2052623058
 30
0.0
 10
309.2266842125
 20
217.0678027674
 30
0.0
 10
309.2478909554
 20
216.9568449789
 30
0.0
 10
309.2674516053
 20
216.8713617497
 30
0.0
 10
309.2831585187
 20
216.8098397251
 30
0.0
 10
309.3000199627
 20
216.7503702013
 30
0.0
 10
309.3179956495
 20
216.6930955721
 30
0.0
 10
309.3370422212
 20
216.6381533122
 30
0.0
 10
309.357114096
 20
216.5856746855
 30
0.0
 10
309.3781626607
 20
216.5357862817
 30
0.0
 10
309.393114966
 20
216.5036845412
 30
0.0
 10
309.4007585551
 20
216.4881085353
 30
0.0
  0
SPLINE
  5
C70
100
AcDbEntity
  8
0
100
AcDbSpline
 62
7
  6
CONTINUOUS
 70
0
 71
3
 72
23
 73
19
 74
0
 42
0.0000001
 43
0.0000001
 44
0.0000000001
 40
0.0
 40
0.0
 40
0.0
 40
0.0
 40
0.0494135249
 40
0.1026266731
 40
0.1593416098
 40
0.2191892969
 40
0.2817439796
 40
0.3465350198
 40
0.4130569987
 40
0.4807787623
 40
0.5491518571
 40
0.6176186075
 40
0.6856200193
 40
0.7526036673
 40
0.8180316921
 40
0.8813890887
 40
0.9421925402
 40
1.0
 40
1.0
 40
1.0
 40
1.0
 10
288.5014728093
 20
207.5308737933
 30
0.0
 10
288.5045915759
 20
207.5245184116
 30
0.0
 10
288.5105267559
 20
207.5110490828
 30
0.0
 10
288.5183080343
 20
207.4895730747
 30
0.0
 10
288.5252385699
 20
207.4662445734
 30
0.0
 10
288.5312510575
 20
207.4412863165
 30
0.0
 10
288.5362876948
 20
207.4149351913
 30
0.0
 10
288.5402996134
 20
207.3874429703
 30
0.0
 10
288.5432478878
 20
207.3590726839
 30
0.0
 10
288.54510387
 20
207.3300962001
 30
0.0
 10
288.5458495254
 20
207.3007914038
 30
0.0
 10
288.545477601
 20
207.2714394416
 30
0.0
 10
288.5439917135
 20
207.2423219356
 30
0.0
 10
288.5414063038
 20
207.2137181487
 30
0.0
 10
288.5377465161
 20
207.1859023543
 30
0.0
 10
288.5330478014
 20
207.1591405379
 30
0.0
 10
288.5273560151
 20
207.1336896129
 30
0.0
 10
288.5228106964
 20
207.117305505
 30
0.0
 10
288.5203654717
 20
207.1093927476
 30
0.0
  0
SPLINE
  5
C71
100
AcDbEntity
  8
0
100
AcDbSpline
 62
7
  6
CONTINUOUS
 70
0
 71
3
 72
15
 73
11
 74
0
 42
0.0000001
 43
0.0000001
 44
0.0000000001
 40
0.0
 40
0.0
 40
0.0
 40
0.0
 40
0.1214542118
 40
0.2458393864
 40
0.3722170437
 40
0.4996218229
 40
0.6270746751
 40
0.7535959151
 40
0.8782182622
 40
1.0
 40
1.0
 40
1.0
 40
1.0
 10
301.5610449131
 20
216.3392619551
 30
0.0
 10
301.5635942815
 20
216.3553836039
 30
0.0
 10
301.5680588728
 20
216.3881294484
 30
0.0
 10
301.5728439413
 20
216.4379334214
 30
0.0
 10
301.5757701345
 20
216.4886824974
 30
0.0
 10
301.5768105252
 20
216.5399170364
 30
0.0
 10
301.5759556452
 20
216.5911742928
 30
0.0
 10
301.5732132666
 20
216.641991304
 30
0.0
 10
301.5686086297
 20
216.6919078094
 30
0.0
 10
301.5642643952
 20
216.7247462943
 30
0.0
 10
301.561774727
 20
216.7409218057
 30
0.0
  0
SPLINE
  5
C72
100
AcDbEntity
  8
0
100
AcDbSpline
 62
7
  6
CONTINUOUS
 70
0
 71
3
 72
31
 73
27
 74
0
 42
0.0000001
 43
0.0000001
 44
0.0000000001
 40
0.0
 40
0.0
 40
0.0
 40
0.0
 40
0.0156966426
 40
0.0317131833
 40
0.0483458865
 40
0.065851239
 40
0.0844378134
 40
0.1042655672
 40
0.1254497498
 40
0.1480667153
 40
0.172159953
 40
0.1977455136
 40
0.2248165486
 40
0.2533470066
 40
0.2832946167
 40
0.3146032766
 40
0.3472049953
 40
0.381021515
 40
0.4519343207
 40
0.5265669166
 40
0.6040416722
 40
0.6834147427
 40
0.7636999463
 40
0.8438912361
 40
0.9229845927
 40
1.0
 40
1.0
 40
1.0
 40
1.0
 10
301.7464449767
 20
217.4383855884
 30
0.0
 10
301.7424070599
 20
217.4383840522
 30
0.0
 10
301.7342353663
 20
217.4377360326
 30
0.0
 10
301.7220927674
 20
217.4348481112
 30
0.0
 10
301.7100648636
 20
217.430064574
 30
0.0
 10
301.6982019945
 20
217.4234171775
 30
0.0
 10
301.6865428431
 20
217.4149412128
 30
0.0
 10
301.6751244446
 20
217.404674142
 30
0.0
 10
301.6639826771
 20
217.3926563576
 30
0.0
 10
301.653153728
 20
217.3789324596
 30
0.0
 10
301.6426739731
 20
217.3635522229
 30
0.0
 10
301.6325796877
 20
217.3465711209
 30
0.0
 10
301.6229065895
 20
217.3280505068
 30
0.0
 10
301.6136894496
 20
217.308057561
 30
0.0
 10
301.6049617453
 20
217.2866650819
 30
0.0
 10
301.5967554952
 20
217.2639512813
 30
0.0
 10
301.5891006084
 20
217.2399992583
 30
0.0
 10
301.5795161249
 20
217.2059901385
 30
0.0
 10
301.5691844871
 20
217.1609888379
 30
0.0
 10
301.5595564648
 20
217.1044036781
 30
0.0
 10
301.5526541127
 20
217.0452313376
 30
0.0
 10
301.5485806209
 20
216.9843419632
 30
0.0
 10
301.547397122
 20
216.9226297902
 30
0.0
 10
301.5491214299
 20
216.8610017887
 30
0.0
 10
301.5537274197
 20
216.8003664318
 30
0.0
 10
301.5587608367
 20
216.7605032171
 30
0.0
 10
301.561774727
 20
216.7409218057
 30
0.0
  0
SPLINE
  5
C73
100
AcDbEntity
  8
0
100
AcDbSpline
 62
7
  6
CONTINUOUS
 70
0
 71
3
 72
23
 73
19
 74
0
 42
0.0000001
 43
0.0000001
 44
0.0000000001
 40
0.0
 40
0.0
 40
0.0
 40
0.0
 40
0.0494135249
 40
0.1026266731
 40
0.1593416098
 40
0.2191892969
 40
0.2817439796
 40
0.3465350198
 40
0.4130569987
 40
0.4807787623
 40
0.5491518571
 40
0.6176186075
 40
0.6856200193
 40
0.7526036673
 40
0.8180316921
 40
0.8813890887
 40
0.9421925402
 40
1.0
 40
1.0
 40
1.0
 40
1.0
 10
302.3173891315
 20
207.5308737933
 30
0.0
 10
302.320507898
 20
207.5245184116
 30
0.0
 10
302.3264430781
 20
207.5110490828
 30
0.0
 10
302.3342243565
 20
207.4895730747
 30
0.0
 10
302.3411548921
 20
207.4662445734
 30
0.0
 10
302.3471673796
 20
207.4412863165
 30
0.0
 10
302.352204017
 20
207.4149351913
 30
0.0
 10
302.3562159355
 20
207.3874429703
 30
0.0
 10
302.3591642099
 20
207.3590726839
 30
0.0
 10
302.3610201922
 20
207.3300962001
 30
0.0
 10
302.3617658475
 20
207.3007914038
 30
0.0
 10
302.3613939231
 20
207.2714394416
 30
0.0
 10
302.3599080356
 20
207.2423219356
 30
0.0
 10
302.357322626
 20
207.2137181487
 30
0.0
 10
302.3536628383
 20
207.1859023543
 30
0.0
 10
302.3489641235
 20
207.1591405379
 30
0.0
 10
302.3432723373
 20
207.1336896129
 30
0.0
 10
302.3387270185
 20
207.117305505
 30
0.0
 10
302.3362817938
 20
207.1093927476
 30
0.0
  0
SPLINE
  5
C74
100
AcDbEntity
  8
0
100
AcDbSpline
 62
7
  6
CONTINUOUS
 70
0
 71
3
 72
15
 73
11
 74
0
 42
0.0000001
 43
0.0000001
 44
0.0000000001
 40
0.0
 40
0.0
 40
0.0
 40
0.0
 40
0.1214542118
 40
0.2458393864
 40
0.3722170437
 40
0.4996218229
 40
0.6270746751
 40
0.7535959151
 40
0.8782182622
 40
1.0
 40
1.0
 40
1.0
 40
1.0
 10
286.3635369588
 20
216.3392619551
 30
0.0
 10
286.3660863271
 20
216.3553836039
 30
0.0
 10
286.3705509184
 20
216.3881294484
 30
0.0
 10
286.375335987
 20
216.4379334214
 30
0.0
 10
286.3782621802
 20
216.4886824974
 30
0.0
 10
286.3793025708
 20
216.5399170364
 30
0.0
 10
286.3784476909
 20
216.5911742928
 30
0.0
 10
286.3757053122
 20
216.641991304
 30
0.0
 10
286.3711006753
 20
216.6919078094
 30
0.0
 10
286.3667564409
 20
216.7247462943
 30
0.0
 10
286.3642667726
 20
216.7409218057
 30
0.0
  0
SPLINE
  5
C75
100
AcDbEntity
  8
0
100
AcDbSpline
 62
7
  6
CONTINUOUS
 70
0
 71
3
 72
31
 73
27
 74
0
 42
0.0000001
 43
0.0000001
 44
0.0000000001
 40
0.0
 40
0.0
 40
0.0
 40
0.0
 40
0.0156966426
 40
0.0317131833
 40
0.0483458865
 40
0.065851239
 40
0.0844378134
 40
0.1042655672
 40
0.1254497498
 40
0.1480667153
 40
0.172159953
 40
0.1977455136
 40
0.2248165486
 40
0.2533470066
 40
0.2832946167
 40
0.3146032766
 40
0.3472049953
 40
0.381021515
 40
0.4519343207
 40
0.5265669166
 40
0.6040416722
 40
0.6834147427
 40
0.7636999463
 40
0.8438912361
 40
0.9229845927
 40
1.0
 40
1.0
 40
1.0
 40
1.0
 10
286.5489370223
 20
217.4383855884
 30
0.0
 10
286.5448991055
 20
217.4383840522
 30
0.0
 10
286.536727412
 20
217.4377360326
 30
0.0
 10
286.524584813
 20
217.4348481112
 30
0.0
 10
286.5125569092
 20
217.430064574
 30
0.0
 10
286.5006940401
 20
217.4234171775
 30
0.0
 10
286.4890348887
 20
217.4149412128
 30
0.0
 10
286.4776164903
 20
217.404674142
 30
0.0
 10
286.4664747227
 20
217.3926563576
 30
0.0
 10
286.4556457737
 20
217.3789324596
 30
0.0
 10
286.4451660187
 20
217.3635522229
 30
0.0
 10
286.4350717333
 20
217.3465711209
 30
0.0
 10
286.4253986352
 20
217.3280505068
 30
0.0
 10
286.4161814952
 20
217.308057561
 30
0.0
 10
286.407453791
 20
217.2866650819
 30
0.0
 10
286.3992475408
 20
217.2639512813
 30
0.0
 10
286.391592654
 20
217.2399992583
 30
0.0
 10
286.3820081705
 20
217.2059901385
 30
0.0
 10
286.3716765327
 20
217.1609888379
 30
0.0
 10
286.3620485105
 20
217.1044036781
 30
0.0
 10
286.3551461583
 20
217.0452313376
 30
0.0
 10
286.3510726666
 20
216.9843419632
 30
0.0
 10
286.3498891676
 20
216.9226297902
 30
0.0
 10
286.3516134755
 20
216.8610017887
 30
0.0
 10
286.3562194653
 20
216.8003664318
 30
0.0
 10
286.3612528823
 20
216.7605032171
 30
0.0
 10
286.3642667726
 20
216.7409218057
 30
0.0
  0
SPLINE
  5
C76
100
AcDbEntity
  8
0
100
AcDbSpline
 62
7
  6
CONTINUOUS
 70
0
 71
3
 72
23
 73
19
 74
0
 42
0.0000001
 43
0.0000001
 44
0.0000000001
 40
0.0
 40
0.0
 40
0.0
 40
0.0
 40
0.0494135249
 40
0.1026266731
 40
0.1593416098
 40
0.2191892969
 40
0.2817439796
 40
0.3465350198
 40
0.4130569987
 40
0.4807787623
 40
0.5491518571
 40
0.6176186075
 40
0.6856200193
 40
0.7526036673
 40
0.8180316921
 40
0.8813890887
 40
0.9421925402
 40
1.0
 40
1.0
 40
1.0
 40
1.0
 10
287.1198811771
 20
207.5308737933
 30
0.0
 10
287.1229999437
 20
207.5245184116
 30
0.0
 10
287.1289351237
 20
207.5110490828
 30
0.0
 10
287.1367164021
 20
207.4895730747
 30
0.0
 10
287.1436469377
 20
207.4662445734
 30
0.0
 10
287.1496594253
 20
207.4412863165
 30
0.0
 10
287.1546960626
 20
207.4149351913
 30
0.0
 10
287.1587079811
 20
207.3874429703
 30
0.0
 10
287.1616562555
 20
207.3590726839
 30
0.0
 10
287.1635122378
 20
207.3300962001
 30
0.0
 10
287.1642578931
 20
207.3007914038
 30
0.0
 10
287.1638859688
 20
207.2714394416
 30
0.0
 10
287.1624000813
 20
207.2423219356
 30
0.0
 10
287.1598146716
 20
207.2137181487
 30
0.0
 10
287.1561548839
 20
207.1859023543
 30
0.0
 10
287.1514561692
 20
207.1591405379
 30
0.0
 10
287.1457643829
 20
207.1336896129
 30
0.0
 10
287.1412190642
 20
207.117305505
 30
0.0
 10
287.1387738395
 20
207.1093927476
 30
0.0
  0
SPLINE
  5
C77
100
AcDbEntity
  8
0
100
AcDbSpline
 62
7
  6
CONTINUOUS
 70
0
 71
3
 72
15
 73
11
 74
0
 42
0.0000001
 43
0.0000001
 44
0.0000000001
 40
0.0
 40
0.0
 40
0.0
 40
0.0
 40
0.1214542118
 40
0.2458393864
 40
0.3722170437
 40
0.4996218229
 40
0.6270746751
 40
0.7535959151
 40
0.8782182622
 40
1.0
 40
1.0
 40
1.0
 40
1.0
 10
300.1794532809
 20
216.3392619551
 30
0.0
 10
300.1820026492
 20
216.3553836039
 30
0.0
 10
300.1864672406
 20
216.3881294484
 30
0.0
 10
300.1912523091
 20
216.4379334214
 30
0.0
 10
300.1941785023
 20
216.4886824974
 30
0.0
 10
300.195218893
 20
216.5399170364
 30
0.0
 10
300.194364013
 20
216.5911742928
 30
0.0
 10
300.1916216343
 20
216.641991304
 30
0.0
 10
300.1870169975
 20
216.6919078094
 30
0.0
 10
300.182672763
 20
216.7247462943
 30
0.0
 10
300.1801830948
 20
216.7409218057
 30
0.0
  0
SPLINE
  5
C78
100
AcDbEntity
  8
0
100
AcDbSpline
 62
7
  6
CONTINUOUS
 70
0
 71
3
 72
31
 73
27
 74
0
 42
0.0000001
 43
0.0000001
 44
0.0000000001
 40
0.0
 40
0.0
 40
0.0
 40
0.0
 40
0.0156966426
 40
0.0317131833
 40
0.0483458865
 40
0.065851239
 40
0.0844378134
 40
0.1042655672
 40
0.1254497498
 40
0.1480667153
 40
0.172159953
 40
0.1977455136
 40
0.2248165486
 40
0.2533470066
 40
0.2832946167
 40
0.3146032766
 40
0.3472049953
 40
0.381021515
 40
0.4519343207
 40
0.5265669166
 40
0.6040416722
 40
0.6834147427
 40
0.7636999463
 40
0.8438912361
 40
0.9229845927
 40
1.0
 40
1.0
 40
1.0
 40
1.0
 10
300.3648533445
 20
217.4383855884
 30
0.0
 10
300.3608154277
 20
217.4383840522
 30
0.0
 10
300.3526437341
 20
217.4377360326
 30
0.0
 10
300.3405011352
 20
217.4348481112
 30
0.0
 10
300.3284732313
 20
217.430064574
 30
0.0
 10
300.3166103623
 20
217.4234171775
 30
0.0
 10
300.3049512109
 20
217.4149412128
 30
0.0
 10
300.2935328124
 20
217.404674142
 30
0.0
 10
300.2823910448
 20
217.3926563576
 30
0.0
 10
300.2715620958
 20
217.3789324596
 30
0.0
 10
300.2610823408
 20
217.3635522229
 30
0.0
 10
300.2509880554
 20
217.3465711209
 30
0.0
 10
300.2413149573
 20
217.3280505068
 30
0.0
 10
300.2320978174
 20
217.308057561
 30
0.0
 10
300.2233701131
 20
217.2866650819
 30
0.0
 10
300.215163863
 20
217.2639512813
 30
0.0
 10
300.2075089762
 20
217.2399992583
 30
0.0
 10
300.1979244927
 20
217.2059901385
 30
0.0
 10
300.1875928549
 20
217.1609888379
 30
0.0
 10
300.1779648326
 20
217.1044036781
 30
0.0
 10
300.1710624805
 20
217.0452313376
 30
0.0
 10
300.1669889887
 20
216.9843419632
 30
0.0
 10
300.1658054898
 20
216.9226297902
 30
0.0
 10
300.1675297976
 20
216.8610017887
 30
0.0
 10
300.1721357874
 20
216.8003664318
 30
0.0
 10
300.1771692045
 20
216.7605032171
 30
0.0
 10
300.1801830948
 20
216.7409218057
 30
0.0
  0
SPLINE
  5
C79
100
AcDbEntity
  8
0
100
AcDbSpline
 62
7
  6
CONTINUOUS
 70
0
 71
3
 72
15
 73
11
 74
0
 42
0.0000001
 43
0.0000001
 44
0.0000000001
 40
0.0
 40
0.0
 40
0.0
 40
0.0
 40
0.1214542118
 40
0.2458393864
 40
0.3722170437
 40
0.4996218229
 40
0.6270746751
 40
0.7535959151
 40
0.8782182622
 40
1.0
 40
1.0
 40
1.0
 40
1.0
 10
284.9819453266
 20
216.3392619551
 30
0.0
 10
284.9844946949
 20
216.3553836039
 30
0.0
 10
284.9889592862
 20
216.3881294484
 30
0.0
 10
284.9937443547
 20
216.4379334214
 30
0.0
 10
284.996670548
 20
216.4886824974
 30
0.0
 10
284.9977109386
 20
216.5399170364
 30
0.0
 10
284.9968560586
 20
216.5911742928
 30
0.0
 10
284.99411368
 20
216.641991304
 30
0.0
 10
284.9895090431
 20
216.6919078094
 30
0.0
 10
284.9851648086
 20
216.7247462943
 30
0.0
 10
284.9826751404
 20
216.7409218057
 30
0.0
  0
SPLINE
  5
C7A
100
AcDbEntity
  8
0
100
AcDbSpline
 62
7
  6
CONTINUOUS
 70
0
 71
3
 72
23
 73
19
 74
0
 42
0.0000001
 43
0.0000001
 44
0.0000000001
 40
0.0
 40
0.0
 40
0.0
 40
0.0
 40
0.0494135249
 40
0.1026266731
 40
0.1593416098
 40
0.2191892969
 40
0.2817439796
 40
0.3465350198
 40
0.4130569987
 40
0.4807787623
 40
0.5491518571
 40
0.6176186075
 40
0.6856200193
 40
0.7526036673
 40
0.8180316921
 40
0.8813890887
 40
0.9421925402
 40
1.0
 40
1.0
 40
1.0
 40
1.0
 10
300.9357974993
 20
207.5308737933
 30
0.0
 10
300.9389162658
 20
207.5245184116
 30
0.0
 10
300.9448514459
 20
207.5110490828
 30
0.0
 10
300.9526327242
 20
207.4895730747
 30
0.0
 10
300.9595632599
 20
207.4662445734
 30
0.0
 10
300.9655757474
 20
207.4412863165
 30
0.0
 10
300.9706123847
 20
207.4149351913
 30
0.0
 10
300.9746243033
 20
207.3874429703
 30
0.0
 10
300.9775725777
 20
207.3590726839
 30
0.0
 10
300.97942856
 20
207.3300962001
 30
0.0
 10
300.9801742153
 20
207.3007914038
 30
0.0
 10
300.9798022909
 20
207.2714394416
 30
0.0
 10
300.9783164034
 20
207.2423219356
 30
0.0
 10
300.9757309938
 20
207.2137181487
 30
0.0
 10
300.9720712061
 20
207.1859023543
 30
0.0
 10
300.9673724913
 20
207.1591405379
 30
0.0
 10
300.9616807051
 20
207.1336896129
 30
0.0
 10
300.9571353863
 20
207.117305505
 30
0.0
 10
300.9546901616
 20
207.1093927476
 30
0.0
  0
SPLINE
  5
C7B
100
AcDbEntity
  8
0
100
AcDbSpline
 62
7
  6
CONTINUOUS
 70
0
 71
3
 72
31
 73
27
 74
0
 42
0.0000001
 43
0.0000001
 44
0.0000000001
 40
0.0
 40
0.0
 40
0.0
 40
0.0
 40
0.0156966426
 40
0.0317131833
 40
0.0483458865
 40
0.065851239
 40
0.0844378134
 40
0.1042655672
 40
0.1254497498
 40
0.1480667153
 40
0.172159953
 40
0.1977455136
 40
0.2248165486
 40
0.2533470066
 40
0.2832946167
 40
0.3146032766
 40
0.3472049953
 40
0.381021515
 40
0.4519343207
 40
0.5265669166
 40
0.6040416722
 40
0.6834147427
 40
0.7636999463
 40
0.8438912361
 40
0.9229845927
 40
1.0
 40
1.0
 40
1.0
 40
1.0
 10
285.1673453901
 20
217.4383855884
 30
0.0
 10
285.1633074733
 20
217.4383840522
 30
0.0
 10
285.1551357798
 20
217.4377360326
 30
0.0
 10
285.1429931808
 20
217.4348481112
 30
0.0
 10
285.130965277
 20
217.430064574
 30
0.0
 10
285.1191024079
 20
217.4234171775
 30
0.0
 10
285.1074432565
 20
217.4149412128
 30
0.0
 10
285.096024858
 20
217.404674142
 30
0.0
 10
285.0848830905
 20
217.3926563576
 30
0.0
 10
285.0740541414
 20
217.3789324596
 30
0.0
 10
285.0635743865
 20
217.3635522229
 30
0.0
 10
285.0534801011
 20
217.3465711209
 30
0.0
 10
285.0438070029
 20
217.3280505068
 30
0.0
 10
285.034589863
 20
217.308057561
 30
0.0
 10
285.0258621588
 20
217.2866650819
 30
0.0
 10
285.0176559086
 20
217.2639512813
 30
0.0
 10
285.0100010218
 20
217.2399992583
 30
0.0
 10
285.0004165383
 20
217.2059901385
 30
0.0
 10
284.9900849005
 20
217.1609888379
 30
0.0
 10
284.9804568782
 20
217.1044036781
 30
0.0
 10
284.9735545261
 20
217.0452313376
 30
0.0
 10
284.9694810343
 20
216.9843419632
 30
0.0
 10
284.9682975354
 20
216.9226297902
 30
0.0
 10
284.9700218433
 20
216.8610017887
 30
0.0
 10
284.9746278331
 20
216.8003664318
 30
0.0
 10
284.9796612501
 20
216.7605032171
 30
0.0
 10
284.9826751404
 20
216.7409218057
 30
0.0
  0
SPLINE
  5
C7C
100
AcDbEntity
  8
0
100
AcDbSpline
 62
7
  6
CONTINUOUS
 70
0
 71
3
 72
15
 73
11
 74
0
 42
0.0000001
 43
0.0000001
 44
0.0000000001
 40
0.0
 40
0.0
 40
0.0
 40
0.0
 40
0.1214542118
 40
0.2458393864
 40
0.3722170437
 40
0.4996218229
 40
0.6270746751
 40
0.7535959151
 40
0.8782182622
 40
1.0
 40
1.0
 40
1.0
 40
1.0
 10
316.7585528675
 20
216.3392619551
 30
0.0
 10
316.7611022358
 20
216.3553836039
 30
0.0
 10
316.7655668272
 20
216.3881294484
 30
0.0
 10
316.7703518957
 20
216.4379334214
 30
0.0
 10
316.7732780889
 20
216.4886824974
 30
0.0
 10
316.7743184795
 20
216.5399170364
 30
0.0
 10
316.7734635996
 20
216.5911742928
 30
0.0
 10
316.7707212209
 20
216.641991304
 30
0.0
 10
316.7661165841
 20
216.6919078094
 30
0.0
 10
316.7617723496
 20
216.7247462943
 30
0.0
 10
316.7592826814
 20
216.7409218057
 30
0.0
  0
SPLINE
  5
C7D
100
AcDbEntity
  8
0
100
AcDbSpline
 62
7
  6
CONTINUOUS
 70
0
 71
3
 72
31
 73
27
 74
0
 42
0.0000001
 43
0.0000001
 44
0.0000000001
 40
0.0
 40
0.0
 40
0.0
 40
0.0
 40
0.0156966426
 40
0.0317131833
 40
0.0483458865
 40
0.065851239
 40
0.0844378134
 40
0.1042655672
 40
0.1254497498
 40
0.1480667153
 40
0.172159953
 40
0.1977455136
 40
0.2248165486
 40
0.2533470066
 40
0.2832946167
 40
0.3146032766
 40
0.3472049953
 40
0.381021515
 40
0.4519343207
 40
0.5265669166
 40
0.6040416722
 40
0.6834147427
 40
0.7636999463
 40
0.8438912361
 40
0.9229845927
 40
1.0
 40
1.0
 40
1.0
 40
1.0
 10
316.943952931
 20
217.4383855884
 30
0.0
 10
316.9399150143
 20
217.4383840522
 30
0.0
 10
316.9317433207
 20
217.4377360326
 30
0.0
 10
316.9196007217
 20
217.4348481112
 30
0.0
 10
316.9075728179
 20
217.430064574
 30
0.0
 10
316.8957099488
 20
217.4234171775
 30
0.0
 10
316.8840507975
 20
217.4149412128
 30
0.0
 10
316.872632399
 20
217.404674142
 30
0.0
 10
316.8614906314
 20
217.3926563576
 30
0.0
 10
316.8506616824
 20
217.3789324596
 30
0.0
 10
316.8401819274
 20
217.3635522229
 30
0.0
 10
316.830087642
 20
217.3465711209
 30
0.0
 10
316.8204145439
 20
217.3280505068
 30
0.0
 10
316.811197404
 20
217.308057561
 30
0.0
 10
316.8024696997
 20
217.2866650819
 30
0.0
 10
316.7942634496
 20
217.2639512813
 30
0.0
 10
316.7866085627
 20
217.2399992583
 30
0.0
 10
316.7770240793
 20
217.2059901385
 30
0.0
 10
316.7666924414
 20
217.1609888379
 30
0.0
 10
316.7570644192
 20
217.1044036781
 30
0.0
 10
316.7501620671
 20
217.0452313376
 30
0.0
 10
316.7460885753
 20
216.9843419632
 30
0.0
 10
316.7449050764
 20
216.9226297902
 30
0.0
 10
316.7466293842
 20
216.8610017887
 30
0.0
 10
316.751235374
 20
216.8003664318
 30
0.0
 10
316.756268791
 20
216.7605032171
 30
0.0
 10
316.7592826814
 20
216.7409218057
 30
0.0
  0
SPLINE
  5
C7E
100
AcDbEntity
  8
0
100
AcDbSpline
 62
7
  6
CONTINUOUS
 70
0
 71
3
 72
23
 73
19
 74
0
 42
0.0000001
 43
0.0000001
 44
0.0000000001
 40
0.0
 40
0.0
 40
0.0
 40
0.0
 40
0.0494135249
 40
0.1026266731
 40
0.1593416098
 40
0.2191892969
 40
0.2817439796
 40
0.3465350198
 40
0.4130569987
 40
0.4807787623
 40
0.5491518571
 40
0.6176186075
 40
0.6856200193
 40
0.7526036673
 40
0.8180316921
 40
0.8813890887
 40
0.9421925402
 40
1.0
 40
1.0
 40
1.0
 40
1.0
 10
285.7382895449
 20
207.5308737933
 30
0.0
 10
285.7414083115
 20
207.5245184116
 30
0.0
 10
285.7473434915
 20
207.5110490828
 30
0.0
 10
285.7551247699
 20
207.4895730747
 30
0.0
 10
285.7620553055
 20
207.4662445734
 30
0.0
 10
285.768067793
 20
207.4412863165
 30
0.0
 10
285.7731044304
 20
207.4149351913
 30
0.0
 10
285.7771163489
 20
207.3874429703
 30
0.0
 10
285.7800646233
 20
207.3590726839
 30
0.0
 10
285.7819206056
 20
207.3300962001
 30
0.0
 10
285.7826662609
 20
207.3007914038
 30
0.0
 10
285.7822943365
 20
207.2714394416
 30
0.0
 10
285.7808084491
 20
207.2423219356
 30
0.0
 10
285.7782230394
 20
207.2137181487
 30
0.0
 10
285.7745632517
 20
207.1859023543
 30
0.0
 10
285.769864537
 20
207.1591405379
 30
0.0
 10
285.7641727507
 20
207.1336896129
 30
0.0
 10
285.759627432
 20
207.117305505
 30
0.0
 10
285.7571822073
 20
207.1093927476
 30
0.0
  0
SPLINE
  5
C7F
100
AcDbEntity
  8
0
100
AcDbSpline
 62
7
  6
CONTINUOUS
 70
0
 71
3
 72
23
 73
19
 74
0
 42
0.0000001
 43
0.0000001
 44
0.0000000001
 40
0.0
 40
0.0
 40
0.0
 40
0.0
 40
0.0494135249
 40
0.1026266731
 40
0.1593416098
 40
0.2191892969
 40
0.2817439796
 40
0.3465350198
 40
0.4130569987
 40
0.4807787623
 40
0.5491518571
 40
0.6176186075
 40
0.6856200193
 40
0.7526036673
 40
0.8180316921
 40
0.8813890887
 40
0.9421925402
 40
1.0
 40
1.0
 40
1.0
 40
1.0
 10
317.5148970859
 20
207.5308737933
 30
0.0
 10
317.5180158524
 20
207.5245184116
 30
0.0
 10
317.5239510325
 20
207.5110490828
 30
0.0
 10
317.5317323108
 20
207.4895730747
 30
0.0
 10
317.5386628464
 20
207.4662445734
 30
0.0
 10
317.544675334
 20
207.4412863165
 30
0.0
 10
317.5497119713
 20
207.4149351913
 30
0.0
 10
317.5537238899
 20
207.3874429703
 30
0.0
 10
317.5566721643
 20
207.3590726839
 30
0.0
 10
317.5585281466
 20
207.3300962001
 30
0.0
 10
317.5592738019
 20
207.3007914038
 30
0.0
 10
317.5589018775
 20
207.2714394416
 30
0.0
 10
317.55741599
 20
207.2423219356
 30
0.0
 10
317.5548305803
 20
207.2137181487
 30
0.0
 10
317.5511707927
 20
207.1859023543
 30
0.0
 10
317.5464720779
 20
207.1591405379
 30
0.0
 10
317.5407802917
 20
207.1336896129
 30
0.0
 10
317.5362349729
 20
207.117305505
 30
0.0
 10
317.5337897482
 20
207.1093927476
 30
0.0
  0
SPLINE
  5
C80
100
AcDbEntity
  8
0
100
AcDbSpline
 62
7
  6
CONTINUOUS
 70
0
 71
3
 72
15
 73
11
 74
0
 42
0.0000001
 43
0.0000001
 44
0.0000000001
 40
0.0
 40
0.0
 40
0.0
 40
0.0
 40
0.1214542118
 40
0.2458393864
 40
0.3722170437
 40
0.4996218229
 40
0.6270746751
 40
0.7535959151
 40
0.8782182622
 40
1.0
 40
1.0
 40
1.0
 40
1.0
 10
298.7978616487
 20
216.3392619551
 30
0.0
 10
298.800411017
 20
216.3553836039
 30
0.0
 10
298.8048756084
 20
216.3881294484
 30
0.0
 10
298.8096606769
 20
216.4379334214
 30
0.0
 10
298.8125868701
 20
216.4886824974
 30
0.0
 10
298.8136272607
 20
216.5399170364
 30
0.0
 10
298.8127723808
 20
216.5911742928
 30
0.0
 10
298.8100300021
 20
216.641991304
 30
0.0
 10
298.8054253653
 20
216.6919078094
 30
0.0
 10
298.8010811308
 20
216.7247462943
 30
0.0
 10
298.7985914626
 20
216.7409218057
 30
0.0
  0
SPLINE
  5
C81
100
AcDbEntity
  8
0
100
AcDbSpline
 62
7
  6
CONTINUOUS
 70
0
 71
3
 72
31
 73
27
 74
0
 42
0.0000001
 43
0.0000001
 44
0.0000000001
 40
0.0
 40
0.0
 40
0.0
 40
0.0
 40
0.0156966426
 40
0.0317131833
 40
0.0483458865
 40
0.065851239
 40
0.0844378134
 40
0.1042655672
 40
0.1254497498
 40
0.1480667153
 40
0.172159953
 40
0.1977455136
 40
0.2248165486
 40
0.2533470066
 40
0.2832946167
 40
0.3146032766
 40
0.3472049953
 40
0.381021515
 40
0.4519343207
 40
0.5265669166
 40
0.6040416722
 40
0.6834147427
 40
0.7636999463
 40
0.8438912361
 40
0.9229845927
 40
1.0
 40
1.0
 40
1.0
 40
1.0
 10
298.9832617122
 20
217.4383855884
 30
0.0
 10
298.9792237954
 20
217.4383840522
 30
0.0
 10
298.9710521019
 20
217.4377360326
 30
0.0
 10
298.9589095029
 20
217.4348481112
 30
0.0
 10
298.9468815991
 20
217.430064574
 30
0.0
 10
298.93501873
 20
217.4234171775
 30
0.0
 10
298.9233595787
 20
217.4149412128
 30
0.0
 10
298.9119411802
 20
217.404674142
 30
0.0
 10
298.9007994126
 20
217.3926563576
 30
0.0
 10
298.8899704636
 20
217.3789324596
 30
0.0
 10
298.8794907086
 20
217.3635522229
 30
0.0
 10
298.8693964232
 20
217.3465711209
 30
0.0
 10
298.8597233251
 20
217.3280505068
 30
0.0
 10
298.8505061852
 20
217.308057561
 30
0.0
 10
298.8417784809
 20
217.2866650819
 30
0.0
 10
298.8335722308
 20
217.2639512813
 30
0.0
 10
298.8259173439
 20
217.2399992583
 30
0.0
 10
298.8163328605
 20
217.2059901385
 30
0.0
 10
298.8060012226
 20
217.1609888379
 30
0.0
 10
298.7963732004
 20
217.1044036781
 30
0.0
 10
298.7894708483
 20
217.0452313376
 30
0.0
 10
298.7853973565
 20
216.9843419632
 30
0.0
 10
298.7842138576
 20
216.9226297902
 30
0.0
 10
298.7859381654
 20
216.8610017887
 30
0.0
 10
298.7905441552
 20
216.8003664318
 30
0.0
 10
298.7955775722
 20
216.7605032171
 30
0.0
 10
298.7985914626
 20
216.7409218057
 30
0.0
  0
SPLINE
  5
C82
100
AcDbEntity
  8
0
100
AcDbSpline
 62
7
  6
CONTINUOUS
 70
0
 71
3
 72
15
 73
11
 74
0
 42
0.0000001
 43
0.0000001
 44
0.0000000001
 40
0.0
 40
0.0
 40
0.0
 40
0.0
 40
0.1214542118
 40
0.2458393864
 40
0.3722170437
 40
0.4996218229
 40
0.6270746751
 40
0.7535959151
 40
0.8782182622
 40
1.0
 40
1.0
 40
1.0
 40
1.0
 10
283.6003536943
 20
216.3392619551
 30
0.0
 10
283.6029030627
 20
216.3553836039
 30
0.0
 10
283.607367654
 20
216.3881294484
 30
0.0
 10
283.6121527225
 20
216.4379334214
 30
0.0
 10
283.6150789157
 20
216.4886824974
 30
0.0
 10
283.6161193064
 20
216.5399170364
 30
0.0
 10
283.6152644264
 20
216.5911742928
 30
0.0
 10
283.6125220478
 20
216.641991304
 30
0.0
 10
283.6079174109
 20
216.6919078094
 30
0.0
 10
283.6035731764
 20
216.7247462943
 30
0.0
 10
283.6010835082
 20
216.7409218057
 30
0.0
  0
SPLINE
  5
C83
100
AcDbEntity
  8
0
100
AcDbSpline
 62
7
  6
CONTINUOUS
 70
0
 71
3
 72
31
 73
27
 74
0
 42
0.0000001
 43
0.0000001
 44
0.0000000001
 40
0.0
 40
0.0
 40
0.0
 40
0.0
 40
0.0156966426
 40
0.0317131833
 40
0.0483458865
 40
0.065851239
 40
0.0844378134
 40
0.1042655672
 40
0.1254497498
 40
0.1480667153
 40
0.172159953
 40
0.1977455136
 40
0.2248165486
 40
0.2533470066
 40
0.2832946167
 40
0.3146032766
 40
0.3472049953
 40
0.381021515
 40
0.4519343207
 40
0.5265669166
 40
0.6040416722
 40
0.6834147427
 40
0.7636999463
 40
0.8438912361
 40
0.9229845927
 40
1.0
 40
1.0
 40
1.0
 40
1.0
 10
283.7857537579
 20
217.4383855884
 30
0.0
 10
283.7817158411
 20
217.4383840522
 30
0.0
 10
283.7735441475
 20
217.4377360326
 30
0.0
 10
283.7614015486
 20
217.4348481112
 30
0.0
 10
283.7493736447
 20
217.430064574
 30
0.0
 10
283.7375107757
 20
217.4234171775
 30
0.0
 10
283.7258516243
 20
217.4149412128
 30
0.0
 10
283.7144332258
 20
217.404674142
 30
0.0
 10
283.7032914583
 20
217.3926563576
 30
0.0
 10
283.6924625092
 20
217.3789324596
 30
0.0
 10
283.6819827542
 20
217.3635522229
 30
0.0
 10
283.6718884689
 20
217.3465711209
 30
0.0
 10
283.6622153707
 20
217.3280505068
 30
0.0
 10
283.6529982308
 20
217.308057561
 30
0.0
 10
283.6442705265
 20
217.2866650819
 30
0.0
 10
283.6360642764
 20
217.2639512813
 30
0.0
 10
283.6284093896
 20
217.2399992583
 30
0.0
 10
283.6188249061
 20
217.2059901385
 30
0.0
 10
283.6084932683
 20
217.1609888379
 30
0.0
 10
283.598865246
 20
217.1044036781
 30
0.0
 10
283.5919628939
 20
217.0452313376
 30
0.0
 10
283.5878894021
 20
216.9843419632
 30
0.0
 10
283.5867059032
 20
216.9226297902
 30
0.0
 10
283.5884302111
 20
216.8610017887
 30
0.0
 10
283.5930362009
 20
216.8003664318
 30
0.0
 10
283.5980696179
 20
216.7605032171
 30
0.0
 10
283.6010835082
 20
216.7409218057
 30
0.0
  0
SPLINE
  5
C84
100
AcDbEntity
  8
0
100
AcDbSpline
 62
7
  6
CONTINUOUS
 70
0
 71
3
 72
23
 73
19
 74
0
 42
0.0000001
 43
0.0000001
 44
0.0000000001
 40
0.0
 40
0.0
 40
0.0
 40
0.0
 40
0.0494135249
 40
0.1026266731
 40
0.1593416098
 40
0.2191892969
 40
0.2817439796
 40
0.3465350198
 40
0.4130569987
 40
0.4807787623
 40
0.5491518571
 40
0.6176186075
 40
0.6856200193
 40
0.7526036673
 40
0.8180316921
 40
0.8813890887
 40
0.9421925402
 40
1.0
 40
1.0
 40
1.0
 40
1.0
 10
299.5542058671
 20
207.5308737933
 30
0.0
 10
299.5573246336
 20
207.5245184116
 30
0.0
 10
299.5632598136
 20
207.5110490828
 30
0.0
 10
299.571041092
 20
207.4895730747
 30
0.0
 10
299.5779716276
 20
207.4662445734
 30
0.0
 10
299.5839841152
 20
207.4412863165
 30
0.0
 10
299.5890207525
 20
207.4149351913
 30
0.0
 10
299.5930326711
 20
207.3874429703
 30
0.0
 10
299.5959809455
 20
207.3590726839
 30
0.0
 10
299.5978369278
 20
207.3300962001
 30
0.0
 10
299.5985825831
 20
207.3007914038
 30
0.0
 10
299.5982106587
 20
207.2714394416
 30
0.0
 10
299.5967247712
 20
207.2423219356
 30
0.0
 10
299.5941393615
 20
207.2137181487
 30
0.0
 10
299.5904795739
 20
207.1859023543
 30
0.0
 10
299.5857808591
 20
207.1591405379
 30
0.0
 10
299.5800890729
 20
207.1336896129
 30
0.0
 10
299.5755437541
 20
207.117305505
 30
0.0
 10
299.5730985294
 20
207.1093927476
 30
0.0
  0
SPLINE
  5
C85
100
AcDbEntity
  8
0
100
AcDbSpline
 62
7
  6
CONTINUOUS
 70
0
 71
3
 72
23
 73
19
 74
0
 42
0.0000001
 43
0.0000001
 44
0.0000000001
 40
0.0
 40
0.0
 40
0.0
 40
0.0
 40
0.0494135249
 40
0.1026266731
 40
0.1593416098
 40
0.2191892969
 40
0.2817439796
 40
0.3465350198
 40
0.4130569987
 40
0.4807787623
 40
0.5491518571
 40
0.6176186075
 40
0.6856200193
 40
0.7526036673
 40
0.8180316921
 40
0.8813890887
 40
0.9421925402
 40
1.0
 40
1.0
 40
1.0
 40
1.0
 10
284.3566979127
 20
207.5308737933
 30
0.0
 10
284.3598166792
 20
207.5245184116
 30
0.0
 10
284.3657518593
 20
207.5110490828
 30
0.0
 10
284.3735331377
 20
207.4895730747
 30
0.0
 10
284.3804636733
 20
207.4662445734
 30
0.0
 10
284.3864761608
 20
207.4412863165
 30
0.0
 10
284.3915127982
 20
207.4149351913
 30
0.0
 10
284.3955247167
 20
207.3874429703
 30
0.0
 10
284.3984729911
 20
207.3590726839
 30
0.0
 10
284.4003289734
 20
207.3300962001
 30
0.0
 10
284.4010746287
 20
207.3007914038
 30
0.0
 10
284.4007027043
 20
207.2714394416
 30
0.0
 10
284.3992168168
 20
207.2423219356
 30
0.0
 10
284.3966314072
 20
207.2137181487
 30
0.0
 10
284.3929716195
 20
207.1859023543
 30
0.0
 10
284.3882729047
 20
207.1591405379
 30
0.0
 10
284.3825811185
 20
207.1336896129
 30
0.0
 10
284.3780357997
 20
207.117305505
 30
0.0
 10
284.375590575
 20
207.1093927476
 30
0.0
  0
SPLINE
  5
C86
100
AcDbEntity
  8
0
100
AcDbSpline
 62
7
  6
CONTINUOUS
 70
0
 71
3
 72
15
 73
11
 74
0
 42
0.0000001
 43
0.0000001
 44
0.0000000001
 40
0.0
 40
0.0
 40
0.0
 40
0.0
 40
0.1214542118
 40
0.2458393864
 40
0.3722170437
 40
0.4996218229
 40
0.6270746751
 40
0.7535959151
 40
0.8782182622
 40
1.0
 40
1.0
 40
1.0
 40
1.0
 10
315.3769612353
 20
216.3392619551
 30
0.0
 10
315.3795106036
 20
216.3553836039
 30
0.0
 10
315.3839751949
 20
216.3881294484
 30
0.0
 10
315.3887602635
 20
216.4379334214
 30
0.0
 10
315.3916864567
 20
216.4886824974
 30
0.0
 10
315.3927268473
 20
216.5399170364
 30
0.0
 10
315.3918719674
 20
216.5911742928
 30
0.0
 10
315.3891295887
 20
216.641991304
 30
0.0
 10
315.3845249518
 20
216.6919078094
 30
0.0
 10
315.3801807174
 20
216.7247462943
 30
0.0
 10
315.3776910492
 20
216.7409218057
 30
0.0
  0
SPLINE
  5
C87
100
AcDbEntity
  8
0
100
AcDbSpline
 62
7
  6
CONTINUOUS
 70
0
 71
3
 72
31
 73
27
 74
0
 42
0.0000001
 43
0.0000001
 44
0.0000000001
 40
0.0
 40
0.0
 40
0.0
 40
0.0
 40
0.0156966426
 40
0.0317131833
 40
0.0483458865
 40
0.065851239
 40
0.0844378134
 40
0.1042655672
 40
0.1254497498
 40
0.1480667153
 40
0.172159953
 40
0.1977455136
 40
0.2248165486
 40
0.2533470066
 40
0.2832946167
 40
0.3146032766
 40
0.3472049953
 40
0.381021515
 40
0.4519343207
 40
0.5265669166
 40
0.6040416722
 40
0.6834147427
 40
0.7636999463
 40
0.8438912361
 40
0.9229845927
 40
1.0
 40
1.0
 40
1.0
 40
1.0
 10
315.5623612988
 20
217.4383855884
 30
0.0
 10
315.558323382
 20
217.4383840522
 30
0.0
 10
315.5501516885
 20
217.4377360326
 30
0.0
 10
315.5380090895
 20
217.4348481112
 30
0.0
 10
315.5259811857
 20
217.430064574
 30
0.0
 10
315.5141183166
 20
217.4234171775
 30
0.0
 10
315.5024591652
 20
217.4149412128
 30
0.0
 10
315.4910407668
 20
217.404674142
 30
0.0
 10
315.4798989992
 20
217.3926563576
 30
0.0
 10
315.4690700502
 20
217.3789324596
 30
0.0
 10
315.4585902952
 20
217.3635522229
 30
0.0
 10
315.4484960098
 20
217.3465711209
 30
0.0
 10
315.4388229117
 20
217.3280505068
 30
0.0
 10
315.4296057718
 20
217.308057561
 30
0.0
 10
315.4208780675
 20
217.2866650819
 30
0.0
 10
315.4126718173
 20
217.2639512813
 30
0.0
 10
315.4050169305
 20
217.2399992583
 30
0.0
 10
315.395432447
 20
217.2059901385
 30
0.0
 10
315.3851008092
 20
217.1609888379
 30
0.0
 10
315.375472787
 20
217.1044036781
 30
0.0
 10
315.3685704349
 20
217.0452313376
 30
0.0
 10
315.3644969431
 20
216.9843419632
 30
0.0
 10
315.3633134442
 20
216.9226297902
 30
0.0
 10
315.365037752
 20
216.8610017887
 30
0.0
 10
315.3696437418
 20
216.8003664318
 30
0.0
 10
315.3746771588
 20
216.7605032171
 30
0.0
 10
315.3776910492
 20
216.7409218057
 30
0.0
  0
SPLINE
  5
C88
100
AcDbEntity
  8
0
100
AcDbSpline
 62
7
  6
CONTINUOUS
 70
0
 71
3
 72
15
 73
11
 74
0
 42
0.0000001
 43
0.0000001
 44
0.0000000001
 40
0.0
 40
0.0
 40
0.0
 40
0.0
 40
0.1214542118
 40
0.2458393864
 40
0.3722170437
 40
0.4996218229
 40
0.6270746751
 40
0.7535959151
 40
0.8782182622
 40
1.0
 40
1.0
 40
1.0
 40
1.0
 10
297.4162700165
 20
216.3392619551
 30
0.0
 10
297.4188193848
 20
216.3553836039
 30
0.0
 10
297.4232839761
 20
216.3881294484
 30
0.0
 10
297.4280690447
 20
216.4379334214
 30
0.0
 10
297.4309952379
 20
216.4886824974
 30
0.0
 10
297.4320356285
 20
216.5399170364
 30
0.0
 10
297.4311807486
 20
216.5911742928
 30
0.0
 10
297.4284383699
 20
216.641991304
 30
0.0
 10
297.423833733
 20
216.6919078094
 30
0.0
 10
297.4194894986
 20
216.7247462943
 30
0.0
 10
297.4169998304
 20
216.7409218057
 30
0.0
  0
SPLINE
  5
C89
100
AcDbEntity
  8
0
100
AcDbSpline
 62
7
  6
CONTINUOUS
 70
0
 71
3
 72
31
 73
27
 74
0
 42
0.0000001
 43
0.0000001
 44
0.0000000001
 40
0.0
 40
0.0
 40
0.0
 40
0.0
 40
0.0156966426
 40
0.0317131833
 40
0.0483458865
 40
0.065851239
 40
0.0844378134
 40
0.1042655672
 40
0.1254497498
 40
0.1480667153
 40
0.172159953
 40
0.1977455136
 40
0.2248165486
 40
0.2533470066
 40
0.2832946167
 40
0.3146032766
 40
0.3472049953
 40
0.381021515
 40
0.4519343207
 40
0.5265669166
 40
0.6040416722
 40
0.6834147427
 40
0.7636999463
 40
0.8438912361
 40
0.9229845927
 40
1.0
 40
1.0
 40
1.0
 40
1.0
 10
297.60167008
 20
217.4383855884
 30
0.0
 10
297.5976321632
 20
217.4383840522
 30
0.0
 10
297.5894604697
 20
217.4377360326
 30
0.0
 10
297.5773178707
 20
217.4348481112
 30
0.0
 10
297.5652899669
 20
217.430064574
 30
0.0
 10
297.5534270978
 20
217.4234171775
 30
0.0
 10
297.5417679464
 20
217.4149412128
 30
0.0
 10
297.530349548
 20
217.404674142
 30
0.0
 10
297.5192077804
 20
217.3926563576
 30
0.0
 10
297.5083788314
 20
217.3789324596
 30
0.0
 10
297.4978990764
 20
217.3635522229
 30
0.0
 10
297.487804791
 20
217.3465711209
 30
0.0
 10
297.4781316929
 20
217.3280505068
 30
0.0
 10
297.468914553
 20
217.308057561
 30
0.0
 10
297.4601868487
 20
217.2866650819
 30
0.0
 10
297.4519805985
 20
217.2639512813
 30
0.0
 10
297.4443257117
 20
217.2399992583
 30
0.0
 10
297.4347412282
 20
217.2059901385
 30
0.0
 10
297.4244095904
 20
217.1609888379
 30
0.0
 10
297.4147815682
 20
217.1044036781
 30
0.0
 10
297.4078792161
 20
217.0452313376
 30
0.0
 10
297.4038057243
 20
216.9843419632
 30
0.0
 10
297.4026222254
 20
216.9226297902
 30
0.0
 10
297.4043465332
 20
216.8610017887
 30
0.0
 10
297.408952523
 20
216.8003664318
 30
0.0
 10
297.41398594
 20
216.7605032171
 30
0.0
 10
297.4169998304
 20
216.7409218057
 30
0.0
  0
SPLINE
  5
C8A
100
AcDbEntity
  8
0
100
AcDbSpline
 62
7
  6
CONTINUOUS
 70
0
 71
3
 72
23
 73
19
 74
0
 42
0.0000001
 43
0.0000001
 44
0.0000000001
 40
0.0
 40
0.0
 40
0.0
 40
0.0
 40
0.0494135249
 40
0.1026266731
 40
0.1593416098
 40
0.2191892969
 40
0.2817439796
 40
0.3465350198
 40
0.4130569987
 40
0.4807787623
 40
0.5491518571
 40
0.6176186075
 40
0.6856200193
 40
0.7526036673
 40
0.8180316921
 40
0.8813890887
 40
0.9421925402
 40
1.0
 40
1.0
 40
1.0
 40
1.0
 10
298.1726142348
 20
207.5308737933
 30
0.0
 10
298.1757330014
 20
207.5245184116
 30
0.0
 10
298.1816681814
 20
207.5110490828
 30
0.0
 10
298.1894494598
 20
207.4895730747
 30
0.0
 10
298.1963799954
 20
207.4662445734
 30
0.0
 10
298.202392483
 20
207.4412863165
 30
0.0
 10
298.2074291203
 20
207.4149351913
 30
0.0
 10
298.2114410389
 20
207.3874429703
 30
0.0
 10
298.2143893133
 20
207.3590726839
 30
0.0
 10
298.2162452956
 20
207.3300962001
 30
0.0
 10
298.2169909509
 20
207.3007914038
 30
0.0
 10
298.2166190265
 20
207.2714394416
 30
0.0
 10
298.215133139
 20
207.2423219356
 30
0.0
 10
298.2125477293
 20
207.2137181487
 30
0.0
 10
298.2088879417
 20
207.1859023543
 30
0.0
 10
298.2041892269
 20
207.1591405379
 30
0.0
 10
298.1984974406
 20
207.1336896129
 30
0.0
 10
298.1939521219
 20
207.117305505
 30
0.0
 10
298.1915068972
 20
207.1093927476
 30
0.0
  0
SPLINE
  5
C8B
100
AcDbEntity
  8
0
100
AcDbSpline
 62
7
  6
CONTINUOUS
 70
0
 71
3
 72
23
 73
19
 74
0
 42
0.0000001
 43
0.0000001
 44
0.0000000001
 40
0.0
 40
0.0
 40
0.0
 40
0.0
 40
0.0494135249
 40
0.1026266731
 40
0.1593416098
 40
0.2191892969
 40
0.2817439796
 40
0.3465350198
 40
0.4130569987
 40
0.4807787623
 40
0.5491518571
 40
0.6176186075
 40
0.6856200193
 40
0.7526036673
 40
0.8180316921
 40
0.8813890887
 40
0.9421925402
 40
1.0
 40
1.0
 40
1.0
 40
1.0
 10
316.1333054536
 20
207.5308737933
 30
0.0
 10
316.1364242202
 20
207.5245184116
 30
0.0
 10
316.1423594002
 20
207.5110490828
 30
0.0
 10
316.1501406786
 20
207.4895730747
 30
0.0
 10
316.1570712142
 20
207.4662445734
 30
0.0
 10
316.1630837018
 20
207.4412863165
 30
0.0
 10
316.1681203391
 20
207.4149351913
 30
0.0
 10
316.1721322577
 20
207.3874429703
 30
0.0
 10
316.1750805321
 20
207.3590726839
 30
0.0
 10
316.1769365144
 20
207.3300962001
 30
0.0
 10
316.1776821697
 20
207.3007914038
 30
0.0
 10
316.1773102453
 20
207.2714394416
 30
0.0
 10
316.1758243578
 20
207.2423219356
 30
0.0
 10
316.1732389481
 20
207.2137181487
 30
0.0
 10
316.1695791605
 20
207.1859023543
 30
0.0
 10
316.1648804457
 20
207.1591405379
 30
0.0
 10
316.1591886594
 20
207.1336896129
 30
0.0
 10
316.1546433407
 20
207.117305505
 30
0.0
 10
316.152198116
 20
207.1093927476
 30
0.0
  0
SPLINE
  5
C8C
100
AcDbEntity
  8
0
100
AcDbSpline
 62
7
  6
CONTINUOUS
 70
0
 71
3
 72
15
 73
11
 74
0
 42
0.0000001
 43
0.0000001
 44
0.0000000001
 40
0.0
 40
0.0
 40
0.0
 40
0.0
 40
0.1214542118
 40
0.2458393864
 40
0.3722170437
 40
0.4996218229
 40
0.6270746751
 40
0.7535959151
 40
0.8782182622
 40
1.0
 40
1.0
 40
1.0
 40
1.0
 10
282.2187620621
 20
216.3392619551
 30
0.0
 10
282.2213114304
 20
216.3553836039
 30
0.0
 10
282.2257760218
 20
216.3881294484
 30
0.0
 10
282.2305610903
 20
216.4379334214
 30
0.0
 10
282.2334872835
 20
216.4886824974
 30
0.0
 10
282.2345276742
 20
216.5399170364
 30
0.0
 10
282.2336727942
 20
216.5911742928
 30
0.0
 10
282.2309304155
 20
216.641991304
 30
0.0
 10
282.2263257787
 20
216.6919078094
 30
0.0
 10
282.2219815442
 20
216.7247462943
 30
0.0
 10
282.219491876
 20
216.7409218057
 30
0.0
  0
SPLINE
  5
C8D
100
AcDbEntity
  8
0
100
AcDbSpline
 62
7
  6
CONTINUOUS
 70
0
 71
3
 72
31
 73
27
 74
0
 42
0.0000001
 43
0.0000001
 44
0.0000000001
 40
0.0
 40
0.0
 40
0.0
 40
0.0
 40
0.0156966426
 40
0.0317131833
 40
0.0483458865
 40
0.065851239
 40
0.0844378134
 40
0.1042655672
 40
0.1254497498
 40
0.1480667153
 40
0.172159953
 40
0.1977455136
 40
0.2248165486
 40
0.2533470066
 40
0.2832946167
 40
0.3146032766
 40
0.3472049953
 40
0.381021515
 40
0.4519343207
 40
0.5265669166
 40
0.6040416722
 40
0.6834147427
 40
0.7636999463
 40
0.8438912361
 40
0.9229845927
 40
1.0
 40
1.0
 40
1.0
 40
1.0
 10
282.4041621257
 20
217.4383855884
 30
0.0
 10
282.4001242089
 20
217.4383840522
 30
0.0
 10
282.3919525153
 20
217.4377360326
 30
0.0
 10
282.3798099163
 20
217.4348481112
 30
0.0
 10
282.3677820125
 20
217.430064574
 30
0.0
 10
282.3559191435
 20
217.4234171775
 30
0.0
 10
282.3442599921
 20
217.4149412128
 30
0.0
 10
282.3328415936
 20
217.404674142
 30
0.0
 10
282.321699826
 20
217.3926563576
 30
0.0
 10
282.310870877
 20
217.3789324596
 30
0.0
 10
282.300391122
 20
217.3635522229
 30
0.0
 10
282.2902968366
 20
217.3465711209
 30
0.0
 10
282.2806237385
 20
217.3280505068
 30
0.0
 10
282.2714065986
 20
217.308057561
 30
0.0
 10
282.2626788943
 20
217.2866650819
 30
0.0
 10
282.2544726442
 20
217.2639512813
 30
0.0
 10
282.2468177573
 20
217.2399992583
 30
0.0
 10
282.2372332739
 20
217.2059901385
 30
0.0
 10
282.2269016361
 20
217.1609888379
 30
0.0
 10
282.2172736138
 20
217.1044036781
 30
0.0
 10
282.2103712617
 20
217.0452313376
 30
0.0
 10
282.2062977699
 20
216.9843419632
 30
0.0
 10
282.205114271
 20
216.9226297902
 30
0.0
 10
282.2068385788
 20
216.8610017887
 30
0.0
 10
282.2114445686
 20
216.8003664318
 30
0.0
 10
282.2164779856
 20
216.7605032171
 30
0.0
 10
282.219491876
 20
216.7409218057
 30
0.0
  0
SPLINE
  5
C8E
100
AcDbEntity
  8
0
100
AcDbSpline
 62
7
  6
CONTINUOUS
 70
0
 71
3
 72
15
 73
11
 74
0
 42
0.0000001
 43
0.0000001
 44
0.0000000001
 40
0.0
 40
0.0
 40
0.0
 40
0.0
 40
0.1214542118
 40
0.2458393864
 40
0.3722170437
 40
0.4996218229
 40
0.6270746751
 40
0.7535959151
 40
0.8782182622
 40
1.0
 40
1.0
 40
1.0
 40
1.0
 10
296.0346783843
 20
216.3392619551
 30
0.0
 10
296.0372277526
 20
216.3553836039
 30
0.0
 10
296.0416923439
 20
216.3881294484
 30
0.0
 10
296.0464774125
 20
216.4379334214
 30
0.0
 10
296.0494036057
 20
216.4886824974
 30
0.0
 10
296.0504439963
 20
216.5399170364
 30
0.0
 10
296.0495891164
 20
216.5911742928
 30
0.0
 10
296.0468467377
 20
216.641991304
 30
0.0
 10
296.0422421008
 20
216.6919078094
 30
0.0
 10
296.0378978664
 20
216.7247462943
 30
0.0
 10
296.0354081981
 20
216.7409218057
 30
0.0
  0
SPLINE
  5
C8F
100
AcDbEntity
  8
0
100
AcDbSpline
 62
7
  6
CONTINUOUS
 70
0
 71
3
 72
31
 73
27
 74
0
 42
0.0000001
 43
0.0000001
 44
0.0000000001
 40
0.0
 40
0.0
 40
0.0
 40
0.0
 40
0.0156966426
 40
0.0317131833
 40
0.0483458865
 40
0.065851239
 40
0.0844378134
 40
0.1042655672
 40
0.1254497498
 40
0.1480667153
 40
0.172159953
 40
0.1977455136
 40
0.2248165486
 40
0.2533470066
 40
0.2832946167
 40
0.3146032766
 40
0.3472049953
 40
0.381021515
 40
0.4519343207
 40
0.5265669166
 40
0.6040416722
 40
0.6834147427
 40
0.7636999463
 40
0.8438912361
 40
0.9229845927
 40
1.0
 40
1.0
 40
1.0
 40
1.0
 10
296.2200784478
 20
217.4383855884
 30
0.0
 10
296.216040531
 20
217.4383840522
 30
0.0
 10
296.2078688375
 20
217.4377360326
 30
0.0
 10
296.1957262385
 20
217.4348481112
 30
0.0
 10
296.1836983347
 20
217.430064574
 30
0.0
 10
296.1718354656
 20
217.4234171775
 30
0.0
 10
296.1601763142
 20
217.4149412128
 30
0.0
 10
296.1487579158
 20
217.404674142
 30
0.0
 10
296.1376161482
 20
217.3926563576
 30
0.0
 10
296.1267871992
 20
217.3789324596
 30
0.0
 10
296.1163074442
 20
217.3635522229
 30
0.0
 10
296.1062131588
 20
217.3465711209
 30
0.0
 10
296.0965400607
 20
217.3280505068
 30
0.0
 10
296.0873229208
 20
217.308057561
 30
0.0
 10
296.0785952165
 20
217.2866650819
 30
0.0
 10
296.0703889663
 20
217.2639512813
 30
0.0
 10
296.0627340795
 20
217.2399992583
 30
0.0
 10
296.053149596
 20
217.2059901385
 30
0.0
 10
296.0428179582
 20
217.1609888379
 30
0.0
 10
296.033189936
 20
217.1044036781
 30
0.0
 10
296.0262875839
 20
217.0452313376
 30
0.0
 10
296.0222140921
 20
216.9843419632
 30
0.0
 10
296.0210305931
 20
216.9226297902
 30
0.0
 10
296.022754901
 20
216.8610017887
 30
0.0
 10
296.0273608908
 20
216.8003664318
 30
0.0
 10
296.0323943078
 20
216.7605032171
 30
0.0
 10
296.0354081981
 20
216.7409218057
 30
0.0
  0
SPLINE
  5
C90
100
AcDbEntity
  8
0
100
AcDbSpline
 62
7
  6
CONTINUOUS
 70
0
 71
3
 72
23
 73
19
 74
0
 42
0.0000001
 43
0.0000001
 44
0.0000000001
 40
0.0
 40
0.0
 40
0.0
 40
0.0
 40
0.0494135249
 40
0.1026266731
 40
0.1593416098
 40
0.2191892969
 40
0.2817439796
 40
0.3465350198
 40
0.4130569987
 40
0.4807787623
 40
0.5491518571
 40
0.6176186075
 40
0.6856200193
 40
0.7526036673
 40
0.8180316921
 40
0.8813890887
 40
0.9421925402
 40
1.0
 40
1.0
 40
1.0
 40
1.0
 10
282.9751062805
 20
207.5308737933
 30
0.0
 10
282.978225047
 20
207.5245184116
 30
0.0
 10
282.9841602271
 20
207.5110490828
 30
0.0
 10
282.9919415054
 20
207.4895730747
 30
0.0
 10
282.9988720411
 20
207.4662445734
 30
0.0
 10
283.0048845286
 20
207.4412863165
 30
0.0
 10
283.0099211659
 20
207.4149351913
 30
0.0
 10
283.0139330845
 20
207.3874429703
 30
0.0
 10
283.0168813589
 20
207.3590726839
 30
0.0
 10
283.0187373412
 20
207.3300962001
 30
0.0
 10
283.0194829965
 20
207.3007914038
 30
0.0
 10
283.0191110721
 20
207.2714394416
 30
0.0
 10
283.0176251846
 20
207.2423219356
 30
0.0
 10
283.0150397749
 20
207.2137181487
 30
0.0
 10
283.0113799873
 20
207.1859023543
 30
0.0
 10
283.0066812725
 20
207.1591405379
 30
0.0
 10
283.0009894863
 20
207.1336896129
 30
0.0
 10
282.9964441675
 20
207.117305505
 30
0.0
 10
282.9939989428
 20
207.1093927476
 30
0.0
  0
SPLINE
  5
C91
100
AcDbEntity
  8
0
100
AcDbSpline
 62
7
  6
CONTINUOUS
 70
0
 71
3
 72
23
 73
19
 74
0
 42
0.0000001
 43
0.0000001
 44
0.0000000001
 40
0.0
 40
0.0
 40
0.0
 40
0.0
 40
0.0494135249
 40
0.1026266731
 40
0.1593416098
 40
0.2191892969
 40
0.2817439796
 40
0.3465350198
 40
0.4130569987
 40
0.4807787623
 40
0.5491518571
 40
0.6176186075
 40
0.6856200193
 40
0.7526036673
 40
0.8180316921
 40
0.8813890887
 40
0.9421925402
 40
1.0
 40
1.0
 40
1.0
 40
1.0
 10
296.7910226026
 20
207.5308737933
 30
0.0
 10
296.7941413692
 20
207.5245184116
 30
0.0
 10
296.8000765492
 20
207.5110490828
 30
0.0
 10
296.8078578276
 20
207.4895730747
 30
0.0
 10
296.8147883632
 20
207.4662445734
 30
0.0
 10
296.8208008508
 20
207.4412863165
 30
0.0
 10
296.8258374881
 20
207.4149351913
 30
0.0
 10
296.8298494066
 20
207.3874429703
 30
0.0
 10
296.8327976811
 20
207.3590726839
 30
0.0
 10
296.8346536633
 20
207.3300962001
 30
0.0
 10
296.8353993187
 20
207.3007914038
 30
0.0
 10
296.8350273943
 20
207.2714394416
 30
0.0
 10
296.8335415068
 20
207.2423219356
 30
0.0
 10
296.8309560971
 20
207.2137181487
 30
0.0
 10
296.8272963094
 20
207.1859023543
 30
0.0
 10
296.8225975947
 20
207.1591405379
 30
0.0
 10
296.8169058084
 20
207.1336896129
 30
0.0
 10
296.8123604897
 20
207.117305505
 30
0.0
 10
296.809915265
 20
207.1093927476
 30
0.0
  0
SPLINE
  5
C92
100
AcDbEntity
  8
0
100
AcDbSpline
 62
7
  6
CONTINUOUS
 70
0
 71
3
 72
22
 73
18
 74
0
 42
0.0000001
 43
0.0000001
 44
0.0000000001
 40
0.0
 40
0.0
 40
0.0
 40
0.0
 40
0.056318955
 40
0.1128288648
 40
0.1697159609
 40
0.2271573002
 40
0.2853168222
 40
0.3443420832
 40
0.404361758
 40
0.4654839218
 40
0.5277950658
 40
0.5913597585
 40
0.6562208385
 40
0.7224000265
 40
0.7898988498
 40
0.8586997904
 40
1.0
 40
1.0
 40
1.0
 40
1.0
 10
306.3962510111
 20
215.8272947995
 30
0.0
 10
306.4059232799
 20
215.8075847674
 30
0.0
 10
306.4269793581
 20
215.7688966929
 30
0.0
 10
306.4634219337
 20
215.7135875037
 30
0.0
 10
306.504612345
 20
215.6611555934
 30
0.0
 10
306.5503912088
 20
215.6118022636
 30
0.0
 10
306.6005855034
 20
215.5657091206
 30
0.0
 10
306.6550052027
 20
215.5230464632
 30
0.0
 10
306.7134454706
 20
215.4839704498
 30
0.0
 10
306.7756872537
 20
215.4486234593
 30
0.0
 10
306.8414982759
 20
215.4171336642
 30
0.0
 10
306.9106337122
 20
215.3896148667
 30
0.0
 10
306.9828375137
 20
215.3661662124
 30
0.0
 10
307.0578412902
 20
215.3468721151
 30
0.0
 10
307.1353726447
 20
215.3318014146
 30
0.0
 10
307.2426565011
 20
215.3172843762
 30
0.0
 10
307.3246649974
 20
215.313118128
 30
0.0
 10
307.3797494354
 20
215.313118128
 30
0.0
  0
SPLINE
  5
C93
100
AcDbEntity
  8
0
100
AcDbSpline
 62
7
  6
CONTINUOUS
 70
0
 71
3
 72
22
 73
18
 74
0
 42
0.0000001
 43
0.0000001
 44
0.0000000001
 40
0.0
 40
0.0
 40
0.0
 40
0.0
 40
0.056318955
 40
0.1128288648
 40
0.1697159609
 40
0.2271573002
 40
0.2853168222
 40
0.3443420832
 40
0.404361758
 40
0.4654839218
 40
0.5277950658
 40
0.5913597585
 40
0.6562208385
 40
0.7224000265
 40
0.7898988498
 40
0.8586997904
 40
1.0
 40
1.0
 40
1.0
 40
1.0
 10
318.8305757011
 20
215.8272947995
 30
0.0
 10
318.8402479699
 20
215.8075847674
 30
0.0
 10
318.8613040481
 20
215.7688966929
 30
0.0
 10
318.8977466236
 20
215.7135875037
 30
0.0
 10
318.938937035
 20
215.6611555934
 30
0.0
 10
318.9847158987
 20
215.6118022636
 30
0.0
 10
319.0349101934
 20
215.5657091206
 30
0.0
 10
319.0893298927
 20
215.5230464632
 30
0.0
 10
319.1477701605
 20
215.4839704498
 30
0.0
 10
319.2100119436
 20
215.4486234593
 30
0.0
 10
319.2758229659
 20
215.4171336642
 30
0.0
 10
319.3449584021
 20
215.3896148667
 30
0.0
 10
319.4171622036
 20
215.3661662124
 30
0.0
 10
319.4921659802
 20
215.3468721151
 30
0.0
 10
319.5696973346
 20
215.3318014146
 30
0.0
 10
319.676981191
 20
215.3172843762
 30
0.0
 10
319.7589896873
 20
215.313118128
 30
0.0
 10
319.8140741253
 20
215.313118128
 30
0.0
  0
SPLINE
  5
C94
100
AcDbEntity
  8
0
100
AcDbSpline
 62
7
  6
CONTINUOUS
 70
0
 71
3
 72
15
 73
11
 74
0
 42
0.0000001
 43
0.0000001
 44
0.0000000001
 40
0.0
 40
0.0
 40
0.0
 40
0.0
 40
0.1214542118
 40
0.2458393864
 40
0.3722170437
 40
0.4996218229
 40
0.6270746751
 40
0.7535959151
 40
0.8782182622
 40
1.0
 40
1.0
 40
1.0
 40
1.0
 10
313.9953696031
 20
216.3392619551
 30
0.0
 10
313.9979189714
 20
216.3553836039
 30
0.0
 10
314.0023835627
 20
216.3881294484
 30
0.0
 10
314.0071686313
 20
216.4379334214
 30
0.0
 10
314.0100948245
 20
216.4886824974
 30
0.0
 10
314.0111352151
 20
216.5399170364
 30
0.0
 10
314.0102803352
 20
216.5911742928
 30
0.0
 10
314.0075379565
 20
216.641991304
 30
0.0
 10
314.0029333196
 20
216.6919078094
 30
0.0
 10
313.9985890852
 20
216.7247462943
 30
0.0
 10
313.9960994169
 20
216.7409218057
 30
0.0
  0
SPLINE
  5
C95
100
AcDbEntity
  8
0
100
AcDbSpline
 62
7
  6
CONTINUOUS
 70
0
 71
3
 72
31
 73
27
 74
0
 42
0.0000001
 43
0.0000001
 44
0.0000000001
 40
0.0
 40
0.0
 40
0.0
 40
0.0
 40
0.0156966426
 40
0.0317131833
 40
0.0483458865
 40
0.065851239
 40
0.0844378134
 40
0.1042655672
 40
0.1254497498
 40
0.1480667153
 40
0.172159953
 40
0.1977455136
 40
0.2248165486
 40
0.2533470066
 40
0.2832946167
 40
0.3146032766
 40
0.3472049953
 40
0.381021515
 40
0.4519343207
 40
0.5265669166
 40
0.6040416722
 40
0.6834147427
 40
0.7636999463
 40
0.8438912361
 40
0.9229845927
 40
1.0
 40
1.0
 40
1.0
 40
1.0
 10
314.1807696666
 20
217.4383855884
 30
0.0
 10
314.1767317498
 20
217.4383840522
 30
0.0
 10
314.1685600563
 20
217.4377360326
 30
0.0
 10
314.1564174573
 20
217.4348481112
 30
0.0
 10
314.1443895535
 20
217.430064574
 30
0.0
 10
314.1325266844
 20
217.4234171775
 30
0.0
 10
314.120867533
 20
217.4149412128
 30
0.0
 10
314.1094491346
 20
217.404674142
 30
0.0
 10
314.098307367
 20
217.3926563576
 30
0.0
 10
314.087478418
 20
217.3789324596
 30
0.0
 10
314.076998663
 20
217.3635522229
 30
0.0
 10
314.0669043776
 20
217.3465711209
 30
0.0
 10
314.0572312795
 20
217.3280505068
 30
0.0
 10
314.0480141396
 20
217.308057561
 30
0.0
 10
314.0392864353
 20
217.2866650819
 30
0.0
 10
314.0310801851
 20
217.2639512813
 30
0.0
 10
314.0234252983
 20
217.2399992583
 30
0.0
 10
314.0138408148
 20
217.2059901385
 30
0.0
 10
314.003509177
 20
217.1609888379
 30
0.0
 10
313.9938811548
 20
217.1044036781
 30
0.0
 10
313.9869788027
 20
217.0452313376
 30
0.0
 10
313.9829053109
 20
216.9843419632
 30
0.0
 10
313.9817218119
 20
216.9226297902
 30
0.0
 10
313.9834461198
 20
216.8610017887
 30
0.0
 10
313.9880521096
 20
216.8003664318
 30
0.0
 10
313.9930855266
 20
216.7605032171
 30
0.0
 10
313.9960994169
 20
216.7409218057
 30
0.0
  0
SPLINE
  5
C96
100
AcDbEntity
  8
0
100
AcDbSpline
 62
7
  6
CONTINUOUS
 70
0
 71
3
 72
15
 73
11
 74
0
 42
0.0000001
 43
0.0000001
 44
0.0000000001
 40
0.0
 40
0.0
 40
0.0
 40
0.0
 40
0.1214542118
 40
0.2458393864
 40
0.3722170437
 40
0.4996218229
 40
0.6270746751
 40
0.7535959151
 40
0.8782182622
 40
1.0
 40
1.0
 40
1.0
 40
1.0
 10
294.6530867521
 20
216.3392619551
 30
0.0
 10
294.6556361204
 20
216.3553836039
 30
0.0
 10
294.6601007117
 20
216.3881294484
 30
0.0
 10
294.6648857803
 20
216.4379334214
 30
0.0
 10
294.6678119735
 20
216.4886824974
 30
0.0
 10
294.6688523641
 20
216.5399170364
 30
0.0
 10
294.6679974841
 20
216.5911742928
 30
0.0
 10
294.6652551055
 20
216.641991304
 30
0.0
 10
294.6606504686
 20
216.6919078094
 30
0.0
 10
294.6563062341
 20
216.7247462943
 30
0.0
 10
294.6538165659
 20
216.7409218057
 30
0.0
  0
SPLINE
  5
C97
100
AcDbEntity
  8
0
100
AcDbSpline
 62
7
  6
CONTINUOUS
 70
0
 71
3
 72
31
 73
27
 74
0
 42
0.0000001
 43
0.0000001
 44
0.0000000001
 40
0.0
 40
0.0
 40
0.0
 40
0.0
 40
0.0156966426
 40
0.0317131833
 40
0.0483458865
 40
0.065851239
 40
0.0844378134
 40
0.1042655672
 40
0.1254497498
 40
0.1480667153
 40
0.172159953
 40
0.1977455136
 40
0.2248165486
 40
0.2533470066
 40
0.2832946167
 40
0.3146032766
 40
0.3472049953
 40
0.381021515
 40
0.4519343207
 40
0.5265669166
 40
0.6040416722
 40
0.6834147427
 40
0.7636999463
 40
0.8438912361
 40
0.9229845927
 40
1.0
 40
1.0
 40
1.0
 40
1.0
 10
294.8384868156
 20
217.4383855884
 30
0.0
 10
294.8344488988
 20
217.4383840522
 30
0.0
 10
294.8262772053
 20
217.4377360326
 30
0.0
 10
294.8141346063
 20
217.4348481112
 30
0.0
 10
294.8021067025
 20
217.430064574
 30
0.0
 10
294.7902438334
 20
217.4234171775
 30
0.0
 10
294.778584682
 20
217.4149412128
 30
0.0
 10
294.7671662836
 20
217.404674142
 30
0.0
 10
294.756024516
 20
217.3926563576
 30
0.0
 10
294.745195567
 20
217.3789324596
 30
0.0
 10
294.734715812
 20
217.3635522229
 30
0.0
 10
294.7246215266
 20
217.3465711209
 30
0.0
 10
294.7149484284
 20
217.3280505068
 30
0.0
 10
294.7057312885
 20
217.308057561
 30
0.0
 10
294.6970035843
 20
217.2866650819
 30
0.0
 10
294.6887973341
 20
217.2639512813
 30
0.0
 10
294.6811424473
 20
217.2399992583
 30
0.0
 10
294.6715579638
 20
217.2059901385
 30
0.0
 10
294.661226326
 20
217.1609888379
 30
0.0
 10
294.6515983038
 20
217.1044036781
 30
0.0
 10
294.6446959516
 20
217.0452313376
 30
0.0
 10
294.6406224599
 20
216.9843419632
 30
0.0
 10
294.6394389609
 20
216.9226297902
 30
0.0
 10
294.6411632688
 20
216.8610017887
 30
0.0
 10
294.6457692586
 20
216.8003664318
 30
0.0
 10
294.6508026756
 20
216.7605032171
 30
0.0
 10
294.6538165659
 20
216.7409218057
 30
0.0
  0
SPLINE
  5
C98
100
AcDbEntity
  8
0
100
AcDbSpline
 62
7
  6
CONTINUOUS
 70
0
 71
3
 72
23
 73
19
 74
0
 42
0.0000001
 43
0.0000001
 44
0.0000000001
 40
0.0
 40
0.0
 40
0.0
 40
0.0
 40
0.0494135249
 40
0.1026266731
 40
0.1593416098
 40
0.2191892969
 40
0.2817439796
 40
0.3465350198
 40
0.4130569987
 40
0.4807787623
 40
0.5491518571
 40
0.6176186075
 40
0.6856200193
 40
0.7526036673
 40
0.8180316921
 40
0.8813890887
 40
0.9421925402
 40
1.0
 40
1.0
 40
1.0
 40
1.0
 10
314.7517138214
 20
207.5308737933
 30
0.0
 10
314.754832588
 20
207.5245184116
 30
0.0
 10
314.760767768
 20
207.5110490828
 30
0.0
 10
314.7685490464
 20
207.4895730747
 30
0.0
 10
314.775479582
 20
207.4662445734
 30
0.0
 10
314.7814920696
 20
207.4412863165
 30
0.0
 10
314.7865287069
 20
207.4149351913
 30
0.0
 10
314.7905406254
 20
207.3874429703
 30
0.0
 10
314.7934888999
 20
207.3590726839
 30
0.0
 10
314.7953448821
 20
207.3300962001
 30
0.0
 10
314.7960905375
 20
207.3007914038
 30
0.0
 10
314.7957186131
 20
207.2714394416
 30
0.0
 10
314.7942327256
 20
207.2423219356
 30
0.0
 10
314.7916473159
 20
207.2137181487
 30
0.0
 10
314.7879875282
 20
207.1859023543
 30
0.0
 10
314.7832888135
 20
207.1591405379
 30
0.0
 10
314.7775970272
 20
207.1336896129
 30
0.0
 10
314.7730517085
 20
207.117305505
 30
0.0
 10
314.7706064838
 20
207.1093927476
 30
0.0
  0
SPLINE
  5
C99
100
AcDbEntity
  8
0
100
AcDbSpline
 62
7
  6
CONTINUOUS
 70
0
 71
3
 72
23
 73
19
 74
0
 42
0.0000001
 43
0.0000001
 44
0.0000000001
 40
0.0
 40
0.0
 40
0.0
 40
0.0
 40
0.0494135249
 40
0.1026266731
 40
0.1593416098
 40
0.2191892969
 40
0.2817439796
 40
0.3465350198
 40
0.4130569987
 40
0.4807787623
 40
0.5491518571
 40
0.6176186075
 40
0.6856200193
 40
0.7526036673
 40
0.8180316921
 40
0.8813890887
 40
0.9421925402
 40
1.0
 40
1.0
 40
1.0
 40
1.0
 10
295.4094309704
 20
207.5308737933
 30
0.0
 10
295.412549737
 20
207.5245184116
 30
0.0
 10
295.418484917
 20
207.5110490828
 30
0.0
 10
295.4262661954
 20
207.4895730747
 30
0.0
 10
295.433196731
 20
207.4662445734
 30
0.0
 10
295.4392092186
 20
207.4412863165
 30
0.0
 10
295.4442458559
 20
207.4149351913
 30
0.0
 10
295.4482577744
 20
207.3874429703
 30
0.0
 10
295.4512060488
 20
207.3590726839
 30
0.0
 10
295.4530620311
 20
207.3300962001
 30
0.0
 10
295.4538076864
 20
207.3007914038
 30
0.0
 10
295.4534357621
 20
207.2714394416
 30
0.0
 10
295.4519498746
 20
207.2423219356
 30
0.0
 10
295.4493644649
 20
207.2137181487
 30
0.0
 10
295.4457046772
 20
207.1859023543
 30
0.0
 10
295.4410059625
 20
207.1591405379
 30
0.0
 10
295.4353141762
 20
207.1336896129
 30
0.0
 10
295.4307688575
 20
207.117305505
 30
0.0
 10
295.4283236328
 20
207.1093927476
 30
0.0
  0
SPLINE
  5
C9A
100
AcDbEntity
  8
0
100
AcDbSpline
 62
7
  6
CONTINUOUS
 70
0
 71
3
 72
15
 73
11
 74
0
 42
0.0000001
 43
0.0000001
 44
0.0000000001
 40
0.0
 40
0.0
 40
0.0
 40
0.0
 40
0.1214542118
 40
0.2458393864
 40
0.3722170437
 40
0.4996218229
 40
0.6270746751
 40
0.7535959151
 40
0.8782182622
 40
1.0
 40
1.0
 40
1.0
 40
1.0
 10
280.8371704299
 20
216.3392619551
 30
0.0
 10
280.8397197982
 20
216.3553836039
 30
0.0
 10
280.8441843896
 20
216.3881294484
 30
0.0
 10
280.8489694581
 20
216.4379334214
 30
0.0
 10
280.8518956513
 20
216.4886824974
 30
0.0
 10
280.8529360419
 20
216.5399170364
 30
0.0
 10
280.852081162
 20
216.5911742928
 30
0.0
 10
280.8493387833
 20
216.641991304
 30
0.0
 10
280.8447341464
 20
216.6919078094
 30
0.0
 10
280.840389912
 20
216.7247462943
 30
0.0
 10
280.8379002438
 20
216.7409218057
 30
0.0
  0
SPLINE
  5
C9B
100
AcDbEntity
  8
0
100
AcDbSpline
 62
7
  6
CONTINUOUS
 70
0
 71
3
 72
31
 73
27
 74
0
 42
0.0000001
 43
0.0000001
 44
0.0000000001
 40
0.0
 40
0.0
 40
0.0
 40
0.0
 40
0.0156966426
 40
0.0317131833
 40
0.0483458865
 40
0.065851239
 40
0.0844378134
 40
0.1042655672
 40
0.1254497498
 40
0.1480667153
 40
0.172159953
 40
0.1977455136
 40
0.2248165486
 40
0.2533470066
 40
0.2832946167
 40
0.3146032766
 40
0.3472049953
 40
0.381021515
 40
0.4519343207
 40
0.5265669166
 40
0.6040416722
 40
0.6834147427
 40
0.7636999463
 40
0.8438912361
 40
0.9229845927
 40
1.0
 40
1.0
 40
1.0
 40
1.0
 10
281.0225704934
 20
217.4383855884
 30
0.0
 10
281.0185325766
 20
217.4383840522
 30
0.0
 10
281.0103608831
 20
217.4377360326
 30
0.0
 10
280.9982182841
 20
217.4348481112
 30
0.0
 10
280.9861903803
 20
217.430064574
 30
0.0
 10
280.9743275112
 20
217.4234171775
 30
0.0
 10
280.9626683599
 20
217.4149412128
 30
0.0
 10
280.9512499614
 20
217.404674142
 30
0.0
 10
280.9401081938
 20
217.3926563576
 30
0.0
 10
280.9292792448
 20
217.3789324596
 30
0.0
 10
280.9187994898
 20
217.3635522229
 30
0.0
 10
280.9087052044
 20
217.3465711209
 30
0.0
 10
280.8990321063
 20
217.3280505068
 30
0.0
 10
280.8898149664
 20
217.308057561
 30
0.0
 10
280.8810872621
 20
217.2866650819
 30
0.0
 10
280.872881012
 20
217.2639512813
 30
0.0
 10
280.8652261251
 20
217.2399992583
 30
0.0
 10
280.8556416417
 20
217.2059901385
 30
0.0
 10
280.8453100038
 20
217.1609888379
 30
0.0
 10
280.8356819816
 20
217.1044036781
 30
0.0
 10
280.8287796295
 20
217.0452313376
 30
0.0
 10
280.8247061377
 20
216.9843419632
 30
0.0
 10
280.8235226388
 20
216.9226297902
 30
0.0
 10
280.8252469466
 20
216.8610017887
 30
0.0
 10
280.8298529364
 20
216.8003664318
 30
0.0
 10
280.8348863534
 20
216.7605032171
 30
0.0
 10
280.8379002438
 20
216.7409218057
 30
0.0
  0
SPLINE
  5
C9C
100
AcDbEntity
  8
0
100
AcDbSpline
 62
7
  6
CONTINUOUS
 70
0
 71
3
 72
23
 73
19
 74
0
 42
0.0000001
 43
0.0000001
 44
0.0000000001
 40
0.0
 40
0.0
 40
0.0
 40
0.0
 40
0.0494135249
 40
0.1026266731
 40
0.1593416098
 40
0.2191892969
 40
0.2817439796
 40
0.3465350198
 40
0.4130569987
 40
0.4807787623
 40
0.5491518571
 40
0.6176186075
 40
0.6856200193
 40
0.7526036673
 40
0.8180316921
 40
0.8813890887
 40
0.9421925402
 40
1.0
 40
1.0
 40
1.0
 40
1.0
 10
281.5935146483
 20
207.5308737933
 30
0.0
 10
281.5966334148
 20
207.5245184116
 30
0.0
 10
281.6025685948
 20
207.5110490828
 30
0.0
 10
281.6103498732
 20
207.4895730747
 30
0.0
 10
281.6172804088
 20
207.4662445734
 30
0.0
 10
281.6232928964
 20
207.4412863165
 30
0.0
 10
281.6283295337
 20
207.4149351913
 30
0.0
 10
281.6323414523
 20
207.3874429703
 30
0.0
 10
281.6352897267
 20
207.3590726839
 30
0.0
 10
281.637145709
 20
207.3300962001
 30
0.0
 10
281.6378913643
 20
207.3007914038
 30
0.0
 10
281.6375194399
 20
207.2714394416
 30
0.0
 10
281.6360335524
 20
207.2423219356
 30
0.0
 10
281.6334481427
 20
207.2137181487
 30
0.0
 10
281.6297883551
 20
207.1859023543
 30
0.0
 10
281.6250896403
 20
207.1591405379
 30
0.0
 10
281.6193978541
 20
207.1336896129
 30
0.0
 10
281.6148525353
 20
207.117305505
 30
0.0
 10
281.6124073106
 20
207.1093927476
 30
0.0
  0
SPLINE
  5
C9D
100
AcDbEntity
  8
0
100
AcDbSpline
 62
7
  6
CONTINUOUS
 70
0
 71
3
 72
15
 73
11
 74
0
 42
0.0000001
 43
0.0000001
 44
0.0000000001
 40
0.0
 40
0.0
 40
0.0
 40
0.0
 40
0.1214542118
 40
0.2458393864
 40
0.3722170437
 40
0.4996218229
 40
0.6270746751
 40
0.7535959151
 40
0.8782182622
 40
1.0
 40
1.0
 40
1.0
 40
1.0
 10
293.2714951198
 20
216.3392619551
 30
0.0
 10
293.2740444882
 20
216.3553836039
 30
0.0
 10
293.2785090795
 20
216.3881294484
 30
0.0
 10
293.283294148
 20
216.4379334214
 30
0.0
 10
293.2862203412
 20
216.4886824974
 30
0.0
 10
293.2872607319
 20
216.5399170364
 30
0.0
 10
293.2864058519
 20
216.5911742928
 30
0.0
 10
293.2836634733
 20
216.641991304
 30
0.0
 10
293.2790588364
 20
216.6919078094
 30
0.0
 10
293.2747146019
 20
216.7247462943
 30
0.0
 10
293.2722249337
 20
216.7409218057
 30
0.0
  0
SPLINE
  5
C9E
100
AcDbEntity
  8
0
100
AcDbSpline
 62
7
  6
CONTINUOUS
 70
0
 71
3
 72
31
 73
27
 74
0
 42
0.0000001
 43
0.0000001
 44
0.0000000001
 40
0.0
 40
0.0
 40
0.0
 40
0.0
 40
0.0156966426
 40
0.0317131833
 40
0.0483458865
 40
0.065851239
 40
0.0844378134
 40
0.1042655672
 40
0.1254497498
 40
0.1480667153
 40
0.172159953
 40
0.1977455136
 40
0.2248165486
 40
0.2533470066
 40
0.2832946167
 40
0.3146032766
 40
0.3472049953
 40
0.381021515
 40
0.4519343207
 40
0.5265669166
 40
0.6040416722
 40
0.6834147427
 40
0.7636999463
 40
0.8438912361
 40
0.9229845927
 40
1.0
 40
1.0
 40
1.0
 40
1.0
 10
293.4568951834
 20
217.4383855884
 30
0.0
 10
293.4528572666
 20
217.4383840522
 30
0.0
 10
293.4446855731
 20
217.4377360326
 30
0.0
 10
293.4325429741
 20
217.4348481112
 30
0.0
 10
293.4205150703
 20
217.430064574
 30
0.0
 10
293.4086522012
 20
217.4234171775
 30
0.0
 10
293.3969930498
 20
217.4149412128
 30
0.0
 10
293.3855746513
 20
217.404674142
 30
0.0
 10
293.3744328838
 20
217.3926563576
 30
0.0
 10
293.3636039347
 20
217.3789324596
 30
0.0
 10
293.3531241798
 20
217.3635522229
 30
0.0
 10
293.3430298944
 20
217.3465711209
 30
0.0
 10
293.3333567962
 20
217.3280505068
 30
0.0
 10
293.3241396563
 20
217.308057561
 30
0.0
 10
293.3154119521
 20
217.2866650819
 30
0.0
 10
293.3072057019
 20
217.2639512813
 30
0.0
 10
293.2995508151
 20
217.2399992583
 30
0.0
 10
293.2899663316
 20
217.2059901385
 30
0.0
 10
293.2796346938
 20
217.1609888379
 30
0.0
 10
293.2700066715
 20
217.1044036781
 30
0.0
 10
293.2631043194
 20
217.0452313376
 30
0.0
 10
293.2590308276
 20
216.9843419632
 30
0.0
 10
293.2578473287
 20
216.9226297902
 30
0.0
 10
293.2595716366
 20
216.8610017887
 30
0.0
 10
293.2641776264
 20
216.8003664318
 30
0.0
 10
293.2692110434
 20
216.7605032171
 30
0.0
 10
293.2722249337
 20
216.7409218057
 30
0.0
  0
SPLINE
  5
C9F
100
AcDbEntity
  8
0
100
AcDbSpline
 62
7
  6
CONTINUOUS
 70
0
 71
3
 72
23
 73
19
 74
0
 42
0.0000001
 43
0.0000001
 44
0.0000000001
 40
0.0
 40
0.0
 40
0.0
 40
0.0
 40
0.0494135249
 40
0.1026266731
 40
0.1593416098
 40
0.2191892969
 40
0.2817439796
 40
0.3465350198
 40
0.4130569987
 40
0.4807787623
 40
0.5491518571
 40
0.6176186075
 40
0.6856200193
 40
0.7526036673
 40
0.8180316921
 40
0.8813890887
 40
0.9421925402
 40
1.0
 40
1.0
 40
1.0
 40
1.0
 10
294.0278393382
 20
207.5308737933
 30
0.0
 10
294.0309581048
 20
207.5245184116
 30
0.0
 10
294.0368932848
 20
207.5110490828
 30
0.0
 10
294.0446745632
 20
207.4895730747
 30
0.0
 10
294.0516050988
 20
207.4662445734
 30
0.0
 10
294.0576175863
 20
207.4412863165
 30
0.0
 10
294.0626542237
 20
207.4149351913
 30
0.0
 10
294.0666661422
 20
207.3874429703
 30
0.0
 10
294.0696144166
 20
207.3590726839
 30
0.0
 10
294.0714703989
 20
207.3300962001
 30
0.0
 10
294.0722160542
 20
207.3007914038
 30
0.0
 10
294.0718441298
 20
207.2714394416
 30
0.0
 10
294.0703582423
 20
207.2423219356
 30
0.0
 10
294.0677728327
 20
207.2137181487
 30
0.0
 10
294.064113045
 20
207.1859023543
 30
0.0
 10
294.0594143302
 20
207.1591405379
 30
0.0
 10
294.053722544
 20
207.1336896129
 30
0.0
 10
294.0491772252
 20
207.117305505
 30
0.0
 10
294.0467320006
 20
207.1093927476
 30
0.0
  0
SPLINE
  5
CA0
100
AcDbEntity
  8
0
100
AcDbSpline
 62
7
  6
CONTINUOUS
 70
0
 71
3
 72
15
 73
11
 74
0
 42
0.0000001
 43
0.0000001
 44
0.0000000001
 40
0.0
 40
0.0
 40
0.0
 40
0.0
 40
0.1214542118
 40
0.2458393864
 40
0.3722170437
 40
0.4996218229
 40
0.6270746751
 40
0.7535959151
 40
0.8782182622
 40
1.0
 40
1.0
 40
1.0
 40
1.0
 10
312.6137779709
 20
216.3392619551
 30
0.0
 10
312.6163273392
 20
216.3553836039
 30
0.0
 10
312.6207919305
 20
216.3881294484
 30
0.0
 10
312.6255769991
 20
216.4379334214
 30
0.0
 10
312.6285031923
 20
216.4886824974
 30
0.0
 10
312.6295435829
 20
216.5399170364
 30
0.0
 10
312.6286887029
 20
216.5911742928
 30
0.0
 10
312.6259463243
 20
216.641991304
 30
0.0
 10
312.6213416874
 20
216.6919078094
 30
0.0
 10
312.6169974529
 20
216.7247462943
 30
0.0
 10
312.6145077847
 20
216.7409218057
 30
0.0
  0
SPLINE
  5
CA1
100
AcDbEntity
  8
0
100
AcDbSpline
 62
7
  6
CONTINUOUS
 70
0
 71
3
 72
31
 73
27
 74
0
 42
0.0000001
 43
0.0000001
 44
0.0000000001
 40
0.0
 40
0.0
 40
0.0
 40
0.0
 40
0.0156966426
 40
0.0317131833
 40
0.0483458865
 40
0.065851239
 40
0.0844378134
 40
0.1042655672
 40
0.1254497498
 40
0.1480667153
 40
0.172159953
 40
0.1977455136
 40
0.2248165486
 40
0.2533470066
 40
0.2832946167
 40
0.3146032766
 40
0.3472049953
 40
0.381021515
 40
0.4519343207
 40
0.5265669166
 40
0.6040416722
 40
0.6834147427
 40
0.7636999463
 40
0.8438912361
 40
0.9229845927
 40
1.0
 40
1.0
 40
1.0
 40
1.0
 10
312.7991780344
 20
217.4383855884
 30
0.0
 10
312.7951401176
 20
217.4383840522
 30
0.0
 10
312.7869684241
 20
217.4377360326
 30
0.0
 10
312.7748258251
 20
217.4348481112
 30
0.0
 10
312.7627979213
 20
217.430064574
 30
0.0
 10
312.7509350522
 20
217.4234171775
 30
0.0
 10
312.7392759008
 20
217.4149412128
 30
0.0
 10
312.7278575024
 20
217.404674142
 30
0.0
 10
312.7167157348
 20
217.3926563576
 30
0.0
 10
312.7058867858
 20
217.3789324596
 30
0.0
 10
312.6954070308
 20
217.3635522229
 30
0.0
 10
312.6853127454
 20
217.3465711209
 30
0.0
 10
312.6756396473
 20
217.3280505068
 30
0.0
 10
312.6664225073
 20
217.308057561
 30
0.0
 10
312.6576948031
 20
217.2866650819
 30
0.0
 10
312.6494885529
 20
217.2639512813
 30
0.0
 10
312.6418336661
 20
217.2399992583
 30
0.0
 10
312.6322491826
 20
217.2059901385
 30
0.0
 10
312.6219175448
 20
217.1609888379
 30
0.0
 10
312.6122895226
 20
217.1044036781
 30
0.0
 10
312.6053871704
 20
217.0452313376
 30
0.0
 10
312.6013136787
 20
216.9843419632
 30
0.0
 10
312.6001301797
 20
216.9226297902
 30
0.0
 10
312.6018544876
 20
216.8610017887
 30
0.0
 10
312.6064604774
 20
216.8003664318
 30
0.0
 10
312.6114938944
 20
216.7605032171
 30
0.0
 10
312.6145077847
 20
216.7409218057
 30
0.0
  0
SPLINE
  5
CA2
100
AcDbEntity
  8
0
100
AcDbSpline
 62
7
  6
CONTINUOUS
 70
0
 71
3
 72
23
 73
19
 74
0
 42
0.0000001
 43
0.0000001
 44
0.0000000001
 40
0.0
 40
0.0
 40
0.0
 40
0.0
 40
0.0494135249
 40
0.1026266731
 40
0.1593416098
 40
0.2191892969
 40
0.2817439796
 40
0.3465350198
 40
0.4130569987
 40
0.4807787623
 40
0.5491518571
 40
0.6176186075
 40
0.6856200193
 40
0.7526036673
 40
0.8180316921
 40
0.8813890887
 40
0.9421925402
 40
1.0
 40
1.0
 40
1.0
 40
1.0
 10
313.3701221892
 20
207.5308737933
 30
0.0
 10
313.3732409558
 20
207.5245184116
 30
0.0
 10
313.3791761358
 20
207.5110490828
 30
0.0
 10
313.3869574142
 20
207.4895730747
 30
0.0
 10
313.3938879498
 20
207.4662445734
 30
0.0
 10
313.3999004374
 20
207.4412863165
 30
0.0
 10
313.4049370747
 20
207.4149351913
 30
0.0
 10
313.4089489932
 20
207.3874429703
 30
0.0
 10
313.4118972676
 20
207.3590726839
 30
0.0
 10
313.4137532499
 20
207.3300962001
 30
0.0
 10
313.4144989052
 20
207.3007914038
 30
0.0
 10
313.4141269809
 20
207.2714394416
 30
0.0
 10
313.4126410934
 20
207.2423219356
 30
0.0
 10
313.4100556837
 20
207.2137181487
 30
0.0
 10
313.406395896
 20
207.1859023543
 30
0.0
 10
313.4016971813
 20
207.1591405379
 30
0.0
 10
313.396005395
 20
207.1336896129
 30
0.0
 10
313.3914600763
 20
207.117305505
 30
0.0
 10
313.3890148516
 20
207.1093927476
 30
0.0
  0
SPLINE
  5
CA3
100
AcDbEntity
  8
0
100
AcDbSpline
 62
7
  6
CONTINUOUS
 70
0
 71
3
 72
15
 73
11
 74
0
 42
0.0000001
 43
0.0000001
 44
0.0000000001
 40
0.0
 40
0.0
 40
0.0
 40
0.0
 40
0.1214542118
 40
0.2458393864
 40
0.3722170437
 40
0.4996218229
 40
0.6270746751
 40
0.7535959151
 40
0.8782182622
 40
1.0
 40
1.0
 40
1.0
 40
1.0
 10
279.4555787977
 20
216.3392619551
 30
0.0
 10
279.458128166
 20
216.3553836039
 30
0.0
 10
279.4625927573
 20
216.3881294484
 30
0.0
 10
279.4673778259
 20
216.4379334214
 30
0.0
 10
279.4703040191
 20
216.4886824974
 30
0.0
 10
279.4713444097
 20
216.5399170364
 30
0.0
 10
279.4704895298
 20
216.5911742928
 30
0.0
 10
279.4677471511
 20
216.641991304
 30
0.0
 10
279.4631425142
 20
216.6919078094
 30
0.0
 10
279.4587982798
 20
216.7247462943
 30
0.0
 10
279.4563086116
 20
216.7409218057
 30
0.0
  0
SPLINE
  5
CA4
100
AcDbEntity
  8
0
100
AcDbSpline
 62
7
  6
CONTINUOUS
 70
0
 71
3
 72
15
 73
11
 74
0
 42
0.0000001
 43
0.0000001
 44
0.0000000001
 40
0.0
 40
0.0
 40
0.0
 40
0.0
 40
0.1214542118
 40
0.2458393864
 40
0.3722170437
 40
0.4996218229
 40
0.6270746751
 40
0.7535959151
 40
0.8782182622
 40
1.0
 40
1.0
 40
1.0
 40
1.0
 10
291.8899034876
 20
216.3392619551
 30
0.0
 10
291.8924528559
 20
216.3553836039
 30
0.0
 10
291.8969174473
 20
216.3881294484
 30
0.0
 10
291.9017025158
 20
216.4379334214
 30
0.0
 10
291.904628709
 20
216.4886824974
 30
0.0
 10
291.9056690997
 20
216.5399170364
 30
0.0
 10
291.9048142197
 20
216.5911742928
 30
0.0
 10
291.9020718411
 20
216.641991304
 30
0.0
 10
291.8974672042
 20
216.6919078094
 30
0.0
 10
291.8931229697
 20
216.7247462943
 30
0.0
 10
291.8906333015
 20
216.7409218057
 30
0.0
  0
SPLINE
  5
CA5
100
AcDbEntity
  8
0
100
AcDbSpline
 62
7
  6
CONTINUOUS
 70
0
 71
3
 72
31
 73
27
 74
0
 42
0.0000001
 43
0.0000001
 44
0.0000000001
 40
0.0
 40
0.0
 40
0.0
 40
0.0
 40
0.0156966426
 40
0.0317131833
 40
0.0483458865
 40
0.065851239
 40
0.0844378134
 40
0.1042655672
 40
0.1254497498
 40
0.1480667153
 40
0.172159953
 40
0.1977455136
 40
0.2248165486
 40
0.2533470066
 40
0.2832946167
 40
0.3146032766
 40
0.3472049953
 40
0.381021515
 40
0.4519343207
 40
0.5265669166
 40
0.6040416722
 40
0.6834147427
 40
0.7636999463
 40
0.8438912361
 40
0.9229845927
 40
1.0
 40
1.0
 40
1.0
 40
1.0
 10
292.0753035512
 20
217.4383855884
 30
0.0
 10
292.0712656344
 20
217.4383840522
 30
0.0
 10
292.0630939408
 20
217.4377360326
 30
0.0
 10
292.0509513419
 20
217.4348481112
 30
0.0
 10
292.038923438
 20
217.430064574
 30
0.0
 10
292.027060569
 20
217.4234171775
 30
0.0
 10
292.0154014176
 20
217.4149412128
 30
0.0
 10
292.0039830191
 20
217.404674142
 30
0.0
 10
291.9928412516
 20
217.3926563576
 30
0.0
 10
291.9820123025
 20
217.3789324596
 30
0.0
 10
291.9715325475
 20
217.3635522229
 30
0.0
 10
291.9614382622
 20
217.3465711209
 30
0.0
 10
291.951765164
 20
217.3280505068
 30
0.0
 10
291.9425480241
 20
217.308057561
 30
0.0
 10
291.9338203198
 20
217.2866650819
 30
0.0
 10
291.9256140697
 20
217.2639512813
 30
0.0
 10
291.9179591829
 20
217.2399992583
 30
0.0
 10
291.9083746994
 20
217.2059901385
 30
0.0
 10
291.8980430616
 20
217.1609888379
 30
0.0
 10
291.8884150393
 20
217.1044036781
 30
0.0
 10
291.8815126872
 20
217.0452313376
 30
0.0
 10
291.8774391954
 20
216.9843419632
 30
0.0
 10
291.8762556965
 20
216.9226297902
 30
0.0
 10
291.8779800043
 20
216.8610017887
 30
0.0
 10
291.8825859942
 20
216.8003664318
 30
0.0
 10
291.8876194112
 20
216.7605032171
 30
0.0
 10
291.8906333015
 20
216.7409218057
 30
0.0
  0
SPLINE
  5
CA6
100
AcDbEntity
  8
0
100
AcDbSpline
 62
7
  6
CONTINUOUS
 70
0
 71
3
 72
31
 73
27
 74
0
 42
0.0000001
 43
0.0000001
 44
0.0000000001
 40
0.0
 40
0.0
 40
0.0
 40
0.0
 40
0.0156966426
 40
0.0317131833
 40
0.0483458865
 40
0.065851239
 40
0.0844378134
 40
0.1042655672
 40
0.1254497498
 40
0.1480667153
 40
0.172159953
 40
0.1977455136
 40
0.2248165486
 40
0.2533470066
 40
0.2832946167
 40
0.3146032766
 40
0.3472049953
 40
0.381021515
 40
0.4519343207
 40
0.5265669166
 40
0.6040416722
 40
0.6834147427
 40
0.7636999463
 40
0.8438912361
 40
0.9229845927
 40
1.0
 40
1.0
 40
1.0
 40
1.0
 10
279.6409788612
 20
217.4383855884
 30
0.0
 10
279.6369409444
 20
217.4383840522
 30
0.0
 10
279.6287692509
 20
217.4377360326
 30
0.0
 10
279.6166266519
 20
217.4348481112
 30
0.0
 10
279.6045987481
 20
217.430064574
 30
0.0
 10
279.592735879
 20
217.4234171775
 30
0.0
 10
279.5810767276
 20
217.4149412128
 30
0.0
 10
279.5696583292
 20
217.404674142
 30
0.0
 10
279.5585165616
 20
217.3926563576
 30
0.0
 10
279.5476876126
 20
217.3789324596
 30
0.0
 10
279.5372078576
 20
217.3635522229
 30
0.0
 10
279.5271135722
 20
217.3465711209
 30
0.0
 10
279.5174404741
 20
217.3280505068
 30
0.0
 10
279.5082233342
 20
217.308057561
 30
0.0
 10
279.4994956299
 20
217.2866650819
 30
0.0
 10
279.4912893797
 20
217.2639512813
 30
0.0
 10
279.4836344929
 20
217.2399992583
 30
0.0
 10
279.4740500094
 20
217.2059901385
 30
0.0
 10
279.4637183716
 20
217.1609888379
 30
0.0
 10
279.4540903494
 20
217.1044036781
 30
0.0
 10
279.4471879973
 20
217.0452313376
 30
0.0
 10
279.4431145055
 20
216.9843419632
 30
0.0
 10
279.4419310066
 20
216.9226297902
 30
0.0
 10
279.4436553144
 20
216.8610017887
 30
0.0
 10
279.4482613042
 20
216.8003664318
 30
0.0
 10
279.4532947212
 20
216.7605032171
 30
0.0
 10
279.4563086116
 20
216.7409218057
 30
0.0
  0
SPLINE
  5
CA7
100
AcDbEntity
  8
0
100
AcDbSpline
 62
7
  6
CONTINUOUS
 70
0
 71
3
 72
23
 73
19
 74
0
 42
0.0000001
 43
0.0000001
 44
0.0000000001
 40
0.0
 40
0.0
 40
0.0
 40
0.0
 40
0.0494135249
 40
0.1026266731
 40
0.1593416098
 40
0.2191892969
 40
0.2817439796
 40
0.3465350198
 40
0.4130569987
 40
0.4807787623
 40
0.5491518571
 40
0.6176186075
 40
0.6856200193
 40
0.7526036673
 40
0.8180316921
 40
0.8813890887
 40
0.9421925402
 40
1.0
 40
1.0
 40
1.0
 40
1.0
 10
280.211923016
 20
207.5308737933
 30
0.0
 10
280.2150417826
 20
207.5245184116
 30
0.0
 10
280.2209769626
 20
207.5110490828
 30
0.0
 10
280.228758241
 20
207.4895730747
 30
0.0
 10
280.2356887766
 20
207.4662445734
 30
0.0
 10
280.2417012642
 20
207.4412863165
 30
0.0
 10
280.2467379015
 20
207.4149351913
 30
0.0
 10
280.2507498201
 20
207.3874429703
 30
0.0
 10
280.2536980945
 20
207.3590726839
 30
0.0
 10
280.2555540767
 20
207.3300962001
 30
0.0
 10
280.2562997321
 20
207.3007914038
 30
0.0
 10
280.2559278077
 20
207.2714394416
 30
0.0
 10
280.2544419202
 20
207.2423219356
 30
0.0
 10
280.2518565105
 20
207.2137181487
 30
0.0
 10
280.2481967228
 20
207.1859023543
 30
0.0
 10
280.2434980081
 20
207.1591405379
 30
0.0
 10
280.2378062218
 20
207.1336896129
 30
0.0
 10
280.2332609031
 20
207.117305505
 30
0.0
 10
280.2308156784
 20
207.1093927476
 30
0.0
  0
SPLINE
  5
CA8
100
AcDbEntity
  8
0
100
AcDbSpline
 62
7
  6
CONTINUOUS
 70
0
 71
3
 72
36
 73
32
 74
0
 42
0.0000001
 43
0.0000001
 44
0.0000000001
 40
0.0
 40
0.0
 40
0.0
 40
0.0
 40
0.0242194315
 40
0.0494189023
 40
0.0755691984
 40
0.1026355036
 40
0.1305780248
 40
0.1593525386
 40
0.1889108688
 40
0.2192013108
 40
0.2501690142
 40
0.2817563324
 40
0.3139031463
 40
0.3465471679
 40
0.3796242287
 40
0.4130685551
 40
0.4468130346
 40
0.4807894758
 40
0.5491584505
 40
0.6176210752
 40
0.6856183898
 40
0.7192711083
 40
0.7526013476
 40
0.7855424091
 40
0.8180290201
 40
0.849997603
 40
0.8813865545
 40
0.9121365386
 40
0.9421907965
 40
0.9714954791
 40
1.0
 40
1.0
 40
1.0
 40
1.0
 10
319.8140741253
 20
215.313118128
 30
0.0
 10
319.7987869533
 20
215.344270127
 30
0.0
 10
319.7688823447
 20
215.408473606
 30
0.0
 10
319.7267852107
 20
215.5082504119
 30
0.0
 10
319.6866414586
 20
215.6132076776
 30
0.0
 10
319.6485483095
 20
215.7230922069
 30
0.0
 10
319.6125969617
 20
215.837641442
 30
0.0
 10
319.5788739731
 20
215.9565805805
 30
0.0
 10
319.5474605298
 20
216.0796242718
 30
0.0
 10
319.5184323466
 20
216.2064770539
 30
0.0
 10
319.491859423
 20
216.3368341712
 30
0.0
 10
319.467805867
 20
216.4703823079
 30
0.0
 10
319.4463297244
 20
216.6068003739
 30
0.0
 10
319.4274828384
 20
216.7457602732
 30
0.0
 10
319.4113106893
 20
216.8869277845
 30
0.0
 10
319.3978523925
 20
217.0299630914
 30
0.0
 10
319.3871401806
 20
217.1745226986
 30
0.0
 10
319.3765329693
 20
217.3692290777
 30
0.0
 10
319.3703071048
 20
217.6139439571
 30
0.0
 10
319.374026334
 20
217.9074596449
 30
0.0
 10
319.3864504298
 20
218.150941916
 30
0.0
 10
319.4020003848
 20
218.3437214587
 30
0.0
 10
319.4163602759
 20
218.486177451
 30
0.0
 10
319.4334215392
 20
218.6266521243
 30
0.0
 10
319.4531432782
 20
218.7648081855
 30
0.0
 10
319.4754778043
 20
218.900313141
 30
0.0
 10
319.5003712395
 20
219.0328412043
 30
0.0
 10
319.5277634801
 20
219.1620736536
 30
0.0
 10
319.5575885607
 20
219.2877002933
 30
0.0
 10
319.5897741797
 20
219.4094180253
 30
0.0
 10
319.6130895149
 20
219.4889088886
 30
0.0
 10
319.6251475017
 20
219.5279285846
 30
0.0
  0
SPLINE
  5
CA9
100
AcDbEntity
  8
0
100
AcDbSpline
 62
7
  6
CONTINUOUS
 70
0
 71
3
 72
36
 73
32
 74
0
 42
0.0000001
 43
0.0000001
 44
0.0000000001
 40
0.0
 40
0.0
 40
0.0
 40
0.0
 40
0.0242194315
 40
0.0494189023
 40
0.0755691984
 40
0.1026355036
 40
0.1305780248
 40
0.1593525386
 40
0.1889108688
 40
0.2192013108
 40
0.2501690142
 40
0.2817563324
 40
0.3139031463
 40
0.3465471679
 40
0.3796242287
 40
0.4130685551
 40
0.4468130346
 40
0.4807894758
 40
0.5491584505
 40
0.6176210752
 40
0.6856183898
 40
0.7192711083
 40
0.7526013476
 40
0.7855424091
 40
0.8180290201
 40
0.849997603
 40
0.8813865545
 40
0.9121365386
 40
0.9421907965
 40
0.9714954791
 40
1.0
 40
1.0
 40
1.0
 40
1.0
 10
261.3727480826
 20
215.313118128
 30
0.0
 10
261.3574609106
 20
215.344270127
 30
0.0
 10
261.327556302
 20
215.408473606
 30
0.0
 10
261.285459168
 20
215.5082504119
 30
0.0
 10
261.2453154159
 20
215.6132076776
 30
0.0
 10
261.2072222668
 20
215.7230922069
 30
0.0
 10
261.1712709189
 20
215.837641442
 30
0.0
 10
261.1375479304
 20
215.9565805805
 30
0.0
 10
261.1061344871
 20
216.0796242718
 30
0.0
 10
261.0771063039
 20
216.2064770539
 30
0.0
 10
261.0505333803
 20
216.3368341712
 30
0.0
 10
261.0264798243
 20
216.4703823079
 30
0.0
 10
261.0050036817
 20
216.6068003739
 30
0.0
 10
260.9861567957
 20
216.7457602732
 30
0.0
 10
260.9699846465
 20
216.8869277845
 30
0.0
 10
260.9565263498
 20
217.0299630914
 30
0.0
 10
260.9458141379
 20
217.1745226986
 30
0.0
 10
260.9352069266
 20
217.3692290777
 30
0.0
 10
260.928981062
 20
217.6139439571
 30
0.0
 10
260.9327002913
 20
217.9074596449
 30
0.0
 10
260.9451243871
 20
218.150941916
 30
0.0
 10
260.9606743421
 20
218.3437214587
 30
0.0
 10
260.9750342332
 20
218.486177451
 30
0.0
 10
260.9920954965
 20
218.6266521243
 30
0.0
 10
261.0118172355
 20
218.7648081855
 30
0.0
 10
261.0341517616
 20
218.900313141
 30
0.0
 10
261.0590451968
 20
219.0328412043
 30
0.0
 10
261.0864374374
 20
219.1620736536
 30
0.0
 10
261.116262518
 20
219.2877002933
 30
0.0
 10
261.148448137
 20
219.4094180253
 30
0.0
 10
261.1717634722
 20
219.4889088886
 30
0.0
 10
261.183821459
 20
219.5279285846
 30
0.0
  0
SPLINE
  5
CAA
100
AcDbEntity
  8
0
100
AcDbSpline
 62
7
  6
CONTINUOUS
 70
0
 71
3
 72
23
 73
19
 74
0
 42
0.0000001
 43
0.0000001
 44
0.0000000001
 40
0.0
 40
0.0
 40
0.0
 40
0.0
 40
0.1241789755
 40
0.1560478376
 40
0.1881750053
 40
0.2530608329
 40
0.3185691338
 40
0.384405515
 40
0.4502674118
 40
0.515851628
 40
0.5808618709
 40
0.645016347
 40
0.7080554827
 40
0.7697498168
 40
0.8299080891
 40
0.8883854887
 40
0.9450919209
 40
1.0
 40
1.0
 40
1.0
 40
1.0
 10
261.3727480826
 20
215.313118128
 30
0.0
 10
261.4652254761
 20
215.313118128
 30
0.0
 10
261.5816999573
 20
215.3230363412
 30
0.0
 10
261.7196018552
 20
215.3479297501
 30
0.0
 10
261.8133736164
 20
215.3685163811
 30
0.0
 10
261.9300747834
 20
215.4010305178
 30
0.0
 10
262.0677711796
 20
215.4503344247
 30
0.0
 10
262.2022846695
 20
215.5095863701
 30
0.0
 10
262.3323257246
 20
215.5782182759
 30
0.0
 10
262.4566518587
 20
215.6555745721
 30
0.0
 10
262.5740737301
 20
215.7409166701
 30
0.0
 10
262.6834680737
 20
215.8334308572
 30
0.0
 10
262.7837878317
 20
215.9322360241
 30
0.0
 10
262.8740720363
 20
216.0363931582
 30
0.0
 10
262.9534535934
 20
216.144912225
 30
0.0
 10
263.0211689843
 20
216.2567701054
 30
0.0
 10
263.0765551964
 20
216.3708899219
 30
0.0
 10
263.1053660363
 20
216.4490407758
 30
0.0
 10
263.1174388759
 20
216.4881085353
 30
0.0
  0
SPLINE
  5
CAB
100
AcDbEntity
  8
0
100
AcDbSpline
 62
7
  6
CONTINUOUS
 70
0
 71
3
 72
23
 73
19
 74
0
 42
0.0000001
 43
0.0000001
 44
0.0000000001
 40
0.0
 40
0.0
 40
0.0
 40
0.0
 40
0.0549080791
 40
0.1116145113
 40
0.1700919109
 40
0.2302501832
 40
0.2919445173
 40
0.354983653
 40
0.4191381291
 40
0.484148372
 40
0.5497325882
 40
0.615594485
 40
0.6814308662
 40
0.7469391671
 40
0.8118249947
 40
0.8439521624
 40
0.8758210245
 40
1.0
 40
1.0
 40
1.0
 40
1.0
 10
264.078320069
 20
214.5300374114
 30
0.0
 10
264.0662472294
 20
214.4909696518
 30
0.0
 10
264.0374363895
 20
214.4128187979
 30
0.0
 10
263.9820501774
 20
214.2986989814
 30
0.0
 10
263.9143347865
 20
214.186841101
 30
0.0
 10
263.8349532295
 20
214.0783220342
 30
0.0
 10
263.7446690248
 20
213.9741649001
 30
0.0
 10
263.6443492668
 20
213.8753597332
 30
0.0
 10
263.5349549232
 20
213.7828455462
 30
0.0
 10
263.4175330518
 20
213.6975034481
 30
0.0
 10
263.2932069177
 20
213.620147152
 30
0.0
 10
263.1631658626
 20
213.5515152461
 30
0.0
 10
263.0286523727
 20
213.4922633007
 30
0.0
 10
262.8909559765
 20
213.4429593938
 30
0.0
 10
262.7742548095
 20
213.4104452571
 30
0.0
 10
262.6804830483
 20
213.3898586262
 30
0.0
 10
262.5425811504
 20
213.3649652173
 30
0.0
 10
262.4261066693
 20
213.355047004
 30
0.0
 10
262.3336292757
 20
213.355047004
 30
0.0
  0
SPLINE
  5
CAC
100
AcDbEntity
  8
0
100
AcDbSpline
 62
7
  6
CONTINUOUS
 70
0
 71
3
 72
22
 73
18
 74
0
 42
0.0000001
 43
0.0000001
 44
0.0000000001
 40
0.0
 40
0.0
 40
0.0
 40
0.0
 40
0.1413002064
 40
0.210101146
 40
0.2775999688
 40
0.3437791566
 40
0.4086402367
 40
0.47220493
 40
0.5345160749
 40
0.5956382396
 40
0.6556579155
 40
0.7146831777
 40
0.7728427005
 40
0.8302840404
 40
0.8871711367
 40
0.9436810462
 40
1.0
 40
1.0
 40
1.0
 40
1.0
 10
320.7749553184
 20
213.355047004
 30
0.0
 10
320.7198708952
 20
213.355047004
 30
0.0
 10
320.6378624208
 20
213.35921325
 30
0.0
 10
320.5305785922
 20
213.3737302805
 30
0.0
 10
320.4530472567
 20
213.3888009728
 30
0.0
 10
320.3780434974
 20
213.4080950597
 30
0.0
 10
320.3058397113
 20
213.4315437014
 30
0.0
 10
320.2367042883
 20
213.4590624842
 30
0.0
 10
320.1708932771
 20
213.4905522626
 30
0.0
 10
320.1086515025
 20
213.5258992346
 30
0.0
 10
320.0502112405
 20
213.5649752278
 30
0.0
 10
319.9957915443
 20
213.6076378634
 30
0.0
 10
319.9455972499
 20
213.6537309832
 30
0.0
 10
319.8998183833
 20
213.7030842885
 30
0.0
 10
319.858627966
 20
213.7555161734
 30
0.0
 10
319.8221853813
 20
213.8108253364
 30
0.0
 10
319.8011292948
 20
213.8495133933
 30
0.0
 10
319.7914570213
 20
213.8692234165
 30
0.0
  0
SPLINE
  5
CAD
100
AcDbEntity
  8
0
100
AcDbSpline
 62
7
  6
CONTINUOUS
 70
0
 71
3
 72
23
 73
19
 74
0
 42
0.0000001
 43
0.0000001
 44
0.0000000001
 40
0.0
 40
0.0
 40
0.0
 40
0.0
 40
0.0494135249
 40
0.1026266731
 40
0.1593416098
 40
0.2191892969
 40
0.2817439796
 40
0.3465350198
 40
0.4130569987
 40
0.4807787623
 40
0.5491518571
 40
0.6176186075
 40
0.6856200193
 40
0.7526036673
 40
0.8180316921
 40
0.8813890887
 40
0.9421925402
 40
1.0
 40
1.0
 40
1.0
 40
1.0
 10
292.646247706
 20
207.5308737933
 30
0.0
 10
292.6493664725
 20
207.5245184116
 30
0.0
 10
292.6553016526
 20
207.5110490828
 30
0.0
 10
292.6630829309
 20
207.4895730747
 30
0.0
 10
292.6700134666
 20
207.4662445734
 30
0.0
 10
292.6760259541
 20
207.4412863165
 30
0.0
 10
292.6810625915
 20
207.4149351913
 30
0.0
 10
292.68507451
 20
207.3874429703
 30
0.0
 10
292.6880227844
 20
207.3590726839
 30
0.0
 10
292.6898787667
 20
207.3300962001
 30
0.0
 10
292.690624422
 20
207.3007914038
 30
0.0
 10
292.6902524976
 20
207.2714394416
 30
0.0
 10
292.6887666101
 20
207.2423219356
 30
0.0
 10
292.6861812005
 20
207.2137181487
 30
0.0
 10
292.6825214128
 20
207.1859023543
 30
0.0
 10
292.677822698
 20
207.1591405379
 30
0.0
 10
292.6721309118
 20
207.1336896129
 30
0.0
 10
292.667585593
 20
207.117305505
 30
0.0
 10
292.6651403683
 20
207.1093927476
 30
0.0
  0
SPLINE
  5
CAE
100
AcDbEntity
  8
0
100
AcDbSpline
 62
7
  6
CONTINUOUS
 70
0
 71
3
 72
36
 73
32
 74
0
 42
0.0000001
 43
0.0000001
 44
0.0000000001
 40
0.0
 40
0.0
 40
0.0
 40
0.0
 40
0.0285045208
 40
0.0578092035
 40
0.0878634612
 40
0.1186134453
 40
0.1500023967
 40
0.1819709796
 40
0.2144575908
 40
0.2473986525
 40
0.2807288917
 40
0.3143816101
 40
0.3823789246
 40
0.4508415495
 40
0.5192105242
 40
0.5531869653
 40
0.5869314448
 40
0.6203757711
 40
0.6534528321
 40
0.6860968539
 40
0.7182436676
 40
0.7498309858
 40
0.7807986892
 40
0.8110891312
 40
0.8406474614
 40
0.8694219754
 40
0.8973644966
 40
0.9244308017
 40
0.9505810978
 40
0.9757805685
 40
1.0
 40
1.0
 40
1.0
 40
1.0
 10
320.6613412259
 20
219.5279285846
 30
0.0
 10
320.6492832391
 20
219.4889088886
 30
0.0
 10
320.6259679039
 20
219.4094180254
 30
0.0
 10
320.593782285
 20
219.2877002937
 30
0.0
 10
320.5639572044
 20
219.1620736542
 30
0.0
 10
320.5365649639
 20
219.0328412052
 30
0.0
 10
320.5116715287
 20
218.9003131422
 30
0.0
 10
320.4893370025
 20
218.7648081865
 30
0.0
 10
320.4696152635
 20
218.6266521249
 30
0.0
 10
320.4525540001
 20
218.4861774513
 30
0.0
 10
320.438194109
 20
218.343721459
 30
0.0
 10
320.422644154
 20
218.1509419167
 30
0.0
 10
320.4102200582
 20
217.9074596454
 30
0.0
 10
320.4065008289
 20
217.6139439574
 30
0.0
 10
320.4127266935
 20
217.3692290779
 30
0.0
 10
320.4233339048
 20
217.1745226991
 30
0.0
 10
320.4340461167
 20
217.0299630919
 30
0.0
 10
320.4475044134
 20
216.8869277849
 30
0.0
 10
320.4636765626
 20
216.745760273
 30
0.0
 10
320.4825234487
 20
216.6068003734
 30
0.0
 10
320.5039995912
 20
216.4703823075
 30
0.0
 10
320.5280531472
 20
216.3368341712
 30
0.0
 10
320.5546260708
 20
216.2064770541
 30
0.0
 10
320.5836542539
 20
216.0796242719
 30
0.0
 10
320.6150676973
 20
215.9565805803
 30
0.0
 10
320.648790686
 20
215.8376414415
 30
0.0
 10
320.6847420339
 20
215.7230922063
 30
0.0
 10
320.7228351829
 20
215.6132076772
 30
0.0
 10
320.762978935
 20
215.5082504117
 30
0.0
 10
320.8050760689
 20
215.4084736059
 30
0.0
 10
320.8349806775
 20
215.344270127
 30
0.0
 10
320.8502678495
 20
215.313118128
 30
0.0
  0
SPLINE
  5
CAF
100
AcDbEntity
  8
0
100
AcDbSpline
 62
7
  6
CONTINUOUS
 70
0
 71
3
 72
15
 73
11
 74
0
 42
0.0000001
 43
0.0000001
 44
0.0000000001
 40
0.0
 40
0.0
 40
0.0
 40
0.0
 40
0.1214542118
 40
0.2458393864
 40
0.3722170437
 40
0.4996218229
 40
0.6270746751
 40
0.7535959151
 40
0.8782182622
 40
1.0
 40
1.0
 40
1.0
 40
1.0
 10
305.7058198098
 20
216.3392619551
 30
0.0
 10
305.7083691781
 20
216.3553836039
 30
0.0
 10
305.7128337694
 20
216.3881294484
 30
0.0
 10
305.717618838
 20
216.4379334214
 30
0.0
 10
305.7205450312
 20
216.4886824974
 30
0.0
 10
305.7215854218
 20
216.5399170364
 30
0.0
 10
305.7207305419
 20
216.5911742928
 30
0.0
 10
305.7179881632
 20
216.641991304
 30
0.0
 10
305.7133835263
 20
216.6919078094
 30
0.0
 10
305.7090392919
 20
216.7247462943
 30
0.0
 10
305.7065496237
 20
216.7409218057
 30
0.0
  0
SPLINE
  5
CB0
100
AcDbEntity
  8
0
100
AcDbSpline
 62
7
  6
CONTINUOUS
 70
0
 71
3
 72
15
 73
11
 74
0
 42
0.0000001
 43
0.0000001
 44
0.0000000001
 40
0.0
 40
0.0
 40
0.0
 40
0.0
 40
0.1214542118
 40
0.2458393864
 40
0.3722170437
 40
0.4996218229
 40
0.6270746751
 40
0.7535959151
 40
0.8782182622
 40
1.0
 40
1.0
 40
1.0
 40
1.0
 10
278.0739871655
 20
216.3392619551
 30
0.0
 10
278.0765365338
 20
216.3553836039
 30
0.0
 10
278.0810011251
 20
216.3881294484
 30
0.0
 10
278.0857861937
 20
216.4379334214
 30
0.0
 10
278.0887123869
 20
216.4886824974
 30
0.0
 10
278.0897527775
 20
216.5399170364
 30
0.0
 10
278.0888978976
 20
216.5911742928
 30
0.0
 10
278.0861555189
 20
216.641991304
 30
0.0
 10
278.081550882
 20
216.6919078094
 30
0.0
 10
278.0772066476
 20
216.7247462943
 30
0.0
 10
278.0747169793
 20
216.7409218057
 30
0.0
  0
SPLINE
  5
CB1
100
AcDbEntity
  8
0
100
AcDbSpline
 62
7
  6
CONTINUOUS
 70
0
 71
3
 72
31
 73
27
 74
0
 42
0.0000001
 43
0.0000001
 44
0.0000000001
 40
0.0
 40
0.0
 40
0.0
 40
0.0
 40
0.0156966426
 40
0.0317131833
 40
0.0483458865
 40
0.065851239
 40
0.0844378134
 40
0.1042655672
 40
0.1254497498
 40
0.1480667153
 40
0.172159953
 40
0.1977455136
 40
0.2248165486
 40
0.2533470066
 40
0.2832946167
 40
0.3146032766
 40
0.3472049953
 40
0.381021515
 40
0.4519343207
 40
0.5265669166
 40
0.6040416722
 40
0.6834147427
 40
0.7636999463
 40
0.8438912361
 40
0.9229845927
 40
1.0
 40
1.0
 40
1.0
 40
1.0
 10
305.8912198733
 20
217.4383855884
 30
0.0
 10
305.8871819565
 20
217.4383840522
 30
0.0
 10
305.879010263
 20
217.4377360326
 30
0.0
 10
305.866867664
 20
217.4348481112
 30
0.0
 10
305.8548397602
 20
217.430064574
 30
0.0
 10
305.8429768911
 20
217.4234171775
 30
0.0
 10
305.8313177397
 20
217.4149412128
 30
0.0
 10
305.8198993413
 20
217.404674142
 30
0.0
 10
305.8087575737
 20
217.3926563576
 30
0.0
 10
305.7979286247
 20
217.3789324596
 30
0.0
 10
305.7874488697
 20
217.3635522229
 30
0.0
 10
305.7773545843
 20
217.3465711209
 30
0.0
 10
305.7676814862
 20
217.3280505068
 30
0.0
 10
305.7584643463
 20
217.308057561
 30
0.0
 10
305.749736642
 20
217.2866650819
 30
0.0
 10
305.7415303918
 20
217.2639512813
 30
0.0
 10
305.733875505
 20
217.2399992583
 30
0.0
 10
305.7242910215
 20
217.2059901385
 30
0.0
 10
305.7139593837
 20
217.1609888379
 30
0.0
 10
305.7043313615
 20
217.1044036781
 30
0.0
 10
305.6974290094
 20
217.0452313376
 30
0.0
 10
305.6933555176
 20
216.9843419632
 30
0.0
 10
305.6921720186
 20
216.9226297902
 30
0.0
 10
305.6938963265
 20
216.8610017887
 30
0.0
 10
305.6985023163
 20
216.8003664318
 30
0.0
 10
305.7035357333
 20
216.7605032171
 30
0.0
 10
305.7065496237
 20
216.7409218057
 30
0.0
  0
SPLINE
  5
CB2
100
AcDbEntity
  8
0
100
AcDbSpline
 62
7
  6
CONTINUOUS
 70
0
 71
3
 72
31
 73
27
 74
0
 42
0.0000001
 43
0.0000001
 44
0.0000000001
 40
0.0
 40
0.0
 40
0.0
 40
0.0
 40
0.0156966426
 40
0.0317131833
 40
0.0483458865
 40
0.065851239
 40
0.0844378134
 40
0.1042655672
 40
0.1254497498
 40
0.1480667153
 40
0.172159953
 40
0.1977455136
 40
0.2248165486
 40
0.2533470066
 40
0.2832946167
 40
0.3146032766
 40
0.3472049953
 40
0.381021515
 40
0.4519343207
 40
0.5265669166
 40
0.6040416722
 40
0.6834147427
 40
0.7636999463
 40
0.8438912361
 40
0.9229845927
 40
1.0
 40
1.0
 40
1.0
 40
1.0
 10
278.259387229
 20
217.4383855884
 30
0.0
 10
278.2553493122
 20
217.4383840522
 30
0.0
 10
278.2471776187
 20
217.4377360326
 30
0.0
 10
278.2350350197
 20
217.4348481112
 30
0.0
 10
278.2230071159
 20
217.430064574
 30
0.0
 10
278.2111442468
 20
217.4234171775
 30
0.0
 10
278.1994850954
 20
217.4149412128
 30
0.0
 10
278.188066697
 20
217.404674142
 30
0.0
 10
278.1769249294
 20
217.3926563576
 30
0.0
 10
278.1660959804
 20
217.3789324596
 30
0.0
 10
278.1556162254
 20
217.3635522229
 30
0.0
 10
278.14552194
 20
217.3465711209
 30
0.0
 10
278.1358488419
 20
217.3280505068
 30
0.0
 10
278.126631702
 20
217.308057561
 30
0.0
 10
278.1179039977
 20
217.2866650819
 30
0.0
 10
278.1096977475
 20
217.2639512813
 30
0.0
 10
278.1020428607
 20
217.2399992583
 30
0.0
 10
278.0924583772
 20
217.2059901385
 30
0.0
 10
278.0821267394
 20
217.1609888379
 30
0.0
 10
278.0724987172
 20
217.1044036781
 30
0.0
 10
278.065596365
 20
217.0452313376
 30
0.0
 10
278.0615228733
 20
216.9843419632
 30
0.0
 10
278.0603393743
 20
216.9226297902
 30
0.0
 10
278.0620636822
 20
216.8610017887
 30
0.0
 10
278.066669672
 20
216.8003664318
 30
0.0
 10
278.071703089
 20
216.7605032171
 30
0.0
 10
278.0747169793
 20
216.7409218057
 30
0.0
  0
SPLINE
  5
CB3
100
AcDbEntity
  8
0
100
AcDbSpline
 62
7
  6
CONTINUOUS
 70
0
 71
3
 72
23
 73
19
 74
0
 42
0.0000001
 43
0.0000001
 44
0.0000000001
 40
0.0
 40
0.0
 40
0.0
 40
0.0
 40
0.0494135249
 40
0.1026266731
 40
0.1593416098
 40
0.2191892969
 40
0.2817439796
 40
0.3465350198
 40
0.4130569987
 40
0.4807787623
 40
0.5491518571
 40
0.6176186075
 40
0.6856200193
 40
0.7526036673
 40
0.8180316921
 40
0.8813890887
 40
0.9421925402
 40
1.0
 40
1.0
 40
1.0
 40
1.0
 10
278.8303313838
 20
207.5308737933
 30
0.0
 10
278.8334501504
 20
207.5245184116
 30
0.0
 10
278.8393853304
 20
207.5110490828
 30
0.0
 10
278.8471666088
 20
207.4895730747
 30
0.0
 10
278.8540971444
 20
207.4662445734
 30
0.0
 10
278.860109632
 20
207.4412863165
 30
0.0
 10
278.8651462693
 20
207.4149351913
 30
0.0
 10
278.8691581878
 20
207.3874429703
 30
0.0
 10
278.8721064623
 20
207.3590726839
 30
0.0
 10
278.8739624445
 20
207.3300962001
 30
0.0
 10
278.8747080999
 20
207.3007914038
 30
0.0
 10
278.8743361755
 20
207.2714394416
 30
0.0
 10
278.872850288
 20
207.2423219356
 30
0.0
 10
278.8702648783
 20
207.2137181487
 30
0.0
 10
278.8666050906
 20
207.1859023543
 30
0.0
 10
278.8619063759
 20
207.1591405379
 30
0.0
 10
278.8562145896
 20
207.1336896129
 30
0.0
 10
278.8516692709
 20
207.117305505
 30
0.0
 10
278.8492240462
 20
207.1093927476
 30
0.0
  0
SPLINE
  5
CB4
100
AcDbEntity
  8
0
100
AcDbSpline
 62
7
  6
CONTINUOUS
 70
0
 71
3
 72
23
 73
19
 74
0
 42
0.0000001
 43
0.0000001
 44
0.0000000001
 40
0.0
 40
0.0
 40
0.0
 40
0.0
 40
0.0494135249
 40
0.1026266731
 40
0.1593416098
 40
0.2191892969
 40
0.2817439796
 40
0.3465350198
 40
0.4130569987
 40
0.4807787623
 40
0.5491518571
 40
0.6176186075
 40
0.6856200193
 40
0.7526036673
 40
0.8180316921
 40
0.8813890887
 40
0.9421925402
 40
1.0
 40
1.0
 40
1.0
 40
1.0
 10
306.4621640281
 20
207.5308737933
 30
0.0
 10
306.4652827947
 20
207.5245184116
 30
0.0
 10
306.4712179747
 20
207.5110490828
 30
0.0
 10
306.4789992531
 20
207.4895730747
 30
0.0
 10
306.4859297887
 20
207.4662445734
 30
0.0
 10
306.4919422763
 20
207.4412863165
 30
0.0
 10
306.4969789136
 20
207.4149351913
 30
0.0
 10
306.5009908322
 20
207.3874429703
 30
0.0
 10
306.5039391066
 20
207.3590726839
 30
0.0
 10
306.5057950888
 20
207.3300962001
 30
0.0
 10
306.5065407442
 20
207.3007914038
 30
0.0
 10
306.5061688198
 20
207.2714394416
 30
0.0
 10
306.5046829323
 20
207.2423219356
 30
0.0
 10
306.5020975226
 20
207.2137181487
 30
0.0
 10
306.4984377349
 20
207.1859023543
 30
0.0
 10
306.4937390202
 20
207.1591405379
 30
0.0
 10
306.4880472339
 20
207.1336896129
 30
0.0
 10
306.4835019152
 20
207.117305505
 30
0.0
 10
306.4810566905
 20
207.1093927476
 30
0.0
  0
SPLINE
  5
CB5
100
AcDbEntity
  8
0
100
AcDbSpline
 62
7
  6
CONTINUOUS
 70
0
 71
3
 72
29
 73
25
 74
0
 42
0.0000001
 43
0.0000001
 44
0.0000000001
 40
0.0
 40
0.0
 40
0.0
 40
0.0
 40
0.0242200556
 40
0.0494201572
 40
0.0755711149
 40
0.1026381059
 40
0.1305813356
 40
0.1593565794
 40
0.1889156592
 40
0.2192068691
 40
0.2817593675
 40
0.3465481476
 40
0.4130678042
 40
0.4807872036
 40
0.549157912
 40
0.6176222726
 40
0.6856213114
 40
0.7526026209
 40
0.8180283611
 40
0.8813835469
 40
0.9121343103
 40
0.9421893287
 40
0.9714947447
 40
1.0
 40
1.0
 40
1.0
 40
1.0
 10
263.1174388759
 20
216.4881085353
 30
0.0
 10
263.1097952868
 20
216.5036845412
 30
0.0
 10
263.0948429815
 20
216.5357862817
 30
0.0
 10
263.0737944168
 20
216.5856746855
 30
0.0
 10
263.053722542
 20
216.6381533122
 30
0.0
 10
263.0346759702
 20
216.6930955721
 30
0.0
 10
263.0167002835
 20
216.7503702013
 30
0.0
 10
262.9998388395
 20
216.8098397251
 30
0.0
 10
262.9841319261
 20
216.8713617497
 30
0.0
 10
262.9645712762
 20
216.9568449789
 30
0.0
 10
262.9433645333
 20
217.0678027674
 30
0.0
 10
262.9233048325
 20
217.2052623058
 30
0.0
 10
262.908563489
 20
217.3471141757
 30
0.0
 10
262.8992835651
 20
217.4919964758
 30
0.0
 10
262.8955552952
 20
217.6385204839
 30
0.0
 10
262.8974149167
 20
217.7852803125
 30
0.0
 10
262.904844359
 20
217.9308677517
 30
0.0
 10
262.9177713636
 20
218.0738870286
 30
0.0
 10
262.936070479
 20
218.2129647644
 30
0.0
 10
262.9558395808
 20
218.3255675474
 30
0.0
 10
262.974283413
 20
218.4125861535
 30
0.0
 10
262.9891961287
 20
218.4753996453
 30
0.0
 10
263.0052888899
 20
218.5362584647
 30
0.0
 10
263.0169465683
 20
218.5760039077
 30
0.0
 10
263.0229755641
 20
218.5955137636
 30
0.0
  0
SPLINE
  5
CB6
100
AcDbEntity
  8
0
100
AcDbSpline
 62
7
  6
CONTINUOUS
 70
0
 71
3
 72
15
 73
11
 74
0
 42
0.0000001
 43
0.0000001
 44
0.0000000001
 40
0.0
 40
0.0
 40
0.0
 40
0.0
 40
0.1214542118
 40
0.2458393864
 40
0.3722170437
 40
0.4996218229
 40
0.6270746751
 40
0.7535959151
 40
0.8782182622
 40
1.0
 40
1.0
 40
1.0
 40
1.0
 10
290.5083118554
 20
216.3392619551
 30
0.0
 10
290.5108612237
 20
216.3553836039
 30
0.0
 10
290.5153258151
 20
216.3881294484
 30
0.0
 10
290.5201108836
 20
216.4379334214
 30
0.0
 10
290.5230370768
 20
216.4886824974
 30
0.0
 10
290.5240774674
 20
216.5399170364
 30
0.0
 10
290.5232225875
 20
216.5911742928
 30
0.0
 10
290.5204802088
 20
216.641991304
 30
0.0
 10
290.515875572
 20
216.6919078094
 30
0.0
 10
290.5115313375
 20
216.7247462943
 30
0.0
 10
290.5090416693
 20
216.7409218057
 30
0.0
  0
SPLINE
  5
CB7
100
AcDbEntity
  8
0
100
AcDbSpline
 62
7
  6
CONTINUOUS
 70
0
 71
3
 72
31
 73
27
 74
0
 42
0.0000001
 43
0.0000001
 44
0.0000000001
 40
0.0
 40
0.0
 40
0.0
 40
0.0
 40
0.0156966426
 40
0.0317131833
 40
0.0483458865
 40
0.065851239
 40
0.0844378134
 40
0.1042655672
 40
0.1254497498
 40
0.1480667153
 40
0.172159953
 40
0.1977455136
 40
0.2248165486
 40
0.2533470066
 40
0.2832946167
 40
0.3146032766
 40
0.3472049953
 40
0.381021515
 40
0.4519343207
 40
0.5265669166
 40
0.6040416722
 40
0.6834147427
 40
0.7636999463
 40
0.8438912361
 40
0.9229845927
 40
1.0
 40
1.0
 40
1.0
 40
1.0
 10
290.693711919
 20
217.4383855884
 30
0.0
 10
290.6896740022
 20
217.4383840522
 30
0.0
 10
290.6815023086
 20
217.4377360326
 30
0.0
 10
290.6693597096
 20
217.4348481112
 30
0.0
 10
290.6573318058
 20
217.430064574
 30
0.0
 10
290.6454689367
 20
217.4234171775
 30
0.0
 10
290.6338097854
 20
217.4149412128
 30
0.0
 10
290.6223913869
 20
217.404674142
 30
0.0
 10
290.6112496193
 20
217.3926563576
 30
0.0
 10
290.6004206703
 20
217.3789324596
 30
0.0
 10
290.5899409153
 20
217.3635522229
 30
0.0
 10
290.5798466299
 20
217.3465711209
 30
0.0
 10
290.5701735318
 20
217.3280505068
 30
0.0
 10
290.5609563919
 20
217.308057561
 30
0.0
 10
290.5522286876
 20
217.2866650819
 30
0.0
 10
290.5440224375
 20
217.2639512813
 30
0.0
 10
290.5363675506
 20
217.2399992583
 30
0.0
 10
290.5267830672
 20
217.2059901385
 30
0.0
 10
290.5164514293
 20
217.1609888379
 30
0.0
 10
290.5068234071
 20
217.1044036781
 30
0.0
 10
290.499921055
 20
217.0452313376
 30
0.0
 10
290.4958475632
 20
216.9843419632
 30
0.0
 10
290.4946640643
 20
216.9226297902
 30
0.0
 10
290.4963883721
 20
216.8610017887
 30
0.0
 10
290.5009943619
 20
216.8003664318
 30
0.0
 10
290.5060277789
 20
216.7605032171
 30
0.0
 10
290.5090416693
 20
216.7409218057
 30
0.0
  0
SPLINE
  5
CB8
100
AcDbEntity
  8
0
100
AcDbSpline
 62
7
  6
CONTINUOUS
 70
0
 71
3
 72
15
 73
11
 74
0
 42
0.0000001
 43
0.0000001
 44
0.0000000001
 40
0.0
 40
0.0
 40
0.0
 40
0.0
 40
0.1214542118
 40
0.2458393864
 40
0.3722170437
 40
0.4996218229
 40
0.6270746751
 40
0.7535959151
 40
0.8782182622
 40
1.0
 40
1.0
 40
1.0
 40
1.0
 10
276.6923955333
 20
216.3392619551
 30
0.0
 10
276.6949449016
 20
216.3553836039
 30
0.0
 10
276.6994094929
 20
216.3881294484
 30
0.0
 10
276.7041945615
 20
216.4379334214
 30
0.0
 10
276.7071207547
 20
216.4886824974
 30
0.0
 10
276.7081611453
 20
216.5399170364
 30
0.0
 10
276.7073062653
 20
216.5911742928
 30
0.0
 10
276.7045638867
 20
216.641991304
 30
0.0
 10
276.6999592498
 20
216.6919078094
 30
0.0
 10
276.6956150153
 20
216.7247462943
 30
0.0
 10
276.6931253471
 20
216.7409218057
 30
0.0
  0
SPLINE
  5
CB9
100
AcDbEntity
  8
0
100
AcDbSpline
 62
7
  6
CONTINUOUS
 70
0
 71
3
 72
15
 73
11
 74
0
 42
0.0000001
 43
0.0000001
 44
0.0000000001
 40
0.0
 40
0.0
 40
0.0
 40
0.0
 40
0.1214542118
 40
0.2458393864
 40
0.3722170437
 40
0.4996218229
 40
0.6270746751
 40
0.7535959151
 40
0.8782182622
 40
1.0
 40
1.0
 40
1.0
 40
1.0
 10
304.3242281776
 20
216.3392619551
 30
0.0
 10
304.3267775459
 20
216.3553836039
 30
0.0
 10
304.3312421372
 20
216.3881294484
 30
0.0
 10
304.3360272058
 20
216.4379334214
 30
0.0
 10
304.338953399
 20
216.4886824974
 30
0.0
 10
304.3399937896
 20
216.5399170364
 30
0.0
 10
304.3391389097
 20
216.5911742928
 30
0.0
 10
304.336396531
 20
216.641991304
 30
0.0
 10
304.3317918941
 20
216.6919078094
 30
0.0
 10
304.3274476597
 20
216.7247462943
 30
0.0
 10
304.3249579914
 20
216.7409218057
 30
0.0
  0
SPLINE
  5
CBA
100
AcDbEntity
  8
0
100
AcDbSpline
 62
7
  6
CONTINUOUS
 70
0
 71
3
 72
31
 73
27
 74
0
 42
0.0000001
 43
0.0000001
 44
0.0000000001
 40
0.0
 40
0.0
 40
0.0
 40
0.0
 40
0.0156966426
 40
0.0317131833
 40
0.0483458865
 40
0.065851239
 40
0.0844378134
 40
0.1042655672
 40
0.1254497498
 40
0.1480667153
 40
0.172159953
 40
0.1977455136
 40
0.2248165486
 40
0.2533470066
 40
0.2832946167
 40
0.3146032766
 40
0.3472049953
 40
0.381021515
 40
0.4519343207
 40
0.5265669166
 40
0.6040416722
 40
0.6834147427
 40
0.7636999463
 40
0.8438912361
 40
0.9229845927
 40
1.0
 40
1.0
 40
1.0
 40
1.0
 10
304.5096282411
 20
217.4383855884
 30
0.0
 10
304.5055903243
 20
217.4383840522
 30
0.0
 10
304.4974186308
 20
217.4377360326
 30
0.0
 10
304.4852760318
 20
217.4348481112
 30
0.0
 10
304.473248128
 20
217.430064574
 30
0.0
 10
304.4613852589
 20
217.4234171775
 30
0.0
 10
304.4497261075
 20
217.4149412128
 30
0.0
 10
304.4383077091
 20
217.404674142
 30
0.0
 10
304.4271659415
 20
217.3926563576
 30
0.0
 10
304.4163369925
 20
217.3789324596
 30
0.0
 10
304.4058572375
 20
217.3635522229
 30
0.0
 10
304.3957629521
 20
217.3465711209
 30
0.0
 10
304.386089854
 20
217.3280505068
 30
0.0
 10
304.3768727141
 20
217.308057561
 30
0.0
 10
304.3681450098
 20
217.2866650819
 30
0.0
 10
304.3599387596
 20
217.2639512813
 30
0.0
 10
304.3522838728
 20
217.2399992583
 30
0.0
 10
304.3426993893
 20
217.2059901385
 30
0.0
 10
304.3323677515
 20
217.1609888379
 30
0.0
 10
304.3227397293
 20
217.1044036781
 30
0.0
 10
304.3158373771
 20
217.0452313376
 30
0.0
 10
304.3117638854
 20
216.9843419632
 30
0.0
 10
304.3105803864
 20
216.9226297902
 30
0.0
 10
304.3123046943
 20
216.8610017887
 30
0.0
 10
304.3169106841
 20
216.8003664318
 30
0.0
 10
304.3219441011
 20
216.7605032171
 30
0.0
 10
304.3249579914
 20
216.7409218057
 30
0.0
  0
SPLINE
  5
CBB
100
AcDbEntity
  8
0
100
AcDbSpline
 62
7
  6
CONTINUOUS
 70
0
 71
3
 72
31
 73
27
 74
0
 42
0.0000001
 43
0.0000001
 44
0.0000000001
 40
0.0
 40
0.0
 40
0.0
 40
0.0
 40
0.0156966426
 40
0.0317131833
 40
0.0483458865
 40
0.065851239
 40
0.0844378134
 40
0.1042655672
 40
0.1254497498
 40
0.1480667153
 40
0.172159953
 40
0.1977455136
 40
0.2248165486
 40
0.2533470066
 40
0.2832946167
 40
0.3146032766
 40
0.3472049953
 40
0.381021515
 40
0.4519343207
 40
0.5265669166
 40
0.6040416722
 40
0.6834147427
 40
0.7636999463
 40
0.8438912361
 40
0.9229845927
 40
1.0
 40
1.0
 40
1.0
 40
1.0
 10
276.8777955968
 20
217.4383855884
 30
0.0
 10
276.87375768
 20
217.4383840522
 30
0.0
 10
276.8655859865
 20
217.4377360326
 30
0.0
 10
276.8534433875
 20
217.4348481112
 30
0.0
 10
276.8414154837
 20
217.430064574
 30
0.0
 10
276.8295526146
 20
217.4234171775
 30
0.0
 10
276.8178934632
 20
217.4149412128
 30
0.0
 10
276.8064750648
 20
217.404674142
 30
0.0
 10
276.7953332972
 20
217.3926563576
 30
0.0
 10
276.7845043482
 20
217.3789324596
 30
0.0
 10
276.7740245932
 20
217.3635522229
 30
0.0
 10
276.7639303078
 20
217.3465711209
 30
0.0
 10
276.7542572096
 20
217.3280505068
 30
0.0
 10
276.7450400697
 20
217.308057561
 30
0.0
 10
276.7363123655
 20
217.2866650819
 30
0.0
 10
276.7281061153
 20
217.2639512813
 30
0.0
 10
276.7204512285
 20
217.2399992583
 30
0.0
 10
276.710866745
 20
217.2059901385
 30
0.0
 10
276.7005351072
 20
217.1609888379
 30
0.0
 10
276.6909070849
 20
217.1044036781
 30
0.0
 10
276.6840047328
 20
217.0452313376
 30
0.0
 10
276.6799312411
 20
216.9843419632
 30
0.0
 10
276.6787477421
 20
216.9226297902
 30
0.0
 10
276.68047205
 20
216.8610017887
 30
0.0
 10
276.6850780398
 20
216.8003664318
 30
0.0
 10
276.6901114568
 20
216.7605032171
 30
0.0
 10
276.6931253471
 20
216.7409218057
 30
0.0
  0
SPLINE
  5
CBC
100
AcDbEntity
  8
0
100
AcDbSpline
 62
7
  6
CONTINUOUS
 70
0
 71
3
 72
23
 73
19
 74
0
 42
0.0000001
 43
0.0000001
 44
0.0000000001
 40
0.0
 40
0.0
 40
0.0
 40
0.0
 40
0.0494135249
 40
0.1026266731
 40
0.1593416098
 40
0.2191892969
 40
0.2817439796
 40
0.3465350198
 40
0.4130569987
 40
0.4807787623
 40
0.5491518571
 40
0.6176186075
 40
0.6856200193
 40
0.7526036673
 40
0.8180316921
 40
0.8813890887
 40
0.9421925402
 40
1.0
 40
1.0
 40
1.0
 40
1.0
 10
277.4487397516
 20
207.5308737933
 30
0.0
 10
277.4518585182
 20
207.5245184116
 30
0.0
 10
277.4577936982
 20
207.5110490828
 30
0.0
 10
277.4655749766
 20
207.4895730747
 30
0.0
 10
277.4725055122
 20
207.4662445734
 30
0.0
 10
277.4785179998
 20
207.4412863165
 30
0.0
 10
277.4835546371
 20
207.4149351913
 30
0.0
 10
277.4875665556
 20
207.3874429703
 30
0.0
 10
277.49051483
 20
207.3590726839
 30
0.0
 10
277.4923708123
 20
207.3300962001
 30
0.0
 10
277.4931164676
 20
207.3007914038
 30
0.0
 10
277.4927445432
 20
207.2714394416
 30
0.0
 10
277.4912586558
 20
207.2423219356
 30
0.0
 10
277.4886732461
 20
207.2137181487
 30
0.0
 10
277.4850134584
 20
207.1859023543
 30
0.0
 10
277.4803147437
 20
207.1591405379
 30
0.0
 10
277.4746229574
 20
207.1336896129
 30
0.0
 10
277.4700776387
 20
207.117305505
 30
0.0
 10
277.467632414
 20
207.1093927476
 30
0.0
  0
SPLINE
  5
CBD
100
AcDbEntity
  8
0
100
AcDbSpline
 62
7
  6
CONTINUOUS
 70
0
 71
3
 72
23
 73
19
 74
0
 42
0.0000001
 43
0.0000001
 44
0.0000000001
 40
0.0
 40
0.0
 40
0.0
 40
0.0
 40
0.0494135249
 40
0.1026266731
 40
0.1593416098
 40
0.2191892969
 40
0.2817439796
 40
0.3465350198
 40
0.4130569987
 40
0.4807787623
 40
0.5491518571
 40
0.6176186075
 40
0.6856200193
 40
0.7526036673
 40
0.8180316921
 40
0.8813890887
 40
0.9421925402
 40
1.0
 40
1.0
 40
1.0
 40
1.0
 10
291.2646560738
 20
207.5308737933
 30
0.0
 10
291.2677748403
 20
207.5245184116
 30
0.0
 10
291.2737100204
 20
207.5110490828
 30
0.0
 10
291.2814912987
 20
207.4895730747
 30
0.0
 10
291.2884218343
 20
207.4662445734
 30
0.0
 10
291.2944343219
 20
207.4412863165
 30
0.0
 10
291.2994709592
 20
207.4149351913
 30
0.0
 10
291.3034828778
 20
207.3874429703
 30
0.0
 10
291.3064311522
 20
207.3590726839
 30
0.0
 10
291.3082871345
 20
207.3300962001
 30
0.0
 10
291.3090327898
 20
207.3007914038
 30
0.0
 10
291.3086608654
 20
207.2714394416
 30
0.0
 10
291.3071749779
 20
207.2423219356
 30
0.0
 10
291.3045895682
 20
207.2137181487
 30
0.0
 10
291.3009297806
 20
207.1859023543
 30
0.0
 10
291.2962310658
 20
207.1591405379
 30
0.0
 10
291.2905392796
 20
207.1336896129
 30
0.0
 10
291.2859939608
 20
207.117305505
 30
0.0
 10
291.2835487361
 20
207.1093927476
 30
0.0
  0
SPLINE
  5
CBE
100
AcDbEntity
  8
0
100
AcDbSpline
 62
7
  6
CONTINUOUS
 70
0
 71
3
 72
23
 73
19
 74
0
 42
0.0000001
 43
0.0000001
 44
0.0000000001
 40
0.0
 40
0.0
 40
0.0
 40
0.0
 40
0.0494135249
 40
0.1026266731
 40
0.1593416098
 40
0.2191892969
 40
0.2817439796
 40
0.3465350198
 40
0.4130569987
 40
0.4807787623
 40
0.5491518571
 40
0.6176186075
 40
0.6856200193
 40
0.7526036673
 40
0.8180316921
 40
0.8813890887
 40
0.9421925402
 40
1.0
 40
1.0
 40
1.0
 40
1.0
 10
305.0805723959
 20
207.5308737933
 30
0.0
 10
305.0836911625
 20
207.5245184116
 30
0.0
 10
305.0896263425
 20
207.5110490828
 30
0.0
 10
305.0974076209
 20
207.4895730747
 30
0.0
 10
305.1043381565
 20
207.4662445734
 30
0.0
 10
305.1103506441
 20
207.4412863165
 30
0.0
 10
305.1153872814
 20
207.4149351913
 30
0.0
 10
305.1193991999
 20
207.3874429703
 30
0.0
 10
305.1223474743
 20
207.3590726839
 30
0.0
 10
305.1242034566
 20
207.3300962001
 30
0.0
 10
305.1249491119
 20
207.3007914038
 30
0.0
 10
305.1245771876
 20
207.2714394416
 30
0.0
 10
305.1230913001
 20
207.2423219356
 30
0.0
 10
305.1205058904
 20
207.2137181487
 30
0.0
 10
305.1168461027
 20
207.1859023543
 30
0.0
 10
305.112147388
 20
207.1591405379
 30
0.0
 10
305.1064556017
 20
207.1336896129
 30
0.0
 10
305.101910283
 20
207.117305505
 30
0.0
 10
305.0994650583
 20
207.1093927476
 30
0.0
  0
SPLINE
  5
CBF
100
AcDbEntity
  8
0
100
AcDbSpline
 62
7
  6
CONTINUOUS
 70
0
 71
3
 72
26
 73
22
 74
0
 42
0.0000001
 43
0.0000001
 44
0.0000000001
 40
0.0
 40
0.0
 40
0.0
 40
0.0
 40
0.0487410516
 40
0.0741844701
 40
0.1003453172
 40
0.1272210072
 40
0.1548025377
 40
0.1830750338
 40
0.2120182662
 40
0.2718020177
 40
0.3339137598
 40
0.3980443133
 40
0.4638385469
 40
0.530905838
 40
0.5988296861
 40
0.6671767444
 40
0.7355055015
 40
0.8033747968
 40
0.870352344
 40
0.9360234306
 40
1.0
 40
1.0
 40
1.0
 40
1.0
 10
263.0229755641
 20
218.5955137636
 30
0.0
 10
263.0075705402
 20
218.6269059198
 30
0.0
 10
262.9812255329
 20
218.6733142504
 30
0.0
 10
262.940958765
 20
218.7330100448
 30
0.0
 10
262.9071946631
 20
218.7780977134
 30
0.0
 10
262.8703893681
 20
218.8227384547
 30
0.0
 10
262.8306288866
 20
218.8668299496
 30
0.0
 10
262.788009129
 20
218.9102664511
 30
0.0
 10
262.7268504107
 20
218.9677861262
 30
0.0
 10
262.6437696426
 20
219.0372970355
 30
0.0
 10
262.5355575611
 20
219.1155802092
 30
0.0
 10
262.4187929183
 20
219.1888833987
 30
0.0
 10
262.2945945425
 20
219.2565053384
 30
0.0
 10
262.1641471476
 20
219.3178019379
 30
0.0
 10
262.0286981236
 20
219.3721871208
 30
0.0
 10
261.8895430754
 20
219.419140767
 30
0.0
 10
261.7480133993
 20
219.4582135562
 30
0.0
 10
261.605463967
 20
219.489031623
 30
0.0
 10
261.4632559737
 20
219.5113001827
 30
0.0
 10
261.3227570732
 20
219.5248061073
 30
0.0
 10
261.2297201831
 20
219.5279285846
 30
0.0
 10
261.183821459
 20
219.5279285846
 30
0.0
  0
SPLINE
  5
CC0
100
AcDbEntity
  8
0
100
AcDbSpline
 62
7
  6
CONTINUOUS
 70
0
 71
3
 72
25
 73
21
 74
0
 42
0.0000001
 43
0.0000001
 44
0.0000000001
 40
0.0
 40
0.0
 40
0.0
 40
0.0
 40
0.0788695108
 40
0.1557768767
 40
0.2305580401
 40
0.3030747304
 40
0.3732182132
 40
0.4409134845
 40
0.5061238309
 40
0.5688557229
 40
0.629163929
 40
0.6871565331
 40
0.7429993932
 40
0.7969192146
 40
0.8492042076
 40
0.9002010743
 40
0.9253492559
 40
0.9503279818
 40
0.9751926648
 40
1.0
 40
1.0
 40
1.0
 40
1.0
 10
307.1908228118
 20
219.5279285846
 30
0.0
 10
307.1602159856
 20
219.5279285846
 30
0.0
 10
307.0997534598
 20
219.526574107
 30
0.0
 10
307.0104656742
 20
219.5203222285
 30
0.0
 10
306.9240456295
 20
219.5099015728
 30
0.0
 10
306.8408833578
 20
219.4953578328
 30
0.0
 10
306.7613509408
 20
219.4767545948
 30
0.0
 10
306.6858047229
 20
219.4541728091
 30
0.0
 10
306.6145829762
 20
219.4277101669
 30
0.0
 10
306.5480050407
 20
219.3974803435
 30
0.0
 10
306.4863704738
 20
219.3636124179
 30
0.0
 10
306.4299585677
 20
219.3262501054
 30
0.0
 10
306.3790284417
 20
219.2855523849
 30
0.0
 10
306.3338179516
 20
219.2416915788
 30
0.0
 10
306.2945467226
 20
219.1948631335
 30
0.0
 10
306.2667947343
 20
219.1533286122
 30
0.0
 10
306.2478503437
 20
219.1189405514
 30
0.0
 10
306.2352898262
 20
219.0926697855
 30
0.0
 10
306.2243304525
 20
219.0658363558
 30
0.0
 10
306.2180962802
 20
219.0475822325
 30
0.0
 10
306.2152539483
 20
219.0383844311
 30
0.0
  0
SPLINE
  5
CC1
100
AcDbEntity
  8
0
100
AcDbSpline
 62
7
  6
CONTINUOUS
 70
0
 71
3
 72
25
 73
21
 74
0
 42
0.0000001
 43
0.0000001
 44
0.0000000001
 40
0.0
 40
0.0
 40
0.0
 40
0.0
 40
0.0788695108
 40
0.1557768767
 40
0.2305580401
 40
0.3030747304
 40
0.3732182132
 40
0.4409134845
 40
0.5061238309
 40
0.5688557229
 40
0.629163929
 40
0.6871565331
 40
0.7429993932
 40
0.7969192146
 40
0.8492042076
 40
0.9002010743
 40
0.9253492559
 40
0.9503279818
 40
0.9751926648
 40
1.0
 40
1.0
 40
1.0
 40
1.0
 10
319.6251475017
 20
219.5279285846
 30
0.0
 10
319.5945406755
 20
219.5279285846
 30
0.0
 10
319.5340781498
 20
219.526574107
 30
0.0
 10
319.4447903642
 20
219.5203222285
 30
0.0
 10
319.3583703195
 20
219.5099015728
 30
0.0
 10
319.2752080478
 20
219.4953578328
 30
0.0
 10
319.1956756307
 20
219.4767545948
 30
0.0
 10
319.1201294128
 20
219.4541728091
 30
0.0
 10
319.0489076662
 20
219.4277101669
 30
0.0
 10
318.9823297307
 20
219.3974803435
 30
0.0
 10
318.9206951637
 20
219.3636124179
 30
0.0
 10
318.8642832576
 20
219.3262501054
 30
0.0
 10
318.8133531316
 20
219.2855523849
 30
0.0
 10
318.7681426415
 20
219.2416915788
 30
0.0
 10
318.7288714125
 20
219.1948631335
 30
0.0
 10
318.7011194243
 20
219.1533286122
 30
0.0
 10
318.6821750337
 20
219.1189405514
 30
0.0
 10
318.6696145162
 20
219.0926697855
 30
0.0
 10
318.6586551424
 20
219.0658363558
 30
0.0
 10
318.6524209701
 20
219.0475822325
 30
0.0
 10
318.6495786383
 20
219.0383844311
 30
0.0
  0
SPLINE
  5
CC2
100
AcDbEntity
  8
0
100
AcDbSpline
 62
7
  6
CONTINUOUS
 70
0
 71
3
 72
26
 73
22
 74
0
 42
0.0000001
 43
0.0000001
 44
0.0000000001
 40
0.0
 40
0.0
 40
0.0
 40
0.0
 40
0.0487410516
 40
0.0741844701
 40
0.1003453172
 40
0.1272210072
 40
0.1548025377
 40
0.1830750338
 40
0.2120182662
 40
0.2718020177
 40
0.3339137598
 40
0.3980443133
 40
0.4638385469
 40
0.530905838
 40
0.5988296861
 40
0.6671767444
 40
0.7355055015
 40
0.8033747968
 40
0.870352344
 40
0.9360234306
 40
1.0
 40
1.0
 40
1.0
 40
1.0
 10
309.3062952434
 20
218.5955137636
 30
0.0
 10
309.2908902195
 20
218.6269059198
 30
0.0
 10
309.2645452121
 20
218.6733142504
 30
0.0
 10
309.2242784442
 20
218.7330100448
 30
0.0
 10
309.1905143423
 20
218.7780977134
 30
0.0
 10
309.1537090473
 20
218.8227384547
 30
0.0
 10
309.1139485658
 20
218.8668299496
 30
0.0
 10
309.0713288082
 20
218.9102664511
 30
0.0
 10
309.01017009
 20
218.9677861262
 30
0.0
 10
308.9270893219
 20
219.0372970355
 30
0.0
 10
308.8188772403
 20
219.1155802092
 30
0.0
 10
308.7021125976
 20
219.1888833987
 30
0.0
 10
308.5779142217
 20
219.2565053384
 30
0.0
 10
308.4474668268
 20
219.3178019379
 30
0.0
 10
308.3120178028
 20
219.3721871208
 30
0.0
 10
308.1728627546
 20
219.419140767
 30
0.0
 10
308.0313330786
 20
219.4582135562
 30
0.0
 10
307.8887836462
 20
219.489031623
 30
0.0
 10
307.7465756529
 20
219.5113001827
 30
0.0
 10
307.6060767524
 20
219.5248061073
 30
0.0
 10
307.5130398623
 20
219.5279285846
 30
0.0
 10
307.4671411382
 20
219.5279285846
 30
0.0
  0
SPLINE
  5
CC3
100
AcDbEntity
  8
0
100
AcDbSpline
 62
7
  6
CONTINUOUS
 70
0
 71
3
 72
15
 73
11
 74
0
 42
0.0000001
 43
0.0000001
 44
0.0000000001
 40
0.0
 40
0.0
 40
0.0
 40
0.0
 40
0.1214542118
 40
0.2458393864
 40
0.3722170437
 40
0.4996218229
 40
0.6270746751
 40
0.7535959151
 40
0.8782182622
 40
1.0
 40
1.0
 40
1.0
 40
1.0
 10
275.310803901
 20
216.3392619551
 30
0.0
 10
275.3133532694
 20
216.3553836039
 30
0.0
 10
275.3178178607
 20
216.3881294484
 30
0.0
 10
275.3226029292
 20
216.4379334214
 30
0.0
 10
275.3255291224
 20
216.4886824974
 30
0.0
 10
275.3265695131
 20
216.5399170364
 30
0.0
 10
275.3257146331
 20
216.5911742928
 30
0.0
 10
275.3229722545
 20
216.641991304
 30
0.0
 10
275.3183676176
 20
216.6919078094
 30
0.0
 10
275.3140233831
 20
216.7247462943
 30
0.0
 10
275.3115337149
 20
216.7409218057
 30
0.0
  0
SPLINE
  5
CC4
100
AcDbEntity
  8
0
100
AcDbSpline
 62
7
  6
CONTINUOUS
 70
0
 71
3
 72
31
 73
27
 74
0
 42
0.0000001
 43
0.0000001
 44
0.0000000001
 40
0.0
 40
0.0
 40
0.0
 40
0.0
 40
0.0156966426
 40
0.0317131833
 40
0.0483458865
 40
0.065851239
 40
0.0844378134
 40
0.1042655672
 40
0.1254497498
 40
0.1480667153
 40
0.172159953
 40
0.1977455136
 40
0.2248165486
 40
0.2533470066
 40
0.2832946167
 40
0.3146032766
 40
0.3472049953
 40
0.381021515
 40
0.4519343207
 40
0.5265669166
 40
0.6040416722
 40
0.6834147427
 40
0.7636999463
 40
0.8438912361
 40
0.9229845927
 40
1.0
 40
1.0
 40
1.0
 40
1.0
 10
275.4962039646
 20
217.4383855884
 30
0.0
 10
275.4921660478
 20
217.4383840522
 30
0.0
 10
275.4839943543
 20
217.4377360326
 30
0.0
 10
275.4718517553
 20
217.4348481112
 30
0.0
 10
275.4598238515
 20
217.430064574
 30
0.0
 10
275.4479609824
 20
217.4234171775
 30
0.0
 10
275.436301831
 20
217.4149412128
 30
0.0
 10
275.4248834325
 20
217.404674142
 30
0.0
 10
275.413741665
 20
217.3926563576
 30
0.0
 10
275.4029127159
 20
217.3789324596
 30
0.0
 10
275.392432961
 20
217.3635522229
 30
0.0
 10
275.3823386756
 20
217.3465711209
 30
0.0
 10
275.3726655774
 20
217.3280505068
 30
0.0
 10
275.3634484375
 20
217.308057561
 30
0.0
 10
275.3547207333
 20
217.2866650819
 30
0.0
 10
275.3465144831
 20
217.2639512813
 30
0.0
 10
275.3388595963
 20
217.2399992583
 30
0.0
 10
275.3292751128
 20
217.2059901385
 30
0.0
 10
275.318943475
 20
217.1609888379
 30
0.0
 10
275.3093154527
 20
217.1044036781
 30
0.0
 10
275.3024131006
 20
217.0452313376
 30
0.0
 10
275.2983396088
 20
216.9843419632
 30
0.0
 10
275.2971561099
 20
216.9226297902
 30
0.0
 10
275.2988804178
 20
216.8610017887
 30
0.0
 10
275.3034864076
 20
216.8003664318
 30
0.0
 10
275.3085198246
 20
216.7605032171
 30
0.0
 10
275.3115337149
 20
216.7409218057
 30
0.0
  0
SPLINE
  5
CC5
100
AcDbEntity
  8
0
100
AcDbSpline
 62
7
  6
CONTINUOUS
 70
0
 71
3
 72
23
 73
19
 74
0
 42
0.0000001
 43
0.0000001
 44
0.0000000001
 40
0.0
 40
0.0
 40
0.0
 40
0.0
 40
0.0494135249
 40
0.1026266731
 40
0.1593416098
 40
0.2191892969
 40
0.2817439796
 40
0.3465350198
 40
0.4130569987
 40
0.4807787623
 40
0.5491518571
 40
0.6176186075
 40
0.6856200193
 40
0.7526036673
 40
0.8180316921
 40
0.8813890887
 40
0.9421925402
 40
1.0
 40
1.0
 40
1.0
 40
1.0
 10
276.0671481194
 20
207.5308737933
 30
0.0
 10
276.0702668859
 20
207.5245184116
 30
0.0
 10
276.076202066
 20
207.5110490828
 30
0.0
 10
276.0839833444
 20
207.4895730747
 30
0.0
 10
276.09091388
 20
207.4662445734
 30
0.0
 10
276.0969263675
 20
207.4412863165
 30
0.0
 10
276.1019630049
 20
207.4149351913
 30
0.0
 10
276.1059749234
 20
207.3874429703
 30
0.0
 10
276.1089231978
 20
207.3590726839
 30
0.0
 10
276.1107791801
 20
207.3300962001
 30
0.0
 10
276.1115248354
 20
207.3007914038
 30
0.0
 10
276.111152911
 20
207.2714394416
 30
0.0
 10
276.1096670235
 20
207.2423219356
 30
0.0
 10
276.1070816139
 20
207.2137181487
 30
0.0
 10
276.1034218262
 20
207.1859023543
 30
0.0
 10
276.0987231114
 20
207.1591405379
 30
0.0
 10
276.0930313252
 20
207.1336896129
 30
0.0
 10
276.0884860064
 20
207.117305505
 30
0.0
 10
276.0860407817
 20
207.1093927476
 30
0.0
  0
SPLINE
  5
CC6
100
AcDbEntity
  8
0
100
AcDbSpline
 62
7
  6
CONTINUOUS
 70
0
 71
3
 72
15
 73
11
 74
0
 42
0.0000001
 43
0.0000001
 44
0.0000000001
 40
0.0
 40
0.0
 40
0.0
 40
0.0
 40
0.1214542118
 40
0.2458393864
 40
0.3722170437
 40
0.4996218229
 40
0.6270746751
 40
0.7535959151
 40
0.8782182622
 40
1.0
 40
1.0
 40
1.0
 40
1.0
 10
289.1267202232
 20
216.3392619551
 30
0.0
 10
289.1292695915
 20
216.3553836039
 30
0.0
 10
289.1337341828
 20
216.3881294484
 30
0.0
 10
289.1385192514
 20
216.4379334214
 30
0.0
 10
289.1414454446
 20
216.4886824974
 30
0.0
 10
289.1424858352
 20
216.5399170364
 30
0.0
 10
289.1416309553
 20
216.5911742928
 30
0.0
 10
289.1388885766
 20
216.641991304
 30
0.0
 10
289.1342839397
 20
216.6919078094
 30
0.0
 10
289.1299397053
 20
216.7247462943
 30
0.0
 10
289.1274500371
 20
216.7409218057
 30
0.0
  0
SPLINE
  5
CC7
100
AcDbEntity
  8
0
100
AcDbSpline
 62
7
  6
CONTINUOUS
 70
0
 71
3
 72
23
 73
19
 74
0
 42
0.0000001
 43
0.0000001
 44
0.0000000001
 40
0.0
 40
0.0
 40
0.0
 40
0.0
 40
0.0549080791
 40
0.1116145113
 40
0.1700919109
 40
0.2302501832
 40
0.2919445173
 40
0.354983653
 40
0.4191381291
 40
0.484148372
 40
0.5497325882
 40
0.615594485
 40
0.6814308662
 40
0.7469391671
 40
0.8118249947
 40
0.8439521624
 40
0.8758210245
 40
1.0
 40
1.0
 40
1.0
 40
1.0
 10
310.1511610107
 20
214.958948229
 30
0.0
 10
310.1390881711
 20
214.9198804694
 30
0.0
 10
310.1102773312
 20
214.8417296156
 30
0.0
 10
310.0548911191
 20
214.727609799
 30
0.0
 10
309.9871757282
 20
214.6157519186
 30
0.0
 10
309.9077941711
 20
214.5072328518
 30
0.0
 10
309.8175099665
 20
214.4030757178
 30
0.0
 10
309.7171902085
 20
214.3042705509
 30
0.0
 10
309.6077958649
 20
214.2117563638
 30
0.0
 10
309.4903739935
 20
214.1264142657
 30
0.0
 10
309.3660478594
 20
214.0490579696
 30
0.0
 10
309.2360068043
 20
213.9804260638
 30
0.0
 10
309.1014933144
 20
213.9211741184
 30
0.0
 10
308.9637969182
 20
213.8718702114
 30
0.0
 10
308.8470957512
 20
213.8393560748
 30
0.0
 10
308.75332399
 20
213.8187694438
 30
0.0
 10
308.6154220921
 20
213.7938760349
 30
0.0
 10
308.4989476109
 20
213.7839578217
 30
0.0
 10
308.4064702174
 20
213.7839578217
 30
0.0
  0
SPLINE
  5
CC8
100
AcDbEntity
  8
0
100
AcDbSpline
 62
7
  6
CONTINUOUS
 70
0
 71
3
 72
23
 73
19
 74
0
 42
0.0000001
 43
0.0000001
 44
0.0000000001
 40
0.0
 40
0.0
 40
0.0
 40
0.0
 40
0.0549080791
 40
0.1116145113
 40
0.1700919109
 40
0.2302501832
 40
0.2919445173
 40
0.354983653
 40
0.4191381291
 40
0.484148372
 40
0.5497325882
 40
0.615594485
 40
0.6814308662
 40
0.7469391671
 40
0.8118249947
 40
0.8439521624
 40
0.8758210245
 40
1.0
 40
1.0
 40
1.0
 40
1.0
 10
309.4007585551
 20
216.4881085353
 30
0.0
 10
309.3886857155
 20
216.4490407758
 30
0.0
 10
309.3598748756
 20
216.3708899219
 30
0.0
 10
309.3044886635
 20
216.2567701054
 30
0.0
 10
309.2367732726
 20
216.144912225
 30
0.0
 10
309.1573917156
 20
216.0363931582
 30
0.0
 10
309.0671075109
 20
215.9322360241
 30
0.0
 10
308.9667877529
 20
215.8334308572
 30
0.0
 10
308.8573934094
 20
215.7409166701
 30
0.0
 10
308.7399715379
 20
215.6555745721
 30
0.0
 10
308.6156454038
 20
215.5782182759
 30
0.0
 10
308.4856043487
 20
215.5095863701
 30
0.0
 10
308.3510908588
 20
215.4503344247
 30
0.0
 10
308.2133944626
 20
215.4010305178
 30
0.0
 10
308.0966932956
 20
215.3685163811
 30
0.0
 10
308.0029215344
 20
215.3479297501
 30
0.0
 10
307.8650196365
 20
215.3230363412
 30
0.0
 10
307.7485451554
 20
215.313118128
 30
0.0
 10
307.6560677618
 20
215.313118128
 30
0.0
  0
SPLINE
  5
CC9
100
AcDbEntity
  8
0
100
AcDbSpline
 62
7
  6
CONTINUOUS
 70
0
 71
3
 72
31
 73
27
 74
0
 42
0.0000001
 43
0.0000001
 44
0.0000000001
 40
0.0
 40
0.0
 40
0.0
 40
0.0
 40
0.0156966426
 40
0.0317131833
 40
0.0483458865
 40
0.065851239
 40
0.0844378134
 40
0.1042655672
 40
0.1254497498
 40
0.1480667153
 40
0.172159953
 40
0.1977455136
 40
0.2248165486
 40
0.2533470066
 40
0.2832946167
 40
0.3146032766
 40
0.3472049953
 40
0.381021515
 40
0.4519343207
 40
0.5265669166
 40
0.6040416722
 40
0.6834147427
 40
0.7636999463
 40
0.8438912361
 40
0.9229845927
 40
1.0
 40
1.0
 40
1.0
 40
1.0
 10
289.3121202867
 20
217.4383855884
 30
0.0
 10
289.3080823699
 20
217.4383840522
 30
0.0
 10
289.2999106764
 20
217.4377360326
 30
0.0
 10
289.2877680774
 20
217.4348481112
 30
0.0
 10
289.2757401736
 20
217.430064574
 30
0.0
 10
289.2638773045
 20
217.4234171775
 30
0.0
 10
289.2522181532
 20
217.4149412128
 30
0.0
 10
289.2407997547
 20
217.404674142
 30
0.0
 10
289.2296579871
 20
217.3926563576
 30
0.0
 10
289.2188290381
 20
217.3789324596
 30
0.0
 10
289.2083492831
 20
217.3635522229
 30
0.0
 10
289.1982549977
 20
217.3465711209
 30
0.0
 10
289.1885818996
 20
217.3280505068
 30
0.0
 10
289.1793647597
 20
217.308057561
 30
0.0
 10
289.1706370554
 20
217.2866650819
 30
0.0
 10
289.1624308053
 20
217.2639512813
 30
0.0
 10
289.1547759184
 20
217.2399992583
 30
0.0
 10
289.145191435
 20
217.2059901385
 30
0.0
 10
289.1348597971
 20
217.1609888379
 30
0.0
 10
289.1252317749
 20
217.1044036781
 30
0.0
 10
289.1183294228
 20
217.0452313376
 30
0.0
 10
289.114255931
 20
216.9843419632
 30
0.0
 10
289.1130724321
 20
216.9226297902
 30
0.0
 10
289.1147967399
 20
216.8610017887
 30
0.0
 10
289.1194027297
 20
216.8003664318
 30
0.0
 10
289.1244361467
 20
216.7605032171
 30
0.0
 10
289.1274500371
 20
216.7409218057
 30
0.0
  0
SPLINE
  5
CCA
100
AcDbEntity
  8
0
100
AcDbSpline
 62
7
  6
CONTINUOUS
 70
0
 71
3
 72
23
 73
19
 74
0
 42
0.0000001
 43
0.0000001
 44
0.0000000001
 40
0.0
 40
0.0
 40
0.0
 40
0.0
 40
0.0494135249
 40
0.1026266731
 40
0.1593416098
 40
0.2191892969
 40
0.2817439796
 40
0.3465350198
 40
0.4130569987
 40
0.4807787623
 40
0.5491518571
 40
0.6176186075
 40
0.6856200193
 40
0.7526036673
 40
0.8180316921
 40
0.8813890887
 40
0.9421925402
 40
1.0
 40
1.0
 40
1.0
 40
1.0
 10
267.7775983261
 20
207.5308737933
 30
0.0
 10
267.7807170927
 20
207.5245184116
 30
0.0
 10
267.7866522727
 20
207.5110490828
 30
0.0
 10
267.7944335511
 20
207.4895730747
 30
0.0
 10
267.8013640867
 20
207.4662445734
 30
0.0
 10
267.8073765742
 20
207.4412863165
 30
0.0
 10
267.8124132116
 20
207.4149351913
 30
0.0
 10
267.8164251301
 20
207.3874429703
 30
0.0
 10
267.8193734045
 20
207.3590726839
 30
0.0
 10
267.8212293868
 20
207.3300962001
 30
0.0
 10
267.8219750421
 20
207.3007914038
 30
0.0
 10
267.8216031177
 20
207.2714394416
 30
0.0
 10
267.8201172303
 20
207.2423219356
 30
0.0
 10
267.8175318206
 20
207.2137181487
 30
0.0
 10
267.8138720329
 20
207.1859023543
 30
0.0
 10
267.8091733182
 20
207.1591405379
 30
0.0
 10
267.8034815319
 20
207.1336896129
 30
0.0
 10
267.7989362131
 20
207.117305505
 30
0.0
 10
267.7964909885
 20
207.1093927476
 30
0.0
  0
SPLINE
  5
CCB
100
AcDbEntity
  8
0
100
AcDbSpline
 62
7
  6
CONTINUOUS
 70
0
 71
3
 72
15
 73
11
 74
0
 42
0.0000001
 43
0.0000001
 44
0.0000000001
 40
0.0
 40
0.0
 40
0.0
 40
0.0
 40
0.1214542118
 40
0.2458393864
 40
0.3722170437
 40
0.4996218229
 40
0.6270746751
 40
0.7535959151
 40
0.8782182622
 40
1.0
 40
1.0
 40
1.0
 40
1.0
 10
273.9292122688
 20
216.3392619551
 30
0.0
 10
273.9317616371
 20
216.3553836039
 30
0.0
 10
273.9362262285
 20
216.3881294484
 30
0.0
 10
273.941011297
 20
216.4379334214
 30
0.0
 10
273.9439374902
 20
216.4886824974
 30
0.0
 10
273.9449778809
 20
216.5399170364
 30
0.0
 10
273.9441230009
 20
216.5911742928
 30
0.0
 10
273.9413806222
 20
216.641991304
 30
0.0
 10
273.9367759854
 20
216.6919078094
 30
0.0
 10
273.9324317509
 20
216.7247462943
 30
0.0
 10
273.9299420827
 20
216.7409218057
 30
0.0
  0
SPLINE
  5
CCC
100
AcDbEntity
  8
0
100
AcDbSpline
 62
7
  6
CONTINUOUS
 70
0
 71
3
 72
31
 73
27
 74
0
 42
0.0000001
 43
0.0000001
 44
0.0000000001
 40
0.0
 40
0.0
 40
0.0
 40
0.0
 40
0.0156966426
 40
0.0317131833
 40
0.0483458865
 40
0.065851239
 40
0.0844378134
 40
0.1042655672
 40
0.1254497498
 40
0.1480667153
 40
0.172159953
 40
0.1977455136
 40
0.2248165486
 40
0.2533470066
 40
0.2832946167
 40
0.3146032766
 40
0.3472049953
 40
0.381021515
 40
0.4519343207
 40
0.5265669166
 40
0.6040416722
 40
0.6834147427
 40
0.7636999463
 40
0.8438912361
 40
0.9229845927
 40
1.0
 40
1.0
 40
1.0
 40
1.0
 10
267.2066541713
 20
217.4383855884
 30
0.0
 10
267.2026162545
 20
217.4383840522
 30
0.0
 10
267.194444561
 20
217.4377360326
 30
0.0
 10
267.182301962
 20
217.4348481112
 30
0.0
 10
267.1702740582
 20
217.430064574
 30
0.0
 10
267.1584111891
 20
217.4234171775
 30
0.0
 10
267.1467520377
 20
217.4149412128
 30
0.0
 10
267.1353336392
 20
217.404674142
 30
0.0
 10
267.1241918717
 20
217.3926563576
 30
0.0
 10
267.1133629226
 20
217.3789324596
 30
0.0
 10
267.1028831677
 20
217.3635522229
 30
0.0
 10
267.0927888823
 20
217.3465711209
 30
0.0
 10
267.0831157841
 20
217.3280505068
 30
0.0
 10
267.0738986442
 20
217.308057561
 30
0.0
 10
267.06517094
 20
217.2866650819
 30
0.0
 10
267.0569646898
 20
217.2639512813
 30
0.0
 10
267.049309803
 20
217.2399992583
 30
0.0
 10
267.0397253195
 20
217.2059901385
 30
0.0
 10
267.0293936817
 20
217.1609888379
 30
0.0
 10
267.0197656594
 20
217.1044036781
 30
0.0
 10
267.0128633073
 20
217.0452313376
 30
0.0
 10
267.0087898155
 20
216.9843419632
 30
0.0
 10
267.0076063166
 20
216.9226297902
 30
0.0
 10
267.0093306245
 20
216.8610017887
 30
0.0
 10
267.0139366143
 20
216.8003664318
 30
0.0
 10
267.0189700313
 20
216.7605032171
 30
0.0
 10
267.0219839216
 20
216.7409218057
 30
0.0
  0
SPLINE
  5
CCD
100
AcDbEntity
  8
0
100
AcDbSpline
 62
7
  6
CONTINUOUS
 70
0
 71
3
 72
22
 73
18
 74
0
 42
0.0000001
 43
0.0000001
 44
0.0000000001
 40
0.0
 40
0.0
 40
0.0
 40
0.0
 40
0.1413002064
 40
0.210101146
 40
0.2775999688
 40
0.3437791566
 40
0.4086402367
 40
0.47220493
 40
0.5345160749
 40
0.5956382396
 40
0.6556579155
 40
0.7146831777
 40
0.7728427005
 40
0.8302840404
 40
0.8871711367
 40
0.9436810462
 40
1.0
 40
1.0
 40
1.0
 40
1.0
 10
308.1301518909
 20
213.7839578217
 30
0.0
 10
308.0750674677
 20
213.7839578217
 30
0.0
 10
307.9930589933
 20
213.7881240676
 30
0.0
 10
307.8857751647
 20
213.8026410981
 30
0.0
 10
307.8082438292
 20
213.8177117904
 30
0.0
 10
307.73324007
 20
213.8370058773
 30
0.0
 10
307.6610362838
 20
213.860454519
 30
0.0
 10
307.5919008609
 20
213.8879733018
 30
0.0
 10
307.5260898496
 20
213.9194630802
 30
0.0
 10
307.463848075
 20
213.9548100522
 30
0.0
 10
307.405407813
 20
213.9938860454
 30
0.0
 10
307.3509881168
 20
214.036548681
 30
0.0
 10
307.3007938224
 20
214.0826418008
 30
0.0
 10
307.2550149558
 20
214.1319951062
 30
0.0
 10
307.2138245385
 20
214.184426991
 30
0.0
 10
307.1773819539
 20
214.239736154
 30
0.0
 10
307.1563258673
 20
214.2784242109
 30
0.0
 10
307.1466535938
 20
214.2981342342
 30
0.0
  0
SPLINE
  5
CCE
100
AcDbEntity
  8
0
100
AcDbSpline
 62
7
  6
CONTINUOUS
 70
0
 71
3
 72
15
 73
11
 74
0
 42
0.0000001
 43
0.0000001
 44
0.0000000001
 40
0.0
 40
0.0
 40
0.0
 40
0.0
 40
0.1214542118
 40
0.2458393864
 40
0.3722170437
 40
0.4996218229
 40
0.6270746751
 40
0.7535959151
 40
0.8782182622
 40
1.0
 40
1.0
 40
1.0
 40
1.0
 10
267.0212541078
 20
216.3392619551
 30
0.0
 10
267.0238034761
 20
216.3553836039
 30
0.0
 10
267.0282680674
 20
216.3881294484
 30
0.0
 10
267.0330531359
 20
216.4379334214
 30
0.0
 10
267.0359793292
 20
216.4886824974
 30
0.0
 10
267.0370197198
 20
216.5399170364
 30
0.0
 10
267.0361648398
 20
216.5911742928
 30
0.0
 10
267.0334224612
 20
216.641991304
 30
0.0
 10
267.0288178243
 20
216.6919078094
 30
0.0
 10
267.0244735898
 20
216.7247462943
 30
0.0
 10
267.0219839216
 20
216.7409218057
 30
0.0
  0
SPLINE
  5
CCF
100
AcDbEntity
  8
0
100
AcDbSpline
 62
7
  6
CONTINUOUS
 70
0
 71
3
 72
23
 73
19
 74
0
 42
0.0000001
 43
0.0000001
 44
0.0000000001
 40
0.0
 40
0.0
 40
0.0
 40
0.0
 40
0.0494135249
 40
0.1026266731
 40
0.1593416098
 40
0.2191892969
 40
0.2817439796
 40
0.3465350198
 40
0.4130569987
 40
0.4807787623
 40
0.5491518571
 40
0.6176186075
 40
0.6856200193
 40
0.7526036673
 40
0.8180316921
 40
0.8813890887
 40
0.9421925402
 40
1.0
 40
1.0
 40
1.0
 40
1.0
 10
289.8830644415
 20
207.5308737933
 30
0.0
 10
289.8861832081
 20
207.5245184116
 30
0.0
 10
289.8921183881
 20
207.5110490828
 30
0.0
 10
289.8998996665
 20
207.4895730747
 30
0.0
 10
289.9068302021
 20
207.4662445734
 30
0.0
 10
289.9128426897
 20
207.4412863165
 30
0.0
 10
289.917879327
 20
207.4149351913
 30
0.0
 10
289.9218912456
 20
207.3874429703
 30
0.0
 10
289.92483952
 20
207.3590726839
 30
0.0
 10
289.9266955023
 20
207.3300962001
 30
0.0
 10
289.9274411576
 20
207.3007914038
 30
0.0
 10
289.9270692332
 20
207.2714394416
 30
0.0
 10
289.9255833457
 20
207.2423219356
 30
0.0
 10
289.922997936
 20
207.2137181487
 30
0.0
 10
289.9193381484
 20
207.1859023543
 30
0.0
 10
289.9146394336
 20
207.1591405379
 30
0.0
 10
289.9089476473
 20
207.1336896129
 30
0.0
 10
289.9044023286
 20
207.117305505
 30
0.0
 10
289.9019571039
 20
207.1093927476
 30
0.0
  0
SPLINE
  5
CD0
100
AcDbEntity
  8
0
100
AcDbSpline
 62
7
  6
CONTINUOUS
 70
0
 71
3
 72
31
 73
27
 74
0
 42
0.0000001
 43
0.0000001
 44
0.0000000001
 40
0.0
 40
0.0
 40
0.0
 40
0.0
 40
0.0156966426
 40
0.0317131833
 40
0.0483458865
 40
0.065851239
 40
0.0844378134
 40
0.1042655672
 40
0.1254497498
 40
0.1480667153
 40
0.172159953
 40
0.1977455136
 40
0.2248165486
 40
0.2533470066
 40
0.2832946167
 40
0.3146032766
 40
0.3472049953
 40
0.381021515
 40
0.4519343207
 40
0.5265669166
 40
0.6040416722
 40
0.6834147427
 40
0.7636999463
 40
0.8438912361
 40
0.9229845927
 40
1.0
 40
1.0
 40
1.0
 40
1.0
 10
274.1146123324
 20
217.4383855884
 30
0.0
 10
274.1105744156
 20
217.4383840522
 30
0.0
 10
274.102402722
 20
217.4377360326
 30
0.0
 10
274.0902601231
 20
217.4348481112
 30
0.0
 10
274.0782322192
 20
217.430064574
 30
0.0
 10
274.0663693502
 20
217.4234171775
 30
0.0
 10
274.0547101988
 20
217.4149412128
 30
0.0
 10
274.0432918003
 20
217.404674142
 30
0.0
 10
274.0321500328
 20
217.3926563576
 30
0.0
 10
274.0213210837
 20
217.3789324596
 30
0.0
 10
274.0108413287
 20
217.3635522229
 30
0.0
 10
274.0007470433
 20
217.3465711209
 30
0.0
 10
273.9910739452
 20
217.3280505068
 30
0.0
 10
273.9818568053
 20
217.308057561
 30
0.0
 10
273.973129101
 20
217.2866650819
 30
0.0
 10
273.9649228509
 20
217.2639512813
 30
0.0
 10
273.9572679641
 20
217.2399992583
 30
0.0
 10
273.9476834806
 20
217.2059901385
 30
0.0
 10
273.9373518428
 20
217.1609888379
 30
0.0
 10
273.9277238205
 20
217.1044036781
 30
0.0
 10
273.9208214684
 20
217.0452313376
 30
0.0
 10
273.9167479766
 20
216.9843419632
 30
0.0
 10
273.9155644777
 20
216.9226297902
 30
0.0
 10
273.9172887855
 20
216.8610017887
 30
0.0
 10
273.9218947753
 20
216.8003664318
 30
0.0
 10
273.9269281924
 20
216.7605032171
 30
0.0
 10
273.9299420827
 20
216.7409218057
 30
0.0
  0
SPLINE
  5
CD1
100
AcDbEntity
  8
0
100
AcDbSpline
 62
7
  6
CONTINUOUS
 70
0
 71
3
 72
23
 73
19
 74
0
 42
0.0000001
 43
0.0000001
 44
0.0000000001
 40
0.0
 40
0.0
 40
0.0
 40
0.0
 40
0.0494135249
 40
0.1026266731
 40
0.1593416098
 40
0.2191892969
 40
0.2817439796
 40
0.3465350198
 40
0.4130569987
 40
0.4807787623
 40
0.5491518571
 40
0.6176186075
 40
0.6856200193
 40
0.7526036673
 40
0.8180316921
 40
0.8813890887
 40
0.9421925402
 40
1.0
 40
1.0
 40
1.0
 40
1.0
 10
274.6855564872
 20
207.5308737933
 30
0.0
 10
274.6886752537
 20
207.5245184116
 30
0.0
 10
274.6946104338
 20
207.5110490828
 30
0.0
 10
274.7023917121
 20
207.4895730747
 30
0.0
 10
274.7093222478
 20
207.4662445734
 30
0.0
 10
274.7153347353
 20
207.4412863165
 30
0.0
 10
274.7203713727
 20
207.4149351913
 30
0.0
 10
274.7243832912
 20
207.3874429703
 30
0.0
 10
274.7273315656
 20
207.3590726839
 30
0.0
 10
274.7291875479
 20
207.3300962001
 30
0.0
 10
274.7299332032
 20
207.3007914038
 30
0.0
 10
274.7295612788
 20
207.2714394416
 30
0.0
 10
274.7280753913
 20
207.2423219356
 30
0.0
 10
274.7254899817
 20
207.2137181487
 30
0.0
 10
274.721830194
 20
207.1859023543
 30
0.0
 10
274.7171314792
 20
207.1591405379
 30
0.0
 10
274.711439693
 20
207.1336896129
 30
0.0
 10
274.7068943742
 20
207.117305505
 30
0.0
 10
274.7044491495
 20
207.1093927476
 30
0.0
  0
SPLINE
  5
CD2
100
AcDbEntity
  8
0
100
AcDbSpline
 62
7
  6
CONTINUOUS
 70
0
 71
3
 72
23
 73
19
 74
0
 42
0.0000001
 43
0.0000001
 44
0.0000000001
 40
0.0
 40
0.0
 40
0.0
 40
0.0
 40
0.0494135249
 40
0.1026266731
 40
0.1593416098
 40
0.2191892969
 40
0.2817439796
 40
0.3465350198
 40
0.4130569987
 40
0.4807787623
 40
0.5491518571
 40
0.6176186075
 40
0.6856200193
 40
0.7526036673
 40
0.8180316921
 40
0.8813890887
 40
0.9421925402
 40
1.0
 40
1.0
 40
1.0
 40
1.0
 10
269.1591899583
 20
207.5308737933
 30
0.0
 10
269.1623087249
 20
207.5245184116
 30
0.0
 10
269.1682439049
 20
207.5110490828
 30
0.0
 10
269.1760251833
 20
207.4895730747
 30
0.0
 10
269.1829557189
 20
207.4662445734
 30
0.0
 10
269.1889682065
 20
207.4412863165
 30
0.0
 10
269.1940048438
 20
207.4149351913
 30
0.0
 10
269.1980167623
 20
207.3874429703
 30
0.0
 10
269.2009650367
 20
207.3590726839
 30
0.0
 10
269.202821019
 20
207.3300962001
 30
0.0
 10
269.2035666743
 20
207.3007914038
 30
0.0
 10
269.20319475
 20
207.2714394416
 30
0.0
 10
269.2017088625
 20
207.2423219356
 30
0.0
 10
269.1991234528
 20
207.2137181487
 30
0.0
 10
269.1954636651
 20
207.1859023543
 30
0.0
 10
269.1907649504
 20
207.1591405379
 30
0.0
 10
269.1850731641
 20
207.1336896129
 30
0.0
 10
269.1805278454
 20
207.117305505
 30
0.0
 10
269.1780826207
 20
207.1093927476
 30
0.0
  0
SPLINE
  5
CD3
100
AcDbEntity
  8
0
100
AcDbSpline
 62
7
  6
CONTINUOUS
 70
0
 71
3
 72
15
 73
11
 74
0
 42
0.0000001
 43
0.0000001
 44
0.0000000001
 40
0.0
 40
0.0
 40
0.0
 40
0.0
 40
0.1214542118
 40
0.2458393864
 40
0.3722170437
 40
0.4996218229
 40
0.6270746751
 40
0.7535959151
 40
0.8782182622
 40
1.0
 40
1.0
 40
1.0
 40
1.0
 10
302.9426365454
 20
216.3392619551
 30
0.0
 10
302.9451859137
 20
216.3553836039
 30
0.0
 10
302.949650505
 20
216.3881294484
 30
0.0
 10
302.9544355735
 20
216.4379334214
 30
0.0
 10
302.9573617668
 20
216.4886824974
 30
0.0
 10
302.9584021574
 20
216.5399170364
 30
0.0
 10
302.9575472774
 20
216.5911742928
 30
0.0
 10
302.9548048988
 20
216.641991304
 30
0.0
 10
302.9502002619
 20
216.6919078094
 30
0.0
 10
302.9458560274
 20
216.7247462943
 30
0.0
 10
302.9433663592
 20
216.7409218057
 30
0.0
  0
SPLINE
  5
CD4
100
AcDbEntity
  8
0
100
AcDbSpline
 62
7
  6
CONTINUOUS
 70
0
 71
3
 72
31
 73
27
 74
0
 42
0.0000001
 43
0.0000001
 44
0.0000000001
 40
0.0
 40
0.0
 40
0.0
 40
0.0
 40
0.0156966426
 40
0.0317131833
 40
0.0483458865
 40
0.065851239
 40
0.0844378134
 40
0.1042655672
 40
0.1254497498
 40
0.1480667153
 40
0.172159953
 40
0.1977455136
 40
0.2248165486
 40
0.2533470066
 40
0.2832946167
 40
0.3146032766
 40
0.3472049953
 40
0.381021515
 40
0.4519343207
 40
0.5265669166
 40
0.6040416722
 40
0.6834147427
 40
0.7636999463
 40
0.8438912361
 40
0.9229845927
 40
1.0
 40
1.0
 40
1.0
 40
1.0
 10
268.5882458035
 20
217.4383855884
 30
0.0
 10
268.5842078867
 20
217.4383840522
 30
0.0
 10
268.5760361932
 20
217.4377360326
 30
0.0
 10
268.5638935942
 20
217.4348481112
 30
0.0
 10
268.5518656904
 20
217.430064574
 30
0.0
 10
268.5400028213
 20
217.4234171775
 30
0.0
 10
268.5283436699
 20
217.4149412128
 30
0.0
 10
268.5169252715
 20
217.404674142
 30
0.0
 10
268.5057835039
 20
217.3926563576
 30
0.0
 10
268.4949545549
 20
217.3789324596
 30
0.0
 10
268.4844747999
 20
217.3635522229
 30
0.0
 10
268.4743805145
 20
217.3465711209
 30
0.0
 10
268.4647074164
 20
217.3280505068
 30
0.0
 10
268.4554902764
 20
217.308057561
 30
0.0
 10
268.4467625722
 20
217.2866650819
 30
0.0
 10
268.438556322
 20
217.2639512813
 30
0.0
 10
268.4309014352
 20
217.2399992583
 30
0.0
 10
268.4213169517
 20
217.2059901385
 30
0.0
 10
268.4109853139
 20
217.1609888379
 30
0.0
 10
268.4013572917
 20
217.1044036781
 30
0.0
 10
268.3944549395
 20
217.0452313376
 30
0.0
 10
268.3903814478
 20
216.9843419632
 30
0.0
 10
268.3891979488
 20
216.9226297902
 30
0.0
 10
268.3909222567
 20
216.8610017887
 30
0.0
 10
268.3955282465
 20
216.8003664318
 30
0.0
 10
268.4005616635
 20
216.7605032171
 30
0.0
 10
268.4035755538
 20
216.7409218057
 30
0.0
  0
SPLINE
  5
CD5
100
AcDbEntity
  8
0
100
AcDbSpline
 62
7
  6
CONTINUOUS
 70
0
 71
3
 72
15
 73
11
 74
0
 42
0.0000001
 43
0.0000001
 44
0.0000000001
 40
0.0
 40
0.0
 40
0.0
 40
0.0
 40
0.1214542118
 40
0.2458393864
 40
0.3722170437
 40
0.4996218229
 40
0.6270746751
 40
0.7535959151
 40
0.8782182622
 40
1.0
 40
1.0
 40
1.0
 40
1.0
 10
268.40284574
 20
216.3392619551
 30
0.0
 10
268.4053951083
 20
216.3553836039
 30
0.0
 10
268.4098596996
 20
216.3881294484
 30
0.0
 10
268.4146447682
 20
216.4379334214
 30
0.0
 10
268.4175709614
 20
216.4886824974
 30
0.0
 10
268.418611352
 20
216.5399170364
 30
0.0
 10
268.417756472
 20
216.5911742928
 30
0.0
 10
268.4150140934
 20
216.641991304
 30
0.0
 10
268.4104094565
 20
216.6919078094
 30
0.0
 10
268.406065222
 20
216.7247462943
 30
0.0
 10
268.4035755538
 20
216.7409218057
 30
0.0
  0
SPLINE
  5
CD6
100
AcDbEntity
  8
0
100
AcDbSpline
 62
7
  6
CONTINUOUS
 70
0
 71
3
 72
31
 73
27
 74
0
 42
0.0000001
 43
0.0000001
 44
0.0000000001
 40
0.0
 40
0.0
 40
0.0
 40
0.0
 40
0.0156966426
 40
0.0317131833
 40
0.0483458865
 40
0.065851239
 40
0.0844378134
 40
0.1042655672
 40
0.1254497498
 40
0.1480667153
 40
0.172159953
 40
0.1977455136
 40
0.2248165486
 40
0.2533470066
 40
0.2832946167
 40
0.3146032766
 40
0.3472049953
 40
0.381021515
 40
0.4519343207
 40
0.5265669166
 40
0.6040416722
 40
0.6834147427
 40
0.7636999463
 40
0.8438912361
 40
0.9229845927
 40
1.0
 40
1.0
 40
1.0
 40
1.0
 10
303.1280366089
 20
217.4383855884
 30
0.0
 10
303.1239986921
 20
217.4383840522
 30
0.0
 10
303.1158269986
 20
217.4377360326
 30
0.0
 10
303.1036843996
 20
217.4348481112
 30
0.0
 10
303.0916564958
 20
217.430064574
 30
0.0
 10
303.0797936267
 20
217.4234171775
 30
0.0
 10
303.0681344753
 20
217.4149412128
 30
0.0
 10
303.0567160769
 20
217.404674142
 30
0.0
 10
303.0455743093
 20
217.3926563576
 30
0.0
 10
303.0347453602
 20
217.3789324596
 30
0.0
 10
303.0242656053
 20
217.3635522229
 30
0.0
 10
303.0141713199
 20
217.3465711209
 30
0.0
 10
303.0044982217
 20
217.3280505068
 30
0.0
 10
302.9952810818
 20
217.308057561
 30
0.0
 10
302.9865533776
 20
217.2866650819
 30
0.0
 10
302.9783471274
 20
217.2639512813
 30
0.0
 10
302.9706922406
 20
217.2399992583
 30
0.0
 10
302.9611077571
 20
217.2059901385
 30
0.0
 10
302.9507761193
 20
217.1609888379
 30
0.0
 10
302.941148097
 20
217.1044036781
 30
0.0
 10
302.9342457449
 20
217.0452313376
 30
0.0
 10
302.9301722532
 20
216.9843419632
 30
0.0
 10
302.9289887542
 20
216.9226297902
 30
0.0
 10
302.9307130621
 20
216.8610017887
 30
0.0
 10
302.9353190519
 20
216.8003664318
 30
0.0
 10
302.9403524689
 20
216.7605032171
 30
0.0
 10
302.9433663592
 20
216.7409218057
 30
0.0
  0
SPLINE
  5
CD7
100
AcDbEntity
  8
0
100
AcDbSpline
 62
7
  6
CONTINUOUS
 70
0
 71
3
 72
23
 73
19
 74
0
 42
0.0000001
 43
0.0000001
 44
0.0000000001
 40
0.0
 40
0.0
 40
0.0
 40
0.0
 40
0.0494135249
 40
0.1026266731
 40
0.1593416098
 40
0.2191892969
 40
0.2817439796
 40
0.3465350198
 40
0.4130569987
 40
0.4807787623
 40
0.5491518571
 40
0.6176186075
 40
0.6856200193
 40
0.7526036673
 40
0.8180316921
 40
0.8813890887
 40
0.9421925402
 40
1.0
 40
1.0
 40
1.0
 40
1.0
 10
270.5407815905
 20
207.5308737933
 30
0.0
 10
270.5439003571
 20
207.5245184116
 30
0.0
 10
270.5498355371
 20
207.5110490828
 30
0.0
 10
270.5576168155
 20
207.4895730747
 30
0.0
 10
270.5645473511
 20
207.4662445734
 30
0.0
 10
270.5705598387
 20
207.4412863165
 30
0.0
 10
270.575596476
 20
207.4149351913
 30
0.0
 10
270.5796083945
 20
207.3874429703
 30
0.0
 10
270.582556669
 20
207.3590726839
 30
0.0
 10
270.5844126512
 20
207.3300962001
 30
0.0
 10
270.5851583066
 20
207.3007914038
 30
0.0
 10
270.5847863822
 20
207.2714394416
 30
0.0
 10
270.5833004947
 20
207.2423219356
 30
0.0
 10
270.580715085
 20
207.2137181487
 30
0.0
 10
270.5770552973
 20
207.1859023543
 30
0.0
 10
270.5723565826
 20
207.1591405379
 30
0.0
 10
270.5666647963
 20
207.1336896129
 30
0.0
 10
270.5621194776
 20
207.117305505
 30
0.0
 10
270.5596742529
 20
207.1093927476
 30
0.0
  0
SPLINE
  5
CD8
100
AcDbEntity
  8
0
100
AcDbSpline
 62
7
  6
CONTINUOUS
 70
0
 71
3
 72
23
 73
19
 74
0
 42
0.0000001
 43
0.0000001
 44
0.0000000001
 40
0.0
 40
0.0
 40
0.0
 40
0.0
 40
0.0494135249
 40
0.1026266731
 40
0.1593416098
 40
0.2191892969
 40
0.2817439796
 40
0.3465350198
 40
0.4130569987
 40
0.4807787623
 40
0.5491518571
 40
0.6176186075
 40
0.6856200193
 40
0.7526036673
 40
0.8180316921
 40
0.8813890887
 40
0.9421925402
 40
1.0
 40
1.0
 40
1.0
 40
1.0
 10
303.6989807637
 20
207.5308737933
 30
0.0
 10
303.7020995303
 20
207.5245184116
 30
0.0
 10
303.7080347103
 20
207.5110490828
 30
0.0
 10
303.7158159887
 20
207.4895730747
 30
0.0
 10
303.7227465243
 20
207.4662445734
 30
0.0
 10
303.7287590119
 20
207.4412863165
 30
0.0
 10
303.7337956492
 20
207.4149351913
 30
0.0
 10
303.7378075677
 20
207.3874429703
 30
0.0
 10
303.7407558421
 20
207.3590726839
 30
0.0
 10
303.7426118244
 20
207.3300962001
 30
0.0
 10
303.7433574797
 20
207.3007914038
 30
0.0
 10
303.7429855553
 20
207.2714394416
 30
0.0
 10
303.7414996679
 20
207.2423219356
 30
0.0
 10
303.7389142582
 20
207.2137181487
 30
0.0
 10
303.7352544705
 20
207.1859023543
 30
0.0
 10
303.7305557558
 20
207.1591405379
 30
0.0
 10
303.7248639695
 20
207.1336896129
 30
0.0
 10
303.7203186508
 20
207.117305505
 30
0.0
 10
303.7178734261
 20
207.1093927476
 30
0.0
  0
SPLINE
  5
CD9
100
AcDbEntity
  8
0
100
AcDbSpline
 62
7
  6
CONTINUOUS
 70
0
 71
3
 72
31
 73
27
 74
0
 42
0.0000001
 43
0.0000001
 44
0.0000000001
 40
0.0
 40
0.0
 40
0.0
 40
0.0
 40
0.0156966426
 40
0.0317131833
 40
0.0483458865
 40
0.065851239
 40
0.0844378134
 40
0.1042655672
 40
0.1254497498
 40
0.1480667153
 40
0.172159953
 40
0.1977455136
 40
0.2248165486
 40
0.2533470066
 40
0.2832946167
 40
0.3146032766
 40
0.3472049953
 40
0.381021515
 40
0.4519343207
 40
0.5265669166
 40
0.6040416722
 40
0.6834147427
 40
0.7636999463
 40
0.8438912361
 40
0.9229845927
 40
1.0
 40
1.0
 40
1.0
 40
1.0
 10
269.9698374357
 20
217.4383855884
 30
0.0
 10
269.9657995189
 20
217.4383840522
 30
0.0
 10
269.9576278254
 20
217.4377360326
 30
0.0
 10
269.9454852264
 20
217.4348481112
 30
0.0
 10
269.9334573226
 20
217.430064574
 30
0.0
 10
269.9215944535
 20
217.4234171775
 30
0.0
 10
269.9099353021
 20
217.4149412128
 30
0.0
 10
269.8985169037
 20
217.404674142
 30
0.0
 10
269.8873751361
 20
217.3926563576
 30
0.0
 10
269.8765461871
 20
217.3789324596
 30
0.0
 10
269.8660664321
 20
217.3635522229
 30
0.0
 10
269.8559721467
 20
217.3465711209
 30
0.0
 10
269.8462990486
 20
217.3280505068
 30
0.0
 10
269.8370819087
 20
217.308057561
 30
0.0
 10
269.8283542044
 20
217.2866650819
 30
0.0
 10
269.8201479542
 20
217.2639512813
 30
0.0
 10
269.8124930674
 20
217.2399992583
 30
0.0
 10
269.8029085839
 20
217.2059901385
 30
0.0
 10
269.7925769461
 20
217.1609888379
 30
0.0
 10
269.7829489239
 20
217.1044036781
 30
0.0
 10
269.7760465718
 20
217.0452313376
 30
0.0
 10
269.77197308
 20
216.9843419632
 30
0.0
 10
269.770789581
 20
216.9226297902
 30
0.0
 10
269.7725138889
 20
216.8610017887
 30
0.0
 10
269.7771198787
 20
216.8003664318
 30
0.0
 10
269.7821532957
 20
216.7605032171
 30
0.0
 10
269.7851671861
 20
216.7409218057
 30
0.0
  0
SPLINE
  5
CDA
100
AcDbEntity
  8
0
100
AcDbSpline
 62
7
  6
CONTINUOUS
 70
0
 71
3
 72
15
 73
11
 74
0
 42
0.0000001
 43
0.0000001
 44
0.0000000001
 40
0.0
 40
0.0
 40
0.0
 40
0.0
 40
0.1214542118
 40
0.2458393864
 40
0.3722170437
 40
0.4996218229
 40
0.6270746751
 40
0.7535959151
 40
0.8782182622
 40
1.0
 40
1.0
 40
1.0
 40
1.0
 10
269.7844373722
 20
216.3392619551
 30
0.0
 10
269.7869867405
 20
216.3553836039
 30
0.0
 10
269.7914513318
 20
216.3881294484
 30
0.0
 10
269.7962364004
 20
216.4379334214
 30
0.0
 10
269.7991625936
 20
216.4886824974
 30
0.0
 10
269.8002029842
 20
216.5399170364
 30
0.0
 10
269.7993481043
 20
216.5911742928
 30
0.0
 10
269.7966057256
 20
216.641991304
 30
0.0
 10
269.7920010887
 20
216.6919078094
 30
0.0
 10
269.7876568543
 20
216.7247462943
 30
0.0
 10
269.7851671861
 20
216.7409218057
 30
0.0
  0
SPLINE
  5
CDB
100
AcDbEntity
  8
0
100
AcDbSpline
 62
7
  6
CONTINUOUS
 70
0
 71
3
 72
15
 73
11
 74
0
 42
0.0000001
 43
0.0000001
 44
0.0000000001
 40
0.0
 40
0.0
 40
0.0
 40
0.0
 40
0.1214542118
 40
0.2458393864
 40
0.3722170437
 40
0.4996218229
 40
0.6270746751
 40
0.7535959151
 40
0.8782182622
 40
1.0
 40
1.0
 40
1.0
 40
1.0
 10
272.5476206366
 20
216.3392619551
 30
0.0
 10
272.5501700049
 20
216.3553836039
 30
0.0
 10
272.5546345963
 20
216.3881294484
 30
0.0
 10
272.5594196648
 20
216.4379334214
 30
0.0
 10
272.562345858
 20
216.4886824974
 30
0.0
 10
272.5633862486
 20
216.5399170364
 30
0.0
 10
272.5625313687
 20
216.5911742928
 30
0.0
 10
272.55978899
 20
216.641991304
 30
0.0
 10
272.5551843532
 20
216.6919078094
 30
0.0
 10
272.5508401187
 20
216.7247462943
 30
0.0
 10
272.5483504505
 20
216.7409218057
 30
0.0
  0
SPLINE
  5
CDC
100
AcDbEntity
  8
0
100
AcDbSpline
 62
7
  6
CONTINUOUS
 70
0
 71
3
 72
23
 73
19
 74
0
 42
0.0000001
 43
0.0000001
 44
0.0000000001
 40
0.0
 40
0.0
 40
0.0
 40
0.0
 40
0.0494135249
 40
0.1026266731
 40
0.1593416098
 40
0.2191892969
 40
0.2817439796
 40
0.3465350198
 40
0.4130569987
 40
0.4807787623
 40
0.5491518571
 40
0.6176186075
 40
0.6856200193
 40
0.7526036673
 40
0.8180316921
 40
0.8813890887
 40
0.9421925402
 40
1.0
 40
1.0
 40
1.0
 40
1.0
 10
271.9223732227
 20
207.5308737933
 30
0.0
 10
271.9254919893
 20
207.5245184116
 30
0.0
 10
271.9314271693
 20
207.5110490828
 30
0.0
 10
271.9392084477
 20
207.4895730747
 30
0.0
 10
271.9461389833
 20
207.4662445734
 30
0.0
 10
271.9521514709
 20
207.4412863165
 30
0.0
 10
271.9571881082
 20
207.4149351913
 30
0.0
 10
271.9612000268
 20
207.3874429703
 30
0.0
 10
271.9641483012
 20
207.3590726839
 30
0.0
 10
271.9660042835
 20
207.3300962001
 30
0.0
 10
271.9667499388
 20
207.3007914038
 30
0.0
 10
271.9663780144
 20
207.2714394416
 30
0.0
 10
271.9648921269
 20
207.2423219356
 30
0.0
 10
271.9623067172
 20
207.2137181487
 30
0.0
 10
271.9586469296
 20
207.1859023543
 30
0.0
 10
271.9539482148
 20
207.1591405379
 30
0.0
 10
271.9482564285
 20
207.1336896129
 30
0.0
 10
271.9437111098
 20
207.117305505
 30
0.0
 10
271.9412658851
 20
207.1093927476
 30
0.0
  0
SPLINE
  5
CDD
100
AcDbEntity
  8
0
100
AcDbSpline
 62
7
  6
CONTINUOUS
 70
0
 71
3
 72
31
 73
27
 74
0
 42
0.0000001
 43
0.0000001
 44
0.0000000001
 40
0.0
 40
0.0
 40
0.0
 40
0.0
 40
0.0156966426
 40
0.0317131833
 40
0.0483458865
 40
0.065851239
 40
0.0844378134
 40
0.1042655672
 40
0.1254497498
 40
0.1480667153
 40
0.172159953
 40
0.1977455136
 40
0.2248165486
 40
0.2533470066
 40
0.2832946167
 40
0.3146032766
 40
0.3472049953
 40
0.381021515
 40
0.4519343207
 40
0.5265669166
 40
0.6040416722
 40
0.6834147427
 40
0.7636999463
 40
0.8438912361
 40
0.9229845927
 40
1.0
 40
1.0
 40
1.0
 40
1.0
 10
272.7330207001
 20
217.4383855884
 30
0.0
 10
272.7289827834
 20
217.4383840522
 30
0.0
 10
272.7208110898
 20
217.4377360326
 30
0.0
 10
272.7086684908
 20
217.4348481112
 30
0.0
 10
272.696640587
 20
217.430064574
 30
0.0
 10
272.6847777179
 20
217.4234171775
 30
0.0
 10
272.6731185666
 20
217.4149412128
 30
0.0
 10
272.6617001681
 20
217.404674142
 30
0.0
 10
272.6505584005
 20
217.3926563576
 30
0.0
 10
272.6397294515
 20
217.3789324596
 30
0.0
 10
272.6292496965
 20
217.3635522229
 30
0.0
 10
272.6191554111
 20
217.3465711209
 30
0.0
 10
272.609482313
 20
217.3280505068
 30
0.0
 10
272.6002651731
 20
217.308057561
 30
0.0
 10
272.5915374688
 20
217.2866650819
 30
0.0
 10
272.5833312187
 20
217.2639512813
 30
0.0
 10
272.5756763318
 20
217.2399992583
 30
0.0
 10
272.5660918484
 20
217.2059901385
 30
0.0
 10
272.5557602105
 20
217.1609888379
 30
0.0
 10
272.5461321883
 20
217.1044036781
 30
0.0
 10
272.5392298362
 20
217.0452313376
 30
0.0
 10
272.5351563444
 20
216.9843419632
 30
0.0
 10
272.5339728455
 20
216.9226297902
 30
0.0
 10
272.5356971533
 20
216.8610017887
 30
0.0
 10
272.5403031431
 20
216.8003664318
 30
0.0
 10
272.5453365601
 20
216.7605032171
 30
0.0
 10
272.5483504505
 20
216.7409218057
 30
0.0
  0
SPLINE
  5
CDE
100
AcDbEntity
  8
0
100
AcDbSpline
 62
7
  6
CONTINUOUS
 70
0
 71
3
 72
31
 73
27
 74
0
 42
0.0000001
 43
0.0000001
 44
0.0000000001
 40
0.0
 40
0.0
 40
0.0
 40
0.0
 40
0.0156966426
 40
0.0317131833
 40
0.0483458865
 40
0.065851239
 40
0.0844378134
 40
0.1042655672
 40
0.1254497498
 40
0.1480667153
 40
0.172159953
 40
0.1977455136
 40
0.2248165486
 40
0.2533470066
 40
0.2832946167
 40
0.3146032766
 40
0.3472049953
 40
0.381021515
 40
0.4519343207
 40
0.5265669166
 40
0.6040416722
 40
0.6834147427
 40
0.7636999463
 40
0.8438912361
 40
0.9229845927
 40
1.0
 40
1.0
 40
1.0
 40
1.0
 10
271.3514290679
 20
217.4383855884
 30
0.0
 10
271.3473911511
 20
217.4383840522
 30
0.0
 10
271.3392194576
 20
217.4377360326
 30
0.0
 10
271.3270768586
 20
217.4348481112
 30
0.0
 10
271.3150489548
 20
217.430064574
 30
0.0
 10
271.3031860857
 20
217.4234171775
 30
0.0
 10
271.2915269344
 20
217.4149412128
 30
0.0
 10
271.2801085359
 20
217.404674142
 30
0.0
 10
271.2689667683
 20
217.3926563576
 30
0.0
 10
271.2581378193
 20
217.3789324596
 30
0.0
 10
271.2476580643
 20
217.3635522229
 30
0.0
 10
271.2375637789
 20
217.3465711209
 30
0.0
 10
271.2278906808
 20
217.3280505068
 30
0.0
 10
271.2186735409
 20
217.308057561
 30
0.0
 10
271.2099458366
 20
217.2866650819
 30
0.0
 10
271.2017395864
 20
217.2639512813
 30
0.0
 10
271.1940846996
 20
217.2399992583
 30
0.0
 10
271.1845002161
 20
217.2059901385
 30
0.0
 10
271.1741685783
 20
217.1609888379
 30
0.0
 10
271.1645405561
 20
217.1044036781
 30
0.0
 10
271.157638204
 20
217.0452313376
 30
0.0
 10
271.1535647122
 20
216.9843419632
 30
0.0
 10
271.1523812133
 20
216.9226297902
 30
0.0
 10
271.1541055211
 20
216.8610017887
 30
0.0
 10
271.1587115109
 20
216.8003664318
 30
0.0
 10
271.1637449279
 20
216.7605032171
 30
0.0
 10
271.1667588183
 20
216.7409218057
 30
0.0
  0
SPLINE
  5
CDF
100
AcDbEntity
  8
0
100
AcDbSpline
 62
7
  6
CONTINUOUS
 70
0
 71
3
 72
15
 73
11
 74
0
 42
0.0000001
 43
0.0000001
 44
0.0000000001
 40
0.0
 40
0.0
 40
0.0
 40
0.0
 40
0.1214542118
 40
0.2458393864
 40
0.3722170437
 40
0.4996218229
 40
0.6270746751
 40
0.7535959151
 40
0.8782182622
 40
1.0
 40
1.0
 40
1.0
 40
1.0
 10
271.1660290044
 20
216.3392619551
 30
0.0
 10
271.1685783727
 20
216.3553836039
 30
0.0
 10
271.173042964
 20
216.3881294484
 30
0.0
 10
271.1778280326
 20
216.4379334214
 30
0.0
 10
271.1807542258
 20
216.4886824974
 30
0.0
 10
271.1817946164
 20
216.5399170364
 30
0.0
 10
271.1809397365
 20
216.5911742928
 30
0.0
 10
271.1781973578
 20
216.641991304
 30
0.0
 10
271.1735927209
 20
216.6919078094
 30
0.0
 10
271.1692484865
 20
216.7247462943
 30
0.0
 10
271.1667588183
 20
216.7409218057
 30
0.0
  0
SPLINE
  5
CE0
100
AcDbEntity
  8
0
100
AcDbSpline
 62
7
  6
CONTINUOUS
 70
0
 71
3
 72
36
 73
32
 74
0
 42
0.0000001
 43
0.0000001
 44
0.0000000001
 40
0.0
 40
0.0
 40
0.0
 40
0.0
 40
0.0285045209
 40
0.0578092035
 40
0.0878634614
 40
0.1186134455
 40
0.150002397
 40
0.1819709799
 40
0.2144575909
 40
0.2473986524
 40
0.2807288917
 40
0.3143816102
 40
0.3823789248
 40
0.4508415495
 40
0.5192105242
 40
0.5531869654
 40
0.5869314449
 40
0.6203757713
 40
0.6534528321
 40
0.6860968537
 40
0.7182436676
 40
0.7498309858
 40
0.7807986892
 40
0.8110891312
 40
0.8406474614
 40
0.8694219752
 40
0.8973644964
 40
0.9244308016
 40
0.9505810977
 40
0.9757805685
 40
1.0
 40
1.0
 40
1.0
 40
1.0
 10
307.4671411382
 20
219.5279285846
 30
0.0
 10
307.4550831514
 20
219.4889088886
 30
0.0
 10
307.4317678163
 20
219.4094180253
 30
0.0
 10
307.3995821972
 20
219.2877002933
 30
0.0
 10
307.3697571166
 20
219.1620736536
 30
0.0
 10
307.342364876
 20
219.0328412043
 30
0.0
 10
307.3174714408
 20
218.900313141
 30
0.0
 10
307.2951369147
 20
218.7648081855
 30
0.0
 10
307.2754151757
 20
218.6266521243
 30
0.0
 10
307.2583539124
 20
218.486177451
 30
0.0
 10
307.2439940213
 20
218.3437214587
 30
0.0
 10
307.2284440663
 20
218.150941916
 30
0.0
 10
307.2160199706
 20
217.9074596449
 30
0.0
 10
307.2123007413
 20
217.6139439571
 30
0.0
 10
307.2185266058
 20
217.3692290777
 30
0.0
 10
307.2291338171
 20
217.1745226986
 30
0.0
 10
307.239846029
 20
217.0299630914
 30
0.0
 10
307.2533043258
 20
216.8869277845
 30
0.0
 10
307.2694764749
 20
216.7457602732
 30
0.0
 10
307.2883233609
 20
216.6068003739
 30
0.0
 10
307.3097995035
 20
216.4703823079
 30
0.0
 10
307.3338530595
 20
216.3368341712
 30
0.0
 10
307.3604259831
 20
216.2064770539
 30
0.0
 10
307.3894541663
 20
216.0796242718
 30
0.0
 10
307.4208676096
 20
215.9565805805
 30
0.0
 10
307.4545905982
 20
215.837641442
 30
0.0
 10
307.490541946
 20
215.7230922069
 30
0.0
 10
307.5286350951
 20
215.6132076776
 30
0.0
 10
307.5687788472
 20
215.5082504119
 30
0.0
 10
307.6108759812
 20
215.408473606
 30
0.0
 10
307.6407805898
 20
215.344270127
 30
0.0
 10
307.6560677618
 20
215.313118128
 30
0.0
  0
SPLINE
  5
CE1
100
AcDbEntity
  8
0
100
AcDbSpline
 62
7
  6
CONTINUOUS
 70
0
 71
3
 72
15
 73
11
 74
0
 42
0.0000001
 43
0.0000001
 44
0.0000000001
 40
0.0
 40
0.0
 40
0.0
 40
0.0
 40
0.1214542118
 40
0.2458393864
 40
0.3722170437
 40
0.4996218229
 40
0.6270746751
 40
0.7535959151
 40
0.8782182622
 40
1.0
 40
1.0
 40
1.0
 40
1.0
 10
287.745128591
 20
216.3392619551
 30
0.0
 10
287.7476779593
 20
216.3553836039
 30
0.0
 10
287.7521425506
 20
216.3881294484
 30
0.0
 10
287.7569276192
 20
216.4379334214
 30
0.0
 10
287.7598538124
 20
216.4886824974
 30
0.0
 10
287.760894203
 20
216.5399170364
 30
0.0
 10
287.7600393231
 20
216.5911742928
 30
0.0
 10
287.7572969444
 20
216.641991304
 30
0.0
 10
287.7526923075
 20
216.6919078094
 30
0.0
 10
287.7483480731
 20
216.7247462943
 30
0.0
 10
287.7458584049
 20
216.7409218057
 30
0.0
  0
SPLINE
  5
CE2
100
AcDbEntity
  8
0
100
AcDbSpline
 62
7
  6
CONTINUOUS
 70
0
 71
3
 72
23
 73
19
 74
0
 42
0.0000001
 43
0.0000001
 44
0.0000000001
 40
0.0
 40
0.0
 40
0.0
 40
0.0
 40
0.0494135249
 40
0.1026266731
 40
0.1593416098
 40
0.2191892969
 40
0.2817439796
 40
0.3465350198
 40
0.4130569987
 40
0.4807787623
 40
0.5491518571
 40
0.6176186075
 40
0.6856200193
 40
0.7526036673
 40
0.8180316921
 40
0.8813890887
 40
0.9421925402
 40
1.0
 40
1.0
 40
1.0
 40
1.0
 10
273.303964855
 20
207.5308737933
 30
0.0
 10
273.3070836215
 20
207.5245184116
 30
0.0
 10
273.3130188016
 20
207.5110490829
 30
0.0
 10
273.3208000799
 20
207.4895730747
 30
0.0
 10
273.3277306155
 20
207.4662445734
 30
0.0
 10
273.3337431031
 20
207.4412863165
 30
0.0
 10
273.3387797404
 20
207.4149351913
 30
0.0
 10
273.342791659
 20
207.3874429703
 30
0.0
 10
273.3457399334
 20
207.3590726839
 30
0.0
 10
273.3475959157
 20
207.3300962001
 30
0.0
 10
273.348341571
 20
207.3007914038
 30
0.0
 10
273.3479696466
 20
207.2714394416
 30
0.0
 10
273.3464837591
 20
207.2423219356
 30
0.0
 10
273.3438983494
 20
207.2137181487
 30
0.0
 10
273.3402385618
 20
207.1859023543
 30
0.0
 10
273.335539847
 20
207.1591405379
 30
0.0
 10
273.3298480608
 20
207.1336896129
 30
0.0
 10
273.325302742
 20
207.117305505
 30
0.0
 10
273.3228575173
 20
207.1093927476
 30
0.0
  0
SPLINE
  5
CE3
100
AcDbEntity
  8
0
100
AcDbSpline
 62
7
  6
CONTINUOUS
 70
0
 71
3
 72
36
 73
32
 74
0
 42
0.0000001
 43
0.0000001
 44
0.0000000001
 40
0.0
 40
0.0
 40
0.0
 40
0.0
 40
0.0242194315
 40
0.0494189023
 40
0.0755691984
 40
0.1026355036
 40
0.1305780248
 40
0.1593525386
 40
0.1889108688
 40
0.2192013108
 40
0.2501690142
 40
0.2817563324
 40
0.3139031463
 40
0.3465471679
 40
0.3796242287
 40
0.4130685551
 40
0.4468130346
 40
0.4807894758
 40
0.5491584505
 40
0.6176210752
 40
0.6856183898
 40
0.7192711083
 40
0.7526013476
 40
0.7855424091
 40
0.8180290201
 40
0.849997603
 40
0.8813865545
 40
0.9121365386
 40
0.9421907965
 40
0.9714954791
 40
1.0
 40
1.0
 40
1.0
 40
1.0
 10
307.3797494354
 20
215.313118128
 30
0.0
 10
307.3644622634
 20
215.344270127
 30
0.0
 10
307.3345576548
 20
215.408473606
 30
0.0
 10
307.2924605208
 20
215.5082504119
 30
0.0
 10
307.2523167686
 20
215.6132076776
 30
0.0
 10
307.2142236196
 20
215.7230922069
 30
0.0
 10
307.1782722717
 20
215.837641442
 30
0.0
 10
307.1445492832
 20
215.9565805805
 30
0.0
 10
307.1131358398
 20
216.0796242718
 30
0.0
 10
307.0841076567
 20
216.2064770539
 30
0.0
 10
307.057534733
 20
216.3368341712
 30
0.0
 10
307.0334811771
 20
216.4703823079
 30
0.0
 10
307.0120050345
 20
216.6068003739
 30
0.0
 10
306.9931581485
 20
216.7457602732
 30
0.0
 10
306.9769859993
 20
216.8869277845
 30
0.0
 10
306.9635277026
 20
217.0299630914
 30
0.0
 10
306.9528154907
 20
217.1745226986
 30
0.0
 10
306.9422082794
 20
217.3692290777
 30
0.0
 10
306.9359824148
 20
217.6139439571
 30
0.0
 10
306.9397016441
 20
217.9074596449
 30
0.0
 10
306.9521257399
 20
218.150941916
 30
0.0
 10
306.9676756949
 20
218.3437214587
 30
0.0
 10
306.9820355859
 20
218.486177451
 30
0.0
 10
306.9990968493
 20
218.6266521243
 30
0.0
 10
307.0188185882
 20
218.7648081855
 30
0.0
 10
307.0411531144
 20
218.900313141
 30
0.0
 10
307.0660465496
 20
219.0328412043
 30
0.0
 10
307.0934387902
 20
219.1620736536
 30
0.0
 10
307.1232638708
 20
219.2877002933
 30
0.0
 10
307.1554494898
 20
219.4094180253
 30
0.0
 10
307.178764825
 20
219.4889088886
 30
0.0
 10
307.1908228118
 20
219.5279285846
 30
0.0
  0
SPLINE
  5
CE4
100
AcDbEntity
  8
0
100
AcDbSpline
 62
7
  6
CONTINUOUS
 70
0
 71
3
 72
31
 73
27
 74
0
 42
0.0000001
 43
0.0000001
 44
0.0000000001
 40
0.0
 40
0.0
 40
0.0
 40
0.0
 40
0.0545389149
 40
0.0802139899
 40
0.1048956415
 40
0.1286878022
 40
0.1517387049
 40
0.17424272
 40
0.1964366735
 40
0.2185894205
 40
0.2409851129
 40
0.2639031006
 40
0.2875986853
 40
0.3381016383
 40
0.3652417411
 40
0.3937431296
 40
0.4236405528
 40
0.454934438
 40
0.4875973533
 40
0.5215798754
 40
0.5932220461
 40
0.6692012315
 40
0.748733371
 40
0.8309702992
 40
0.9150276106
 40
1.0
 40
1.0
 40
1.0
 40
1.0
 10
261.9545898034
 20
92.6625
 30
0.0
 10
261.9479380059
 20
92.6625
 30
0.0
 10
261.9381395241
 20
92.6629003146
 30
0.0
 10
261.9254491825
 20
92.6645811343
 30
0.0
 10
261.9165795231
 20
92.6663890825
 30
0.0
 10
261.9081873229
 20
92.6688078204
 30
0.0
 10
261.9002912639
 20
92.6718739921
 30
0.0
 10
261.8929095769
 20
92.6756195591
 30
0.0
 10
261.88605875
 20
92.680070222
 30
0.0
 10
261.8797519391
 20
92.6852434462
 30
0.0
 10
261.8739967078
 20
92.6911474159
 30
0.0
 10
261.8687927788
 20
92.6977822819
 30
0.0
 10
261.8624457663
 20
92.7078027018
 30
0.0
 10
261.8573214367
 20
92.719121583
 30
0.0
 10
261.8532196963
 20
92.7314041218
 30
0.0
 10
261.850515339
 20
92.7414870241
 30
0.0
 10
261.848224897
 20
92.7521875815
 30
0.0
 10
261.8463120519
 20
92.7634765551
 30
0.0
 10
261.8447399353
 20
92.7753198584
 30
0.0
 10
261.8430187524
 20
92.7920999393
 30
0.0
 10
261.84157161
 20
92.8142085841
 30
0.0
 10
261.8406224094
 20
92.8418990606
 30
0.0
 10
261.8401779552
 20
92.8708934775
 30
0.0
 10
261.8400235929
 20
92.9008752701
 30
0.0
 10
261.8399980856
 20
92.9315208313
 30
0.0
 10
261.84
 20
92.9521364068
 30
0.0
 10
261.84
 20
92.9625
 30
0.0
  0
SPLINE
  5
CE5
100
AcDbEntity
  8
0
100
AcDbSpline
 62
7
  6
CONTINUOUS
 70
0
 71
3
 72
31
 73
27
 74
0
 42
0.0000001
 43
0.0000001
 44
0.0000000001
 40
0.0
 40
0.0
 40
0.0
 40
0.0
 40
0.0849723894
 40
0.1690297008
 40
0.2512666289
 40
0.3307987684
 40
0.4067779538
 40
0.4784201245
 40
0.5124026466
 40
0.545065562
 40
0.5763594472
 40
0.6062568703
 40
0.6347582589
 40
0.6618983619
 40
0.7124013154
 40
0.7360969001
 40
0.7590148877
 40
0.7814105801
 40
0.8035633271
 40
0.8257572805
 40
0.8482612955
 40
0.8713121981
 40
0.8951043588
 40
0.9197860105
 40
0.9454610854
 40
1.0
 40
1.0
 40
1.0
 40
1.0
 10
259.56
 20
92.9625
 30
0.0
 10
259.56
 20
92.9521364068
 30
0.0
 10
259.5600019144
 20
92.9315208313
 30
0.0
 10
259.5599764071
 20
92.9008752701
 30
0.0
 10
259.5598220448
 20
92.8708934775
 30
0.0
 10
259.5593775906
 20
92.8418990606
 30
0.0
 10
259.55842839
 20
92.8142085841
 30
0.0
 10
259.5569812476
 20
92.7920999393
 30
0.0
 10
259.5552600648
 20
92.7753198584
 30
0.0
 10
259.5536879481
 20
92.7634765552
 30
0.0
 10
259.551775103
 20
92.7521875815
 30
0.0
 10
259.549484661
 20
92.7414870241
 30
0.0
 10
259.5467803037
 20
92.7314041218
 30
0.0
 10
259.5426785632
 20
92.7191215829
 30
0.0
 10
259.5375542337
 20
92.7078027016
 30
0.0
 10
259.5312072211
 20
92.6977822817
 30
0.0
 10
259.5260032921
 20
92.6911474158
 30
0.0
 10
259.5202480608
 20
92.6852434461
 30
0.0
 10
259.5139412499
 20
92.6800702218
 30
0.0
 10
259.507090423
 20
92.675619559
 30
0.0
 10
259.499708736
 20
92.6718739921
 30
0.0
 10
259.491812677
 20
92.6688078204
 30
0.0
 10
259.4834204768
 20
92.6663890825
 30
0.0
 10
259.4745508174
 20
92.6645811343
 30
0.0
 10
259.4618604758
 20
92.6629003146
 30
0.0
 10
259.4520619941
 20
92.6625
 30
0.0
 10
259.4454101966
 20
92.6625
 30
0.0
  0
ELLIPSE
  5
CE6
100
AcDbEntity
  8
0
100
AcDbEllipse
 62
7
  6
CONTINUOUS
 10
261.6
 20
92.5125
 30
0.0
 11
-0.0
 21
0.3
 31
0.0
 40
1.0
 41
1.0471975512
 42
1.5707963268
  0
ELLIPSE
  5
CE7
100
AcDbEntity
  8
0
100
AcDbEllipse
 62
7
  6
CONTINUOUS
 10
261.6
 20
92.2125
 30
0.0
 11
0.0
 21
0.3
 31
0.0
 40
1.0
 41
-4.7123889804
 42
-4.1887902048
  0
ELLIPSE
  5
CE8
100
AcDbEntity
  8
0
100
AcDbEllipse
 62
7
  6
CONTINUOUS
 10
259.8
 20
92.5125
 30
0.0
 11
-0.0
 21
0.3
 31
0.0
 40
1.0
 41
-1.5707963268
 42
-1.0471975512
  0
ELLIPSE
  5
CE9
100
AcDbEntity
  8
0
100
AcDbEllipse
 62
7
  6
CONTINUOUS
 10
259.8
 20
92.2125
 30
0.0
 11
0.0
 21
0.3
 31
0.0
 40
1.0
 41
-2.0943951024
 42
-1.5707963268
  0
ENDSEC
  0
SECTION
  2
OBJECTS
  0
DICTIONARY
  5
CEA
100
AcDbDictionary
  3
ACAD_GROUP
350
CEB
  3
ACAD_MLINESTYLE
350
CEC
  0
DICTIONARY
  5
CEB
102
{ACAD_REACTORS
330
CEA
102
}
100
AcDbDictionary
  0
DICTIONARY
  5
CEC
102
{ACAD_REACTORS
330
CEA
102
}
100
AcDbDictionary
  3
STANDARD
350
CED
  0
MLINESTYLE
  5
CED
102
{ACAD_REACTORS
330
CEC
102
}
100
AcDbMlineStyle
  2
STANDARD
 70
0
  3

 62
256
 51
90.0
 52
90.0
 71
2
 49
0.5
 62
256
  6
BYLAYER
 49
-0.5
 62
256
  6
BYLAYER
  0
ENDSEC
  0
EOF
